rowid,suburb_name,state,postcode,candidate_ssc,score,norm_key,matched_canonical_key
29202,MELBOURNE,NSW,,12881,82,MELBOURNE|NSW,LORNE|NSW
29202,MELBOURNE,NSW,,10646,78,MELBOURNE|NSW,BOURKE|NSW
29202,MELBOURNE,NSW,,12918,78,MELBOURNE|NSW,LURNEA|NSW
29204,EAST MELBOURNE,NSW,,20992,83,EAST MELBOURNE|NSW,EAST MELBOURNE|VIC
29204,EAST MELBOURNE,NSW,,13281,81,EAST MELBOURNE|NSW,MOREE EAST|NSW
29204,EAST MELBOURNE,NSW,,11644,76,EAST MELBOURNE|NSW,EAST LISMORE|NSW
29206,WEST MELBOURNE,NSW,,23326,83,WEST MELBOURNE|NSW,WEST MELBOURNE|VIC
29206,WEST MELBOURNE,NSW,,15258,79,WEST MELBOURNE|NSW,WEST ALBURY|NSW
29206,WEST MELBOURNE,NSW,,10350,76,WEST MELBOURNE|NSW,BELROSE WEST|NSW
29208,ST KILDA ROAD CENTRAL,NSW,,22834,84,ST KILDA ROAD CENTRAL|NSW,ST KILDA ROAD CENTRAL|VIC
29208,ST KILDA ROAD CENTRAL,NSW,,11622,64,ST KILDA ROAD CENTRAL|NSW,DYRAABA CENTRAL|NSW
29208,ST KILDA ROAD CENTRAL,NSW,,11071,63,ST KILDA ROAD CENTRAL|NSW,CENTRAL COLO|NSW
29212,WORLD TRADE CENTRE,NSW,,23451,82,WORLD TRADE CENTRE|NSW,WORLD TRADE CENTRE|VIC
29212,WORLD TRADE CENTRE,NSW,,15471,67,WORLD TRADE CENTRE|NSW,WORLDS END|NSW
29212,WORLD TRADE CENTRE,NSW,,14761,63,WORLD TRADE CENTRE|NSW,THE ENTRANCE|NSW
29214,SOUTH WHARF,NSW,,14698,80,SOUTH WHARF|NSW,TAREE SOUTH|NSW
29214,SOUTH WHARF,NSW,,14332,75,SOUTH WHARF|NSW,SOUTH WINDSOR|NSW
29214,SOUTH WHARF,NSW,,14333,75,SOUTH WHARF|NSW,SOUTH WOLUMLA|NSW
29216,SOUTHBANK,NSW,,14334,79,SOUTHBANK|NSW,SOUTHAMPTON|NSW
29216,SOUTHBANK,NSW,,14215,77,SOUTHBANK|NSW,SCOTCHMAN|NSW
29216,SOUTHBANK,NSW,,14336,77,SOUTHBANK|NSW,SOUTHGATE|NSW
29218,DOCKLANDS,NSW,,10739,81,DOCKLANDS|NSW,BROOKLANDS|NSW
29218,DOCKLANDS,NSW,,10647,79,DOCKLANDS|NSW,BOURKELANDS|NSW
29218,DOCKLANDS,NSW,,11677,78,DOCKLANDS|NSW,ELANDS|NSW
29222,FOOTSCRAY,NSW,,21112,77,FOOTSCRAY|NSW,FOOTSCRAY|VIC
29222,FOOTSCRAY,NSW,,23325,71,FOOTSCRAY|NSW,WEST FOOTSCRAY|VIC
29222,FOOTSCRAY,NSW,,10611,70,FOOTSCRAY|NSW,BOORAL|NSW
29224,SEDDON,NSW,,41630,84,SEDDON|NSW,SEDDON|SA
29224,SEDDON,NSW,,14186,80,SEDDON|NSW,SANDON|NSW
29224,SEDDON,NSW,,14228,80,SEDDON|NSW,SEFTON|NSW
29226,SEDDON WEST,NSW,,15275,75,SEDDON WEST|NSW,WEST WALLSEND|NSW
29226,SEDDON WEST,NSW,,22717,73,SEDDON WEST|NSW,SEDDON WEST|VIC
29226,SEDDON WEST,NSW,,14285,71,SEDDON WEST|NSW,SMITHFIELD WEST|NSW
29231,KINGSVILLE WEST,NSW,,21638,84,KINGSVILLE WEST|NSW,KINGSVILLE WEST|VIC
29231,KINGSVILLE WEST,NSW,,12609,78,KINGSVILLE WEST|NSW,KINGSWAY WEST|NSW
29231,KINGSVILLE WEST,NSW,,12608,75,KINGSVILLE WEST|NSW,KINGSVALE|NSW
29237,WEST FOOTSCRAY,NSW,,23325,83,WEST FOOTSCRAY|NSW,WEST FOOTSCRAY|VIC
29237,WEST FOOTSCRAY,NSW,,15269,75,WEST FOOTSCRAY|NSW,WEST NOWRA|NSW
29237,WEST FOOTSCRAY,NSW,,15264,73,WEST FOOTSCRAY|NSW,WEST CORAKI|NSW
29241,YARRAVILLE WEST,NSW,,23507,84,YARRAVILLE WEST|NSW,YARRAVILLE WEST|VIC
29241,YARRAVILLE WEST,NSW,,15289,81,YARRAVILLE WEST|NSW,WESTVILLE|NSW
29241,YARRAVILLE WEST,NSW,,15057,73,YARRAVILLE WEST|NSW,VARROVILLE|NSW
29244,SOUTH KINGSVILLE,NSW,,14312,82,SOUTH KINGSVILLE|NSW,SOUTH GRANVILLE|NSW
29244,SOUTH KINGSVILLE,NSW,,14317,80,SOUTH KINGSVILLE|NSW,SOUTH HURSTVILLE|NSW
29244,SOUTH KINGSVILLE,NSW,,22785,80,SOUTH KINGSVILLE|NSW,SOUTH KINGSVILLE|VIC
29246,SPOTSWOOD,NSW,,14115,80,SPOTSWOOD|NSW,ROSEWOOD|NSW
29246,SPOTSWOOD,NSW,,15290,80,SPOTSWOOD|NSW,WESTWOOD|NSW
29246,SPOTSWOOD,NSW,,13690,75,SPOTSWOOD|NSW,OAKWOOD|NSW
29254,SEAHOLME,NSW,,15579,83,SEAHOLME|NSW,YETHOLME|NSW
29254,SEAHOLME,NSW,,14222,82,SEAHOLME|NSW,SEAHAM|NSW
29254,SEAHOLME,NSW,,14107,75,SEAHOLME|NSW,ROSEDALE|NSW
29258,BRAYBROOK NORTH,NSW,,20395,84,BRAYBROOK NORTH|NSW,BRAYBROOK NORTH|VIC
29258,BRAYBROOK NORTH,NSW,,10888,78,BRAYBROOK NORTH|NSW,BURWOOD NORTH|NSW
29258,BRAYBROOK NORTH,NSW,,13607,78,BRAYBROOK NORTH|NSW,NORTH NAROOMA|NSW
29260,ROBINSON,NSW,,14070,80,ROBINSON|NSW,ROBERTSON|NSW
29260,ROBINSON,NSW,,13699,73,ROBINSON|NSW,OBERON|NSW
29260,ROBINSON,NSW,,14116,73,ROBINSON|NSW,ROSLYN|NSW
29264,GLENGALA,NSW,,10368,83,GLENGALA|NSW,BENGALLA|NSW
29264,GLENGALA,NSW,,11984,83,GLENGALA|NSW,GLENDALE|NSW
29264,GLENGALA,NSW,,12177,82,GLENGALA|NSW,GUNGAL|NSW
29267,SUNSHINE NORTH,NSW,,14461,80,SUNSHINE NORTH|NSW,SUNSHINE|NSW
29267,SUNSHINE NORTH,NSW,,13618,79,SUNSHINE NORTH|NSW,NORTH SHORE|NSW
29267,SUNSHINE NORTH,NSW,,22900,78,SUNSHINE NORTH|NSW,SUNSHINE NORTH|VIC
29269,SUNSHINE WEST,NSW,,14461,83,SUNSHINE WEST|NSW,SUNSHINE|NSW
29269,SUNSHINE WEST,NSW,,22903,76,SUNSHINE WEST|NSW,SUNSHINE WEST|VIC
29269,SUNSHINE WEST,NSW,,14462,73,SUNSHINE WEST|NSW,SUNSHINE BAY|NSW
29278,ARDEER,NSW,,10007,82,ARDEER|NSW,ABERDEEN|NSW
29278,ARDEER,NSW,,10915,80,ARDEER|NSW,CADGEE|NSW
29278,ARDEER,NSW,,12228,80,ARDEER|NSW,HARDEN|NSW
29280,DEER PARK EAST,NSW,,20876,78,DEER PARK EAST|NSW,DEER PARK EAST|VIC
29280,DEER PARK EAST,NSW,,11482,77,DEER PARK EAST|NSW,DEAN PARK|NSW
29280,DEER PARK EAST,NSW,,10407,74,DEER PARK EAST|NSW,BEVERLEY PARK|NSW
29286,CAIRNLEA,NSW,,10956,82,CAIRNLEA|NSW,CAMIRA|NSW
29286,CAIRNLEA,NSW,,11010,80,CAIRNLEA|NSW,CARNSDALE|NSW
29286,CAIRNLEA,NSW,,10999,78,CAIRNLEA|NSW,CARINDA|NSW
29288,CAROLINE SPRINGS,NSW,,20599,80,CAROLINE SPRINGS|NSW,CAROLINE SPRINGS|VIC
29288,CAROLINE SPRINGS,NSW,,12502,78,CAROLINE SPRINGS|NSW,KARS SPRINGS|NSW
29288,CAROLINE SPRINGS,NSW,,14345,78,CAROLINE SPRINGS|NSW,SPRING CREEK|NSW
29292,DEER PARK NORTH,NSW,,11665,80,DEER PARK NORTH|NSW,EDENSOR PARK|NSW
29292,DEER PARK NORTH,NSW,,20877,79,DEER PARK NORTH|NSW,DEER PARK NORTH|VIC
29292,DEER PARK NORTH,NSW,,11482,75,DEER PARK NORTH|NSW,DEAN PARK|NSW
29294,RAVENHALL,NSW,,14005,81,RAVENHALL|NSW,RAVENSDALE|NSW
29294,RAVENHALL,NSW,,15480,80,RAVENHALL|NSW,WRATHALL|NSW
29294,RAVENHALL,NSW,,15037,73,RAVENHALL|NSW,URANA|NSW
29296,FIELDSTONE,NSW,,11963,81,FIELDSTONE|NSW,GLADSTONE|NSW
29296,FIELDSTONE,NSW,,12812,81,FIELDSTONE|NSW,LIMESTONE|NSW
29296,FIELDSTONE,NSW,,12852,81,FIELDSTONE|NSW,LOADSTONE|NSW
29298,MAMBOURIN,NSW,,10129,78,MAMBOURIN|NSW,AUBURN|NSW
29298,MAMBOURIN,NSW,,13488,77,MAMBOURIN|NSW,NAREMBURN|NSW
29298,MAMBOURIN,NSW,,21895,77,MAMBOURIN|NSW,MAMBOURIN|VIC
29300,MANOR LAKES,NSW,,12716,81,MANOR LAKES|NSW,LAKE MUNMORAH|NSW
29300,MANOR LAKES,NSW,,21904,80,MANOR LAKES|NSW,MANOR LAKES|VIC
29300,MANOR LAKES,NSW,,12722,79,MANOR LAKES|NSW,LAKESLAND|NSW
29302,MOUNT COTTRELL,NSW,,22152,83,MOUNT COTTRELL|NSW,MOUNT COTTRELL|VIC
29302,MOUNT COTTRELL,NSW,,13311,80,MOUNT COTTRELL|NSW,MOUNT BURRELL|NSW
29302,MOUNT COTTRELL,NSW,,13313,80,MOUNT COTTRELL|NSW,MOUNT COLLINS|NSW
29304,WYNDHAM VALE,NSW,,15497,81,WYNDHAM VALE|NSW,WYNDHAM|NSW
29304,WYNDHAM VALE,NSW,,51891,77,WYNDHAM VALE|NSW,WYNDHAM|WA
29304,WYNDHAM VALE,NSW,,23471,75,WYNDHAM VALE|NSW,WYNDHAM VALE|VIC
29306,ALTONA EAST,NSW,,11630,84,ALTONA EAST|NSW,EAST BALLINA|NSW
29306,ALTONA EAST,NSW,,11632,81,ALTONA EAST|NSW,EAST BRANXTON|NSW
29306,ALTONA EAST,NSW,,20038,80,ALTONA EAST|NSW,ALTONA EAST|VIC
29308,ALTONA GATE,NSW,,20039,80,ALTONA GATE|NSW,ALTONA GATE|VIC
29308,ALTONA GATE,NSW,,10055,76,ALTONA GATE|NSW,ALSTONVALE|NSW
29308,ALTONA GATE,NSW,,10543,76,ALTONA GATE|NSW,BOGAN GATE|NSW
29312,DERRIMUT,NSW,,10396,78,DERRIMUT|NSW,BERRIMA|NSW
29312,DERRIMUT,NSW,,20894,75,DERRIMUT|NSW,DERRIMUT|VIC
29312,DERRIMUT,NSW,,11509,73,DERRIMUT|NSW,DEWITT|NSW
29316,LAVERTON RAAF,NSW,,50951,79,LAVERTON RAAF|NSW,LAVERTON|WA
29316,LAVERTON RAAF,NSW,,21770,76,LAVERTON RAAF|NSW,LAVERTON RAAF|VIC
29316,LAVERTON RAAF,NSW,,12755,71,LAVERTON RAAF|NSW,LAVERSTOCK|NSW
29322,ALTONA MEADOWS,NSW,,20040,83,ALTONA MEADOWS|NSW,ALTONA MEADOWS|VIC
29322,ALTONA MEADOWS,NSW,,13071,79,ALTONA MEADOWS|NSW,MEADOW FLAT|NSW
29322,ALTONA MEADOWS,NSW,,11125,77,ALTONA MEADOWS|NSW,CLAREMONT MEADOWS|NSW
29330,TARNEIT,NSW,,14696,80,TARNEIT|NSW,TAREE|NSW
29330,TARNEIT,NSW,,14701,78,TARNEIT|NSW,TARKEETH|NSW
29330,TARNEIT,NSW,,14692,76,TARNEIT|NSW,TARANA|NSW
29332,TRUGANINA,NSW,,14692,78,TRUGANINA|NSW,TARANA|NSW
29332,TRUGANINA,NSW,,14675,75,TRUGANINA|NSW,TAMINDA|NSW
29332,TRUGANINA,NSW,,14895,75,TRUGANINA|NSW,TRANGIE|NSW
29336,COCOROC,NSW,,11218,82,COCOROC|NSW,CONCORD|NSW
29336,COCOROC,NSW,,11247,76,COCOROC|NSW,COOLAC|NSW
29336,COCOROC,NSW,,11313,76,COCOROC|NSW,COROWA|NSW
29344,WERRIBEE SOUTH,NSW,,14698,79,WERRIBEE SOUTH|NSW,TAREE SOUTH|NSW
29344,WERRIBEE SOUTH,NSW,,23320,78,WERRIBEE SOUTH|NSW,WERRIBEE SOUTH|VIC
29344,WERRIBEE SOUTH,NSW,,14330,71,WERRIBEE SOUTH|NSW,SOUTH WENTWORTHVILLE|NSW
29349,ASCOT VALE,NSW,,11202,81,ASCOT VALE|NSW,COLO VALE|NSW
29349,ASCOT VALE,NSW,,13036,75,ASCOT VALE|NSW,MASCOT|NSW
29349,ASCOT VALE,NSW,,11890,74,ASCOT VALE|NSW,GALA VALE|NSW
29351,HIGHPOINT CITY,NSW,,21419,83,HIGHPOINT CITY|NSW,HIGHPOINT CITY|VIC
29351,HIGHPOINT CITY,NSW,,10973,67,HIGHPOINT CITY|NSW,CANLEY HEIGHTS|NSW
29351,HIGHPOINT CITY,NSW,,10994,65,HIGHPOINT CITY|NSW,CARDIFF HEIGHTS|NSW
29353,MARIBYRNONG,NSW,,12993,81,MARIBYRNONG|NSW,MARAYONG|NSW
29353,MARIBYRNONG,NSW,,21912,80,MARIBYRNONG|NSW,MARIBYRNONG|VIC
29353,MARIBYRNONG,NSW,,12501,77,MARIBYRNONG|NSW,KARIONG|NSW
29355,TRAVANCORE,NSW,,14394,77,TRAVANCORE|NSW,STANMORE|NSW
29355,TRAVANCORE,NSW,,14742,74,TRAVANCORE|NSW,TERRANORA|NSW
29355,TRAVANCORE,NSW,,14893,72,TRAVANCORE|NSW,TRAJERE|NSW
29357,KEILOR EAST,NSW,,11641,84,KEILOR EAST|NSW,EAST KILLARA|NSW
29357,KEILOR EAST,NSW,,12659,80,KEILOR EAST|NSW,KOTARA EAST|NSW
29357,KEILOR EAST,NSW,,21584,80,KEILOR EAST|NSW,KEILOR EAST|VIC
29361,KEILOR,NSW,,12520,84,KEILOR|NSW,KELSO|NSW
29361,KEILOR,NSW,,12615,84,KEILOR|NSW,KIORA|NSW
29361,KEILOR,NSW,,12626,84,KEILOR|NSW,KLORI|NSW
29363,KEILOR NORTH,NSW,,21586,81,KEILOR NORTH|NSW,KEILOR NORTH|VIC
29363,KEILOR NORTH,NSW,,13600,80,KEILOR NORTH|NSW,NORTH HILL|NSW
29363,KEILOR NORTH,NSW,,10342,79,KEILOR NORTH|NSW,BELMONT NORTH|NSW
29367,DELAHEY,NSW,,11492,78,DELAHEY|NSW,DELEGATE|NSW
29367,DELAHEY,NSW,,10121,76,DELAHEY|NSW,ASHLEY|NSW
29367,DELAHEY,NSW,,10132,76,DELAHEY|NSW,AUDLEY|NSW
29373,TAYLORS HILL,NSW,,14715,81,TAYLORS HILL|NSW,TAYLORS FLAT|NSW
29373,TAYLORS HILL,NSW,,12290,79,TAYLORS HILL|NSW,HILL TOP|NSW
29373,TAYLORS HILL,NSW,,14714,79,TAYLORS HILL|NSW,TAYLORS BEACH|NSW
29375,KEILOR DOWNS,NSW,,21583,81,KEILOR DOWNS|NSW,KEILOR DOWNS|VIC
29375,KEILOR DOWNS,NSW,,12554,77,KEILOR DOWNS|NSW,KIAMA DOWNS|NSW
29375,KEILOR DOWNS,NSW,,11559,71,KEILOR DOWNS|NSW,DOWNSIDE|NSW
29377,KEILOR LODGE,NSW,,21585,81,KEILOR LODGE|NSW,KEILOR LODGE|VIC
29377,KEILOR LODGE,NSW,,11852,75,KEILOR LODGE|NSW,FOREST LODGE|NSW
29377,KEILOR LODGE,NSW,,12892,73,KEILOR LODGE|NSW,LOWER BELFORD|NSW
29381,WATERGARDENS,NSW,,23278,81,WATERGARDENS|NSW,WATERGARDENS|VIC
29381,WATERGARDENS,NSW,,15175,77,WATERGARDENS|NSW,WARREN|NSW
29381,WATERGARDENS,NSW,,15192,74,WATERGARDENS|NSW,WATAGAN|NSW
29383,MOONEE PONDS,NSW,,13256,77,MOONEE PONDS|NSW,MOONEE|NSW
29383,MOONEE PONDS,NSW,,13248,75,MOONEE PONDS|NSW,MOONA PLAINS|NSW
29383,MOONEE PONDS,NSW,,22095,75,MOONEE PONDS|NSW,MOONEE PONDS|VIC
29387,ESSENDON,NSW,,11738,80,ESSENDON|NSW,ESSINGTON|NSW
29387,ESSENDON,NSW,,11987,78,ESSENDON|NSW,GLENDON|NSW
29387,ESSENDON,NSW,,10281,77,ESSENDON|NSW,BASSENDEAN|NSW
29389,ESSENDON WEST,NSW,,11076,82,ESSENDON WEST|NSW,CESSNOCK WEST|NSW
29389,ESSENDON WEST,NSW,,21057,82,ESSENDON WEST|NSW,ESSENDON WEST|VIC
29389,ESSENDON WEST,NSW,,11502,74,ESSENDON WEST|NSW,DENISTONE WEST|NSW
29391,CROSS KEYS,NSW,,12589,83,CROSS KEYS|NSW,KINGS CROSS|NSW
29391,CROSS KEYS,NSW,,11376,79,CROSS KEYS|NSW,CROWS NEST|NSW
29391,CROSS KEYS,NSW,,20808,79,CROSS KEYS|NSW,CROSS KEYS|VIC
29393,ESSENDON FIELDS,NSW,,21055,84,ESSENDON FIELDS|NSW,ESSENDON FIELDS|VIC
29393,ESSENDON FIELDS,NSW,,11710,73,ESSENDON FIELDS|NSW,ENFIELD|NSW
29393,ESSENDON FIELDS,NSW,,12762,73,ESSENDON FIELDS|NSW,LECONFIELD|NSW
29395,ESSENDON NORTH,NSW,,21056,83,ESSENDON NORTH|NSW,ESSENDON NORTH|VIC
29395,ESSENDON NORTH,NSW,,13594,76,ESSENDON NORTH|NSW,NORTH CASINO|NSW
29395,ESSENDON NORTH,NSW,,10342,74,ESSENDON NORTH|NSW,BELMONT NORTH|NSW
29399,STRATHMORE HEIGHTS,NSW,,22878,82,STRATHMORE HEIGHTS|NSW,STRATHMORE HEIGHTS|VIC
29399,STRATHMORE HEIGHTS,NSW,,15201,74,STRATHMORE HEIGHTS|NSW,WATERVIEW HEIGHTS|NSW
29399,STRATHMORE HEIGHTS,NSW,,13686,73,STRATHMORE HEIGHTS|NSW,OAKHAMPTON HEIGHTS|NSW
29401,AIRPORT WEST,NSW,,20017,81,AIRPORT WEST|NSW,AIRPORT WEST|VIC
29401,AIRPORT WEST,NSW,,41490,76,AIRPORT WEST|NSW,PORT PIRIE WEST|SA
29401,AIRPORT WEST,NSW,,10288,73,AIRPORT WEST|NSW,BATHURST WEST|NSW
29403,KEILOR PARK,NSW,,11061,83,KEILOR PARK|NSW,CECIL PARK|NSW
29403,KEILOR PARK,NSW,,12725,83,KEILOR PARK|NSW,LALOR PARK|NSW
29403,KEILOR PARK,NSW,,11713,81,KEILOR PARK|NSW,ENGLORIE PARK|NSW
29405,NIDDRIE,NSW,,11613,74,NIDDRIE|NSW,DURI|NSW
29405,NIDDRIE,NSW,,12381,74,NIDDRIE|NSW,INDI|NSW
29405,NIDDRIE,NSW,,10833,73,NIDDRIE|NSW,BUNDURE|NSW
29407,NIDDRIE NORTH,NSW,,22332,82,NIDDRIE NORTH|NSW,NIDDRIE NORTH|VIC
29407,NIDDRIE NORTH,NSW,,13591,81,NIDDRIE NORTH|NSW,NORTH BONDI|NSW
29407,NIDDRIE NORTH,NSW,,11552,76,NIDDRIE NORTH|NSW,DORRIGO NORTH|NSW
29411,GOWANBRAE,NSW,,12071,82,GOWANBRAE|NSW,GOWAN|NSW
29411,GOWANBRAE,NSW,,12032,80,GOWANBRAE|NSW,GOOANDRA|NSW
29411,GOWANBRAE,NSW,,12018,78,GOWANBRAE|NSW,GOARRA|NSW
29415,PASCOE VALE,NSW,,13751,76,PASCOE VALE|NSW,OXLEY VALE|NSW
29415,PASCOE VALE,NSW,,13781,74,PASCOE VALE|NSW,PALMVALE|NSW
29415,PASCOE VALE,NSW,,14792,74,PASCOE VALE|NSW,THE VALE|NSW
29417,PASCOE VALE SOUTH,NSW,,22446,81,PASCOE VALE SOUTH|NSW,PASCOE VALE SOUTH|VIC
29417,PASCOE VALE SOUTH,NSW,,14698,67,PASCOE VALE SOUTH|NSW,TAREE SOUTH|NSW
29417,PASCOE VALE SOUTH,NSW,,14792,67,PASCOE VALE SOUTH|NSW,THE VALE|NSW
29429,JACANA,NSW,,10971,80,JACANA|NSW,CANGAI|NSW
29429,JACANA,NSW,,12405,78,JACANA|NSW,JACKALASS|NSW
29429,JACANA,NSW,,10087,76,JACANA|NSW,ARCADIA|NSW
29433,MEADOW HEIGHTS,NSW,,12973,83,MEADOW HEIGHTS|NSW,MANERA HEIGHTS|NSW
29433,MEADOW HEIGHTS,NSW,,21946,83,MEADOW HEIGHTS|NSW,MEADOW HEIGHTS|VIC
29433,MEADOW HEIGHTS,NSW,,12555,80,MEADOW HEIGHTS|NSW,KIAMA HEIGHTS|NSW
29441,HOTHAM HILL,NSW,,13600,83,HOTHAM HILL|NSW,NORTH HILL|NSW
29441,HOTHAM HILL,NSW,,21449,80,HOTHAM HILL|NSW,HOTHAM HILL|VIC
29441,HOTHAM HILL,NSW,,13652,76,HOTHAM HILL|NSW,NOWRA HILL|NSW
29445,MELBOURNE UNIVERSITY,NSW,,21970,83,MELBOURNE UNIVERSITY|NSW,MELBOURNE UNIVERSITY|VIC
29445,MELBOURNE UNIVERSITY,NSW,,23152,82,MELBOURNE UNIVERSITY|NSW,UNIVERSITY OF MELBOURNE|VIC
29445,MELBOURNE UNIVERSITY,NSW,,12937,79,MELBOURNE UNIVERSITY|NSW,MACQUARIE UNIVERSITY|NSW
29453,PRINCES HILL,NSW,,14058,84,PRINCES HILL|NSW,RILEYS HILL|NSW
29453,PRINCES HILL,NSW,,14350,84,PRINCES HILL|NSW,SPRING HILL|NSW
29453,PRINCES HILL,NSW,,12288,80,PRINCES HILL|NSW,HILL PLAIN|NSW
29455,BRUNSWICK SOUTH,NSW,,20443,79,BRUNSWICK SOUTH|NSW,BRUNSWICK SOUTH|VIC
29455,BRUNSWICK SOUTH,NSW,,10383,76,BRUNSWICK SOUTH|NSW,BERMAGUI SOUTH|NSW
29455,BRUNSWICK SOUTH,NSW,,10063,74,BRUNSWICK SOUTH|NSW,ANABRANCH SOUTH|NSW
29457,BRUNSWICK WEST,NSW,,20444,83,BRUNSWICK WEST|NSW,BRUNSWICK WEST|VIC
29457,BRUNSWICK WEST,NSW,,15262,74,BRUNSWICK WEST|NSW,WEST BUNGAWALBIN|NSW
29457,BRUNSWICK WEST,NSW,,50224,73,BRUNSWICK WEST|NSW,BRUNSWICK|WA
29461,MORELAND WEST,NSW,,13117,83,MORELAND WEST|NSW,MERRYLANDS WEST|NSW
29461,MORELAND WEST,NSW,,22120,82,MORELAND WEST|NSW,MORELAND WEST|VIC
29461,MORELAND WEST,NSW,,12736,80,MORELAND WEST|NSW,LANE COVE WEST|NSW
29465,BRUNSWICK LOWER,NSW,,20441,84,BRUNSWICK LOWER|NSW,BRUNSWICK LOWER|VIC
29465,BRUNSWICK LOWER,NSW,,10765,79,BRUNSWICK LOWER|NSW,BRUNSWICK HEADS|NSW
29465,BRUNSWICK LOWER,NSW,,12895,76,BRUNSWICK LOWER|NSW,LOWER BUCCA|NSW
29467,BRUNSWICK NORTH,NSW,,20442,84,BRUNSWICK NORTH|NSW,BRUNSWICK NORTH|VIC
29467,BRUNSWICK NORTH,NSW,,10765,79,BRUNSWICK NORTH|NSW,BRUNSWICK HEADS|NSW
29467,BRUNSWICK NORTH,NSW,,13591,76,BRUNSWICK NORTH|NSW,NORTH BONDI|NSW
29471,LYGON STREET NORTH,NSW,,21856,82,LYGON STREET NORTH|NSW,LYGON STREET NORTH|VIC
29471,LYGON STREET NORTH,NSW,,13621,72,LYGON STREET NORTH|NSW,NORTH STAR|NSW
29471,LYGON STREET NORTH,NSW,,13618,70,LYGON STREET NORTH|NSW,NORTH SHORE|NSW
29473,SUMNER,NSW,,14197,80,SUMNER|NSW,SANGER|NSW
29473,SUMNER,NSW,,13668,76,SUMNER|NSW,NUNDERI|NSW
29473,SUMNER,NSW,,14340,76,SUMNER|NSW,SPENCER|NSW
29479,COBURG NORTH,NSW,,12069,82,COBURG NORTH|NSW,GOULBURN NORTH|NSW
29479,COBURG NORTH,NSW,,13584,81,COBURG NORTH|NSW,NORTH ALBURY|NSW
29479,COBURG NORTH,NSW,,13592,81,COBURG NORTH|NSW,NORTH BOURKE|NSW
29481,MERLYNSTON,NSW,,11702,80,MERLYNSTON|NSW,EMERTON|NSW
29481,MERLYNSTON,NSW,,21989,79,MERLYNSTON|NSW,MERLYNSTON|VIC
29481,MERLYNSTON,NSW,,11675,77,MERLYNSTON|NSW,EGLINTON|NSW
29487,FAWKNER,NSW,,11789,78,FAWKNER|NSW,FALCONER|NSW
29487,FAWKNER,NSW,,11349,73,FAWKNER|NSW,CRAWNEY|NSW
29487,FAWKNER,NSW,,12417,73,FAWKNER|NSW,JAUNTER|NSW
29489,FAWKNER EAST,NSW,,21079,81,FAWKNER EAST|NSW,FAWKNER EAST|VIC
29489,FAWKNER EAST,NSW,,11656,76,FAWKNER EAST|NSW,EASTLAKES|NSW
29489,FAWKNER EAST,NSW,,11645,73,FAWKNER EAST|NSW,EAST LYNNE|NSW
29491,FAWKNER NORTH,NSW,,21080,82,FAWKNER NORTH|NSW,FAWKNER NORTH|VIC
29491,FAWKNER NORTH,NSW,,13585,80,FAWKNER NORTH|NSW,NORTH ARM|NSW
29491,FAWKNER NORTH,NSW,,13099,75,FAWKNER NORTH|NSW,MERAH NORTH|NSW
29493,CAMPBELLFIELD,NSW,,10322,83,CAMPBELLFIELD|NSW,BELFIELD|NSW
29493,CAMPBELLFIELD,NSW,,20549,82,CAMPBELLFIELD|NSW,CAMPBELLFIELD|VIC
29493,CAMPBELLFIELD,NSW,,13157,80,CAMPBELLFIELD|NSW,MILLFIELD|NSW
29496,OAKLANDS JUNCTION,NSW,,22400,81,OAKLANDS JUNCTION|NSW,OAKLANDS JUNCTION|VIC
29496,OAKLANDS JUNCTION,NSW,,12468,77,OAKLANDS JUNCTION|NSW,JUNCTION POINT|NSW
29496,OAKLANDS JUNCTION,NSW,,14343,74,OAKLANDS JUNCTION|NSW,SPIT JUNCTION|NSW
29498,YUROKE,NSW,,14077,76,YUROKE|NSW,ROCKLEY|NSW
29498,YUROKE,NSW,,15583,76,YUROKE|NSW,YORKLEA|NSW
29498,YUROKE,NSW,,13960,74,YUROKE|NSW,PYREE|NSW
29504,KALKALLO,NSW,,10938,75,KALKALLO|NSW,CALWALLA|NSW
29504,KALKALLO,NSW,,21548,75,KALKALLO|NSW,KALKALLO|VIC
29504,KALKALLO,NSW,,10098,73,KALKALLO|NSW,ARKELL|NSW
29506,MICKLEHAM,NSW,,22007,77,MICKLEHAM|NSW,MICKLEHAM|VIC
29506,MICKLEHAM,NSW,,13146,76,MICKLEHAM|NSW,MILA|NSW
29506,MICKLEHAM,NSW,,12620,75,MICKLEHAM|NSW,KIRKHAM|NSW
29508,ROXBURGH PARK,NSW,,13798,76,ROXBURGH PARK|NSW,PARKESBOROUGH|NSW
29508,ROXBURGH PARK,NSW,,22656,76,ROXBURGH PARK|NSW,ROXBURGH PARK|VIC
29508,ROXBURGH PARK,NSW,,14164,69,ROXBURGH PARK|NSW,RYE PARK|NSW
29517,CLIFTON HILL,NSW,,11140,81,CLIFTON HILL|NSW,CLIFTON|NSW
29517,CLIFTON HILL,NSW,,30793,81,CLIFTON HILL|NSW,CLIFTON HILL|QLD
29517,CLIFTON HILL,NSW,,20685,81,CLIFTON HILL|NSW,CLIFTON HILL|VIC
29519,FITZROY NORTH,NSW,,21098,82,FITZROY NORTH|NSW,FITZROY NORTH|VIC
29519,FITZROY NORTH,NSW,,12215,74,FITZROY NORTH|NSW,HAMILTON NORTH|NSW
29519,FITZROY NORTH,NSW,,13584,73,FITZROY NORTH|NSW,NORTH ALBURY|NSW
29521,NORTHCOTE,NSW,,13526,81,NORTHCOTE|NSW,NETHERCOTE|NSW
29521,NORTHCOTE,NSW,,12266,77,NORTHCOTE|NSW,HEATHCOTE|NSW
29521,NORTHCOTE,NSW,,13643,77,NORTHCOTE|NSW,NORTHMEAD|NSW
29523,NORTHCOTE SOUTH,NSW,,22369,79,NORTHCOTE SOUTH|NSW,NORTHCOTE SOUTH|VIC
29523,NORTHCOTE SOUTH,NSW,,11303,76,NORTHCOTE SOUTH|NSW,COREE SOUTH|NSW
29523,NORTHCOTE SOUTH,NSW,,14324,76,NORTHCOTE SOUTH|NSW,SOUTH NOWRA|NSW
29525,THORNBURY,NSW,,14121,80,THORNBURY|NSW,ROTHBURY|NSW
29525,THORNBURY,NSW,,14882,77,THORNBURY|NSW,TORRYBURN|NSW
29525,THORNBURY,NSW,,14801,73,THORNBURY|NSW,THORA|NSW
29533,PRESTON LOWER,NSW,,12907,80,PRESTON LOWER|NSW,LOWER PORTLAND|NSW
29533,PRESTON LOWER,NSW,,12906,76,PRESTON LOWER|NSW,LOWER PEACOCK|NSW
29533,PRESTON LOWER,NSW,,12909,76,PRESTON LOWER|NSW,LOWER THREDBO|NSW
29535,PRESTON SOUTH,NSW,,13932,83,PRESTON SOUTH|NSW,PRESTONS|NSW
29535,PRESTON SOUTH,NSW,,13845,76,PRESTON SOUTH|NSW,PENRITH SOUTH|NSW
29535,PRESTON SOUTH,NSW,,14326,76,PRESTON SOUTH|NSW,SOUTH PENRITH|NSW
29539,REGENT WEST,NSW,,14699,83,REGENT WEST|NSW,TAREE WEST|NSW
29539,REGENT WEST,NSW,,15273,79,REGENT WEST|NSW,WEST RYDE|NSW
29539,REGENT WEST,NSW,,14034,73,REGENT WEST|NSW,REGENTVILLE|NSW
29541,SYLVESTER,NSW,,14268,79,SYLVESTER|NSW,SILVERWATER|NSW
29541,SYLVESTER,NSW,,15578,75,SYLVESTER|NSW,YETHERA|NSW
29541,SYLVESTER,NSW,,14789,74,SYLVESTER|NSW,THE SLOPES|NSW
29545,RESERVOIR,NSW,,51487,72,RESERVOIR|NSW,RESERVOIR|WA
29545,RESERVOIR,NSW,,22593,71,RESERVOIR|NSW,RESERVOIR EAST|VIC
29545,RESERVOIR,NSW,,13931,70,RESERVOIR|NSW,PREMER|NSW
29547,RESERVOIR EAST,NSW,,22593,78,RESERVOIR EAST|NSW,RESERVOIR EAST|VIC
29547,RESERVOIR EAST,NSW,,11647,71,RESERVOIR EAST|NSW,EAST RYDE|NSW
29547,RESERVOIR EAST,NSW,,14043,69,RESERVOIR EAST|NSW,RESERVE CREEK|NSW
29549,RESERVOIR NORTH,NSW,,22594,79,RESERVOIR NORTH|NSW,RESERVOIR NORTH|VIC
29549,RESERVOIR NORTH,NSW,,13618,76,RESERVOIR NORTH|NSW,NORTH SHORE|NSW
29549,RESERVOIR NORTH,NSW,,13616,73,RESERVOIR NORTH|NSW,NORTH RYDE|NSW
29551,RESERVOIR SOUTH,NSW,,22595,79,RESERVOIR SOUTH|NSW,RESERVOIR SOUTH|VIC
29551,RESERVOIR SOUTH,NSW,,13845,72,RESERVOIR SOUTH|NSW,PENRITH SOUTH|NSW
29551,RESERVOIR SOUTH,NSW,,14326,72,RESERVOIR SOUTH|NSW,SOUTH PENRITH|NSW
29553,THOMASTOWN,NSW,,14803,77,THOMASTOWN|NSW,THORNTON|NSW
29553,THOMASTOWN,NSW,,60477,77,THOMASTOWN|NSW,NEW TOWN|TAS
29553,THOMASTOWN,NSW,,14711,75,THOMASTOWN|NSW,TATTON|NSW
29555,LALOR,NSW,,11894,84,LALOR|NSW,GALORE|NSW
29555,LALOR,NSW,,12880,82,LALOR|NSW,LORN|NSW
29555,LALOR,NSW,,11124,78,LALOR|NSW,CLARE|NSW
29557,LALOR PLAZA,NSW,,12725,83,LALOR PLAZA|NSW,LALOR PARK|NSW
29557,LALOR PLAZA,NSW,,21742,73,LALOR PLAZA|NSW,LALOR PLAZA|VIC
29557,LALOR PLAZA,NSW,,10193,69,LALOR PLAZA|NSW,BALFOURS PEAK|NSW
29567,IVANHOE EAST,NSW,,12403,81,IVANHOE EAST|NSW,IVANHOE|NSW
29567,IVANHOE EAST,NSW,,21496,81,IVANHOE EAST|NSW,IVANHOE EAST|VIC
29567,IVANHOE EAST,NSW,,11638,76,IVANHOE EAST|NSW,EAST JINDABYNE|NSW
29569,IVANHOE NORTH,NSW,,21497,82,IVANHOE NORTH|NSW,IVANHOE NORTH|VIC
29569,IVANHOE NORTH,NSW,,12403,79,IVANHOE NORTH|NSW,IVANHOE|NSW
29569,IVANHOE NORTH,NSW,,13594,79,IVANHOE NORTH|NSW,NORTH CASINO|NSW
29575,HEIDELBERG RGH,NSW,,21398,78,HEIDELBERG RGH|NSW,HEIDELBERG RGH|VIC
29575,HEIDELBERG RGH,NSW,,12270,69,HEIDELBERG RGH|NSW,HECKENBERG|NSW
29575,HEIDELBERG RGH,NSW,,21396,69,HEIDELBERG RGH|NSW,HEIDELBERG|VIC
29577,HEIDELBERG WEST,NSW,,21399,84,HEIDELBERG WEST|NSW,HEIDELBERG WEST|VIC
29577,HEIDELBERG WEST,NSW,,15259,72,HEIDELBERG WEST|NSW,WEST ARMIDALE|NSW
29577,HEIDELBERG WEST,NSW,,15258,71,HEIDELBERG WEST|NSW,WEST ALBURY|NSW
29583,KINGSBURY,NSW,,12386,77,KINGSBURY|NSW,INGLEBURN|NSW
29583,KINGSBURY,NSW,,12600,77,KINGSBURY|NSW,KINGSFORD|NSW
29583,KINGSBURY,NSW,,21635,77,KINGSBURY|NSW,KINGSBURY|VIC
29585,LA TROBE UNIVERSITY,NSW,,21700,83,LA TROBE UNIVERSITY|NSW,LA TROBE UNIVERSITY|VIC
29585,LA TROBE UNIVERSITY,NSW,,11085,75,LA TROBE UNIVERSITY|NSW,CHARLES STURT UNIVERSITY|NSW
29585,LA TROBE UNIVERSITY,NSW,,14988,73,LA TROBE UNIVERSITY|NSW,UNIVERSITY OF NEW ENGLAND|NSW
29587,BANYULE,NSW,,10796,80,BANYULE|NSW,BULEE|NSW
29587,BANYULE,NSW,,11555,80,BANYULE|NSW,DOUBLE BAY|NSW
29587,BANYULE,NSW,,10218,78,BANYULE|NSW,BANGALEE|NSW
29591,HEIDELBERG,NSW,,12270,79,HEIDELBERG|NSW,HECKENBERG|NSW
29591,HEIDELBERG,NSW,,21396,79,HEIDELBERG|NSW,HEIDELBERG|VIC
29591,HEIDELBERG,NSW,,12277,74,HEIDELBERG|NSW,HERMIDALE|NSW
29593,ROSANNA,NSW,,14132,80,ROSANNA|NSW,ROWAN|NSW
29593,ROSANNA,NSW,,15037,80,ROSANNA|NSW,URANA|NSW
29593,ROSANNA,NSW,,14100,78,ROSANNA|NSW,ROSEBANK|NSW
29595,VIEWBANK,NSW,,14022,78,VIEWBANK|NSW,REDBANK|NSW
29595,VIEWBANK,NSW,,14100,75,VIEWBANK|NSW,ROSEBANK|NSW
29595,VIEWBANK,NSW,,15061,75,VIEWBANK|NSW,VIEWMONT|NSW
29599,MACLEOD WEST,NSW,,21869,81,MACLEOD WEST|NSW,MACLEOD WEST|VIC
29599,MACLEOD WEST,NSW,,13054,79,MACLEOD WEST|NSW,MAYFIELD WEST|NSW
29599,MACLEOD WEST,NSW,,13067,79,MACLEOD WEST|NSW,MCLEODS SHOOT|NSW
29602,WATSONIA,NSW,,15212,82,WATSONIA|NSW,WATTON|NSW
29602,WATSONIA,NSW,,13813,78,WATSONIA|NSW,PATONGA|NSW
29602,WATSONIA,NSW,,14836,76,WATSONIA|NSW,TIONA|NSW
29604,WATSONIA NORTH,NSW,,23284,83,WATSONIA NORTH|NSW,WATSONIA NORTH|VIC
29604,WATSONIA NORTH,NSW,,13631,81,WATSONIA NORTH|NSW,NORTH WAHROONGA|NSW
29604,WATSONIA NORTH,NSW,,13621,75,WATSONIA NORTH|NSW,NORTH STAR|NSW
29615,PLENTY,NSW,,13843,76,PLENTY|NSW,PENRITH|NSW
29615,PLENTY,NSW,,14258,76,PLENTY|NSW,SHIPLEY|NSW
29615,PLENTY,NSW,,13700,74,PLENTY|NSW,OBLEY|NSW
29619,LOWER PLENTY,NSW,,12907,76,LOWER PLENTY|NSW,LOWER PORTLAND|NSW
29619,LOWER PLENTY,NSW,,21847,75,LOWER PLENTY|NSW,LOWER PLENTY|VIC
29619,LOWER PLENTY,NSW,,12906,73,LOWER PLENTY|NSW,LOWER PEACOCK|NSW
29621,MONTMORENCY,NSW,,13238,81,MONTMORENCY|NSW,MONTEREY|NSW
29621,MONTMORENCY,NSW,,22086,80,MONTMORENCY|NSW,MONTMORENCY|VIC
29621,MONTMORENCY,NSW,,13237,73,MONTMORENCY|NSW,MONTEFIORES|NSW
29624,ELTHAM NORTH,NSW,,13585,83,ELTHAM NORTH|NSW,NORTH ARM|NSW
29624,ELTHAM NORTH,NSW,,21033,81,ELTHAM NORTH|NSW,ELTHAM NORTH|VIC
29624,ELTHAM NORTH,NSW,,10342,79,ELTHAM NORTH|NSW,BELMONT NORTH|NSW
29626,RESEARCH,NSW,,14897,78,RESEARCH|NSW,TREGEAR|NSW
29626,RESEARCH,NSW,,14221,75,RESEARCH|NSW,SEAFORTH|NSW
29626,RESEARCH,NSW,,13931,73,RESEARCH|NSW,PREMER|NSW
29628,WATTLE GLEN,NSW,,15208,84,WATTLE GLEN|NSW,WATTLE GROVE|NSW
29628,WATTLE GLEN,NSW,,14766,81,WATTLE GLEN|NSW,THE GLEN|NSW
29628,WATTLE GLEN,NSW,,15207,80,WATTLE GLEN|NSW,WATTLE FLAT|NSW
29630,BEND OF ISLANDS,NSW,,20257,79,BEND OF ISLANDS|NSW,BEND OF ISLANDS|VIC
29630,BEND OF ISLANDS,NSW,,14375,70,BEND OF ISLANDS|NSW,ST HUBERTS ISLAND|NSW
29630,BEND OF ISLANDS,NSW,,10116,69,BEND OF ISLANDS|NSW,ASHBY ISLAND|NSW
29632,KANGAROO GROUND,NSW,,21559,84,KANGAROO GROUND|NSW,KANGAROO GROUND|VIC
29632,KANGAROO GROUND,NSW,,12170,77,KANGAROO GROUND|NSW,GUNDAROO|NSW
29632,KANGAROO GROUND,NSW,,12485,76,KANGAROO GROUND|NSW,KANGAROO CREEK|NSW
29637,COTTLES BRIDGE,NSW,,20782,83,COTTLES BRIDGE|NSW,COTTLES BRIDGE|VIC
29637,COTTLES BRIDGE,NSW,,12460,82,COTTLES BRIDGE|NSW,JONES BRIDGE|NSW
29637,COTTLES BRIDGE,NSW,,11846,76,COTTLES BRIDGE|NSW,FORDS BRIDGE|NSW
29639,HURSTBRIDGE,NSW,,13641,80,HURSTBRIDGE|NSW,NORTHBRIDGE|NSW
29639,HURSTBRIDGE,NSW,,21468,80,HURSTBRIDGE|NSW,HURSTBRIDGE|VIC
29639,HURSTBRIDGE,NSW,,12365,76,HURSTBRIDGE|NSW,HURSTVILLE|NSW
29641,NUTFIELD,NSW,,14731,81,NUTFIELD|NSW,TENTERFIELD|NSW
29641,NUTFIELD,NSW,,14284,77,NUTFIELD|NSW,SMITHFIELD|NSW
29641,NUTFIELD,NSW,,14360,74,NUTFIELD|NSW,SPRINGFIELD|NSW
29648,KEW EAST,NSW,,11656,80,KEW EAST|NSW,EASTLAKES|NSW
29648,KEW EAST,NSW,,11640,79,KEW EAST|NSW,EAST KEMPSEY|NSW
29648,KEW EAST,NSW,,11645,77,KEW EAST|NSW,EAST LYNNE|NSW
29650,BALWYN,NSW,,10186,82,BALWYN|NSW,BALCOLYN|NSW
29650,BALWYN,NSW,,10192,80,BALWYN|NSW,BALDRY|NSW
29650,BALWYN,NSW,,10276,80,BALWYN|NSW,BARWON|NSW
29652,BALWYN EAST,NSW,,10208,84,BALWYN EAST|NSW,BALMAIN EAST|NSW
29652,BALWYN EAST,NSW,,11630,84,BALWYN EAST|NSW,EAST BALLINA|NSW
29652,BALWYN EAST,NSW,,10501,81,BALWYN EAST|NSW,BLAXLAND EAST|NSW
29656,DEEPDENE DC,NSW,,20874,80,DEEPDENE DC|NSW,DEEPDENE DC|VIC
29656,DEEPDENE DC,NSW,,50462,77,DEEPDENE DC|NSW,DEEPDENE|WA
29656,DEEPDENE DC,NSW,,11663,70,DEEPDENE DC|NSW,EDEN|NSW
29658,STRADBROKE PARK,NSW,,22863,79,STRADBROKE PARK|NSW,STRADBROKE PARK|VIC
29658,STRADBROKE PARK,NSW,,14445,75,STRADBROKE PARK|NSW,STUD PARK|NSW
29658,STRADBROKE PARK,NSW,,14241,73,STRADBROKE PARK|NSW,SHANE PARK|NSW
29660,BALWYN NORTH,NSW,,13606,84,BALWYN NORTH|NSW,NORTH MANLY|NSW
29660,BALWYN NORTH,NSW,,10412,81,BALWYN NORTH|NSW,BEXLEY NORTH|NSW
29660,BALWYN NORTH,NSW,,13584,81,BALWYN NORTH|NSW,NORTH ALBURY|NSW
29662,GREYTHORN,NSW,,12011,81,GREYTHORN|NSW,GLENTHORNE|NSW
29662,GREYTHORN,NSW,,11911,77,GREYTHORN|NSW,GARTHOWEN|NSW
29662,GREYTHORN,NSW,,21324,77,GREYTHORN|NSW,GREYTHORN|VIC
29666,BULLEEN SOUTH,NSW,,14303,82,BULLEEN SOUTH|NSW,SOUTH BALLINA|NSW
29666,BULLEEN SOUTH,NSW,,10130,79,BULLEEN SOUTH|NSW,AUBURN SOUTH|NSW
29666,BULLEEN SOUTH,NSW,,10413,79,BULLEEN SOUTH|NSW,BEXLEY SOUTH|NSW
29668,TEMPLESTOWE,NSW,,14723,75,TEMPLESTOWE|NSW,TEMPE|NSW
29668,TEMPLESTOWE,NSW,,23004,73,TEMPLESTOWE|NSW,TEMPLESTOWE|VIC
29668,TEMPLESTOWE,NSW,,23005,72,TEMPLESTOWE|NSW,TEMPLESTOWE LOWER|VIC
29670,TEMPLESTOWE LOWER,NSW,,23005,81,TEMPLESTOWE LOWER|NSW,TEMPLESTOWE LOWER|VIC
29670,TEMPLESTOWE LOWER,NSW,,12906,68,TEMPLESTOWE LOWER|NSW,LOWER PEACOCK|NSW
29670,TEMPLESTOWE LOWER,NSW,,12909,68,TEMPLESTOWE LOWER|NSW,LOWER THREDBO|NSW
29672,DONCASTER,NSW,,11526,77,DONCASTER|NSW,DIRNASEER|NSW
29672,DONCASTER,NSW,,13059,77,DONCASTER|NSW,MCALISTER|NSW
29672,DONCASTER,NSW,,13547,77,DONCASTER|NSW,NEWCASTLE|NSW
29674,DONCASTER EAST,NSW,,20927,83,DONCASTER EAST|NSW,DONCASTER EAST|VIC
29674,DONCASTER EAST,NSW,,11501,78,DONCASTER EAST|NSW,DENISTONE EAST|NSW
29674,DONCASTER EAST,NSW,,11044,73,DONCASTER EAST|NSW,CASTLEREAGH|NSW
29680,TUNSTALL SQUARE PO,NSW,,23122,82,TUNSTALL SQUARE PO|NSW,TUNSTALL SQUARE PO|VIC
29680,TUNSTALL SQUARE PO,NSW,,14712,72,TUNSTALL SQUARE PO|NSW,TAYLOR SQUARE|NSW
29680,TUNSTALL SQUARE PO,NSW,,14397,67,TUNSTALL SQUARE PO|NSW,STANWELL PARK|NSW
29682,DONVALE,NSW,,13233,82,DONVALE|NSW,MONIVAE|NSW
29682,DONVALE,NSW,,10055,80,DONVALE|NSW,ALSTONVALE|NSW
29682,DONVALE,NSW,,11619,80,DONVALE|NSW,DUVAL|NSW
29686,WARRANDYTE,NSW,,15160,79,WARRANDYTE|NSW,WARRADERRY|NSW
29686,WARRANDYTE,NSW,,15176,79,WARRANDYTE|NSW,WARRENDINE|NSW
29686,WARRANDYTE,NSW,,23258,79,WARRANDYTE|NSW,WARRANDYTE|VIC
29688,PARK ORCHARDS,NSW,,13725,80,PARK ORCHARDS|NSW,ORAN PARK|NSW
29688,PARK ORCHARDS,NSW,,14051,76,PARK ORCHARDS|NSW,RICHARDS|NSW
29688,PARK ORCHARDS,NSW,,22439,76,PARK ORCHARDS|NSW,PARK ORCHARDS|VIC
29692,CHIRNSIDE PARK,NSW,,10946,78,CHIRNSIDE PARK|NSW,CAMBRIDGE PARK|NSW
29692,CHIRNSIDE PARK,NSW,,20665,78,CHIRNSIDE PARK|NSW,CHIRNSIDE PARK|VIC
29692,CHIRNSIDE PARK,NSW,,10106,76,CHIRNSIDE PARK|NSW,ARNDELL PARK|NSW
29701,RICHMOND EAST,NSW,,14053,83,RICHMOND EAST|NSW,RICHMOND|NSW
29701,RICHMOND EAST,NSW,,13612,80,RICHMOND EAST|NSW,NORTH RICHMOND|NSW
29701,RICHMOND EAST,NSW,,14055,79,RICHMOND EAST|NSW,RICHMOND LOWLANDS|NSW
29705,RICHMOND SOUTH,NSW,,14053,80,RICHMOND SOUTH|NSW,RICHMOND|NSW
29705,RICHMOND SOUTH,NSW,,22608,78,RICHMOND SOUTH|NSW,RICHMOND SOUTH|VIC
29705,RICHMOND SOUTH,NSW,,13845,74,RICHMOND SOUTH|NSW,PENRITH SOUTH|NSW
29710,GLENFERRIE SOUTH,NSW,,11711,81,GLENFERRIE SOUTH|NSW,ENFIELD SOUTH|NSW
29710,GLENFERRIE SOUTH,NSW,,21216,80,GLENFERRIE SOUTH|NSW,GLENFERRIE SOUTH|VIC
29710,GLENFERRIE SOUTH,NSW,,14305,72,GLENFERRIE SOUTH|NSW,SOUTH BOWENFELS|NSW
29714,HAWTHORN NORTH,NSW,,12215,83,HAWTHORN NORTH|NSW,HAMILTON NORTH|NSW
29714,HAWTHORN NORTH,NSW,,21375,83,HAWTHORN NORTH|NSW,HAWTHORN NORTH|VIC
29714,HAWTHORN NORTH,NSW,,13602,80,HAWTHORN NORTH|NSW,NORTH LAMBTON|NSW
29716,HAWTHORN WEST,NSW,,21376,82,HAWTHORN WEST|NSW,HAWTHORN WEST|VIC
29716,HAWTHORN WEST,NSW,,15267,81,HAWTHORN WEST|NSW,WEST HOXTON|NSW
29716,HAWTHORN WEST,NSW,,12078,79,HAWTHORN WEST|NSW,GRAFTON WEST|NSW
29719,HAWTHORN EAST,NSW,,12214,82,HAWTHORN EAST|NSW,HAMILTON EAST|NSW
29719,HAWTHORN EAST,NSW,,21374,82,HAWTHORN EAST|NSW,HAWTHORN EAST|VIC
29719,HAWTHORN EAST,NSW,,10286,71,HAWTHORN EAST|NSW,BATHAMPTON|NSW
29724,CAMBERWELL SOUTH,NSW,,10940,82,CAMBERWELL SOUTH|NSW,CAMBERWELL|NSW
29724,CAMBERWELL SOUTH,NSW,,20545,80,CAMBERWELL SOUTH|NSW,CAMBERWELL SOUTH|VIC
29724,CAMBERWELL SOUTH,NSW,,10951,78,CAMBERWELL SOUTH|NSW,CAMDEN SOUTH|NSW
29732,BENNETTSWOOD,NSW,,20267,81,BENNETTSWOOD|NSW,BENNETTSWOOD|VIC
29732,BENNETTSWOOD,NSW,,10312,76,BENNETTSWOOD|NSW,BEECHWOOD|NSW
29732,BENNETTSWOOD,NSW,,10650,73,BENNETTSWOOD|NSW,BOURNEWOOD|NSW
29735,SURREY HILLS SOUTH,NSW,,22907,82,SURREY HILLS SOUTH|NSW,SURREY HILLS SOUTH|VIC
29735,SURREY HILLS SOUTH,NSW,,14466,81,SURREY HILLS SOUTH|NSW,SURRY HILLS|NSW
29735,SURREY HILLS SOUTH,NSW,,14744,79,SURREY HILLS SOUTH|NSW,TERREY HILLS|NSW
29740,MONT ALBERT,NSW,,10028,80,MONT ALBERT|NSW,ALBERT|NSW
29740,MONT ALBERT,NSW,,22083,80,MONT ALBERT|NSW,MONT ALBERT|VIC
29740,MONT ALBERT,NSW,,10154,79,MONT ALBERT|NSW,AYLMERTON|NSW
29744,SURREY HILLS NORTH,NSW,,22906,82,SURREY HILLS NORTH|NSW,SURREY HILLS NORTH|VIC
29744,SURREY HILLS NORTH,NSW,,14466,81,SURREY HILLS NORTH|NSW,SURRY HILLS|NSW
29744,SURREY HILLS NORTH,NSW,,13600,78,SURREY HILLS NORTH|NSW,NORTH HILL|NSW
29754,WATTLE PARK,NSW,,15327,83,WATTLE PARK|NSW,WILEY PARK|NSW
29754,WATTLE PARK,NSW,,15211,79,WATTLE PARK|NSW,WATTLE SPRINGS|NSW
29754,WATTLE PARK,NSW,,13800,77,WATTLE PARK|NSW,PARKLEA|NSW
29758,KERRIMUIR,NSW,,12542,81,KERRIMUIR|NSW,KERRIGUNDI|NSW
29758,KERRIMUIR,NSW,,21604,77,KERRIMUIR|NSW,KERRIMUIR|VIC
29758,KERRIMUIR,NSW,,10396,75,KERRIMUIR|NSW,BERRIMA|NSW
29764,BLACKBURN NORTH,NSW,,20313,84,BLACKBURN NORTH|NSW,BLACKBURN NORTH|VIC
29764,BLACKBURN NORTH,NSW,,12069,81,BLACKBURN NORTH|NSW,GOULBURN NORTH|NSW
29764,BLACKBURN NORTH,NSW,,13584,80,BLACKBURN NORTH|NSW,NORTH ALBURY|NSW
29768,LABURNUM,NSW,,10129,82,LABURNUM|NSW,AUBURN|NSW
29768,LABURNUM,NSW,,12814,78,LABURNUM|NSW,LINBURN|NSW
29768,LABURNUM,NSW,,10857,76,LABURNUM|NSW,BURNS|NSW
29770,BRENTFORD SQUARE,NSW,,20400,80,BRENTFORD SQUARE|NSW,BRENTFORD SQUARE|VIC
29770,BRENTFORD SQUARE,NSW,,10231,75,BRENTFORD SQUARE|NSW,BANKSTOWN SQUARE|NSW
29770,BRENTFORD SQUARE,NSW,,12925,70,BRENTFORD SQUARE|NSW,MACARTHUR SQUARE|NSW
29774,NUNAWADING,NSW,,15127,74,NUNAWADING|NSW,WANAARING|NSW
29774,NUNAWADING,NSW,,13668,72,NUNAWADING|NSW,NUNDERI|NSW
29774,NUNAWADING,NSW,,13942,72,NUNAWADING|NSW,PUCAWAN|NSW
29778,MITCHAM NORTH,NSW,,22051,82,MITCHAM NORTH|NSW,MITCHAM NORTH|VIC
29778,MITCHAM NORTH,NSW,,12951,80,MITCHAM NORTH|NSW,MAITLAND NORTH|NSW
29778,MITCHAM NORTH,NSW,,13585,80,MITCHAM NORTH|NSW,NORTH ARM|NSW
29784,VERMONT SOUTH,NSW,,23170,76,VERMONT SOUTH|NSW,VERMONT SOUTH|VIC
29784,VERMONT SOUTH,NSW,,14334,75,VERMONT SOUTH|NSW,SOUTHAMPTON|NSW
29784,VERMONT SOUTH,NSW,,14328,74,VERMONT SOUTH|NSW,SOUTH TAMWORTH|NSW
29790,RINGWOOD NORTH,NSW,,14059,80,RINGWOOD NORTH|NSW,RINGWOOD|NSW
29790,RINGWOOD NORTH,NSW,,13612,78,RINGWOOD NORTH|NSW,NORTH RICHMOND|NSW
29790,RINGWOOD NORTH,NSW,,13634,78,RINGWOOD NORTH|NSW,NORTH WOODBURN|NSW
29792,WARRANDYTE SOUTH,NSW,,23259,80,WARRANDYTE SOUTH|NSW,WARRANDYTE SOUTH|VIC
29792,WARRANDYTE SOUTH,NSW,,22366,75,WARRANDYTE SOUTH|NSW,NORTH WARRANDYTE|VIC
29792,WARRANDYTE SOUTH,NSW,,14698,74,WARRANDYTE SOUTH|NSW,TAREE SOUTH|NSW
29796,BEDFORD ROAD,NSW,,50104,77,BEDFORD ROAD|NSW,BEDFORD|WA
29796,BEDFORD ROAD,NSW,,20223,75,BEDFORD ROAD|NSW,BEDFORD ROAD|VIC
29796,BEDFORD ROAD,NSW,,10323,74,BEDFORD ROAD|NSW,BELFORD|NSW
29800,RINGWOOD EAST,NSW,,14059,83,RINGWOOD EAST|NSW,RINGWOOD|NSW
29800,RINGWOOD EAST,NSW,,14365,77,RINGWOOD EAST|NSW,SPRINGWOOD|NSW
29800,RINGWOOD EAST,NSW,,22612,76,RINGWOOD EAST|NSW,RINGWOOD EAST|VIC
29803,CROYDON HILLS,NSW,,20815,82,CROYDON HILLS|NSW,CROYDON HILLS|VIC
29803,CROYDON HILLS,NSW,,11380,79,CROYDON HILLS|NSW,CROYDON|NSW
29803,CROYDON HILLS,NSW,,11244,77,CROYDON HILLS|NSW,COOKS HILL|NSW
29805,CROYDON NORTH,NSW,,20816,82,CROYDON NORTH|NSW,CROYDON NORTH|VIC
29805,CROYDON NORTH,NSW,,11263,81,CROYDON NORTH|NSW,COOMA NORTH|NSW
29805,CROYDON NORTH,NSW,,11561,80,CROYDON NORTH|NSW,DOYALSON NORTH|NSW
29807,CROYDON SOUTH,NSW,,10951,79,CROYDON SOUTH|NSW,CAMDEN SOUTH|NSW
29807,CROYDON SOUTH,NSW,,11380,79,CROYDON SOUTH|NSW,CROYDON|NSW
29807,CROYDON SOUTH,NSW,,14307,79,CROYDON SOUTH|NSW,SOUTH COOGEE|NSW
29809,KILSYTH,NSW,,12551,74,KILSYTH|NSW,KIAH|NSW
29809,KILSYTH,NSW,,21626,73,KILSYTH|NSW,KILSYTH|VIC
29809,KILSYTH,NSW,,10025,70,KILSYTH|NSW,AIRLY|NSW
29811,KILSYTH SOUTH,NSW,,14316,77,KILSYTH SOUTH|NSW,SOUTH HILL|NSW
29811,KILSYTH SOUTH,NSW,,14318,76,KILSYTH SOUTH|NSW,SOUTH KEMPSEY|NSW
29811,KILSYTH SOUTH,NSW,,21627,76,KILSYTH SOUTH|NSW,KILSYTH SOUTH|VIC
29813,MOOROOLBARK,NSW,,22111,80,MOOROOLBARK|NSW,MOOROOLBARK|VIC
29813,MOOROOLBARK,NSW,,13269,79,MOOROOLBARK|NSW,MOOREBANK|NSW
29813,MOOROOLBARK,NSW,,10615,77,MOOROOLBARK|NSW,BOOROOK|NSW
29815,BEENAK,NSW,,10826,82,BEENAK|NSW,BUNDEENA|NSW
29815,BEENAK,NSW,,10691,80,BEENAK|NSW,BREEZA|NSW
29815,BEENAK,NSW,,10692,80,BEENAK|NSW,BRENDA|NSW
29821,LAUNCHING PLACE,NSW,,21765,79,LAUNCHING PLACE|NSW,LAUNCHING PLACE|VIC
29821,LAUNCHING PLACE,NSW,,10073,76,LAUNCHING PLACE|NSW,ANGUS PLACE|NSW
29821,LAUNCHING PLACE,NSW,,12868,67,LAUNCHING PLACE|NSW,LONG PLAIN|NSW
29825,SEVILLE EAST,NSW,,14113,80,SEVILLE EAST|NSW,ROSEVILLE CHASE|NSW
29825,SEVILLE EAST,NSW,,14112,76,SEVILLE EAST|NSW,ROSEVILLE|NSW
29825,SEVILLE EAST,NSW,,11651,75,SEVILLE EAST|NSW,EAST WARDELL|NSW
29827,WANDIN EAST,NSW,,23222,80,WANDIN EAST|NSW,WANDIN EAST|VIC
29827,WANDIN EAST,NSW,,51756,80,WANDIN EAST|NSW,WARDING EAST|WA
29827,WANDIN EAST,NSW,,11651,77,WANDIN EAST|NSW,EAST WARDELL|NSW
29829,WANDIN NORTH,NSW,,23223,81,WANDIN NORTH|NSW,WANDIN NORTH|VIC
29829,WANDIN NORTH,NSW,,15416,79,WANDIN NORTH|NSW,WONBOYN NORTH|NSW
29829,WANDIN NORTH,NSW,,13634,76,WANDIN NORTH|NSW,NORTH WOODBURN|NSW
29831,WOORI YALLOCK,NSW,,23442,82,WOORI YALLOCK|NSW,WOORI YALLOCK|VIC
29831,WOORI YALLOCK,NSW,,15432,69,WOORI YALLOCK|NSW,WOODHILL|NSW
29831,WOORI YALLOCK,NSW,,14877,67,WOORI YALLOCK|NSW,TOOYAL|NSW
29833,YELLINGBO,NSW,,15569,82,YELLINGBO|NSW,YENGO|NSW
29833,YELLINGBO,NSW,,15239,81,YELLINGBO|NSW,WELLINGTON|NSW
29833,YELLINGBO,NSW,,15238,79,YELLINGBO|NSW,WELLINGROVE|NSW
29836,CHAPEL STREET NORTH,NSW,,20635,83,CHAPEL STREET NORTH|NSW,CHAPEL STREET NORTH|VIC
29836,CHAPEL STREET NORTH,NSW,,51305,73,CHAPEL STREET NORTH|NSW,NORTH WEST CAPE|WA
29836,CHAPEL STREET NORTH,NSW,,13617,70,CHAPEL STREET NORTH|NSW,NORTH RYDE BC|NSW
29838,DOMAIN ROAD PO,NSW,,20923,78,DOMAIN ROAD PO|NSW,DOMAIN ROAD PO|VIC
29838,DOMAIN ROAD PO,NSW,,13832,69,DOMAIN ROAD PO|NSW,PELAW MAIN|NSW
29838,DOMAIN ROAD PO,NSW,,13195,67,DOMAIN ROAD PO|NSW,MISSENDEN ROAD|NSW
29840,SOUTH YARRA,NSW,,14329,80,SOUTH YARRA|NSW,SOUTH TURRAMURRA|NSW
29840,SOUTH YARRA,NSW,,14698,80,SOUTH YARRA|NSW,TAREE SOUTH|NSW
29840,SOUTH YARRA,NSW,,14327,77,SOUTH YARRA|NSW,SOUTH TACOMA|NSW
29842,HAWKSBURN,NSW,,10129,78,HAWKSBURN|NSW,AUBURN|NSW
29842,HAWKSBURN,NSW,,11095,77,HAWKSBURN|NSW,CHATSBURY|NSW
29842,HAWKSBURN,NSW,,21372,77,HAWKSBURN|NSW,HAWKSBURN|VIC
29844,TOORAK,NSW,,14801,84,TOORAK|NSW,THORA|NSW
29844,TOORAK,NSW,,14864,84,TOORAK|NSW,TOOMA|NSW
29844,TOORAK,NSW,,14869,82,TOORAK|NSW,TOORANIE|NSW
29856,CAULFIELD EAST,NSW,,20623,83,CAULFIELD EAST|NSW,CAULFIELD EAST|VIC
29856,CAULFIELD EAST,NSW,,10937,73,CAULFIELD EAST|NSW,CALORAFIELD|NSW
29856,CAULFIELD EAST,NSW,,11633,73,CAULFIELD EAST|NSW,EAST CORAKI|NSW
29862,DARLING SOUTH,NSW,,11002,83,DARLING SOUTH|NSW,CARINGBAH SOUTH|NSW
29862,DARLING SOUTH,NSW,,11467,82,DARLING SOUTH|NSW,DARLING POINT|NSW
29862,DARLING SOUTH,NSW,,13029,82,DARLING SOUTH|NSW,MARULAN SOUTH|NSW
29864,MALVERN EAST,NSW,,21893,81,MALVERN EAST|NSW,MALVERN EAST|VIC
29864,MALVERN EAST,NSW,,12983,80,MALVERN EAST|NSW,MANLY EAST|NSW
29864,MALVERN EAST,NSW,,11646,79,MALVERN EAST|NSW,EAST MAITLAND|NSW
29866,WATTLETREE ROAD PO,NSW,,23292,82,WATTLETREE ROAD PO|NSW,WATTLETREE ROAD PO|VIC
29866,WATTLETREE ROAD PO,NSW,,15209,74,WATTLETREE ROAD PO|NSW,WATTLE PONDS|NSW
29866,WATTLETREE ROAD PO,NSW,,14148,68,WATTLETREE ROAD PO|NSW,RUN-O-WATERS|NSW
29872,ASHBURTON,NSW,,10113,83,ASHBURTON|NSW,ASHBURY|NSW
29872,ASHBURTON,NSW,,10129,78,ASHBURTON|NSW,AUBURN|NSW
29872,ASHBURTON,NSW,,10895,78,ASHBURTON|NSW,BUXTON|NSW
29880,HOLMESGLEN,NSW,,12317,83,HOLMESGLEN|NSW,HOLMESVILLE|NSW
29880,HOLMESGLEN,NSW,,21433,79,HOLMESGLEN|NSW,HOLMESGLEN|VIC
29880,HOLMESGLEN,NSW,,11848,76,HOLMESGLEN|NSW,FOREST GLEN|NSW
29884,MOUNT WAVERLEY,NSW,,22189,83,MOUNT WAVERLEY|NSW,MOUNT WAVERLEY|VIC
29884,MOUNT WAVERLEY,NSW,,13363,80,MOUNT WAVERLEY|NSW,MOUNT THORLEY|NSW
29884,MOUNT WAVERLEY,NSW,,14078,80,MOUNT WAVERLEY|NSW,ROCKLEY MOUNT|NSW
29890,BRANDON PARK,NSW,,10682,83,BRANDON PARK|NSW,BRAY PARK|NSW
29890,BRANDON PARK,NSW,,10636,81,BRANDON PARK|NSW,BORONIA PARK|NSW
29890,BRANDON PARK,NSW,,11381,81,BRANDON PARK|NSW,CROYDON PARK|NSW
29892,GLEN WAVERLEY,NSW,,15216,83,GLEN WAVERLEY|NSW,WAVERLEY|NSW
29892,GLEN WAVERLEY,NSW,,21204,82,GLEN WAVERLEY|NSW,GLEN WAVERLEY|VIC
29892,GLEN WAVERLEY,NSW,,11979,80,GLEN WAVERLEY|NSW,GLEN WARD|NSW
29894,WHEELERS HILL,NSW,,23335,82,WHEELERS HILL|NSW,WHEELERS HILL|VIC
29894,WHEELERS HILL,NSW,,15298,78,WHEELERS HILL|NSW,WHEELER HEIGHTS|NSW
29894,WHEELERS HILL,NSW,,14261,76,WHEELERS HILL|NSW,SHOOTERS HILL|NSW
29896,BURWOOD EAST,NSW,,10886,81,BURWOOD EAST|NSW,BURWOOD|NSW
29896,BURWOOD EAST,NSW,,20513,81,BURWOOD EAST|NSW,BURWOOD EAST|VIC
29896,BURWOOD EAST,NSW,,10887,80,BURWOOD EAST|NSW,BURWOOD HEIGHTS|NSW
29901,STUDFIELD,NSW,,14226,81,STUDFIELD|NSW,SEDGEFIELD|NSW
29901,STUDFIELD,NSW,,14284,81,STUDFIELD|NSW,SMITHFIELD|NSW
29901,STUDFIELD,NSW,,14425,79,STUDFIELD|NSW,STRATHFIELD|NSW
29903,WANTIRNA,NSW,,15079,78,WANTIRNA|NSW,WAITARA|NSW
29903,WANTIRNA,NSW,,15130,78,WANTIRNA|NSW,WANDERA|NSW
29903,WANTIRNA,NSW,,14836,76,WANTIRNA|NSW,TIONA|NSW
29905,WANTIRNA SOUTH,NSW,,23239,78,WANTIRNA SOUTH|NSW,WANTIRNA SOUTH|VIC
29905,WANTIRNA SOUTH,NSW,,14332,74,WANTIRNA SOUTH|NSW,SOUTH WINDSOR|NSW
29905,WANTIRNA SOUTH,NSW,,14334,73,WANTIRNA SOUTH|NSW,SOUTHAMPTON|NSW
29909,BAYSWATER NORTH,NSW,,20211,84,BAYSWATER NORTH|NSW,BAYSWATER NORTH|VIC
29909,BAYSWATER NORTH,NSW,,13593,78,BAYSWATER NORTH|NSW,NORTH BROTHER|NSW
29909,BAYSWATER NORTH,NSW,,51279,76,BAYSWATER NORTH|NSW,NORTH BANNISTER|WA
29916,LYSTERFIELD,NSW,,11134,83,LYSTERFIELD|NSW,CLEARFIELD|NSW
29916,LYSTERFIELD,NSW,,21862,80,LYSTERFIELD|NSW,LYSTERFIELD|VIC
29916,LYSTERFIELD,NSW,,11993,79,LYSTERFIELD|NSW,GLENFIELD|NSW
29918,LYSTERFIELD SOUTH,NSW,,11711,84,LYSTERFIELD SOUTH|NSW,ENFIELD SOUTH|NSW
29918,LYSTERFIELD SOUTH,NSW,,21863,81,LYSTERFIELD SOUTH|NSW,LYSTERFIELD SOUTH|VIC
29918,LYSTERFIELD SOUTH,NSW,,14319,74,LYSTERFIELD SOUTH|NSW,SOUTH LISMORE|NSW
29920,MOUNTAIN GATE,NSW,,22191,82,MOUNTAIN GATE|NSW,MOUNTAIN GATE|VIC
29920,MOUNTAIN GATE,NSW,,10401,80,MOUNTAIN GATE|NSW,BERRY MOUNTAIN|NSW
29920,MOUNTAIN GATE,NSW,,10476,80,MOUNTAIN GATE|NSW,BLACK MOUNTAIN|NSW
29922,UPPER FERNTREE GULLY,NSW,,23156,83,UPPER FERNTREE GULLY|NSW,UPPER FERNTREE GULLY|VIC
29922,UPPER FERNTREE GULLY,NSW,,11805,74,UPPER FERNTREE GULLY|NSW,FERN GULLY|NSW
29922,UPPER FERNTREE GULLY,NSW,,21088,71,UPPER FERNTREE GULLY|NSW,FERNTREE GULLY|VIC
29924,UPWEY,NSW,,15237,78,UPWEY|NSW,WELBY|NSW
29924,UPWEY,NSW,,13953,74,UPWEY|NSW,PUTNEY|NSW
29924,UPWEY,NSW,,15280,74,UPWEY|NSW,WESTBY|NSW
29934,BELGRAVE SOUTH,NSW,,10413,82,BELGRAVE SOUTH|NSW,BEXLEY SOUTH|NSW
29934,BELGRAVE SOUTH,NSW,,14312,81,BELGRAVE SOUTH|NSW,SOUTH GRANVILLE|NSW
29934,BELGRAVE SOUTH,NSW,,14315,79,BELGRAVE SOUTH|NSW,SOUTH GUYRA|NSW
29944,CAULFIELD SOUTH,NSW,,11711,83,CAULFIELD SOUTH|NSW,ENFIELD SOUTH|NSW
29944,CAULFIELD SOUTH,NSW,,20626,79,CAULFIELD SOUTH|NSW,CAULFIELD SOUTH|VIC
29944,CAULFIELD SOUTH,NSW,,14321,76,CAULFIELD SOUTH|NSW,SOUTH MAITLAND|NSW
29948,BOORAN ROAD PO,NSW,,20359,78,BOORAN ROAD PO|NSW,BOORAN ROAD PO|VIC
29948,BOORAN ROAD PO,NSW,,13913,73,BOORAN ROAD PO|NSW,PORT BOTANY|NSW
29948,BOORAN ROAD PO,NSW,,10609,69,BOORAN ROAD PO|NSW,BOORABEE PARK|NSW
29950,CARNEGIE,NSW,,10971,82,CARNEGIE|NSW,CANGAI|NSW
29950,CARNEGIE,NSW,,10924,78,CARNEGIE|NSW,CALARIE|NSW
29950,CARNEGIE,NSW,,11342,78,CARNEGIE|NSW,CRAIGIE|NSW
29952,GLEN HUNTLY,NSW,,21200,80,GLEN HUNTLY|NSW,GLEN HUNTLY|VIC
29952,GLEN HUNTLY,NSW,,12359,77,GLEN HUNTLY|NSW,HUNTLEY|NSW
29952,GLEN HUNTLY,NSW,,12360,75,GLEN HUNTLY|NSW,HUNTLEYS COVE|NSW
29954,MURRUMBEENA,NSW,,13441,81,MURRUMBEENA|NSW,MURRUMBATEMAN|NSW
29954,MURRUMBEENA,NSW,,13442,81,MURRUMBEENA|NSW,MURRUMBO|NSW
29954,MURRUMBEENA,NSW,,13443,80,MURRUMBEENA|NSW,MURRUMBUCCA|NSW
29956,DANDENONG SOUTH,NSW,,10951,80,DANDENONG SOUTH|NSW,CAMDEN SOUTH|NSW
29956,DANDENONG SOUTH,NSW,,20848,79,DANDENONG SOUTH|NSW,DANDENONG SOUTH|VIC
29956,DANDENONG SOUTH,NSW,,20845,74,DANDENONG SOUTH|NSW,DANDENONG NORTH|VIC
29958,BENTLEIGH EAST,NSW,,20270,83,BENTLEIGH EAST|NSW,BENTLEIGH EAST|VIC
29958,BENTLEIGH EAST,NSW,,11501,72,BENTLEIGH EAST|NSW,DENISTONE EAST|NSW
29958,BENTLEIGH EAST,NSW,,10208,71,BENTLEIGH EAST|NSW,BALMAIN EAST|NSW
29960,COATESVILLE,NSW,,11130,83,COATESVILLE|NSW,CLAREVILLE|NSW
29960,COATESVILLE,NSW,,11295,83,COATESVILLE|NSW,CORALVILLE|NSW
29960,COATESVILLE,NSW,,10124,81,COATESVILLE|NSW,ASHVILLE|NSW
29962,HUGHESDALE,NSW,,21457,79,HUGHESDALE|NSW,HUGHESDALE|VIC
29962,HUGHESDALE,NSW,,11984,77,HUGHESDALE|NSW,GLENDALE|NSW
29962,HUGHESDALE,NSW,,10067,74,HUGHESDALE|NSW,ANGLEDALE|NSW
29968,OAKLEIGH EAST,NSW,,22402,76,OAKLEIGH EAST|NSW,OAKLEIGH EAST|VIC
29968,OAKLEIGH EAST,NSW,,13729,75,OAKLEIGH EAST|NSW,ORANGE EAST|NSW
29968,OAKLEIGH EAST,NSW,,13991,71,OAKLEIGH EAST|NSW,RALEIGH|NSW
29970,OAKLEIGH SOUTH,NSW,,22403,78,OAKLEIGH SOUTH|NSW,OAKLEIGH SOUTH|VIC
29970,OAKLEIGH SOUTH,NSW,,13845,74,OAKLEIGH SOUTH|NSW,PENRITH SOUTH|NSW
29970,OAKLEIGH SOUTH,NSW,,14326,74,OAKLEIGH SOUTH|NSW,SOUTH PENRITH|NSW
29974,NOTTING HILL,NSW,,22373,81,NOTTING HILL|NSW,NOTTING HILL|VIC
29974,NOTTING HILL,NSW,,12591,80,NOTTING HILL|NSW,KINGS HILL|NSW
29974,NOTTING HILL,NSW,,13600,80,NOTTING HILL|NSW,NORTH HILL|NSW
29978,CLAYTON SOUTH,NSW,,14311,82,CLAYTON SOUTH|NSW,SOUTH GRAFTON|NSW
29978,CLAYTON SOUTH,NSW,,12216,80,CLAYTON SOUTH|NSW,HAMILTON SOUTH|NSW
29978,CLAYTON SOUTH,NSW,,12252,80,CLAYTON SOUTH|NSW,HAY SOUTH|NSW
29984,SANDOWN VILLAGE,NSW,,22690,79,SANDOWN VILLAGE|NSW,SANDOWN VILLAGE|VIC
29984,SANDOWN VILLAGE,NSW,,14244,74,SANDOWN VILLAGE|NSW,SHANNON VALE|NSW
29984,SANDOWN VILLAGE,NSW,,14805,74,SANDOWN VILLAGE|NSW,THREDBO VILLAGE|NSW
29988,DINGLEY VILLAGE,NSW,,20911,84,DINGLEY VILLAGE|NSW,DINGLEY VILLAGE|VIC
29988,DINGLEY VILLAGE,NSW,,11565,78,DINGLEY VILLAGE|NSW,DRAKE VILLAGE|NSW
29988,DINGLEY VILLAGE,NSW,,10295,76,DINGLEY VILLAGE|NSW,BAY VILLAGE|NSW
29990,SPRINGVALE SOUTH,NSW,,14364,82,SPRINGVALE SOUTH|NSW,SPRINGVALE|NSW
29990,SPRINGVALE SOUTH,NSW,,22812,80,SPRINGVALE SOUTH|NSW,SPRINGVALE SOUTH|VIC
29990,SPRINGVALE SOUTH,NSW,,14356,76,SPRINGVALE SOUTH|NSW,SPRING VALLEY|NSW
29992,KEYSBOROUGH,NSW,,21610,80,KEYSBOROUGH|NSW,KEYSBOROUGH|VIC
29992,KEYSBOROUGH,NSW,,11690,77,KEYSBOROUGH|NSW,ELLENBOROUGH|NSW
29992,KEYSBOROUGH,NSW,,12295,77,KEYSBOROUGH|NSW,HILLSBOROUGH|NSW
29996,NOBLE PARK EAST,NSW,,22345,79,NOBLE PARK EAST|NSW,NOBLE PARK EAST|VIC
29996,NOBLE PARK EAST,NSW,,13096,78,NOBLE PARK EAST|NSW,MENANGLE PARK|NSW
29996,NOBLE PARK EAST,NSW,,11735,76,NOBLE PARK EAST|NSW,ESCHOL PARK|NSW
29998,NOBLE PARK NORTH,NSW,,22346,80,NOBLE PARK NORTH|NSW,NOBLE PARK NORTH|VIC
29998,NOBLE PARK NORTH,NSW,,11999,76,NOBLE PARK NORTH|NSW,GLENMORE PARK|NSW
29998,NOBLE PARK NORTH,NSW,,12886,76,NOBLE PARK NORTH|NSW,LOUTH PARK|NSW
30000,BANGHOLME,NSW,,10221,82,BANGHOLME|NSW,BANGO|NSW
30000,BANGHOLME,NSW,,10218,80,BANGHOLME|NSW,BANGALEE|NSW
30000,BANGHOLME,NSW,,10220,80,BANGHOLME|NSW,BANGHEET|NSW
30004,DANDENONG EAST,NSW,,20844,83,DANDENONG EAST|NSW,DANDENONG EAST|VIC
30004,DANDENONG EAST,NSW,,11501,78,DANDENONG EAST|NSW,DENISTONE EAST|NSW
30004,DANDENONG EAST,NSW,,11632,74,DANDENONG EAST|NSW,EAST BRANXTON|NSW
30006,DANDENONG NORTH,NSW,,20845,84,DANDENONG NORTH|NSW,DANDENONG NORTH|VIC
30006,DANDENONG NORTH,NSW,,11561,76,DANDENONG NORTH|NSW,DOYALSON NORTH|NSW
30006,DANDENONG NORTH,NSW,,13599,76,DANDENONG NORTH|NSW,NORTH HAVEN|NSW
30008,DUNEARN,NSW,,10828,78,DUNEARN|NSW,BUNDEMAR|NSW
30008,DUNEARN,NSW,,11590,78,DUNEARN|NSW,DUNBOGAN|NSW
30008,DUNEARN,NSW,,11599,78,DUNEARN|NSW,DUNGEREE|NSW
30010,SCORESBY BC,NSW,,14297,74,SCORESBY BC|NSW,SOMERSBY|NSW
30010,SCORESBY BC,NSW,,22701,73,SCORESBY BC|NSW,SCORESBY BC|VIC
30010,SCORESBY BC,NSW,,14046,69,SCORESBY BC|NSW,REVESBY|NSW
30012,DOVETON,NSW,,11289,82,DOVETON|NSW,COPETON|NSW
30012,DOVETON,NSW,,11460,82,DOVETON|NSW,DARETON|NSW
30012,DOVETON,NSW,,11662,78,DOVETON|NSW,EDDERTON|NSW
30014,EUMEMMERRING,NSW,,21058,81,EUMEMMERRING|NSW,EUMEMMERRING|VIC
30014,EUMEMMERRING,NSW,,11721,76,EUMEMMERRING|NSW,EREMERANG|NSW
30014,EUMEMMERRING,NSW,,11720,74,EUMEMMERRING|NSW,ERARING|NSW
30018,SCORESBY,NSW,,14297,83,SCORESBY|NSW,SOMERSBY|NSW
30018,SCORESBY,NSW,,14046,78,SCORESBY|NSW,REVESBY|NSW
30018,SCORESBY,NSW,,14214,76,SCORESBY|NSW,SCONE|NSW
30020,KNOXFIELD,NSW,,11710,83,KNOXFIELD|NSW,ENFIELD|NSW
30020,KNOXFIELD,NSW,,11578,79,KNOXFIELD|NSW,DUCKENFIELD|NSW
30020,KNOXFIELD,NSW,,10061,77,KNOXFIELD|NSW,AMOSFIELD|NSW
30022,PRAHRAN,NSW,,13792,84,PRAHRAN|NSW,PARA|NSW
30022,PRAHRAN,NSW,,13803,80,PRAHRAN|NSW,PARMA|NSW
30022,PRAHRAN,NSW,,13768,78,PRAHRAN|NSW,PALARANG|NSW
30024,PRAHRAN EAST,NSW,,11648,77,PRAHRAN EAST|NSW,EAST SEAHAM|NSW
30024,PRAHRAN EAST,NSW,,13729,77,PRAHRAN EAST|NSW,ORANGE EAST|NSW
30024,PRAHRAN EAST,NSW,,22535,75,PRAHRAN EAST|NSW,PRAHRAN EAST|VIC
30030,ST KILDA SOUTH,NSW,,14384,78,ST KILDA SOUTH|NSW,ST MARYS SOUTH|NSW
30030,ST KILDA SOUTH,NSW,,22836,78,ST KILDA SOUTH|NSW,ST KILDA SOUTH|VIC
30030,ST KILDA SOUTH,NSW,,14316,75,ST KILDA SOUTH|NSW,SOUTH HILL|NSW
30032,ST KILDA WEST,NSW,,22837,76,ST KILDA WEST|NSW,ST KILDA WEST|VIC
30032,ST KILDA WEST,NSW,,12609,71,ST KILDA WEST|NSW,KINGSWAY WEST|NSW
30032,ST KILDA WEST,NSW,,13054,71,ST KILDA WEST|NSW,MAYFIELD WEST|NSW
30035,ST KILDA EAST,NSW,,11641,79,ST KILDA EAST|NSW,EAST KILLARA|NSW
30035,ST KILDA EAST,NSW,,14383,76,ST KILDA EAST|NSW,ST MARYS EAST|NSW
30035,ST KILDA EAST,NSW,,22831,76,ST KILDA EAST|NSW,ST KILDA EAST|VIC
30037,BRIGHTON ROAD,NSW,,10702,79,BRIGHTON ROAD|NSW,BRIGHTON LE SANDS|NSW
30037,BRIGHTON ROAD,NSW,,10703,79,BRIGHTON ROAD|NSW,BRIGHTON-LE-SANDS|NSW
30037,BRIGHTON ROAD,NSW,,40192,79,BRIGHTON ROAD|NSW,BRIGHTON|SA
30041,ELSTERNWICK,NSW,,21031,80,ELSTERNWICK|NSW,ELSTERNWICK|VIC
30041,ELSTERNWICK,NSW,,11743,77,ELSTERNWICK|NSW,ETTRICK|NSW
30041,ELSTERNWICK,NSW,,10894,76,ELSTERNWICK|NSW,BUTTERWICK|NSW
30043,GARDENVALE,NSW,,12110,81,GARDENVALE|NSW,GREENDALE|NSW
30043,GARDENVALE,NSW,,12730,79,GARDENVALE|NSW,LANDERVALE|NSW
30043,GARDENVALE,NSW,,21148,79,GARDENVALE|NSW,GARDENVALE|VIC
30045,RIPPONLEA,NSW,,14836,73,RIPPONLEA|NSW,TIONA|NSW
30045,RIPPONLEA,NSW,,15044,73,RIPPONLEA|NSW,URILA|NSW
30045,RIPPONLEA,NSW,,14062,72,RIPPONLEA|NSW,RIVERLEA|NSW
30051,DENDY,NSW,,11451,84,DENDY|NSW,DANDRY|NSW
30051,DENDY,NSW,,11663,82,DENDY|NSW,EDEN|NSW
30051,DENDY,NSW,,11444,80,DENDY|NSW,DALMENY|NSW
30053,WERE STREET PO,NSW,,23316,78,WERE STREET PO|NSW,WERE STREET PO|VIC
30053,WERE STREET PO,NSW,,14699,69,WERE STREET PO|NSW,TAREE WEST|NSW
30053,WERE STREET PO,NSW,,15493,69,WERE STREET PO|NSW,WYEE POINT|NSW
30065,MOORABBIN,NSW,,13240,82,MOORABBIN|NSW,MOOBI|NSW
30065,MOORABBIN,NSW,,13271,80,MOORABBIN|NSW,MOORLAND|NSW
30065,MOORABBIN,NSW,,50169,80,MOORABBIN|NSW,BOORABBIN|WA
30067,MOORABBIN EAST,NSW,,22102,83,MOORABBIN EAST|NSW,MOORABBIN EAST|VIC
30067,MOORABBIN EAST,NSW,,12983,75,MOORABBIN EAST|NSW,MANLY EAST|NSW
30067,MOORABBIN EAST,NSW,,13281,75,MOORABBIN EAST|NSW,MOREE EAST|NSW
30071,HIGHETT,NSW,,10509,73,HIGHETT|NSW,BLIGHTY|NSW
30071,HIGHETT,NSW,,21417,73,HIGHETT|NSW,HIGHETT|VIC
30071,HIGHETT,NSW,,11106,72,HIGHETT|NSW,CHICHESTER|NSW
30079,SOUTHLAND CENTRE,NSW,,22795,80,SOUTHLAND CENTRE|NSW,SOUTHLAND CENTRE|VIC
30079,SOUTHLAND CENTRE,NSW,,22370,75,SOUTHLAND CENTRE|NSW,NORTHLAND CENTRE|VIC
30079,SOUTHLAND CENTRE,NSW,,11303,74,SOUTHLAND CENTRE|NSW,COREE SOUTH|NSW
30083,BLACK ROCK,NSW,,14072,81,BLACK ROCK|NSW,ROCK FLAT|NSW
30083,BLACK ROCK,NSW,,10519,79,BLACK ROCK|NSW,BLUFF ROCK|NSW
30083,BLACK ROCK,NSW,,10477,76,BLACK ROCK|NSW,BLACK RANGE|NSW
30085,BLACK ROCK NORTH,NSW,,13613,80,BLACK ROCK NORTH|NSW,NORTH ROCKS|NSW
30085,BLACK ROCK NORTH,NSW,,20311,80,BLACK ROCK NORTH|NSW,BLACK ROCK NORTH|VIC
30085,BLACK ROCK NORTH,NSW,,14097,79,BLACK ROCK NORTH|NSW,ROSE BAY NORTH|NSW
30090,MENTONE EAST,NSW,,21978,81,MENTONE EAST|NSW,MENTONE EAST|VIC
30090,MENTONE EAST,NSW,,11645,80,MENTONE EAST|NSW,EAST LYNNE|NSW
30090,MENTONE EAST,NSW,,13281,80,MENTONE EAST|NSW,MOREE EAST|NSW
30094,ASPENDALE,NSW,,10151,80,ASPENDALE|NSW,AVONDALE|NSW
30094,ASPENDALE,NSW,,11481,80,ASPENDALE|NSW,DAYSDALE|NSW
30094,ASPENDALE,NSW,,11984,80,ASPENDALE|NSW,GLENDALE|NSW
30098,BRAESIDE,NSW,,10679,82,BRAESIDE|NSW,BRASSI|NSW
30098,BRAESIDE,NSW,,10672,80,BRAESIDE|NSW,BRAEFIELD|NSW
30098,BRAESIDE,NSW,,10376,77,BRAESIDE|NSW,BERESFIELD|NSW
30100,MORDIALLOC,NSW,,22117,79,MORDIALLOC|NSW,MORDIALLOC|VIC
30100,MORDIALLOC,NSW,,13288,77,MORDIALLOC|NSW,MORTDALE|NSW
30100,MORDIALLOC,NSW,,13277,75,MORDIALLOC|NSW,MORAGO|NSW
30106,WATERWAYS,NSW,,15194,77,WATERWAYS|NSW,WATERFALL|NSW
30106,WATERWAYS,NSW,,15200,77,WATERWAYS|NSW,WATERVIEW|NSW
30106,WATERWAYS,NSW,,23281,77,WATERWAYS|NSW,WATERWAYS|VIC
30108,BONBEACH,NSW,,10719,83,BONBEACH|NSW,BROBENAH|NSW
30108,BONBEACH,NSW,,11225,82,BONBEACH|NSW,CONEAC|NSW
30108,BONBEACH,NSW,,10238,80,BONBEACH|NSW,BAR BEACH|NSW
30110,CHELSEA,NSW,,11102,80,CHELSEA|NSW,CHELTENHAM|NSW
30110,CHELSEA,NSW,,12579,78,CHELSEA|NSW,KINCHELA|NSW
30110,CHELSEA,NSW,,12274,76,CHELSEA|NSW,HENLEY|NSW
30112,CHELSEA HEIGHTS,NSW,,20644,84,CHELSEA HEIGHTS|NSW,CHELSEA HEIGHTS|VIC
30112,CHELSEA HEIGHTS,NSW,,10973,81,CHELSEA HEIGHTS|NSW,CANLEY HEIGHTS|NSW
30112,CHELSEA HEIGHTS,NSW,,11201,80,CHELSEA HEIGHTS|NSW,COLO HEIGHTS|NSW
30114,EDITHVALE,NSW,,11670,82,EDITHVALE|NSW,EDITH|NSW
30114,EDITHVALE,NSW,,21014,77,EDITHVALE|NSW,EDITHVALE|VIC
30114,EDITHVALE,NSW,,13172,75,EDITHVALE|NSW,MILVALE|NSW
30116,CARRUM,NSW,,11016,82,CARRUM|NSW,CARRAMAR|NSW
30116,CARRUM,NSW,,10112,80,CARRUM|NSW,ARUMPO|NSW
30116,CARRUM,NSW,,11015,80,CARRUM|NSW,CARRAI|NSW
30118,PATTERSON LAKES,NSW,,22453,79,PATTERSON LAKES|NSW,PATTERSON LAKES|VIC
30118,PATTERSON LAKES,NSW,,13812,77,PATTERSON LAKES|NSW,PATERSON|NSW
30118,PATTERSON LAKES,NSW,,12309,71,PATTERSON LAKES|NSW,HMAS WATSON|NSW
30126,FRANKSTON EAST,NSW,,21126,83,FRANKSTON EAST|NSW,FRANKSTON EAST|VIC
30126,FRANKSTON EAST,NSW,,12214,74,FRANKSTON EAST|NSW,HAMILTON EAST|NSW
30126,FRANKSTON EAST,NSW,,10099,73,FRANKSTON EAST|NSW,ARKSTONE|NSW
30130,FRANKSTON SOUTH,NSW,,14311,83,FRANKSTON SOUTH|NSW,SOUTH GRAFTON|NSW
30130,FRANKSTON SOUTH,NSW,,21129,79,FRANKSTON SOUTH|NSW,FRANKSTON SOUTH|VIC
30130,FRANKSTON SOUTH,NSW,,40516,78,FRANKSTON SOUTH|NSW,EVANSTON SOUTH|SA
30134,KARINGAL CENTRE,NSW,,21570,84,KARINGAL CENTRE|NSW,KARINGAL CENTRE|VIC
30134,KARINGAL CENTRE,NSW,,41264,74,KARINGAL CENTRE|NSW,NOARLUNGA CENTRE|SA
30134,KARINGAL CENTRE,NSW,,11720,73,KARINGAL CENTRE|NSW,ERARING|NSW
30138,PINES FOREST,NSW,,11853,81,PINES FOREST|NSW,FOREST REEFS|NSW
30138,PINES FOREST,NSW,,11923,76,PINES FOREST|NSW,GEORGES PLAINS|NSW
30138,PINES FOREST,NSW,,11843,75,PINES FOREST|NSW,FORBES RIVER|NSW
30140,CARRUM DOWNS,NSW,,20608,81,CARRUM DOWNS|NSW,CARRUM DOWNS|VIC
30140,CARRUM DOWNS,NSW,,10963,73,CARRUM DOWNS|NSW,CAMPERDOWN|NSW
30140,CARRUM DOWNS,NSW,,10110,71,CARRUM DOWNS|NSW,ARTARMON|NSW
30142,HEATHERTON,NSW,,11702,80,HEATHERTON|NSW,EMERTON|NSW
30142,HEATHERTON,NSW,,21391,79,HEATHERTON|NSW,HEATHERTON|VIC
30142,HEATHERTON,NSW,,11091,77,HEATHERTON|NSW,CHARLTON|NSW
30146,MCKINNON,NSW,,13185,76,MCKINNON|NSW,MINTO|NSW
30146,MCKINNON,NSW,,11112,75,MCKINNON|NSW,CHINNOCK|NSW
30146,MCKINNON,NSW,,11183,75,MCKINNON|NSW,COLINTON|NSW
30148,ORMOND,NSW,,14053,82,ORMOND|NSW,RICHMOND|NSW
30148,ORMOND,NSW,,13699,80,ORMOND|NSW,OBERON|NSW
30148,ORMOND,NSW,,13909,80,ORMOND|NSW,POMONA|NSW
30152,SOUTH MELBOURNE,NSW,,10130,80,SOUTH MELBOURNE|NSW,AUBURN SOUTH|NSW
30152,SOUTH MELBOURNE,NSW,,14300,80,SOUTH MELBOURNE|NSW,SOUTH ALBURY|NSW
30152,SOUTH MELBOURNE,NSW,,22787,79,SOUTH MELBOURNE|NSW,SOUTH MELBOURNE|VIC
30154,SOUTH MELBOURNE DC,NSW,,22788,82,SOUTH MELBOURNE DC|NSW,SOUTH MELBOURNE DC|VIC
30154,SOUTH MELBOURNE DC,NSW,,11303,76,SOUTH MELBOURNE DC|NSW,COREE SOUTH|NSW
30154,SOUTH MELBOURNE DC,NSW,,10130,74,SOUTH MELBOURNE DC|NSW,AUBURN SOUTH|NSW
30156,ALBERT PARK,NSW,,10402,83,ALBERT PARK|NSW,BERRY PARK|NSW
30156,ALBERT PARK,NSW,,12725,83,ALBERT PARK|NSW,LALOR PARK|NSW
30156,ALBERT PARK,NSW,,10028,80,ALBERT PARK|NSW,ALBERT|NSW
30158,MIDDLE PARK,NSW,,13140,81,MIDDLE PARK|NSW,MIDDLE POCKET|NSW
30158,MIDDLE PARK,NSW,,10950,80,MIDDLE PARK|NSW,CAMDEN PARK|NSW
30158,MIDDLE PARK,NSW,,13465,80,MIDDLE PARK|NSW,MYRTLE PARK|NSW
30160,GARDEN CITY,NSW,,21147,80,GARDEN CITY|NSW,GARDEN CITY|VIC
30160,GARDEN CITY,NSW,,10014,79,GARDEN CITY|NSW,ACACIA GARDENS|NSW
30160,GARDEN CITY,NSW,,11493,73,GARDEN CITY|NSW,DELROY GARDENS|NSW
30162,PORT MELBOURNE,NSW,,22522,78,PORT MELBOURNE|NSW,PORT MELBOURNE|VIC
30162,PORT MELBOURNE,NSW,,22361,76,PORT MELBOURNE|NSW,NORTH MELBOURNE|VIC
30162,PORT MELBOURNE,NSW,,13913,73,PORT MELBOURNE|NSW,PORT BOTANY|NSW
30169,POINT WILSON,NSW,,13903,79,POINT WILSON|NSW,POINT WOLSTONCROFT|NSW
30169,POINT WILSON,NSW,,14196,77,POINT WILSON|NSW,SANDY POINT|NSW
30169,POINT WILSON,NSW,,14728,76,POINT WILSON|NSW,TENNYSON POINT|NSW
30171,ANAKIE,NSW,,10971,80,ANAKIE|NSW,CANGAI|NSW
30171,ANAKIE,NSW,,13475,80,ANAKIE|NSW,NANAMI|NSW
30171,ANAKIE,NSW,,13477,78,ANAKIE|NSW,NANARDINE|NSW
30173,BATESFORD,NSW,,10120,83,BATESFORD|NSW,ASHFORD|NSW
30173,BATESFORD,NSW,,10323,83,BATESFORD|NSW,BELFORD|NSW
30173,BATESFORD,NSW,,10003,81,BATESFORD|NSW,ABBOTSFORD|NSW
30175,LOVELY BANKS,NSW,,21844,81,LOVELY BANKS|NSW,LOVELY BANKS|VIC
30175,LOVELY BANKS,NSW,,10257,79,LOVELY BANKS|NSW,BARNSLEY|NSW
30175,LOVELY BANKS,NSW,,12888,73,LOVELY BANKS|NSW,LOVETT BAY|NSW
30177,MOORABOOL,NSW,,11238,83,MOORABOOL|NSW,COOBOOL|NSW
30177,MOORABOOL,NSW,,13264,83,MOORABOOL|NSW,MOORBEL|NSW
30177,MOORABOOL,NSW,,12055,79,MOORABOOL|NSW,GOORANGOOLA|NSW
30179,CORIO,NSW,,11294,84,CORIO|NSW,CORAKI|NSW
30179,CORIO,NSW,,11313,84,CORIO|NSW,COROWA|NSW
30179,CORIO,NSW,,10635,82,CORIO|NSW,BORO|NSW
30181,NORLANE,NSW,,12423,82,NORLANE|NSW,JENOLAN|NSW
30181,NORLANE,NSW,,12881,80,NORLANE|NSW,LORNE|NSW
30181,NORLANE,NSW,,13649,80,NORLANE|NSW,NOWRA|NSW
30186,BELL POST HILL,NSW,,20233,78,BELL POST HILL|NSW,BELL POST HILL|VIC
30186,BELL POST HILL,NSW,,13925,75,BELL POST HILL|NSW,POTTS HILL|NSW
30186,BELL POST HILL,NSW,,10336,74,BELL POST HILL|NSW,BELLEVUE HILL|NSW
30188,DRUMCONDRA,NSW,,20953,79,DRUMCONDRA|NSW,DRUMCONDRA|VIC
30188,DRUMCONDRA,NSW,,11592,75,DRUMCONDRA|NSW,DUNDAS|NSW
30188,DRUMCONDRA,NSW,,11569,74,DRUMCONDRA|NSW,DRUMMOYNE|NSW
30190,GEELONG NORTH,NSW,,10342,82,GEELONG NORTH|NSW,BELMONT NORTH|NSW
30190,GEELONG NORTH,NSW,,21158,82,GEELONG NORTH|NSW,GEELONG NORTH|VIC
30190,GEELONG NORTH,NSW,,22360,82,GEELONG NORTH|NSW,NORTH GEELONG|VIC
30192,HAMLYN HEIGHTS,NSW,,10973,83,HAMLYN HEIGHTS|NSW,CANLEY HEIGHTS|NSW
30192,HAMLYN HEIGHTS,NSW,,21345,83,HAMLYN HEIGHTS|NSW,HAMLYN HEIGHTS|VIC
30192,HAMLYN HEIGHTS,NSW,,10115,80,HAMLYN HEIGHTS|NSW,ASHBY HEIGHTS|NSW
30194,NORTH GEELONG,NSW,,10342,82,NORTH GEELONG|NSW,BELMONT NORTH|NSW
30194,NORTH GEELONG,NSW,,21158,82,NORTH GEELONG|NSW,GEELONG NORTH|VIC
30194,NORTH GEELONG,NSW,,22360,82,NORTH GEELONG|NSW,NORTH GEELONG|VIC
30196,RIPPLESIDE,NSW,,14063,81,RIPPLESIDE|NSW,RIVERSIDE|NSW
30196,RIPPLESIDE,NSW,,14362,71,RIPPLESIDE|NSW,SPRINGSIDE|NSW
30196,RIPPLESIDE,NSW,,22615,71,RIPPLESIDE|NSW,RIPPLESIDE|VIC
30203,GROVEDALE EAST,NSW,,21328,83,GROVEDALE EAST|NSW,GROVEDALE EAST|VIC
30203,GROVEDALE EAST,NSW,,11849,76,GROVEDALE EAST|NSW,FOREST GROVE|NSW
30203,GROVEDALE EAST,NSW,,10055,75,GROVEDALE EAST|NSW,ALSTONVALE|NSW
30211,WANDANA HEIGHTS,NSW,,23219,84,WANDANA HEIGHTS|NSW,WANDANA HEIGHTS|VIC
30211,WANDANA HEIGHTS,NSW,,13726,83,WANDANA HEIGHTS|NSW,ORANA HEIGHTS|NSW
30211,WANDANA HEIGHTS,NSW,,14299,81,WANDANA HEIGHTS|NSW,SOUDAN HEIGHTS|NSW
30213,WAURN PONDS,NSW,,14205,79,WAURN PONDS|NSW,SAUMAREZ PONDS|NSW
30213,WAURN PONDS,NSW,,15209,77,WAURN PONDS|NSW,WATTLE PONDS|NSW
30213,WAURN PONDS,NSW,,14700,73,WAURN PONDS|NSW,TAREN POINT|NSW
30215,ARMSTRONG CREEK,NSW,,30106,84,ARMSTRONG CREEK|NSW,ARMSTRONG CREEK|QLD
30215,ARMSTRONG CREEK,NSW,,20079,84,ARMSTRONG CREEK|NSW,ARMSTRONG CREEK|VIC
30215,ARMSTRONG CREEK,NSW,,10955,81,ARMSTRONG CREEK|NSW,CAMERONS CREEK|NSW
30219,DEAKIN UNIVERSITY,NSW,,20864,81,DEAKIN UNIVERSITY|NSW,DEAKIN UNIVERSITY|VIC
30219,DEAKIN UNIVERSITY,NSW,,40011,79,DEAKIN UNIVERSITY|NSW,ADELAIDE UNIVERSITY|SA
30219,DEAKIN UNIVERSITY,NSW,,12937,76,DEAKIN UNIVERSITY|NSW,MACQUARIE UNIVERSITY|NSW
30221,FYANSFORD,NSW,,10120,83,FYANSFORD|NSW,ASHFORD|NSW
30221,FYANSFORD,NSW,,10147,80,FYANSFORD|NSW,AVISFORD|NSW
30221,FYANSFORD,NSW,,11777,80,FYANSFORD|NSW,FAILFORD|NSW
30223,GEELONG WEST,NSW,,11745,82,GEELONG WEST|NSW,EUABALONG WEST|NSW
30223,GEELONG WEST,NSW,,21159,81,GEELONG WEST|NSW,GEELONG WEST|VIC
30223,GEELONG WEST,NSW,,14371,76,GEELONG WEST|NSW,ST GEORGE|NSW
30229,MURGHEBOLUC,NSW,,22214,80,MURGHEBOLUC|NSW,MURGHEBOLUC|VIC
30229,MURGHEBOLUC,NSW,,13424,72,MURGHEBOLUC|NSW,MURIEL|NSW
30229,MURGHEBOLUC,NSW,,13437,69,MURGHEBOLUC|NSW,MURRENGENBURG|NSW
30235,EAST GEELONG,NSW,,20990,81,EAST GEELONG|NSW,EAST GEELONG|VIC
30235,EAST GEELONG,NSW,,40613,77,EAST GEELONG|NSW,GLENELG EAST|SA
30235,EAST GEELONG,NSW,,11455,76,EAST GEELONG|NSW,DANGELONG|NSW
30237,NEWCOMB,NSW,,11679,82,NEWCOMB|NSW,ELCOMBE|NSW
30237,NEWCOMB,NSW,,11209,80,NEWCOMB|NSW,COMBO|NSW
30237,NEWCOMB,NSW,,13574,80,NEWCOMB|NSW,NOMBI|NSW
30239,ST ALBANS PARK,NSW,,14366,84,ST ALBANS PARK|NSW,ST ALBANS|NSW
30239,ST ALBANS PARK,NSW,,14374,83,ST ALBANS PARK|NSW,ST HELENS PARK|NSW
30239,ST ALBANS PARK,NSW,,14378,80,ST ALBANS PARK|NSW,ST JOHNS PARK|NSW
30241,THOMSON,NSW,,14849,82,THOMSON|NSW,TOMBONG|NSW
30241,THOMSON,NSW,,14803,78,THOMSON|NSW,THORNTON|NSW
30241,THOMSON,NSW,,14851,78,THOMSON|NSW,TOMERONG|NSW
30250,SOUTH GEELONG,NSW,,10343,82,SOUTH GEELONG|NSW,BELMONT SOUTH|NSW
30250,SOUTH GEELONG,NSW,,14307,79,SOUTH GEELONG|NSW,SOUTH COOGEE|NSW
30250,SOUTH GEELONG,NSW,,40616,79,SOUTH GEELONG|NSW,GLENELG SOUTH|SA
30256,CERES,NSW,,11124,78,CERES|NSW,CLARE|NSW
30256,CERES,NSW,,11302,78,CERES|NSW,COREE|NSW
30256,CERES,NSW,,10917,76,CERES|NSW,CAERLEON|NSW
30258,GEELONG MC,NSW,,21157,79,GEELONG MC|NSW,GEELONG MC|VIC
30258,GEELONG MC,NSW,,10690,77,GEELONG MC|NSW,BREELONG|NSW
30258,GEELONG MC,NSW,,11892,75,GEELONG MC|NSW,GALONG|NSW
30260,GNARWARRE,NSW,,13484,78,GNARWARRE|NSW,NARARA|NSW
30260,GNARWARRE,NSW,,13505,78,GNARWARRE|NSW,NARWEE|NSW
30260,GNARWARRE,NSW,,10107,77,GNARWARRE|NSW,ARRAWARRA|NSW
30262,GREY RIVER,NSW,,11843,80,GREY RIVER|NSW,FORBES RIVER|NSW
30262,GREY RIVER,NSW,,13215,79,GREY RIVER|NSW,MOLE RIVER|NSW
30262,GREY RIVER,NSW,,10345,77,GREY RIVER|NSW,BELMORE RIVER|NSW
30264,KENNETT RIVER,NSW,,21594,76,KENNETT RIVER|NSW,KENNETT RIVER|VIC
30264,KENNETT RIVER,NSW,,12840,73,KENNETT RIVER|NSW,LITTLE RIVER|NSW
30264,KENNETT RIVER,NSW,,13356,73,KENNETT RIVER|NSW,MOUNT RIVERS|NSW
30268,SEPARATION CREEK,NSW,,14345,83,SEPARATION CREEK|NSW,SPRING CREEK|NSW
30268,SEPARATION CREEK,NSW,,14418,80,SEPARATION CREEK|NSW,STONY CREEK|NSW
30268,SEPARATION CREEK,NSW,,22722,80,SEPARATION CREEK|NSW,SEPARATION CREEK|VIC
30270,STAUGHTON VALE,NSW,,22846,78,STAUGHTON VALE|NSW,STAUGHTON VALE|VIC
30270,STAUGHTON VALE,NSW,,14475,77,STAUGHTON VALE|NSW,SWAN VALE|NSW
30270,STAUGHTON VALE,NSW,,14244,76,STAUGHTON VALE|NSW,SHANNON VALE|NSW
30277,WYE RIVER,NSW,,15556,81,WYE RIVER|NSW,YASS RIVER|NSW
30277,WYE RIVER,NSW,,14062,80,WYE RIVER|NSW,RIVERLEA|NSW
30277,WYE RIVER,NSW,,14088,79,WYE RIVER|NSW,ROCKY RIVER|NSW
30279,CLIFTON SPRINGS,NSW,,20686,79,CLIFTON SPRINGS|NSW,CLIFTON SPRINGS|VIC
30279,CLIFTON SPRINGS,NSW,,10424,76,CLIFTON SPRINGS|NSW,BIG SPRINGS|NSW
30279,CLIFTON SPRINGS,NSW,,12464,76,CLIFTON SPRINGS|NSW,JORDAN SPRINGS|NSW
30284,MANNERIM,NSW,,12966,76,MANNERIM|NSW,MANAR|NSW
30284,MANNERIM,NSW,,12996,76,MANNERIM|NSW,MARDI|NSW
30284,MANNERIM,NSW,,13420,76,MANNERIM|NSW,MUNNI|NSW
30288,INDENTED HEAD,NSW,,21474,82,INDENTED HEAD|NSW,INDENTED HEAD|VIC
30288,INDENTED HEAD,NSW,,11523,69,INDENTED HEAD|NSW,DINGADEE|NSW
30288,INDENTED HEAD,NSW,,11638,69,INDENTED HEAD|NSW,EAST JINDABYNE|NSW
30290,PORTARLINGTON,NSW,,14880,84,PORTARLINGTON|NSW,TORRINGTON|NSW
30290,PORTARLINGTON,NSW,,13757,77,PORTARLINGTON|NSW,PADDINGTON|NSW
30290,PORTARLINGTON,NSW,,15254,77,PORTARLINGTON|NSW,WERRINGTON|NSW
30293,LEOPOLD,NSW,,12013,78,LEOPOLD|NSW,GLENWOOD|NSW
30293,LEOPOLD,NSW,,12723,78,LEOPOLD|NSW,LAKEWOOD|NSW
30293,LEOPOLD,NSW,,10069,75,LEOPOLD|NSW,ANGLEDOOL|NSW
30295,POINT LONSDALE,NSW,,11442,82,POINT LONSDALE|NSW,DALEYS POINT|NSW
30295,POINT LONSDALE,NSW,,12822,82,POINT LONSDALE|NSW,LINLEY POINT|NSW
30295,POINT LONSDALE,NSW,,11154,81,POINT LONSDALE|NSW,COAL POINT|NSW
30301,OCEAN GROVE,NSW,,13730,84,OCEAN GROVE|NSW,ORANGE GROVE|NSW
30301,OCEAN GROVE,NSW,,14767,79,OCEAN GROVE|NSW,THE GROVE|NSW
30301,OCEAN GROVE,NSW,,14263,77,OCEAN GROVE|NSW,SILENT GROVE|NSW
30303,BARWON HEADS,NSW,,10729,84,BARWON HEADS|NSW,BROKEN HEAD|NSW
30303,BARWON HEADS,NSW,,20196,81,BARWON HEADS|NSW,BARWON HEADS|VIC
30303,BARWON HEADS,NSW,,10664,79,BARWON HEADS|NSW,BOX HEAD|NSW
30305,BREAMLEA,NSW,,10374,82,BREAMLEA|NSW,BERALA|NSW
30305,BREAMLEA,NSW,,10691,82,BREAMLEA|NSW,BREEZA|NSW
30305,BREAMLEA,NSW,,10628,80,BREAMLEA|NSW,BORAMBOLA|NSW
30307,CONNEWARRE,NSW,,20743,79,CONNEWARRE|NSW,CONNEWARRE|VIC
30307,CONNEWARRE,NSW,,11228,77,CONNEWARRE|NSW,CONGEWAI|NSW
30307,CONNEWARRE,NSW,,11225,75,CONNEWARRE|NSW,CONEAC|NSW
30311,BELLS BEACH,NSW,,10518,84,BELLS BEACH|NSW,BLUEYS BEACH|NSW
30311,BELLS BEACH,NSW,,10431,81,BELLS BEACH|NSW,BILGOLA BEACH|NSW
30311,BELLS BEACH,NSW,,10688,80,BELLS BEACH|NSW,BREAM BEACH|NSW
30313,JAN JUC,NSW,,21507,73,JAN JUC|NSW,JAN JUC|VIC
30313,JAN JUC,NSW,,10072,70,JAN JUC|NSW,ANGUS|NSW
30313,JAN JUC,NSW,,12456,67,JAN JUC|NSW,JOADJA|NSW
30315,TORQUAY,NSW,,14801,80,TORQUAY|NSW,THORA|NSW
30315,TORQUAY,NSW,,14885,80,TORQUAY|NSW,TOUGA|NSW
30315,TORQUAY,NSW,,14414,77,TORQUAY|NSW,STONEQUARRY|NSW
30317,ANGLESEA,NSW,,10218,83,ANGLESEA|NSW,BANGALEE|NSW
30317,ANGLESEA,NSW,,10067,80,ANGLESEA|NSW,ANGLEDALE|NSW
30317,ANGLESEA,NSW,,12388,80,ANGLESEA|NSW,INGLESIDE|NSW
30319,AIREYS INLET,NSW,,20015,81,AIREYS INLET|NSW,AIREYS INLET|VIC
30319,AIREYS INLET,NSW,,10918,73,AIREYS INLET|NSW,CAFFREYS FLAT|NSW
30319,AIREYS INLET,NSW,,11439,73,AIREYS INLET|NSW,DAIRY FLAT|NSW
30322,EASTERN VIEW,NSW,,20998,81,EASTERN VIEW|NSW,EASTERN VIEW|VIC
30322,EASTERN VIEW,NSW,,10279,80,EASTERN VIEW|NSW,BASIN VIEW|NSW
30322,EASTERN VIEW,NSW,,12389,73,EASTERN VIEW|NSW,INNES VIEW|NSW
30324,FAIRHAVEN,NSW,,11092,81,FAIRHAVEN|NSW,CHARMHAVEN|NSW
30324,FAIRHAVEN,NSW,,11346,78,FAIRHAVEN|NSW,CRAVEN|NSW
30324,FAIRHAVEN,NSW,,10284,77,FAIRHAVEN|NSW,BATEHAVEN|NSW
30331,CAPE OTWAY,NSW,,20567,71,CAPE OTWAY|NSW,CAPE OTWAY|VIC
30331,CAPE OTWAY,NSW,,13900,69,CAPE OTWAY|NSW,POINT CLARE|NSW
30331,CAPE OTWAY,NSW,,10951,67,CAPE OTWAY|NSW,CAMDEN SOUTH|NSW
30334,PETTICOAT CREEK,NSW,,13906,79,PETTICOAT CREEK|NSW,POLA CREEK|NSW
30334,PETTICOAT CREEK,NSW,,22470,79,PETTICOAT CREEK|NSW,PETTICOAT CREEK|VIC
30334,PETTICOAT CREEK,NSW,,13819,78,PETTICOAT CREEK|NSW,PEACOCK CREEK|NSW
30338,SKENES CREEK NORTH,NSW,,22760,82,SKENES CREEK NORTH|NSW,SKENES CREEK NORTH|VIC
30338,SKENES CREEK NORTH,NSW,,13291,72,SKENES CREEK NORTH|NSW,MORTONS CREEK|NSW
30338,SKENES CREEK NORTH,NSW,,15521,72,SKENES CREEK NORTH|NSW,YANKEES CREEK|NSW
30340,BENWERRIN,NSW,,10695,81,BENWERRIN|NSW,BREWARRINA|NSW
30340,BENWERRIN,NSW,,10394,80,BENWERRIN|NSW,BERRIGAN|NSW
30340,BENWERRIN,NSW,,11992,80,BENWERRIN|NSW,GLENERIN|NSW
30344,DEANS MARSH,NSW,,20867,80,DEANS MARSH|NSW,DEANS MARSH|VIC
30344,DEANS MARSH,NSW,,14383,75,DEANS MARSH|NSW,ST MARYS EAST|NSW
30344,DEANS MARSH,NSW,,11452,72,DEANS MARSH|NSW,DANGAR|NSW
30346,PENNYROYAL,NSW,,13846,72,PENNYROYAL|NSW,PENROSE|NSW
30346,PENNYROYAL,NSW,,13908,72,PENNYROYAL|NSW,POMEROY|NSW
30346,PENNYROYAL,NSW,,13959,72,PENNYROYAL|NSW,PYRAMUL|NSW
30352,AIRE VALLEY,NSW,,12106,84,AIRE VALLEY|NSW,GREEN VALLEY|NSW
30352,AIRE VALLEY,NSW,,13544,83,AIRE VALLEY|NSW,NEW VALLEY|NSW
30352,AIRE VALLEY,NSW,,10249,82,AIRE VALLEY|NSW,BARDWELL VALLEY|NSW
30354,BEECH FOREST,NSW,,10166,84,BEECH FOREST|NSW,BACK FOREST|NSW
30354,BEECH FOREST,NSW,,11855,83,BEECH FOREST|NSW,FORRESTERS BEACH|NSW
30354,BEECH FOREST,NSW,,20225,81,BEECH FOREST|NSW,BEECH FOREST|VIC
30362,WEEAPROINAH,NSW,,23302,80,WEEAPROINAH|NSW,WEEAPROINAH|VIC
30362,WEEAPROINAH,NSW,,15141,75,WEEAPROINAH|NSW,WAPRA|NSW
30362,WEEAPROINAH,NSW,,15221,74,WEEAPROINAH|NSW,WEABONGA|NSW
30370,HORDERN VALE,NSW,,11491,83,HORDERN VALE|NSW,DEER VALE|NSW
30370,HORDERN VALE,NSW,,11723,83,HORDERN VALE|NSW,ERIN VALE|NSW
30370,HORDERN VALE,NSW,,12341,79,HORDERN VALE|NSW,HORTON VALLEY|NSW
30372,JOHANNA,NSW,,12415,82,JOHANNA|NSW,JANNALI|NSW
30372,JOHANNA,NSW,,12889,82,JOHANNA|NSW,LOWANNA|NSW
30372,JOHANNA,NSW,,40772,80,JOHANNA|NSW,JOANNA|SA
30374,LAVERS HILL,NSW,,12879,83,LAVERS HILL|NSW,LORDS HILL|NSW
30374,LAVERS HILL,NSW,,12751,80,LAVERS HILL|NSW,LAUREL HILL|NSW
30374,LAVERS HILL,NSW,,21767,80,LAVERS HILL|NSW,LAVERS HILL|VIC
30376,CARLISLE RIVER,NSW,,12840,82,CARLISLE RIVER|NSW,LITTLE RIVER|NSW
30376,CARLISLE RIVER,NSW,,11068,79,CARLISLE RIVER|NSW,CELLS RIVER|NSW
30376,CARLISLE RIVER,NSW,,20590,78,CARLISLE RIVER|NSW,CARLISLE RIVER|VIC
30378,CHAPPLE VALE,NSW,,10974,84,CHAPPLE VALE|NSW,CANLEY VALE|NSW
30378,CHAPPLE VALE,NSW,,12226,81,CHAPPLE VALE|NSW,HAPPY VALLEY|NSW
30378,CHAPPLE VALE,NSW,,12239,81,CHAPPLE VALE|NSW,HARTLEY VALE|NSW
30380,GELLIBRAND,NSW,,11688,83,GELLIBRAND|NSW,ELLAND|NSW
30380,GELLIBRAND,NSW,,21161,79,GELLIBRAND|NSW,GELLIBRAND|VIC
30380,GELLIBRAND,NSW,,10333,77,GELLIBRAND|NSW,BELLBIRD|NSW
30382,KENNEDYS CREEK,NSW,,12000,83,KENNEDYS CREEK|NSW,GLENNIES CREEK|NSW
30382,KENNEDYS CREEK,NSW,,21592,83,KENNEDYS CREEK|NSW,KENNEDYS CREEK|VIC
30382,KENNEDYS CREEK,NSW,,12531,81,KENNEDYS CREEK|NSW,KENNAICLE CREEK|NSW
30386,GHERANG,NSW,,10381,82,GHERANG|NSW,BERLANG|NSW
30386,GHERANG,NSW,,11720,82,GHERANG|NSW,ERARING|NSW
30386,GHERANG,NSW,,12189,82,GHERANG|NSW,GURNANG|NSW
30388,MODEWARRE,NSW,,22064,77,MODEWARRE|NSW,MODEWARRE|VIC
30388,MODEWARRE,NSW,,10941,74,MODEWARRE|NSW,CAMBEWARRA|NSW
30388,MODEWARRE,NSW,,13280,73,MODEWARRE|NSW,MOREE|NSW
30390,MORIAC,NSW,,13214,84,MORIAC|NSW,MOIRA|NSW
30390,MORIAC,NSW,,13254,82,MORIAC|NSW,MOONBRIA|NSW
30390,MORIAC,NSW,,13270,82,MORIAC|NSW,MOORILDA|NSW
30392,MOUNT MORIAC,NSW,,22176,81,MOUNT MORIAC|NSW,MOUNT MORIAC|VIC
30392,MOUNT MORIAC,NSW,,10606,77,MOUNT MORIAC|NSW,BOONA MOUNT|NSW
30392,MOUNT MORIAC,NSW,,13032,77,MOUNT MORIAC|NSW,MARYS MOUNT|NSW
30394,PARAPARAP,NSW,,15526,78,PARAPARAP|NSW,YARARA|NSW
30394,PARAPARAP,NSW,,13792,76,PARAPARAP|NSW,PARA|NSW
30394,PARAPARAP,NSW,,13790,75,PARAPARAP|NSW,PANUARA|NSW
30398,OMBERSLEY,NSW,,13700,82,OMBERSLEY|NSW,OBLEY|NSW
30398,OMBERSLEY,NSW,,13739,80,OMBERSLEY|NSW,OSTERLEY|NSW
30398,OMBERSLEY,NSW,,14297,80,OMBERSLEY|NSW,SOMERSBY|NSW
30400,WENSLEYDALE,NSW,,15283,81,WENSLEYDALE|NSW,WESTDALE|NSW
30400,WENSLEYDALE,NSW,,23314,80,WENSLEYDALE|NSW,WENSLEYDALE|VIC
30400,WENSLEYDALE,NSW,,15353,77,WENSLEYDALE|NSW,WINDALE|NSW
30402,WINCHELSEA,NSW,,23373,79,WINCHELSEA|NSW,WINCHELSEA|VIC
30402,WINCHELSEA,NSW,,15355,77,WINCHELSEA|NSW,WINDELLA|NSW
30402,WINCHELSEA,NSW,,51853,74,WINCHELSEA|NSW,WINCHESTER|WA
30404,WINCHELSEA SOUTH,NSW,,23374,80,WINCHELSEA SOUTH|NSW,WINCHELSEA SOUTH|VIC
30404,WINCHELSEA SOUTH,NSW,,14332,76,WINCHELSEA SOUTH|NSW,SOUTH WINDSOR|NSW
30404,WINCHELSEA SOUTH,NSW,,15118,74,WINCHELSEA SOUTH|NSW,WALLSEND SOUTH|NSW
30406,WURDIBOLUC,NSW,,23461,79,WURDIBOLUC|NSW,WURDIBOLUC|VIC
30406,WURDIBOLUC,NSW,,15044,70,WURDIBOLUC|NSW,URILA|NSW
30406,WURDIBOLUC,NSW,,15047,70,WURDIBOLUC|NSW,UROLY|NSW
30408,BIRREGURRA,NSW,,10466,80,BIRREGURRA|NSW,BIRREGO|NSW
30408,BIRREGURRA,NSW,,20306,79,BIRREGURRA|NSW,BIRREGURRA|VIC
30408,BIRREGURRA,NSW,,10863,78,BIRREGURRA|NSW,BURRA|NSW
30410,BARWON DOWNS,NSW,,20195,81,BARWON DOWNS|NSW,BARWON DOWNS|VIC
30410,BARWON DOWNS,NSW,,10215,77,BARWON DOWNS|NSW,BANDON|NSW
30410,BARWON DOWNS,NSW,,10276,77,BARWON DOWNS|NSW,BARWON|NSW
30412,GERANGAMETE,NSW,,11899,80,GERANGAMETE|NSW,GANGAT|NSW
30412,GERANGAMETE,NSW,,21171,80,GERANGAMETE|NSW,GERANGAMETE|VIC
30412,GERANGAMETE,NSW,,10543,76,GERANGAMETE|NSW,BOGAN GATE|NSW
30414,MURROON,NSW,,13193,82,MURROON|NSW,MIRROOL|NSW
30414,MURROON,NSW,,13400,82,MURROON|NSW,MULLOON|NSW
30414,MURROON,NSW,,13105,80,MURROON|NSW,MEROO|NSW
30416,WARNCOORT,NSW,,15185,78,WARNCOORT|NSW,WARROO|NSW
30416,WARNCOORT,NSW,,15155,77,WARNCOORT|NSW,WARKWORTH|NSW
30416,WARNCOORT,NSW,,23249,77,WARNCOORT|NSW,WARNCOORT|VIC
30418,WHOOREL,NSW,,15451,80,WHOOREL|NSW,WOOLI|NSW
30418,WHOOREL,NSW,,15191,78,WHOOREL|NSW,WASHPOOL|NSW
30418,WHOOREL,NSW,,15303,78,WHOOREL|NSW,WHIPORIE|NSW
30434,DREEITE,NSW,,11492,78,DREEITE|NSW,DELEGATE|NSW
30434,DREEITE,NSW,,11509,76,DREEITE|NSW,DEWITT|NSW
30434,DREEITE,NSW,,11776,76,DREEITE|NSW,EXETER|NSW
30436,DREEITE SOUTH,NSW,,11303,81,DREEITE SOUTH|NSW,COREE SOUTH|NSW
30436,DREEITE SOUTH,NSW,,11711,76,DREEITE SOUTH|NSW,ENFIELD SOUTH|NSW
30436,DREEITE SOUTH,NSW,,20942,76,DREEITE SOUTH|NSW,DREEITE SOUTH|VIC
30440,IRREWILLIPE,NSW,,21492,80,IRREWILLIPE|NSW,IRREWILLIPE|VIC
30440,IRREWILLIPE,NSW,,12623,76,IRREWILLIPE|NSW,KIRRIBILLI|NSW
30440,IRREWILLIPE,NSW,,12374,74,IRREWILLIPE|NSW,ILARWILL|NSW
30446,LARPENT,NSW,,12746,82,LARPENT|NSW,LARBERT|NSW
30446,LARPENT,NSW,,11124,80,LARPENT|NSW,CLARE|NSW
30446,LARPENT,NSW,,10093,78,LARPENT|NSW,ARGENTON|NSW
30448,NALANGIL,NSW,,12475,82,NALANGIL|NSW,KALANG|NSW
30448,NALANGIL,NSW,,12499,78,NALANGIL|NSW,KARANGI|NSW
30448,NALANGIL,NSW,,10185,75,NALANGIL|NSW,BALARANG|NSW
30450,ONDIT,NSW,,13911,78,ONDIT|NSW,PONTO|NSW
30450,ONDIT,NSW,,13715,74,ONDIT|NSW,OLINDA|NSW
30450,ONDIT,NSW,,13744,74,ONDIT|NSW,OURNIE|NSW
30452,PIRRON YALLOCK,NSW,,22493,78,PIRRON YALLOCK|NSW,PIRRON YALLOCK|VIC
30452,PIRRON YALLOCK,NSW,,15564,71,PIRRON YALLOCK|NSW,YELLOW PINCH|NSW
30452,PIRRON YALLOCK,NSW,,14141,69,PIRRON YALLOCK|NSW,ROYALLA|NSW
30454,POMBORNEIT EAST,NSW,,22506,79,POMBORNEIT EAST|NSW,POMBORNEIT EAST|VIC
30454,POMBORNEIT EAST,NSW,,13729,76,POMBORNEIT EAST|NSW,ORANGE EAST|NSW
30454,POMBORNEIT EAST,NSW,,11649,72,POMBORNEIT EAST|NSW,EAST TAMWORTH|NSW
30456,SWAN MARSH,NSW,,14176,77,SWAN MARSH|NSW,SALT ASH|NSW
30456,SWAN MARSH,NSW,,14382,77,SWAN MARSH|NSW,ST MARYS|NSW
30456,SWAN MARSH,NSW,,14473,77,SWAN MARSH|NSW,SWAN BAY|NSW
30458,TANYBRYN,NSW,,14682,75,TANYBRYN|NSW,TANNABAR|NSW
30458,TANYBRYN,NSW,,14671,73,TANYBRYN|NSW,TAMBAN|NSW
30458,TANYBRYN,NSW,,14692,73,TANYBRYN|NSW,TARANA|NSW
30462,WOOL WOOL,NSW,,15450,81,WOOL WOOL|NSW,WOOLGOOLGA|NSW
30462,WOOL WOOL,NSW,,15458,80,WOOL WOOL|NSW,WOOLOOMA|NSW
30462,WOOL WOOL,NSW,,15448,77,WOOL WOOL|NSW,WOOLBROOK|NSW
30466,YEODENE,NSW,,15498,82,YEODENE|NSW,WYNEDEN|NSW
30466,YEODENE,NSW,,13697,76,YEODENE|NSW,OBERNE|NSW
30466,YEODENE,NSW,,14630,76,YEODENE|NSW,SYDNEY|NSW
30470,COLAC EAST,NSW,,11633,83,COLAC EAST|NSW,EAST CORAKI|NSW
30470,COLAC EAST,NSW,,20722,79,COLAC EAST|NSW,COLAC EAST|VIC
30470,COLAC EAST,NSW,,11316,77,COLAC EAST|NSW,CORRIMAL EAST|NSW
30472,COLAC WEST,NSW,,15264,83,COLAC WEST|NSW,WEST CORAKI|NSW
30472,COLAC WEST,NSW,,12736,81,COLAC WEST|NSW,LANE COVE WEST|NSW
30472,COLAC WEST,NSW,,11220,80,COLAC WEST|NSW,CONCORD WEST|NSW
30474,ELLIMINYT,NSW,,21026,77,ELLIMINYT|NSW,ELLIMINYT|VIC
30474,ELLIMINYT,NSW,,13321,76,ELLIMINYT|NSW,MOUNT ELLIOT|NSW
30474,ELLIMINYT,NSW,,10341,75,ELLIMINYT|NSW,BELMONT|NSW
30476,BEEAC,NSW,,10691,84,BEEAC|NSW,BREEZA|NSW
30476,BEEAC,NSW,,10317,82,BEEAC|NSW,BEGA|NSW
30476,BEEAC,NSW,,10359,80,BEEAC|NSW,BENARCA|NSW
30478,CUNDARE,NSW,,10833,82,CUNDARE|NSW,BUNDURE|NSW
30478,CUNDARE,NSW,,12171,82,CUNDARE|NSW,GUNDARY|NSW
30478,CUNDARE,NSW,,11124,80,CUNDARE|NSW,CLARE|NSW
30480,CUNDARE NORTH,NSW,,13605,83,CUNDARE NORTH|NSW,NORTH MACQUARIE|NSW
30480,CUNDARE NORTH,NSW,,20827,82,CUNDARE NORTH|NSW,CUNDARE NORTH|VIC
30480,CUNDARE NORTH,NSW,,13585,80,CUNDARE NORTH|NSW,NORTH ARM|NSW
30482,EURACK,NSW,,12786,84,EURACK|NSW,LEURA|NSW
30482,EURACK,NSW,,11759,80,EURACK|NSW,EUREKA|NSW
30482,EURACK,NSW,,11764,80,EURACK|NSW,EUROKA|NSW
30484,WEERING,NSW,,15229,82,WEERING|NSW,WEELONG|NSW
30484,WEERING,NSW,,15248,80,WEERING|NSW,WERAI|NSW
30484,WEERING,NSW,,15254,80,WEERING|NSW,WERRINGTON|NSW
30486,COROROOKE,NSW,,10615,83,COROROOKE|NSW,BOOROOK|NSW
30486,COROROOKE,NSW,,11277,81,COROROOKE|NSW,COOPERNOOK|NSW
30486,COROROOKE,NSW,,11025,79,COROROOKE|NSW,CARROWBROOK|NSW
30488,BOOKAAR,NSW,,10738,83,BOOKAAR|NSW,BROOKLANA|NSW
30488,BOOKAAR,NSW,,10592,82,BOOKAAR|NSW,BOOKHAM|NSW
30488,BOOKAAR,NSW,,10594,82,BOOKAAR|NSW,BOOKRAM|NSW
30490,BOSTOCKS CREEK,NSW,,20372,83,BOSTOCKS CREEK|NSW,BOSTOCKS CREEK|VIC
30490,BOSTOCKS CREEK,NSW,,10165,81,BOSTOCKS CREEK|NSW,BACK CREEK|NSW
30490,BOSTOCKS CREEK,NSW,,10530,81,BOSTOCKS CREEK|NSW,BOBS CREEK|NSW
30495,CARPENDEIT,NSW,,20600,79,CARPENDEIT|NSW,CARPENDEIT|VIC
30495,CARPENDEIT,NSW,,11126,77,CARPENDEIT|NSW,CLARENCE|NSW
30495,CARPENDEIT,NSW,,10983,75,CARPENDEIT|NSW,CAPEEN|NSW
30497,CHOCOLYN,NSW,,11204,78,CHOCOLYN|NSW,COLYTON|NSW
30497,CHOCOLYN,NSW,,10186,75,CHOCOLYN|NSW,BALCOLYN|NSW
30497,CHOCOLYN,NSW,,10741,75,CHOCOLYN|NSW,BROOKLYN|NSW
30499,GNOTUK,NSW,,12023,74,GNOTUK|NSW,GOCUP|NSW
30499,GNOTUK,NSW,,12007,73,GNOTUK|NSW,GLENROCK|NSW
30499,GNOTUK,NSW,,12066,73,GNOTUK|NSW,GOSTWYCK|NSW
30505,LESLIE MANOR,NSW,,21789,81,LESLIE MANOR|NSW,LESLIE MANOR|VIC
30505,LESLIE MANOR,NSW,,10203,69,LESLIE MANOR|NSW,BALLIMORE|NSW
30505,LESLIE MANOR,NSW,,10412,69,LESLIE MANOR|NSW,BEXLEY NORTH|NSW
30507,POMBORNEIT,NSW,,13737,80,POMBORNEIT|NSW,OSBORNE|NSW
30507,POMBORNEIT,NSW,,15351,77,POMBORNEIT|NSW,WIMBORNE|NSW
30507,POMBORNEIT,NSW,,13697,75,POMBORNEIT|NSW,OBERNE|NSW
30509,POMBORNEIT NORTH,NSW,,22507,80,POMBORNEIT NORTH|NSW,POMBORNEIT NORTH|VIC
30509,POMBORNEIT NORTH,NSW,,15416,76,POMBORNEIT NORTH|NSW,WONBOYN NORTH|NSW
30509,POMBORNEIT NORTH,NSW,,13618,74,POMBORNEIT NORTH|NSW,NORTH SHORE|NSW
30511,SKIBO,NSW,,14972,75,SKIBO|NSW,UKI|NSW
30511,SKIBO,NSW,,14444,74,SKIBO|NSW,STUBBO|NSW
30511,SKIBO,NSW,,15389,71,SKIBO|NSW,WOKO|NSW
30513,SOUTH PURRUMBETE,NSW,,22790,80,SOUTH PURRUMBETE|NSW,SOUTH PURRUMBETE|VIC
30513,SOUTH PURRUMBETE,NSW,,13845,70,SOUTH PURRUMBETE|NSW,PENRITH SOUTH|NSW
30513,SOUTH PURRUMBETE,NSW,,14325,70,SOUTH PURRUMBETE|NSW,SOUTH PAMBULA|NSW
30515,STONYFORD,NSW,,13741,78,STONYFORD|NSW,OTFORD|NSW
30515,STONYFORD,NSW,,14150,77,STONYFORD|NSW,RUNNYFORD|NSW
30515,STONYFORD,NSW,,14421,77,STONYFORD|NSW,STRATFORD|NSW
30517,TANDAROOK,NSW,,15131,83,TANDAROOK|NSW,WANDOOK|NSW
30517,TANDAROOK,NSW,,14476,77,TANDAROOK|NSW,SWANBROOK|NSW
30517,TANDAROOK,NSW,,15142,77,TANDAROOK|NSW,WARABROOK|NSW
30519,TESBURY,NSW,,14121,78,TESBURY|NSW,ROTHBURY|NSW
30519,TESBURY,NSW,,15280,76,TESBURY|NSW,WESTBY|NSW
30519,TESBURY,NSW,,14173,75,TESBURY|NSW,SALISBURY|NSW
30521,WEERITE,NSW,,15248,80,WEERITE|NSW,WERAI|NSW
30521,WEERITE,NSW,,15587,76,WEERITE|NSW,YOWRIE|NSW
30521,WEERITE,NSW,,15200,75,WEERITE|NSW,WATERVIEW|NSW
30529,DIXIE,NSW,,10453,74,DIXIE|NSW,BINGIE|NSW
30529,DIXIE,NSW,,13158,74,DIXIE|NSW,MILLIE|NSW
30529,DIXIE,NSW,,11506,71,DIXIE|NSW,DEUA|NSW
30531,ECKLIN SOUTH,NSW,,10343,79,ECKLIN SOUTH|NSW,BELMONT SOUTH|NSW
30531,ECKLIN SOUTH,NSW,,14303,79,ECKLIN SOUTH|NSW,SOUTH BALLINA|NSW
30531,ECKLIN SOUTH,NSW,,12537,76,ECKLIN SOUTH|NSW,KENTUCKY SOUTH|NSW
30535,FRAMLINGHAM,NSW,,21122,80,FRAMLINGHAM|NSW,FRAMLINGHAM|VIC
30535,FRAMLINGHAM,NSW,,11795,77,FRAMLINGHAM|NSW,FARNHAM|NSW
30535,FRAMLINGHAM,NSW,,13085,77,FRAMLINGHAM|NSW,MELINGA|NSW
30539,GARVOC,NSW,,10148,84,GARVOC|NSW,AVOCA|NSW
30539,GARVOC,NSW,,11908,84,GARVOC|NSW,GAROO|NSW
30539,GARVOC,NSW,,10150,78,GARVOC|NSW,AVON|NSW
30541,GLENORMISTON,NSW,,21236,81,GLENORMISTON|NSW,GLENORMISTON|VIC
30541,GLENORMISTON,NSW,,11992,79,GLENORMISTON|NSW,GLENERIN|NSW
30541,GLENORMISTON,NSW,,12002,79,GLENORMISTON|NSW,GLENORIE|NSW
30545,GLENORMISTON SOUTH,NSW,,21238,82,GLENORMISTON SOUTH|NSW,GLENORMISTON SOUTH|VIC
30545,GLENORMISTON SOUTH,NSW,,14311,77,GLENORMISTON SOUTH|NSW,SOUTH GRAFTON|NSW
30545,GLENORMISTON SOUTH,NSW,,21237,77,GLENORMISTON SOUTH|NSW,GLENORMISTON NORTH|VIC
30551,NOORAT,NSW,,13575,84,NOORAT|NSW,NOONA|NSW
30551,NOORAT,NSW,,13649,84,NOORAT|NSW,NOWRA|NSW
30551,NOORAT,NSW,,10611,80,NOORAT|NSW,BOORAL|NSW
30555,PANMURE,NSW,,13790,82,PANMURE|NSW,PANUARA|NSW
30555,PANMURE,NSW,,14394,78,PANMURE|NSW,STANMORE|NSW
30555,PANMURE,NSW,,13789,76,PANMURE|NSW,PANGEE|NSW
30557,TAROON,NSW,,14702,84,TAROON|NSW,TARLO|NSW
30557,TAROON,NSW,,14707,84,TAROON|NSW,TARRO|NSW
30557,TAROON,NSW,,14690,80,TAROON|NSW,TARAGO|NSW
30559,THE SISTERS,NSW,,14788,76,THE SISTERS|NSW,THE SHADES|NSW
30559,THE SISTERS,NSW,,14789,76,THE SISTERS|NSW,THE SLOPES|NSW
30559,THE SISTERS,NSW,,14782,74,THE SISTERS|NSW,THE RISK|NSW
30561,BULLAHARRE,NSW,,10807,81,BULLAHARRE|NSW,BULLATALE|NSW
30561,BULLAHARRE,NSW,,10803,79,BULLAHARRE|NSW,BULLABURRA|NSW
30561,BULLAHARRE,NSW,,10805,79,BULLAHARRE|NSW,BULLAGREEN|NSW
30563,COBDEN,NSW,,10783,80,COBDEN|NSW,BUDDEN|NSW
30563,COBDEN,NSW,,10948,80,COBDEN|NSW,CAMDEN|NSW
30563,COBDEN,NSW,,11304,80,COBDEN|NSW,COREEN|NSW
30565,COBRICO,NSW,,10391,82,COBRICO|NSW,BERRICO|NSW
30565,COBRICO,NSW,,11162,82,COBRICO|NSW,COBARGO|NSW
30565,COBRICO,NSW,,11160,80,COBRICO|NSW,COBAR|NSW
30567,ELINGAMITE,NSW,,13085,80,ELINGAMITE|NSW,MELINGA|NSW
30567,ELINGAMITE,NSW,,21021,79,ELINGAMITE|NSW,ELINGAMITE|VIC
30567,ELINGAMITE,NSW,,11492,77,ELINGAMITE|NSW,DELEGATE|NSW
30571,GLENFYNE,NSW,,11993,80,GLENFYNE|NSW,GLENFIELD|NSW
30571,GLENFYNE,NSW,,11997,80,GLENFYNE|NSW,GLENIFFER|NSW
30571,GLENFYNE,NSW,,11983,78,GLENFYNE|NSW,GLENCOE|NSW
30573,JANCOURT,NSW,,10071,75,JANCOURT|NSW,ANGOURIE|NSW
30573,JANCOURT,NSW,,21508,75,JANCOURT|NSW,JANCOURT|VIC
30573,JANCOURT,NSW,,10222,73,JANCOURT|NSW,BANGOR|NSW
30575,JANCOURT EAST,NSW,,21509,82,JANCOURT EAST|NSW,JANCOURT EAST|VIC
30575,JANCOURT EAST,NSW,,13651,77,JANCOURT EAST|NSW,NOWRA EAST|NSW
30575,JANCOURT EAST,NSW,,12983,71,JANCOURT EAST|NSW,MANLY EAST|NSW
30577,NAROGHID,NSW,,22273,75,NAROGHID|NSW,NAROGHID|VIC
30577,NAROGHID,NSW,,11011,73,NAROGHID|NSW,CARODA|NSW
30577,NAROGHID,NSW,,11952,73,NAROGHID|NSW,GINGHI|NSW
30582,AYRFORD,NSW,,10120,82,AYRFORD|NSW,ASHFORD|NSW
30582,AYRFORD,NSW,,12227,82,AYRFORD|NSW,HARBORD|NSW
30582,AYRFORD,NSW,,10147,78,AYRFORD|NSW,AVISFORD|NSW
30584,BRUCKNELL,NSW,,10827,80,BRUCKNELL|NSW,BUNDELLA|NSW
30584,BRUCKNELL,NSW,,10098,78,BRUCKNELL|NSW,ARKELL|NSW
30584,BRUCKNELL,NSW,,10710,77,BRUCKNELL|NSW,BRINGELLY|NSW
30586,COORIEMUNGLE,NSW,,20756,81,COORIEMUNGLE|NSW,COORIEMUNGLE|VIC
30586,COORIEMUNGLE,NSW,,13417,77,COORIEMUNGLE|NSW,MUNGLE|NSW
30586,COORIEMUNGLE,NSW,,12647,76,COORIEMUNGLE|NSW,KOORINGAL|NSW
30590,CURDIE VALE,NSW,,10517,79,CURDIE VALE|NSW,BLUE VALE|NSW
30590,CURDIE VALE,NSW,,11491,79,CURDIE VALE|NSW,DEER VALE|NSW
30590,CURDIE VALE,NSW,,11723,79,CURDIE VALE|NSW,ERIN VALE|NSW
30592,CURDIES RIVER,NSW,,11068,81,CURDIES RIVER|NSW,CELLS RIVER|NSW
30592,CURDIES RIVER,NSW,,11563,79,CURDIES RIVER|NSW,DOYLES RIVER|NSW
30592,CURDIES RIVER,NSW,,11843,79,CURDIES RIVER|NSW,FORBES RIVER|NSW
30594,CURDIEVALE,NSW,,20830,79,CURDIEVALE|NSW,CURDIEVALE|VIC
30594,CURDIEVALE,NSW,,11386,78,CURDIEVALE|NSW,CUDAL|NSW
30594,CURDIEVALE,NSW,,11309,77,CURDIEVALE|NSW,CORNDALE|NSW
30602,NIRRANDA EAST,NSW,,22342,82,NIRRANDA EAST|NSW,NIRRANDA EAST|VIC
30602,NIRRANDA EAST,NSW,,13651,77,NIRRANDA EAST|NSW,NOWRA EAST|NSW
30602,NIRRANDA EAST,NSW,,11646,76,NIRRANDA EAST|NSW,EAST MAITLAND|NSW
30604,NIRRANDA SOUTH,NSW,,14324,79,NIRRANDA SOUTH|NSW,SOUTH NOWRA|NSW
30604,NIRRANDA SOUTH,NSW,,14321,78,NIRRANDA SOUTH|NSW,SOUTH MAITLAND|NSW
30604,NIRRANDA SOUTH,NSW,,22343,78,NIRRANDA SOUTH|NSW,NIRRANDA SOUTH|VIC
30606,NULLAWARRE,NSW,,15329,76,NULLAWARRE|NSW,WILLAWARRIN|NSW
30606,NULLAWARRE,NSW,,15175,75,NULLAWARRE|NSW,WARREN|NSW
30606,NULLAWARRE,NSW,,14923,74,NULLAWARRE|NSW,TULLAMORE|NSW
30608,NULLAWARRE EAST,NSW,,22381,79,NULLAWARRE EAST|NSW,NULLAWARRE EAST|VIC
30608,NULLAWARRE EAST,NSW,,11651,74,NULLAWARRE EAST|NSW,EAST WARDELL|NSW
30608,NULLAWARRE EAST,NSW,,11647,69,NULLAWARRE EAST|NSW,EAST RYDE|NSW
30610,NULLAWARRE NORTH,NSW,,22382,80,NULLAWARRE NORTH|NSW,NULLAWARRE NORTH|VIC
30610,NULLAWARRE NORTH,NSW,,13616,71,NULLAWARRE NORTH|NSW,NORTH RYDE|NSW
30610,NULLAWARRE NORTH,NSW,,13621,71,NULLAWARRE NORTH|NSW,NORTH STAR|NSW
30612,PAARATTE,NSW,,13792,80,PAARATTE|NSW,PARA|NSW
30612,PAARATTE,NSW,,13790,78,PAARATTE|NSW,PANUARA|NSW
30612,PAARATTE,NSW,,13808,77,PAARATTE|NSW,PARRAMATTA|NSW
30616,TIMBOON,NSW,,14849,82,TIMBOON|NSW,TOMBONG|NSW
30616,TIMBOON,NSW,,14827,80,TIMBOON|NSW,TIMOR|NSW
30616,TIMBOON,NSW,,14836,80,TIMBOON|NSW,TIONA|NSW
30618,TIMBOON WEST,NSW,,23044,75,TIMBOON WEST|NSW,TIMBOON WEST|VIC
30618,TIMBOON WEST,NSW,,15274,73,TIMBOON WEST|NSW,WEST TAMWORTH|NSW
30618,TIMBOON WEST,NSW,,15271,71,TIMBOON WEST|NSW,WEST PYMBLE|NSW
30620,PORT CAMPBELL,NSW,,22519,76,PORT CAMPBELL|NSW,PORT CAMPBELL|VIC
30620,PORT CAMPBELL,NSW,,13915,75,PORT CAMPBELL|NSW,PORT KEMBLA|NSW
30620,PORT CAMPBELL,NSW,,10960,73,PORT CAMPBELL|NSW,CAMPBELLTOWN|NSW
30622,PRINCETOWN,NSW,,13865,83,PRINCETOWN|NSW,PICTON|NSW
30622,PRINCETOWN,NSW,,13932,77,PRINCETOWN|NSW,PRESTONS|NSW
30622,PRINCETOWN,NSW,,14037,77,PRINCETOWN|NSW,REIDTOWN|NSW
30626,PETERBOROUGH,NSW,,13798,79,PETERBOROUGH|NSW,PARKESBOROUGH|NSW
30626,PETERBOROUGH,NSW,,14211,77,PETERBOROUGH|NSW,SCARBOROUGH|NSW
30626,PETERBOROUGH,NSW,,14389,77,PETERBOROUGH|NSW,STANBOROUGH|NSW
30629,DUNDONNELL,NSW,,11604,80,DUNDONNELL|NSW,DUNOLLY|NSW
30629,DUNDONNELL,NSW,,20966,79,DUNDONNELL|NSW,DUNDONNELL|VIC
30629,DUNDONNELL,NSW,,10827,77,DUNDONNELL|NSW,BUNDELLA|NSW
30631,PURA PURA,NSW,,13792,76,PURA PURA|NSW,PARA|NSW
30631,PURA PURA,NSW,,13790,75,PURA PURA|NSW,PANUARA|NSW
30631,PURA PURA,NSW,,15043,75,PURA PURA|NSW,URIARRA|NSW
30634,WOORNDOO,NSW,,15448,80,WOORNDOO|NSW,WOOLBROOK|NSW
30634,WOORNDOO,NSW,,15131,78,WOORNDOO|NSW,WANDOOK|NSW
30634,WOORNDOO,NSW,,15465,78,WOORNDOO|NSW,WOONONA|NSW
30637,CARAMUT,NSW,,11009,82,CARAMUT|NSW,CARNHAM|NSW
30637,CARAMUT,NSW,,10911,80,CARAMUT|NSW,CABRAMATTA|NSW
30637,CARAMUT,NSW,,10913,80,CARAMUT|NSW,CABRAMURRA|NSW
30645,WOOLSTHORPE,NSW,,23435,80,WOOLSTHORPE|NSW,WOOLSTHORPE|VIC
30645,WOOLSTHORPE,NSW,,15459,76,WOOLSTHORPE|NSW,WOOLOOWARE|NSW
30645,WOOLSTHORPE,NSW,,14392,74,WOOLSTHORPE|NSW,STANHOPE|NSW
30647,ALLANSFORD,NSW,,10497,81,ALLANSFORD|NSW,BLANDFORD|NSW
30647,ALLANSFORD,NSW,,10120,80,ALLANSFORD|NSW,ASHFORD|NSW
30647,ALLANSFORD,NSW,,20030,79,ALLANSFORD|NSW,ALLANSFORD|VIC
30649,MEPUNGA,NSW,,13085,82,MEPUNGA|NSW,MELINGA|NSW
30649,MEPUNGA,NSW,,10834,80,MEPUNGA|NSW,BUNGA|NSW
30649,MEPUNGA,NSW,,13083,80,MEPUNGA|NSW,MEGAN|NSW
30651,MEPUNGA EAST,NSW,,21981,81,MEPUNGA EAST|NSW,MEPUNGA EAST|VIC
30651,MEPUNGA EAST,NSW,,10127,74,MEPUNGA EAST|NSW,ATTUNGA|NSW
30651,MEPUNGA EAST,NSW,,12983,73,MEPUNGA EAST|NSW,MANLY EAST|NSW
30653,MEPUNGA WEST,NSW,,21982,81,MEPUNGA WEST|NSW,MEPUNGA WEST|VIC
30653,MEPUNGA WEST,NSW,,11745,76,MEPUNGA WEST|NSW,EUABALONG WEST|NSW
30653,MEPUNGA WEST,NSW,,12325,73,MEPUNGA WEST|NSW,HOMEBUSH WEST|NSW
30655,NARINGAL,NSW,,10244,83,NARINGAL|NSW,BARBIGAL|NSW
30655,NARINGAL,NSW,,13522,83,NARINGAL|NSW,NERINGLA|NSW
30655,NARINGAL,NSW,,13564,83,NARINGAL|NSW,NIANGALA|NSW
30657,NARINGAL EAST,NSW,,22272,82,NARINGAL EAST|NSW,NARINGAL EAST|VIC
30657,NARINGAL EAST,NSW,,11639,80,NARINGAL EAST|NSW,EAST KANGALOON|NSW
30657,NARINGAL EAST,NSW,,12983,77,NARINGAL EAST|NSW,MANLY EAST|NSW
30659,PURNIM,NSW,,13744,80,PURNIM|NSW,OURNIE|NSW
30659,PURNIM,NSW,,13796,76,PURNIM|NSW,PARINGI|NSW
30659,PURNIM,NSW,,13937,76,PURNIM|NSW,PRIMBEE|NSW
30661,PURNIM WEST,NSW,,15271,73,PURNIM WEST|NSW,WEST PYMBLE|NSW
30661,PURNIM WEST,NSW,,22552,73,PURNIM WEST|NSW,PURNIM WEST|VIC
30661,PURNIM WEST,NSW,,13744,72,PURNIM WEST|NSW,OURNIE|NSW
30663,BALLANGEICH,NSW,,20126,80,BALLANGEICH|NSW,BALLANGEICH|VIC
30663,BALLANGEICH,NSW,,10185,74,BALLANGEICH|NSW,BALARANG|NSW
30663,BALLANGEICH,NSW,,10201,74,BALLANGEICH|NSW,BALLDALE|NSW
30665,WANGOOM,NSW,,15131,82,WANGOOM|NSW,WANDOOK|NSW
30665,WANGOOM,NSW,,15140,82,WANGOOM|NSW,WAPENGO|NSW
30665,WANGOOM,NSW,,15139,78,WANGOOM|NSW,WANTIOOL|NSW
30679,WINSLOW,NSW,,15309,82,WINSLOW|NSW,WHITLOW|NSW
30679,WINSLOW,NSW,,15363,82,WINSLOW|NSW,WINDSOR|NSW
30679,WINSLOW,NSW,,15361,78,WINSLOW|NSW,WINDOWIE|NSW
30684,KOROIT,NSW,,12626,84,KOROIT|NSW,KLORI|NSW
30684,KOROIT,NSW,,12648,82,KOROIT|NSW,KOOROOWI|NSW
30684,KOROIT,NSW,,12652,80,KOROIT|NSW,KORORA|NSW
30686,CROSSLEY,NSW,,11371,81,CROSSLEY|NSW,CROSSMAGLEN|NSW
30686,CROSSLEY,NSW,,11363,78,CROSSLEY|NSW,CROOBLE|NSW
30686,CROSSLEY,NSW,,11765,78,CROSSLEY|NSW,EUROLEY|NSW
30690,KIRKSTALL,NSW,,12552,78,KIRKSTALL|NSW,KIALLA|NSW
30690,KIRKSTALL,NSW,,21641,77,KIRKSTALL|NSW,KIRKSTALL|VIC
30690,KIRKSTALL,NSW,,12620,75,KIRKSTALL|NSW,KIRKHAM|NSW
30692,SOUTHERN CROSS,NSW,,33214,83,SOUTHERN CROSS|NSW,SOUTHERN CROSS|QLD
30692,SOUTHERN CROSS,NSW,,51598,80,SOUTHERN CROSS|NSW,SOUTHERN CROSS|WA
30692,SOUTHERN CROSS,NSW,,22794,78,SOUTHERN CROSS|NSW,SOUTHERN CROSS|VIC
30700,WILLATOOK,NSW,,15109,80,WILLATOOK|NSW,WALLAROO|NSW
30700,WILLATOOK,NSW,,15332,79,WILLATOOK|NSW,WILLIAMTOWN|NSW
30700,WILLATOOK,NSW,,15349,78,WILLATOOK|NSW,WILTON|NSW
30704,YARPTURK,NSW,,14203,76,YARPTURK|NSW,SATUR|NSW
30704,YARPTURK,NSW,,15525,76,YARPTURK|NSW,YAOUK|NSW
30704,YARPTURK,NSW,,15527,76,YARPTURK|NSW,YARRA|NSW
30708,PORT FAIRY,NSW,,13913,76,PORT FAIRY|NSW,PORT BOTANY|NSW
30708,PORT FAIRY,NSW,,10239,74,PORT FAIRY|NSW,BAR POINT|NSW
30708,PORT FAIRY,NSW,,13914,73,PORT FAIRY|NSW,PORT HACKING|NSW
30711,NARRAWONG,NSW,,13501,83,NARRAWONG|NSW,NARRAWA|NSW
30711,NARRAWONG,NSW,,13503,81,NARRAWONG|NSW,NARRAWEENA|NSW
30711,NARRAWONG,NSW,,10092,80,NARRAWONG|NSW,ARGALONG|NSW
30718,TYRENDARRA,NSW,,14898,80,TYRENDARRA|NSW,TRENAYR|NSW
30718,TYRENDARRA,NSW,,15527,78,TYRENDARRA|NSW,YARRA|NSW
30718,TYRENDARRA,NSW,,15568,78,TYRENDARRA|NSW,YENDA|NSW
30720,TYRENDARRA EAST,NSW,,23139,79,TYRENDARRA EAST|NSW,TYRENDARRA EAST|VIC
30720,TYRENDARRA EAST,NSW,,11648,71,TYRENDARRA EAST|NSW,EAST SEAHAM|NSW
30720,TYRENDARRA EAST,NSW,,14013,70,TYRENDARRA EAST|NSW,RAYMOND TERRACE EAST|NSW
30722,YAMBUK,NSW,,15516,84,YAMBUK|NSW,YAMBA|NSW
30722,YAMBUK,NSW,,15525,84,YAMBUK|NSW,YAOUK|NSW
30722,YAMBUK,NSW,,15517,82,YAMBUK|NSW,YAMBULLA|NSW
30724,CONDAH SWAMP,NSW,,20740,75,CONDAH SWAMP|NSW,CONDAH SWAMP|VIC
30724,CONDAH SWAMP,NSW,,10479,71,CONDAH SWAMP|NSW,BLACK SWAMP|NSW
30724,CONDAH SWAMP,NSW,,13205,71,CONDAH SWAMP|NSW,MOGGS SWAMP|NSW
30726,KNEBSWORTH,NSW,,13556,80,KNEBSWORTH|NSW,NEWPORT|NSW
30726,KNEBSWORTH,NSW,,21644,79,KNEBSWORTH|NSW,KNEBSWORTH|VIC
30726,KNEBSWORTH,NSW,,11532,74,KNEBSWORTH|NSW,DODSWORTH|NSW
30728,MACARTHUR,NSW,,70236,83,MACARTHUR|NSW,MCARTHUR|NT
30728,MACARTHUR,NSW,,13039,80,MACARTHUR|NSW,MATHOURA|NSW
30728,MACARTHUR,NSW,,12925,79,MACARTHUR|NSW,MACARTHUR SQUARE|NSW
30730,RIPPONHURST,NSW,,13847,79,RIPPONHURST|NSW,PENSHURST|NSW
30730,RIPPONHURST,NSW,,14091,79,RIPPONHURST|NSW,ROOKHURST|NSW
30730,RIPPONHURST,NSW,,13687,74,RIPPONHURST|NSW,OAKHURST|NSW
30734,HAWKESDALE,NSW,,12910,81,HAWKESDALE|NSW,LOWESDALE|NSW
30734,HAWKESDALE,NSW,,21370,79,HAWKESDALE|NSW,HAWKESDALE|VIC
30734,HAWKESDALE,NSW,,11481,77,HAWKESDALE|NSW,DAYSDALE|NSW
30736,MINHAMITE,NSW,,13181,82,MINHAMITE|NSW,MINMI|NSW
30736,MINHAMITE,NSW,,22033,77,MINHAMITE|NSW,MINHAMITE|VIC
30736,MINHAMITE,NSW,,13145,76,MINHAMITE|NSW,MIHI|NSW
30738,GAZETTE,NSW,,11742,73,GAZETTE|NSW,ETTREMA|NSW
30738,GAZETTE,NSW,,12089,73,GAZETTE|NSW,GRATTAI|NSW
30738,GAZETTE,NSW,,12314,73,GAZETTE|NSW,HOLGATE|NSW
30740,GERRIGERRUP,NSW,,21175,80,GERRIGERRUP|NSW,GERRIGERRUP|VIC
30740,GERRIGERRUP,NSW,,11926,74,GERRIGERRUP|NSW,GEROGERY|NSW
30740,GERRIGERRUP,NSW,,11930,72,GERRIGERRUP|NSW,GEURIE|NSW
30745,TABOR,NSW,,14688,82,TABOR|NSW,TARA|NSW
30745,TABOR,NSW,,14653,80,TABOR|NSW,TAHMOOR|NSW
30745,TABOR,NSW,,15505,80,TABOR|NSW,YADBORO|NSW
30748,GLENTHOMPSON,NSW,,21243,81,GLENTHOMPSON|NSW,GLENTHOMPSON|VIC
30748,GLENTHOMPSON,NSW,,12011,80,GLENTHOMPSON|NSW,GLENTHORNE|NSW
30748,GLENTHOMPSON,NSW,,11987,74,GLENTHOMPSON|NSW,GLENDON|NSW
30752,NARRAPUMELAP SOUTH,NSW,,22276,82,NARRAPUMELAP SOUTH|NSW,NARRAPUMELAP SOUTH|VIC
30752,NARRAPUMELAP SOUTH,NSW,,13029,77,NARRAPUMELAP SOUTH|NSW,MARULAN SOUTH|NSW
30752,NARRAPUMELAP SOUTH,NSW,,14302,74,NARRAPUMELAP SOUTH|NSW,SOUTH ARM|NSW
30758,MIRRANATWA,NSW,,13190,80,MIRRANATWA|NSW,MIRANDA|NSW
30758,MIRRANATWA,NSW,,22049,79,MIRRANATWA|NSW,MIRRANATWA|VIC
30758,MIRRANATWA,NSW,,13108,76,MIRRANATWA|NSW,MERRIANGAAH|NSW
30760,MOUTAJUP,NSW,,22193,75,MOUTAJUP|NSW,MOUTAJUP|VIC
30760,MOUTAJUP,NSW,,13274,73,MOUTAJUP|NSW,MOOTAI|NSW
30760,MOUTAJUP,NSW,,13295,73,MOUTAJUP|NSW,MORUYA|NSW
30762,VICTORIA POINT,NSW,,33629,78,VICTORIA POINT|NSW,VICTORIA POINT|QLD
30762,VICTORIA POINT,NSW,,23174,78,VICTORIA POINT|NSW,VICTORIA POINT|VIC
30762,VICTORIA POINT,NSW,,14716,74,VICTORIA POINT|NSW,TAYLORS POINT|NSW
30768,BYADUK NORTH,NSW,,13592,81,BYADUK NORTH|NSW,NORTH BOURKE|NSW
30768,BYADUK NORTH,NSW,,20520,81,BYADUK NORTH|NSW,BYADUK NORTH|VIC
30768,BYADUK NORTH,NSW,,13591,77,BYADUK NORTH|NSW,NORTH BONDI|NSW
30771,BOCHARA,NSW,,10240,84,BOCHARA|NSW,BARA|NSW
30771,BOCHARA,NSW,,10536,82,BOCHARA|NSW,BOCOBRA|NSW
30771,BOCHARA,NSW,,10555,78,BOCHARA|NSW,BOLWARRA|NSW
30774,BUCKLEY SWAMP,NSW,,10479,81,BUCKLEY SWAMP|NSW,BLACK SWAMP|NSW
30774,BUCKLEY SWAMP,NSW,,10182,79,BUCKLEY SWAMP|NSW,BAKERS SWAMP|NSW
30774,BUCKLEY SWAMP,NSW,,20451,76,BUCKLEY SWAMP|NSW,BUCKLEY SWAMP|VIC
30776,BYADUK,NSW,,10898,76,BYADUK|NSW,BYANGUM|NSW
30776,BYADUK,NSW,,10171,74,BYADUK|NSW,BADJA|NSW
30776,BYADUK,NSW,,10459,74,BYADUK|NSW,BINYA|NSW
30782,MORGIANA,NSW,,10613,80,MORGIANA|NSW,BOORGANNA|NSW
30782,MORGIANA,NSW,,12999,78,MORGIANA|NSW,MARINNA|NSW
30782,MORGIANA,NSW,,13190,78,MORGIANA|NSW,MIRANDA|NSW
30784,MOUNT NAPIER,NSW,,22177,81,MOUNT NAPIER|NSW,MOUNT NAPIER|VIC
30784,MOUNT NAPIER,NSW,,13481,77,MOUNT NAPIER|NSW,NAPIER LANE|NSW
30784,MOUNT NAPIER,NSW,,13420,72,MOUNT NAPIER|NSW,MUNNI|NSW
30786,STRATHKELLAR,NSW,,14422,84,STRATHKELLAR|NSW,STRATHCEDAR|NSW
30786,STRATHKELLAR,NSW,,15557,79,STRATHKELLAR|NSW,YATHELLA|NSW
30786,STRATHKELLAR,NSW,,14425,77,STRATHKELLAR|NSW,STRATHFIELD|NSW
30792,WANNON,NSW,,14186,80,WANNON|NSW,SANDON|NSW
30792,WANNON,NSW,,15126,80,WANNON|NSW,WAMOON|NSW
30792,WANNON,NSW,,15212,80,WANNON|NSW,WATTON|NSW
30794,WARRAYURE,NSW,,15169,80,WARRAYURE|NSW,WARRAWEE|NSW
30794,WARRAYURE,NSW,,15378,79,WARRAYURE|NSW,WIRRADGURIE|NSW
30794,WARRAYURE,NSW,,15164,78,WARRAYURE|NSW,WARRAH|NSW
30796,YATCHAW,NSW,,15557,78,YATCHAW|NSW,YATHELLA|NSW
30796,YATCHAW,NSW,,14709,76,YATCHAW|NSW,TATHAM|NSW
30796,YATCHAW,NSW,,14710,76,YATCHAW|NSW,TATHRA|NSW
30798,YULECART,NSW,,23533,75,YULECART|NSW,YULECART|VIC
30798,YULECART,NSW,,15589,73,YULECART|NSW,YULUMA|NSW
30798,YULECART,NSW,,13659,70,YULECART|NSW,NULLICA|NSW
30800,BRANXHOLME,NSW,,60073,81,BRANXHOLME|NSW,BRANXHOLM|TAS
30800,BRANXHOLME,NSW,,20392,79,BRANXHOLME|NSW,BRANXHOLME|VIC
30800,BRANXHOLME,NSW,,10678,77,BRANXHOLME|NSW,BRANXTON|NSW
30802,GRASSDALE,NSW,,11481,80,GRASSDALE|NSW,DAYSDALE|NSW
30802,GRASSDALE,NSW,,12740,80,GRASSDALE|NSW,LANSDALE|NSW
30802,GRASSDALE,NSW,,13506,80,GRASSDALE|NSW,NASHDALE|NSW
30804,BREAKAWAY CREEK,NSW,,10686,84,BREAKAWAY CREEK|NSW,BREAKFAST CREEK|NSW
30804,BREAKAWAY CREEK,NSW,,20396,84,BREAKAWAY CREEK|NSW,BREAKAWAY CREEK|VIC
30804,BREAKAWAY CREEK,NSW,,10683,82,BREAKAWAY CREEK|NSW,BRAYS CREEK|NSW
30808,HOTSPUR,NSW,,11095,75,HOTSPUR|NSW,CHATSBURY|NSW
30808,HOTSPUR,NSW,,21450,73,HOTSPUR|NSW,HOTSPUR|VIC
30808,HOTSPUR,NSW,,10002,72,HOTSPUR|NSW,ABBOTSBURY|NSW
30810,LAKE CONDAH,NSW,,12707,84,LAKE CONDAH|NSW,LAKE CONJOLA|NSW
30810,LAKE CONDAH,NSW,,12708,83,LAKE CONDAH|NSW,LAKE COWAL|NSW
30810,LAKE CONDAH,NSW,,11309,81,LAKE CONDAH|NSW,CORNDALE|NSW
30812,WALLACEDALE,NSW,,15096,81,WALLACEDALE|NSW,WALLACIA|NSW
30812,WALLACEDALE,NSW,,23202,80,WALLACEDALE|NSW,WALLACEDALE|VIC
30812,WALLACEDALE,NSW,,15092,76,WALLACEDALE|NSW,WALLABADAH|NSW
30814,BESSIEBELLE,NSW,,20282,80,BESSIEBELLE|NSW,BESSIEBELLE|VIC
30814,BESSIEBELLE,NSW,,10372,79,BESSIEBELLE|NSW,BENSVILLE|NSW
30814,BESSIEBELLE,NSW,,10280,71,BESSIEBELLE|NSW,BASS HILL|NSW
30818,DRIK DRIK,NSW,,20944,77,DRIK DRIK|NSW,DRIK DRIK|VIC
30818,DRIK DRIK,NSW,,10705,69,DRIK DRIK|NSW,BRIL BRIL|NSW
30818,DRIK DRIK,NSW,,11570,69,DRIK DRIK|NSW,DRY CREEK|NSW
30820,DRUMBORG,NSW,,11603,78,DRUMBORG|NSW,DUNMORE|NSW
30820,DRUMBORG,NSW,,11406,76,DRUMBORG|NSW,CUMBO|NSW
30820,DRUMBORG,NSW,,11572,76,DRUMBORG|NSW,DUBBO|NSW
30824,HEYWOOD,NSW,,12225,82,HEYWOOD|NSW,HANWOOD|NSW
30824,HEYWOOD,NSW,,12242,82,HEYWOOD|NSW,HARWOOD|NSW
30824,HEYWOOD,NSW,,12923,82,HEYWOOD|NSW,LYNWOOD|NSW
30828,LYONS,NSW,,12880,82,LYONS|NSW,LORN|NSW
30828,LYONS,NSW,,70221,82,LYONS|NSW,LYONS|NT
30828,LYONS,NSW,,11204,80,LYONS|NSW,COLYTON|NSW
30832,MUMBANNAR,NSW,,12966,82,MUMBANNAR|NSW,MANAR|NSW
30832,MUMBANNAR,NSW,,12967,78,MUMBANNAR|NSW,MANARA|NSW
30832,MUMBANNAR,NSW,,11403,77,MUMBANNAR|NSW,CUMBANDRY|NSW
30834,MYAMYN,NSW,,12990,76,MYAMYN|NSW,MANYANA|NSW
30834,MYAMYN,NSW,,13056,76,MYAMYN|NSW,MAYRUNG|NSW
30834,MYAMYN,NSW,,13125,76,MYAMYN|NSW,MIAMLEY|NSW
30836,WINNAP,NSW,,15370,80,WINNAP|NSW,WINGEN|NSW
30836,WINNAP,NSW,,15375,80,WINNAP|NSW,WINTON|NSW
30836,WINNAP,NSW,,15324,78,WINNAP|NSW,WILCANNIA|NSW
30838,ALLESTREE,NSW,,12961,78,ALLESTREE|NSW,MALLEE|NSW
30838,ALLESTREE,NSW,,10340,77,ALLESTREE|NSW,BELLTREES|NSW
30838,ALLESTREE,NSW,,20032,77,ALLESTREE|NSW,ALLESTREE|VIC
30843,CASHMORE,NSW,,11131,83,CASHMORE|NSW,CLAYMORE|NSW
30843,CASHMORE,NSW,,11424,80,CASHMORE|NSW,CURRAMORE|NSW
30843,CASHMORE,NSW,,10120,78,CASHMORE|NSW,ASHFORD|NSW
30845,DUTTON WAY,NSW,,20980,79,DUTTON WAY|NSW,DUTTON WAY|VIC
30845,DUTTON WAY,NSW,,40458,78,DUTTON WAY|NSW,DUTTON|SA
30845,DUTTON WAY,NSW,,40459,71,DUTTON WAY|NSW,DUTTON EAST|SA
30847,GORAE,NSW,,11894,84,GORAE|NSW,GALORE|NSW
30847,GORAE,NSW,,12018,84,GORAE|NSW,GOARRA|NSW
30847,GORAE,NSW,,12074,84,GORAE|NSW,GOWRIE|NSW
30853,MOUNT RICHMOND,NSW,,13612,83,MOUNT RICHMOND|NSW,NORTH RICHMOND|NSW
30853,MOUNT RICHMOND,NSW,,13353,81,MOUNT RICHMOND|NSW,MOUNT PRITCHARD|NSW
30853,MOUNT RICHMOND,NSW,,14053,80,MOUNT RICHMOND|NSW,RICHMOND|NSW
30857,PORTLAND NORTH,NSW,,12907,83,PORTLAND NORTH|NSW,LOWER PORTLAND|NSW
30857,PORTLAND NORTH,NSW,,13920,80,PORTLAND NORTH|NSW,PORTLAND|NSW
30857,PORTLAND NORTH,NSW,,22526,78,PORTLAND NORTH|NSW,PORTLAND NORTH|VIC
30859,PORTLAND WEST,NSW,,13920,83,PORTLAND WEST|NSW,PORTLAND|NSW
30859,PORTLAND WEST,NSW,,13693,76,PORTLAND WEST|NSW,OATLANDS|NSW
30859,PORTLAND WEST,NSW,,22527,76,PORTLAND WEST|NSW,PORTLAND WEST|VIC
30861,DIGBY,NSW,,13149,78,DIGBY|NSW,MILBY|NSW
30861,DIGBY,NSW,,12383,76,DIGBY|NSW,INGEBYRA|NSW
30861,DIGBY,NSW,,10090,74,DIGBY|NSW,ARDING|NSW
30865,TAHARA WEST,NSW,,14699,83,TAHARA WEST|NSW,TAREE WEST|NSW
30865,TAHARA WEST,NSW,,15144,77,TAHARA WEST|NSW,WARATAH WEST|NSW
30865,TAHARA WEST,NSW,,15274,75,TAHARA WEST|NSW,WEST TAMWORTH|NSW
30870,HEATH FIELD,NSW,,21386,80,HEATH FIELD|NSW,HEATH FIELD|VIC
30870,HEATH FIELD,NSW,,11822,73,HEATH FIELD|NSW,FINGAL HEAD|NSW
30870,HEATH FIELD,NSW,,13053,73,HEATH FIELD|NSW,MAYFIELD NORTH|NSW
30874,BAHGALLAH,NSW,,10368,80,BAHGALLAH|NSW,BENGALLA|NSW
30874,BAHGALLAH,NSW,,10184,78,BAHGALLAH|NSW,BALALA|NSW
30874,BAHGALLAH,NSW,,10194,77,BAHGALLAH|NSW,BALGOWLAH|NSW
30876,BRIMBOAL,NSW,,10242,83,BRIMBOAL|NSW,BARAIMAL|NSW
30876,BRIMBOAL,NSW,,10628,80,BRIMBOAL|NSW,BORAMBOLA|NSW
30876,BRIMBOAL,NSW,,10351,78,BRIMBOAL|NSW,BEMBOKA|NSW
30878,CARAPOOK,NSW,,11012,82,CARAPOOK|NSW,CAROOL|NSW
30878,CARAPOOK,NSW,,10083,78,CARAPOOK|NSW,ARAKOON|NSW
30878,CARAPOOK,NSW,,11013,78,CARAPOOK|NSW,CAROONA|NSW
30880,CHETWYND,NSW,,12275,76,CHETWYND|NSW,HENTY|NSW
30880,CHETWYND,NSW,,20655,75,CHETWYND|NSW,CHETWYND|VIC
30880,CHETWYND,NSW,,11086,74,CHETWYND|NSW,CHARLESTOWN|NSW
30882,DERGHOLM,NSW,,11672,76,DERGHOLM|NSW,EDROM|NSW
30882,DERGHOLM,NSW,,11722,75,DERGHOLM|NSW,ERIGOLIA|NSW
30882,DERGHOLM,NSW,,20893,75,DERGHOLM|NSW,DERGHOLM|VIC
30884,DORODONG,NSW,,12634,83,DORODONG|NSW,KOLODONG|NSW
30884,DORODONG,NSW,,12057,82,DORODONG|NSW,GORDON|NSW
30884,DORODONG,NSW,,10614,80,DORODONG|NSW,BOOROLONG|NSW
30886,DUNROBIN,NSW,,11605,82,DUNROBIN|NSW,DUNOON|NSW
30886,DUNROBIN,NSW,,11614,82,DUNROBIN|NSW,DUROBY|NSW
30886,DUNROBIN,NSW,,11595,81,DUNROBIN|NSW,DUNDURRABIN|NSW
30891,LAKE MUNDI,NSW,,21729,79,LAKE MUNDI|NSW,LAKE MUNDI|VIC
30891,LAKE MUNDI,NSW,,12716,77,LAKE MUNDI|NSW,LAKE MUNMORAH|NSW
30891,LAKE MUNDI,NSW,,50937,77,LAKE MUNDI|NSW,LAKE MUIR|WA
30895,MUNTHAM,NSW,,13037,82,MUNTHAM|NSW,MATCHAM|NSW
30895,MUNTHAM,NSW,,13453,82,MUNTHAM|NSW,MUTTAMA|NSW
30895,MUNTHAM,NSW,,13410,78,MUNTHAM|NSW,MUNDAMIA|NSW
30897,NANGEELA,NSW,,13564,83,NANGEELA|NSW,NIANGALA|NSW
30897,NANGEELA,NSW,,13471,82,NANGEELA|NSW,NADGEE|NSW
30897,NANGEELA,NSW,,10358,78,NANGEELA|NSW,BENANEE|NSW
30899,POOLAIJELO,NSW,,13912,74,POOLAIJELO|NSW,POONCARIE|NSW
30899,POOLAIJELO,NSW,,14861,74,POOLAIJELO|NSW,TOOLIJOOA|NSW
30899,POOLAIJELO,NSW,,15449,74,POOLAIJELO|NSW,WOOLGARLO|NSW
30903,SANDFORD,NSW,,14186,82,SANDFORD|NSW,SANDON|NSW
30903,SANDFORD,NSW,,14237,80,SANDFORD|NSW,SHADFORTH|NSW
30903,SANDFORD,NSW,,14421,80,SANDFORD|NSW,STRATFORD|NSW
30905,STRATHDOWNIE,NSW,,14423,80,STRATHDOWNIE|NSW,STRATHEDEN|NSW
30905,STRATHDOWNIE,NSW,,14425,77,STRATHDOWNIE|NSW,STRATHFIELD|NSW
30905,STRATHDOWNIE,NSW,,22871,75,STRATHDOWNIE|NSW,STRATHDOWNIE|VIC
30907,WANDO BRIDGE,NSW,,23224,81,WANDO BRIDGE|NSW,WANDO BRIDGE|VIC
30907,WANDO BRIDGE,NSW,,13818,76,WANDO BRIDGE|NSW,PAYTENS BRIDGE|NSW
30907,WANDO BRIDGE,NSW,,10946,71,WANDO BRIDGE|NSW,CAMBRIDGE PARK|NSW
30909,WANDO VALE,NSW,,15147,81,WANDO VALE|NSW,WARDROP VALLEY|NSW
30909,WANDO VALE,NSW,,15390,77,WANDO VALE|NSW,WOLGAN VALLEY|NSW
30909,WANDO VALE,NSW,,15343,76,WANDO VALE|NSW,WILLOW VALE|NSW
30915,CAVENDISH,NSW,,11346,78,CAVENDISH|NSW,CRAVEN|NSW
30915,CAVENDISH,NSW,,11077,77,CAVENDISH|NSW,CHAELUNDI|NSW
30915,CAVENDISH,NSW,,20628,77,CAVENDISH|NSW,CAVENDISH|VIC
30917,GLENISLA,NSW,,11993,80,GLENISLA|NSW,GLENFIELD|NSW
30917,GLENISLA,NSW,,11990,78,GLENISLA|NSW,GLENELG|NSW
30917,GLENISLA,NSW,,12008,78,GLENISLA|NSW,GLENROI|NSW
30923,WOOHLPOOER,NSW,,15459,79,WOOHLPOOER|NSW,WOOLOOWARE|NSW
30923,WOOHLPOOER,NSW,,23429,79,WOOHLPOOER|NSW,WOOHLPOOER|VIC
30923,WOOHLPOOER,NSW,,15458,77,WOOHLPOOER|NSW,WOOLOOMA|NSW
30927,CLOVER FLAT,NSW,,11332,81,CLOVER FLAT|NSW,COW FLAT|NSW
30927,CLOVER FLAT,NSW,,11410,80,CLOVER FLAT|NSW,CUNDLE FLAT|NSW
30927,CLOVER FLAT,NSW,,20688,80,CLOVER FLAT|NSW,CLOVER FLAT|VIC
30931,COOJAR,NSW,,11160,84,COOJAR|NSW,COBAR|NSW
30931,COOJAR,NSW,,11237,84,COOJAR|NSW,COOBA|NSW
30931,COOJAR,NSW,,11262,84,COOJAR|NSW,COOMA|NSW
30935,GRINGEGALGONA,NSW,,21325,82,GRINGEGALGONA|NSW,GRINGEGALGONA|VIC
30935,GRINGEGALGONA,NSW,,12030,73,GRINGEGALGONA|NSW,GONGOLGON|NSW
30935,GRINGEGALGONA,NSW,,11927,71,GRINGEGALGONA|NSW,GERRINGONG|NSW
30937,GRITJURK,NSW,,21326,75,GRITJURK|NSW,GRITJURK|VIC
30937,GRITJURK,NSW,,10456,70,GRITJURK|NSW,BINJURA|NSW
30937,GRITJURK,NSW,,11956,70,GRITJURK|NSW,GIRO|NSW
30939,HILGAY,NSW,,12251,82,HILGAY|NSW,HAY|NSW
30939,HILGAY,NSW,,11940,80,HILGAY|NSW,GILGAI|NSW
30939,HILGAY,NSW,,12565,80,HILGAY|NSW,KILGRA|NSW
30941,KONONGWOOTONG,NSW,,21654,82,KONONGWOOTONG|NSW,KONONGWOOTONG|VIC
30941,KONONGWOOTONG,NSW,,10578,73,KONONGWOOTONG|NSW,BONGONGALONG|NSW
30941,KONONGWOOTONG,NSW,,12639,73,KONONGWOOTONG|NSW,KOOLEWONG|NSW
30949,PASCHENDALE,NSW,,14005,76,PASCHENDALE|NSW,RAVENSDALE|NSW
30949,PASCHENDALE,NSW,,13777,74,PASCHENDALE|NSW,PALMDALE|NSW
30949,PASCHENDALE,NSW,,14107,74,PASCHENDALE|NSW,ROSEDALE|NSW
30951,TAHARA BRIDGE,NSW,,22934,76,TAHARA BRIDGE|NSW,TAHARA BRIDGE|VIC
30951,TAHARA BRIDGE,NSW,,10946,74,TAHARA BRIDGE|NSW,CAMBRIDGE PARK|NSW
30951,TAHARA BRIDGE,NSW,,12784,72,TAHARA BRIDGE|NSW,LETHBRIDGE PARK|NSW
30953,TARRAYOUKYAN,NSW,,22977,75,TARRAYOUKYAN|NSW,TARRAYOUKYAN|VIC
30953,TARRAYOUKYAN,NSW,,14704,73,TARRAYOUKYAN|NSW,TARRAGANDA|NSW
30953,TARRAYOUKYAN,NSW,,14705,73,TARRAYOUKYAN|NSW,TARRAWANNA|NSW
30955,TARRENLEA,NSW,,14696,82,TARRENLEA|NSW,TAREE|NSW
30955,TARRENLEA,NSW,,14953,80,TARRENLEA|NSW,TURRELLA|NSW
30955,TARRENLEA,NSW,,14692,78,TARRENLEA|NSW,TARANA|NSW
30957,WOOTONG VALE,NSW,,23449,75,WOOTONG VALE|NSW,WOOTONG VALE|VIC
30957,WOOTONG VALE,NSW,,15240,74,WOOTONG VALE|NSW,WELLINGTON VALE|NSW
30957,WOOTONG VALE,NSW,,15468,74,WOOTONG VALE|NSW,WOOTTON|NSW
30959,HARROW,NSW,,11473,80,HARROW|NSW,DARLOW|NSW
30959,HARROW,NSW,,13006,80,HARROW|NSW,MARLOW|NSW
30959,HARROW,NSW,,11023,76,HARROW|NSW,CARROLL|NSW
30963,CONNEWIRRICOO,NSW,,20744,82,CONNEWIRRICOO|NSW,CONNEWIRRICOO|VIC
30963,CONNEWIRRICOO,NSW,,10391,71,CONNEWIRRICOO|NSW,BERRICO|NSW
30963,CONNEWIRRICOO,NSW,,13521,71,CONNEWIRRICOO|NSW,NERICON|NSW
30965,EDENHOPE,NSW,,11663,80,EDENHOPE|NSW,EDEN|NSW
30965,EDENHOPE,NSW,,12111,79,EDENHOPE|NSW,GREENETHORPE|NSW
30965,EDENHOPE,NSW,,21010,75,EDENHOPE|NSW,EDENHOPE|VIC
30967,JALLAKIN,NSW,,12959,82,JALLAKIN|NSW,MALLAN|NSW
30967,JALLAKIN,NSW,,10204,78,JALLAKIN|NSW,BALLINA|NSW
30967,JALLAKIN,NSW,,10207,78,JALLAKIN|NSW,BALMAIN|NSW
30969,KADNOOK,NSW,,12481,83,KADNOOK|NSW,KANAHOOKA|NSW
30969,KADNOOK,NSW,,12493,82,KADNOOK|NSW,KANOONA|NSW
30969,KADNOOK,NSW,,12495,82,KADNOOK|NSW,KAPOOKA|NSW
30971,LANGKOOP,NSW,,12748,78,LANGKOOP|NSW,LARNOOK|NSW
30971,LANGKOOP,NSW,,10221,76,LANGKOOP|NSW,BANGO|NSW
30971,LANGKOOP,NSW,,10320,75,LANGKOOP|NSW,BELANGLO|NSW
30973,MEEREEK,NSW,,10366,82,MEEREEK|NSW,BENEREE|NSW
30973,MEEREEK,NSW,,13280,80,MEEREEK|NSW,MOREE|NSW
30973,MEEREEK,NSW,,10633,77,MEEREEK|NSW,BOREE CREEK|NSW
30975,PATYAH,NSW,,13792,78,PATYAH|NSW,PARA|NSW
30975,PATYAH,NSW,,13813,76,PATYAH|NSW,PATONGA|NSW
30975,PATYAH,NSW,,15143,76,PATYAH|NSW,WARATAH|NSW
30977,ULLSWATER,NSW,,14177,77,ULLSWATER|NSW,SALTWATER|NSW
30977,ULLSWATER,NSW,,14925,75,ULLSWATER|NSW,TULLERA|NSW
30977,ULLSWATER,NSW,,14203,73,ULLSWATER|NSW,SATUR|NSW
30981,BENAYEO,NSW,,10358,82,BENAYEO|NSW,BENANEE|NSW
30981,BENAYEO,NSW,,10692,76,BENAYEO|NSW,BRENDA|NSW
30981,BENAYEO,NSW,,12779,76,BENAYEO|NSW,LEONAY|NSW
30983,BRINGALBERT,NSW,,10028,80,BRINGALBERT|NSW,ALBERT|NSW
30983,BRINGALBERT,NSW,,20419,80,BRINGALBERT|NSW,BRINGALBERT|VIC
30983,BRINGALBERT,NSW,,10450,77,BRINGALBERT|NSW,BINGARA|NSW
30985,HESSE,NSW,,11736,75,HESSE|NSW,ESK|NSW
30985,HESSE,NSW,,12268,74,HESSE|NSW,HEBDEN|NSW
30985,HESSE,NSW,,12274,74,HESSE|NSW,HENLEY|NSW
30991,CRESSY,NSW,,60147,80,CRESSY|NSW,CRESSY|TAS
30991,CRESSY,NSW,,11349,76,CRESSY|NSW,CRAWNEY|NSW
30991,CRESSY,NSW,,11124,74,CRESSY|NSW,CLARE|NSW
30993,BERRYBANK,NSW,,10398,82,BERRYBANK|NSW,BERRY|NSW
30993,BERRYBANK,NSW,,10394,80,BERRYBANK|NSW,BERRIGAN|NSW
30993,BERRYBANK,NSW,,20279,77,BERRYBANK|NSW,BERRYBANK|VIC
30995,DUVERNEY,NSW,,11599,75,DUVERNEY|NSW,DUNGEREE|NSW
30995,DUVERNEY,NSW,,20981,75,DUVERNEY|NSW,DUVERNEY|VIC
30995,DUVERNEY,NSW,,11580,73,DUVERNEY|NSW,DUDLEY|NSW
30997,FOXHOW,NSW,,11313,70,FOXHOW|NSW,COROWA|NSW
30997,FOXHOW,NSW,,11866,70,FOXHOW|NSW,FOXGROUND|NSW
30997,FOXHOW,NSW,,12345,70,FOXHOW|NSW,HOWELL|NSW
31004,DERRINALLUM,NSW,,20896,80,DERRINALLUM|NSW,DERRINALLUM|VIC
31004,DERRINALLUM,NSW,,13112,77,DERRINALLUM|NSW,MERRILL|NSW
31004,DERRINALLUM,NSW,,11724,75,DERRINALLUM|NSW,ERINA|NSW
31008,VITE VITE,NSW,,23179,77,VITE VITE|NSW,VITE VITE|VIC
31008,VITE VITE,NSW,,14747,73,VITE VITE|NSW,TEVEN|NSW
31008,VITE VITE,NSW,,14792,72,VITE VITE|NSW,THE VALE|NSW
31010,VITE VITE NORTH,NSW,,23180,84,VITE VITE NORTH|NSW,VITE VITE NORTH|VIC
31010,VITE VITE NORTH,NSW,,14048,72,VITE VITE NORTH|NSW,REVESBY NORTH|NSW
31010,VITE VITE NORTH,NSW,,22900,70,VITE VITE NORTH|NSW,SUNSHINE NORTH|VIC
31012,TEESDALE,NSW,,15283,83,TEESDALE|NSW,WESTDALE|NSW
31012,TEESDALE,NSW,,14036,80,TEESDALE|NSW,REIDSDALE|NSW
31012,TEESDALE,NSW,,14896,80,TEESDALE|NSW,TREGEAGLE|NSW
31018,SHELFORD,NSW,,14157,77,SHELFORD|NSW,RUTHERFORD|NSW
31018,SHELFORD,NSW,,14221,75,SHELFORD|NSW,SEAFORTH|NSW
31018,SHELFORD,NSW,,14257,75,SHELFORD|NSW,SHERWOOD|NSW
31022,BANNOCKBURN,NSW,,30185,80,BANNOCKBURN|NSW,BANNOCKBURN|QLD
31022,BANNOCKBURN,NSW,,20160,80,BANNOCKBURN|NSW,BANNOCKBURN|VIC
31022,BANNOCKBURN,NSW,,10129,72,BANNOCKBURN|NSW,AUBURN|NSW
31024,GHERINGHAP,NSW,,21177,79,GHERINGHAP|NSW,GHERINGHAP|VIC
31024,GHERINGHAP,NSW,,11724,78,GHERINGHAP|NSW,ERINA|NSW
31024,GHERINGHAP,NSW,,13520,77,GHERINGHAP|NSW,NEMINGHA|NSW
31028,RUSSELLS BRIDGE,NSW,,22667,79,RUSSELLS BRIDGE|NSW,RUSSELLS BRIDGE|VIC
31028,RUSSELLS BRIDGE,NSW,,14155,76,RUSSELLS BRIDGE|NSW,RUSSELL LEA|NSW
31028,RUSSELLS BRIDGE,NSW,,13818,70,RUSSELLS BRIDGE|NSW,PAYTENS BRIDGE|NSW
31032,STEIGLITZ,NSW,,33280,77,STEIGLITZ|NSW,STEIGLITZ|QLD
31032,STEIGLITZ,NSW,,14745,72,STEIGLITZ|NSW,TERRIGAL|NSW
31032,STEIGLITZ,NSW,,14270,69,STEIGLITZ|NSW,SINGLETON|NSW
31034,SUTHERLANDS CREEK,NSW,,14134,82,SUTHERLANDS CREEK|NSW,ROWLANDS CREEK|NSW
31034,SUTHERLANDS CREEK,NSW,,14403,82,SUTHERLANDS CREEK|NSW,STEPHENS CREEK|NSW
31034,SUTHERLANDS CREEK,NSW,,22910,81,SUTHERLANDS CREEK|NSW,SUTHERLANDS CREEK|VIC
31038,BAMGANIE,NSW,,10196,80,BAMGANIE|NSW,BALGOWNIE|NSW
31038,BAMGANIE,NSW,,10207,78,BAMGANIE|NSW,BALMAIN|NSW
31038,BAMGANIE,NSW,,10253,78,BAMGANIE|NSW,BARIGAN|NSW
31044,CARGERIE,NSW,,10915,82,CARGERIE|NSW,CADGEE|NSW
31044,CARGERIE,NSW,,11015,82,CARGERIE|NSW,CARRAI|NSW
31044,CARGERIE,NSW,,11930,82,CARGERIE|NSW,GEURIE|NSW
31046,ELAINE,NSW,,11712,82,ELAINE|NSW,ENGADINE|NSW
31046,ELAINE,NSW,,10054,80,ELAINE|NSW,ALPINE|NSW
31046,ELAINE,NSW,,11677,80,ELAINE|NSW,ELANDS|NSW
31048,MORRISONS,NSW,,13282,80,MORRISONS|NSW,MORISSET|NSW
31048,MORRISONS,NSW,,13286,78,MORRISONS|NSW,MORORO|NSW
31048,MORRISONS,NSW,,13290,78,MORRISONS|NSW,MORTON|NSW
31052,BONNIE BROOK,NSW,,20345,81,BONNIE BROOK|NSW,BONNIE BROOK|VIC
31052,BONNIE BROOK,NSW,,50162,80,BONNIE BROOK|NSW,BONNIE ROCK|WA
31052,BONNIE BROOK,NSW,,10335,76,BONNIE BROOK|NSW,BELLBROOK|NSW
31054,GRANGEFIELDS,NSW,,10672,83,GRANGEFIELDS|NSW,BRAEFIELD|NSW
31054,GRANGEFIELDS,NSW,,21287,81,GRANGEFIELDS|NSW,GRANGEFIELDS|VIC
31054,GRANGEFIELDS,NSW,,10671,76,GRANGEFIELDS|NSW,BRADFIELD|NSW
31056,ROCKBANK,NSW,,14100,83,ROCKBANK|NSW,ROSEBANK|NSW
31056,ROCKBANK,NSW,,13695,80,ROCKBANK|NSW,OBAN|NSW
31056,ROCKBANK,NSW,,14022,78,ROCKBANK|NSW,REDBANK|NSW
31058,THORNHILL PARK,NSW,,15292,83,THORNHILL PARK|NSW,WETHERILL PARK|NSW
31058,THORNHILL PARK,NSW,,23035,78,THORNHILL PARK|NSW,THORNHILL PARK|VIC
31058,THORNHILL PARK,NSW,,15293,77,THORNHILL PARK|NSW,WETHERILL PARK BC|NSW
31060,AINTREE,NSW,,11818,82,AINTREE|NSW,FIGTREE|NSW
31060,AINTREE,NSW,,10022,78,AINTREE|NSW,AFTERLEE|NSW
31060,AINTREE,NSW,,10101,78,AINTREE|NSW,ARMATREE|NSW
31062,DEANSIDE,NSW,,10152,83,DEANSIDE|NSW,AVONSIDE|NSW
31062,DEANSIDE,NSW,,11547,83,DEANSIDE|NSW,DOONSIDE|NSW
31062,DEANSIDE,NSW,,11559,83,DEANSIDE|NSW,DOWNSIDE|NSW
31064,FRASER RISE,NSW,,11867,73,FRASER RISE|NSW,FRAZER PARK|NSW
31064,FRASER RISE,NSW,,14049,73,FRASER RISE|NSW,RHINE FALLS|NSW
31064,FRASER RISE,NSW,,21130,73,FRASER RISE|NSW,FRASER RISE|VIC
31066,HARKNESS,NSW,,12250,77,HARKNESS|NSW,HAWKS NEST|NSW
31066,HARKNESS,NSW,,10099,75,HARKNESS|NSW,ARKSTONE|NSW
31066,HARKNESS,NSW,,21358,75,HARKNESS|NSW,HARKNESS|VIC
31068,KURUNJANG,NSW,,12189,83,KURUNJANG|NSW,GURNANG|NSW
31068,KURUNJANG,NSW,,12190,77,KURUNJANG|NSW,GURRANANG|NSW
31068,KURUNJANG,NSW,,12670,77,KURUNJANG|NSW,KUNDABUNG|NSW
31072,MELTON WEST,NSW,,15267,80,MELTON WEST|NSW,WEST HOXTON|NSW
31072,MELTON WEST,NSW,,21973,80,MELTON WEST|NSW,MELTON WEST|VIC
31072,MELTON WEST,NSW,,11502,79,MELTON WEST|NSW,DENISTONE WEST|NSW
31074,TOOLERN VALE,NSW,,13751,80,TOOLERN VALE|NSW,OXLEY VALE|NSW
31074,TOOLERN VALE,NSW,,14792,79,TOOLERN VALE|NSW,THE VALE|NSW
31074,TOOLERN VALE,NSW,,23067,75,TOOLERN VALE|NSW,TOOLERN VALE|VIC
31077,COBBLEBANK,NSW,,20702,79,COBBLEBANK|NSW,COBBLEBANK|VIC
31077,COBBLEBANK,NSW,,11255,77,COBBLEBANK|NSW,COOLEMAN|NSW
31077,COBBLEBANK,NSW,,11158,75,COBBLEBANK|NSW,COBAKI|NSW
31081,EYNESBURY,NSW,,21068,77,EYNESBURY|NSW,EYNESBURY|VIC
31081,EYNESBURY,NSW,,10113,75,EYNESBURY|NSW,ASHBURY|NSW
31081,EYNESBURY,NSW,,12530,75,EYNESBURY|NSW,KENEBRI|NSW
31085,STRATHTULLOH,NSW,,22879,75,STRATHTULLOH|NSW,STRATHTULLOH|VIC
31085,STRATHTULLOH,NSW,,14425,71,STRATHTULLOH|NSW,STRATHFIELD|NSW
31085,STRATHTULLOH,NSW,,15480,71,STRATHTULLOH|NSW,WRATHALL|NSW
31087,WEIR VIEWS,NSW,,23307,79,WEIR VIEWS|NSW,WEIR VIEWS|VIC
31087,WEIR VIEWS,NSW,,14963,69,WEIR VIEWS|NSW,TWIN RIVERS|NSW
31087,WEIR VIEWS,NSW,,51630,69,WEIR VIEWS|NSW,SWAN VIEW|WA
31089,BACCHUS MARSH,NSW,,20110,82,BACCHUS MARSH|NSW,BACCHUS MARSH|VIC
31089,BACCHUS MARSH,NSW,,13434,71,BACCHUS MARSH|NSW,MURRAYS BEACH|NSW
31089,BACCHUS MARSH,NSW,,12929,70,BACCHUS MARSH|NSW,MACMASTERS BEACH|NSW
31095,COIMADAI,NSW,,11205,82,COIMADAI|NSW,COMARA|NSW
31095,COIMADAI,NSW,,11207,78,COIMADAI|NSW,COMBARA|NSW
31095,COIMADAI,NSW,,11266,77,COIMADAI|NSW,COOMBADJHA|NSW
31104,MADDINGLEY,NSW,,12446,79,MADDINGLEY|NSW,JIMARINGLE|NSW
31104,MADDINGLEY,NSW,,21874,79,MADDINGLEY|NSW,MADDINGLEY|VIC
31104,MADDINGLEY,NSW,,12982,78,MADDINGLEY|NSW,MANLY|NSW
31106,MERRIMU,NSW,,13102,83,MERRIMU|NSW,MERIMBULA|NSW
31106,MERRIMU,NSW,,10396,82,MERRIMU|NSW,BERRIMA|NSW
31106,MERRIMU,NSW,,13112,82,MERRIMU|NSW,MERRILL|NSW
31115,KOROBEIT,NSW,,12626,76,KOROBEIT|NSW,KLORI|NSW
31115,KOROBEIT,NSW,,12637,76,KOROBEIT|NSW,KOOBA|NSW
31115,KOROBEIT,NSW,,13240,76,KOROBEIT|NSW,MOOBI|NSW
31117,MYRNIONG,NSW,,11624,78,MYRNIONG|NSW,DYRRING|NSW
31117,MYRNIONG,NSW,,12501,78,MYRNIONG|NSW,KARIONG|NSW
31117,MYRNIONG,NSW,,13056,78,MYRNIONG|NSW,MAYRUNG|NSW
31123,BEREMBOKE,NSW,,10351,83,BEREMBOKE|NSW,BEMBOKA|NSW
31123,BEREMBOKE,NSW,,10727,82,BEREMBOKE|NSW,BROKE|NSW
31123,BEREMBOKE,NSW,,10689,78,BEREMBOKE|NSW,BREDBO|NSW
31127,BUNDING,NSW,,10661,82,BUNDING|NSW,BOWNING|NSW
31127,BUNDING,NSW,,10785,82,BUNDING|NSW,BUDDONG|NSW
31127,BUNDING,NSW,,10789,82,BUNDING|NSW,BUDGONG|NSW
31131,DURDIDWARRAH,NSW,,20975,81,DURDIDWARRAH|NSW,DURDIDWARRAH|VIC
31131,DURDIDWARRAH,NSW,,11391,76,DURDIDWARRAH|NSW,CUDMIRRAH|NSW
31131,DURDIDWARRAH,NSW,,10821,71,DURDIDWARRAH|NSW,BUNDABURRAH|NSW
31133,FISKVILLE,NSW,,12823,81,FISKVILLE|NSW,LIONSVILLE|NSW
31133,FISKVILLE,NSW,,13160,81,FISKVILLE|NSW,MILLSVILLE|NSW
31133,FISKVILLE,NSW,,10124,80,FISKVILLE|NSW,ASHVILLE|NSW
31137,MOUNT WALLACE,NSW,,22188,82,MOUNT WALLACE|NSW,MOUNT WALLACE|VIC
31137,MOUNT WALLACE,NSW,,13354,80,MOUNT WALLACE|NSW,MOUNT RAE|NSW
31137,MOUNT WALLACE,NSW,,13348,75,MOUNT WALLACE|NSW,MOUNT OLIVE|NSW
31142,BAKERY HILL,NSW,,10474,83,BAKERY HILL|NSW,BLACK HILL|NSW
31142,BAKERY HILL,NSW,,11785,83,BAKERY HILL|NSW,FAIRY HILL|NSW
31142,BAKERY HILL,NSW,,50058,83,BAKERY HILL|NSW,BAKERS HILL|WA
31150,BALLARAT NORTH,NSW,,20133,83,BALLARAT NORTH|NSW,BALLARAT NORTH|VIC
31150,BALLARAT NORTH,NSW,,13588,81,BALLARAT NORTH|NSW,NORTH BALGOWLAH|NSW
31150,BALLARAT NORTH,NSW,,13585,77,BALLARAT NORTH|NSW,NORTH ARM|NSW
31160,GOLDEN POINT,NSW,,12105,84,GOLDEN POINT|NSW,GREEN POINT|NSW
31160,GOLDEN POINT,NSW,,10554,81,GOLDEN POINT|NSW,BOLTON POINT|NSW
31160,GOLDEN POINT,NSW,,11154,80,GOLDEN POINT|NSW,COAL POINT|NSW
31162,INVERMAY PARK,NSW,,10682,80,INVERMAY PARK|NSW,BRAY PARK|NSW
31162,INVERMAY PARK,NSW,,10402,77,INVERMAY PARK|NSW,BERRY PARK|NSW
31162,INVERMAY PARK,NSW,,10407,76,INVERMAY PARK|NSW,BEVERLEY PARK|NSW
31164,LAKE WENDOUREE,NSW,,21736,83,LAKE WENDOUREE|NSW,LAKE WENDOUREE|VIC
31164,LAKE WENDOUREE,NSW,,12717,74,LAKE WENDOUREE|NSW,LAKE TABOURIE|NSW
31164,LAKE WENDOUREE,NSW,,15415,71,LAKE WENDOUREE|NSW,WONBOYN LAKE|NSW
31166,LUCAS,NSW,,10770,78,LUCAS|NSW,BUCCA|NSW
31166,LUCAS,NSW,,12380,78,LUCAS|NSW,ILUKA|NSW
31166,LUCAS,NSW,,12747,78,LUCAS|NSW,LARGS|NSW
31178,SOLDIERS HILL,NSW,,14261,82,SOLDIERS HILL|NSW,SHOOTERS HILL|NSW
31178,SOLDIERS HILL,NSW,,33179,82,SOLDIERS HILL|NSW,SOLDIERS HILL|QLD
31178,SOLDIERS HILL,NSW,,13712,76,SOLDIERS HILL|NSW,OLD MILL|NSW
31180,SOVEREIGN HILL,NSW,,14232,79,SOVEREIGN HILL|NSW,SEVEN HILLS|NSW
31180,SOVEREIGN HILL,NSW,,14350,79,SOVEREIGN HILL|NSW,SPRING HILL|NSW
31180,SOVEREIGN HILL,NSW,,22796,78,SOVEREIGN HILL|NSW,SOVEREIGN HILL|VIC
31184,BO PEEP,NSW,,13829,74,BO PEEP|NSW,PEEL|NSW
31184,BO PEEP,NSW,,13960,70,BO PEEP|NSW,PYREE|NSW
31184,BO PEEP,NSW,,10356,67,BO PEEP|NSW,BEN VENUE|NSW
31186,CAPE CLEAR,NSW,,20565,79,CAPE CLEAR|NSW,CAPE CLEAR|VIC
31186,CAPE CLEAR,NSW,,10923,75,CAPE CLEAR|NSW,CALARE|NSW
31186,CAPE CLEAR,NSW,,10983,75,CAPE CLEAR|NSW,CAPEEN|NSW
31190,CHEPSTOWE,NSW,,11086,79,CHEPSTOWE|NSW,CHARLESTOWN|NSW
31190,CHEPSTOWE,NSW,,20648,77,CHEPSTOWE|NSW,CHEPSTOWE|VIC
31190,CHEPSTOWE,NSW,,11106,74,CHEPSTOWE|NSW,CHICHESTER|NSW
31192,HADDON,NSW,,10215,80,HADDON|NSW,BANDON|NSW
31192,HADDON,NSW,,10417,80,HADDON|NSW,BIDDON|NSW
31192,HADDON,NSW,,12210,80,HADDON|NSW,HALTON|NSW
31199,LAKE BOLAC,NSW,,12707,80,LAKE BOLAC|NSW,LAKE CONJOLA|NSW
31199,LAKE BOLAC,NSW,,12708,79,LAKE BOLAC|NSW,LAKE COWAL|NSW
31199,LAKE BOLAC,NSW,,21713,79,LAKE BOLAC|NSW,LAKE BOLAC|VIC
31201,MININERA,NSW,,10447,78,MININERA|NSW,BINDERA|NSW
31201,MININERA,NSW,,12453,78,MININERA|NSW,JINDERA|NSW
31201,MININERA,NSW,,12455,78,MININERA|NSW,JINGERA|NSW
31203,MORTCHUP,NSW,,13287,78,MORTCHUP|NSW,MORPETH|NSW
31203,MORTCHUP,NSW,,12023,76,MORTCHUP|NSW,GOCUP|NSW
31203,MORTCHUP,NSW,,12994,76,MORTCHUP|NSW,MARCH|NSW
31207,NERRIN NERRIN,NSW,,22304,82,NERRIN NERRIN|NSW,NERRIN NERRIN|VIC
31207,NERRIN NERRIN,NSW,,51256,79,NERRIN NERRIN|NSW,NERREN NERREN|WA
31207,NERRIN NERRIN,NSW,,12540,73,NERRIN NERRIN|NSW,KERI KERI|NSW
31209,NINTINGBOOL,NSW,,22338,80,NINTINGBOOL|NSW,NINTINGBOOL|VIC
31209,NINTINGBOOL,NSW,,13178,74,NINTINGBOOL|NSW,MINGOOLA|NSW
31209,NINTINGBOOL,NSW,,12357,73,NINTINGBOOL|NSW,HUNTINGWOOD|NSW
31211,PIGGOREET,NSW,,13867,77,PIGGOREET|NSW,PIGGABEEN|NSW
31211,PIGGOREET,NSW,,13890,73,PIGGOREET|NSW,PIORA|NSW
31211,PIGGOREET,NSW,,13960,73,PIGGOREET|NSW,PYREE|NSW
31215,ROKEWOOD JUNCTION,NSW,,22637,81,ROKEWOOD JUNCTION|NSW,ROKEWOOD JUNCTION|VIC
31215,ROKEWOOD JUNCTION,NSW,,14905,79,ROKEWOOD JUNCTION|NSW,TROY JUNCTION|NSW
31215,ROKEWOOD JUNCTION,NSW,,14772,76,ROKEWOOD JUNCTION|NSW,THE JUNCTION|NSW
31219,SCARSDALE,NSW,,14107,80,SCARSDALE|NSW,ROSEDALE|NSW
31219,SCARSDALE,NSW,,14689,80,SCARSDALE|NSW,TARADALE|NSW
31219,SCARSDALE,NSW,,14036,77,SCARSDALE|NSW,REIDSDALE|NSW
31223,SMYTHESDALE,NSW,,14107,74,SMYTHESDALE|NSW,ROSEDALE|NSW
31223,SMYTHESDALE,NSW,,14792,74,SMYTHESDALE|NSW,THE VALE|NSW
31223,SMYTHESDALE,NSW,,15283,74,SMYTHESDALE|NSW,WESTDALE|NSW
31229,STAFFORDSHIRE REEF,NSW,,22840,82,STAFFORDSHIRE REEF|NSW,STAFFORDSHIRE REEF|VIC
31229,STAFFORDSHIRE REEF,NSW,,14421,63,STAFFORDSHIRE REEF|NSW,STRATFORD|NSW
31229,STAFFORDSHIRE REEF,NSW,,14024,61,STAFFORDSHIRE REEF|NSW,REDDESTONE|NSW
31233,WALLINDUC,NSW,,15116,80,WALLINDUC|NSW,WALLSEND|NSW
31233,WALLINDUC,NSW,,15114,77,WALLINDUC|NSW,WALLINGAT|NSW
31233,WALLINDUC,NSW,,23210,77,WALLINDUC|NSW,WALLINDUC|VIC
31235,WESTMERE,NSW,,15287,83,WESTMERE|NSW,WESTMEAD|NSW
31235,WESTMERE,NSW,,15358,77,WESTMERE|NSW,WINDERMERE|NSW
31235,WESTMERE,NSW,,13739,75,WESTMERE|NSW,OSTERLEY|NSW
31241,BARKSTEAD,NSW,,10099,80,BARKSTEAD|NSW,ARKSTONE|NSW
31241,BARKSTEAD,NSW,,10224,79,BARKSTEAD|NSW,BANKSMEADOW|NSW
31241,BARKSTEAD,NSW,,20175,77,BARKSTEAD|NSW,BARKSTEAD|VIC
31243,BLOWHARD,NSW,,10323,78,BLOWHARD|NSW,BELFORD|NSW
31243,BLOWHARD,NSW,,10348,78,BLOWHARD|NSW,BELOWRA|NSW
31243,BLOWHARD,NSW,,12911,78,BLOWHARD|NSW,LOWTHER|NSW
31248,BREWSTER,NSW,,12703,83,BREWSTER|NSW,LAKE BREWSTER|NSW
31248,BREWSTER,NSW,,11856,78,BREWSTER|NSW,FORSTER|NSW
31248,BREWSTER,NSW,,10715,77,BREWSTER|NSW,BROADWATER|NSW
31254,BUNKERS HILL,NSW,,10764,81,BUNKERS HILL|NSW,BRUNKERVILLE|NSW
31254,BUNKERS HILL,NSW,,20495,81,BUNKERS HILL|NSW,BUNKERS HILL|VIC
31254,BUNKERS HILL,NSW,,50058,80,BUNKERS HILL|NSW,BAKERS HILL|WA
31256,BURRUMBEET,NSW,,20511,79,BURRUMBEET|NSW,BURRUMBEET|VIC
31256,BURRUMBEET,NSW,,10882,77,BURRUMBEET|NSW,BURRUMBUTTOCK|NSW
31256,BURRUMBEET,NSW,,13442,77,BURRUMBEET|NSW,MURRUMBO|NSW
31258,CAMBRIAN HILL,NSW,,20547,82,CAMBRIAN HILL|NSW,CAMBRIAN HILL|VIC
31258,CAMBRIAN HILL,NSW,,10676,81,CAMBRIAN HILL|NSW,BRANDY HILL|NSW
31258,CAMBRIAN HILL,NSW,,11008,81,CAMBRIAN HILL|NSW,CARNES HILL|NSW
31264,CHAPEL FLAT,NSW,,20634,80,CHAPEL FLAT|NSW,CHAPEL FLAT|VIC
31264,CHAPEL FLAT,NSW,,10920,77,CHAPEL FLAT|NSW,CAL LAL|NSW
31264,CHAPEL FLAT,NSW,,10928,77,CHAPEL FLAT|NSW,CALIFAT|NSW
31272,CORINDHAP,NSW,,10999,83,CORINDHAP|NSW,CARINDA|NSW
31272,CORINDHAP,NSW,,11309,80,CORINDHAP|NSW,CORNDALE|NSW
31272,CORINDHAP,NSW,,11191,77,CORINDHAP|NSW,COLLERINA|NSW
31276,DEREEL,NSW,,11599,82,DEREEL|NSW,DUNGEREE|NSW
31276,DEREEL,NSW,,10366,76,DEREEL|NSW,BENEREE|NSW
31276,DEREEL,NSW,,11802,76,DEREEL|NSW,FEDERAL|NSW
31278,DUNNSTOWN,NSW,,11601,80,DUNNSTOWN|NSW,DUNGOWAN|NSW
31278,DUNNSTOWN,NSW,,11605,78,DUNNSTOWN|NSW,DUNOON|NSW
31278,DUNNSTOWN,NSW,,11768,78,DUNNSTOWN|NSW,EUSTON|NSW
31280,DURHAM LEAD,NSW,,20976,80,DURHAM LEAD|NSW,DURHAM LEAD|VIC
31280,DURHAM LEAD,NSW,,11609,75,DURHAM LEAD|NSW,DURAL|NSW
31280,DURHAM LEAD,NSW,,11611,74,DURHAM LEAD|NSW,DURAMANA|NSW
31283,ERCILDOUNE,NSW,,21049,79,ERCILDOUNE|NSW,ERCILDOUNE|VIC
31283,ERCILDOUNE,NSW,,11149,75,ERCILDOUNE|NSW,CLUNES|NSW
31283,ERCILDOUNE,NSW,,13521,72,ERCILDOUNE|NSW,NERICON|NSW
31285,GARIBALDI,NSW,,21151,77,GARIBALDI|NSW,GARIBALDI|VIC
31285,GARIBALDI,NSW,,10087,75,GARIBALDI|NSW,ARCADIA|NSW
31285,GARIBALDI,NSW,,11906,75,GARIBALDI|NSW,GARLAND|NSW
31295,INVERMAY,NSW,,60306,83,INVERMAY|NSW,INVERMAY|TAS
31295,INVERMAY,NSW,,10447,78,INVERMAY|NSW,BINDERA|NSW
31295,INVERMAY,NSW,,12453,78,INVERMAY|NSW,JINDERA|NSW
31299,LAMPLOUGH,NSW,,21743,77,LAMPLOUGH|NSW,LAMPLOUGH|VIC
31299,LAMPLOUGH,NSW,,12885,73,LAMPLOUGH|NSW,LOUTH|NSW
31299,LAMPLOUGH,NSW,,11687,72,LAMPLOUGH|NSW,ELLALONG|NSW
31301,LANGI KAL KAL,NSW,,21752,82,LANGI KAL KAL|NSW,LANGI KAL KAL|VIC
31301,LANGI KAL KAL,NSW,,12475,74,LANGI KAL KAL|NSW,KALANG|NSW
31301,LANGI KAL KAL,NSW,,12204,71,LANGI KAL KAL|NSW,HALEKULANI|NSW
31309,MAGPIE,NSW,,10054,80,MAGPIE|NSW,ALPINE|NSW
31309,MAGPIE,NSW,,10964,76,MAGPIE|NSW,CAMPSIE|NSW
31309,MAGPIE,NSW,,11342,76,MAGPIE|NSW,CRAIGIE|NSW
31313,MINERS REST,NSW,,14376,77,MINERS REST|NSW,ST IVES|NSW
31313,MINERS REST,NSW,,14382,74,MINERS REST|NSW,ST MARYS|NSW
31313,MINERS REST,NSW,,22031,73,MINERS REST|NSW,MINERS REST|VIC
31315,MITCHELL PARK,NSW,,13197,83,MITCHELL PARK|NSW,MITCHELL|NSW
31315,MITCHELL PARK,NSW,,13065,80,MITCHELL PARK|NSW,MCKELLARS PARK|NSW
31315,MITCHELL PARK,NSW,,11222,79,MITCHELL PARK|NSW,CONDELL PARK|NSW
31317,MOLLONGGHIP,NSW,,13220,80,MOLLONGGHIP|NSW,MOLONG|NSW
31317,MOLLONGGHIP,NSW,,22074,80,MOLLONGGHIP|NSW,MOLLONGGHIP|VIC
31317,MOLLONGGHIP,NSW,,13086,77,MOLLONGGHIP|NSW,MELLONG|NSW
31321,MOUNT EGERTON,NSW,,22160,82,MOUNT EGERTON|NSW,MOUNT EGERTON|VIC
31321,MOUNT EGERTON,NSW,,11812,80,MOUNT EGERTON|NSW,FERNMOUNT|NSW
31321,MOUNT EGERTON,NSW,,13318,80,MOUNT EGERTON|NSW,MOUNT DEE|NSW
31323,MOUNT MERCER,NSW,,13318,83,MOUNT MERCER|NSW,MOUNT DEE|NSW
31323,MOUNT MERCER,NSW,,13314,81,MOUNT MERCER|NSW,MOUNT COOPER|NSW
31323,MOUNT MERCER,NSW,,13325,81,MOUNT MERCER|NSW,MOUNT GEORGE|NSW
31328,NAPOLEONS,NSW,,13482,80,NAPOLEONS|NSW,NAPOLEON REEF|NSW
31328,NAPOLEONS,NSW,,22261,77,NAPOLEONS|NSW,NAPOLEONS|VIC
31328,NAPOLEONS,NSW,,13575,73,NAPOLEONS|NSW,NOONA|NSW
31330,NAVIGATORS,NSW,,22288,79,NAVIGATORS|NSW,NAVIGATORS|VIC
31330,NAVIGATORS,NSW,,12756,74,NAVIGATORS|NSW,LAVINGTON|NSW
31330,NAVIGATORS,NSW,,13562,72,NAVIGATORS|NSW,NGARIGO|NSW
31332,POOTILLA,NSW,,13870,78,POOTILLA|NSW,PILLIGA|NSW
31332,POOTILLA,NSW,,13928,77,POOTILLA|NSW,POTTSVILLE|NSW
31332,POOTILLA,NSW,,13722,76,POOTILLA|NSW,OOTHA|NSW
31334,SCOTCHMANS LEAD,NSW,,14215,81,SCOTCHMANS LEAD|NSW,SCOTCHMAN|NSW
31334,SCOTCHMANS LEAD,NSW,,22702,79,SCOTCHMANS LEAD|NSW,SCOTCHMANS LEAD|VIC
31334,SCOTCHMANS LEAD,NSW,,14220,76,SCOTCHMANS LEAD|NSW,SCOTTS HEAD|NSW
31336,SCOTSBURN,NSW,,13737,75,SCOTSBURN|NSW,OSBORNE|NSW
31336,SCOTSBURN,NSW,,14203,73,SCOTSBURN|NSW,SATUR|NSW
31336,SCOTSBURN,NSW,,14214,73,SCOTSBURN|NSW,SCONE|NSW
31338,SPRINGBANK,NSW,,14361,83,SPRINGBANK|NSW,SPRINGRANGE|NSW
31338,SPRINGBANK,NSW,,14357,79,SPRINGBANK|NSW,SPRINGDALE|NSW
31338,SPRINGBANK,NSW,,14364,79,SPRINGBANK|NSW,SPRINGVALE|NSW
31340,SULKY,NSW,,15047,78,SULKY|NSW,UROLY|NSW
31340,SULKY,NSW,,14972,75,SULKY|NSW,UKI|NSW
31340,SULKY,NSW,,14116,74,SULKY|NSW,ROSLYN|NSW
31344,WARRENHEIP,NSW,,15175,83,WARRENHEIP|NSW,WARREN|NSW
31344,WARRENHEIP,NSW,,15176,79,WARRENHEIP|NSW,WARRENDINE|NSW
31344,WARRENHEIP,NSW,,23263,79,WARRENHEIP|NSW,WARRENHEIP|VIC
31348,WAUBRA,NSW,,15141,84,WAUBRA|NSW,WAPRA|NSW
31348,WAUBRA,NSW,,15122,82,WAUBRA|NSW,WAMBERAL|NSW
31348,WAUBRA,NSW,,15214,82,WAUBRA|NSW,WAUGORAH|NSW
31350,WEATHERBOARD,NSW,,23298,81,WEATHERBOARD|NSW,WEATHERBOARD|VIC
31350,WEATHERBOARD,NSW,,15578,74,WEATHERBOARD|NSW,YETHERA|NSW
31350,WEATHERBOARD,NSW,,14157,73,WEATHERBOARD|NSW,RUTHERFORD|NSW
31352,WERNETH,NSW,,13697,76,WERNETH|NSW,OBERNE|NSW
31352,WERNETH,NSW,,15232,75,WERNETH|NSW,WEETHALLE|NSW
31352,WERNETH,NSW,,15243,75,WERNETH|NSW,WENTWORTH|NSW
31355,YENDON,NSW,,15568,84,YENDON|NSW,YENDA|NSW
31355,YENDON,NSW,,15569,84,YENDON|NSW,YENGO|NSW
31355,YENDON,NSW,,14186,80,YENDON|NSW,SANDON|NSW
31357,BALLARAT MC,NSW,,20132,80,BALLARAT MC|NSW,BALLARAT MC|VIC
31357,BALLARAT MC,NSW,,10199,76,BALLARAT MC|NSW,BALLADORAN|NSW
31357,BALLARAT MC,NSW,,10205,76,BALLARAT MC|NSW,BALLINA DC|NSW
31359,LAKE GARDENS,NSW,,21721,81,LAKE GARDENS|NSW,LAKE GARDENS|VIC
31359,LAKE GARDENS,NSW,,12710,80,LAKE GARDENS|NSW,LAKE HAVEN|NSW
31359,LAKE GARDENS,NSW,,12709,77,LAKE GARDENS|NSW,LAKE GEORGE|NSW
31361,WENDOUREE,NSW,,15242,80,WENDOUREE|NSW,WENDOREE PARK|NSW
31361,WENDOUREE,NSW,,23312,77,WENDOUREE|NSW,WENDOUREE|VIC
31361,WENDOUREE,NSW,,15363,75,WENDOUREE|NSW,WINDSOR|NSW
31369,BUNINYONG,NSW,,10445,80,BUNINYONG|NSW,BINALONG|NSW
31369,BUNINYONG,NSW,,10847,78,BUNINYONG|NSW,BUNNAN|NSW
31369,BUNINYONG,NSW,,10849,78,BUNINYONG|NSW,BUNYAN|NSW
31371,SCOTSMANS LEAD,NSW,,14220,79,SCOTSMANS LEAD|NSW,SCOTTS HEAD|NSW
31371,SCOTSMANS LEAD,NSW,,22704,78,SCOTSMANS LEAD|NSW,SCOTSMANS LEAD|VIC
31371,SCOTSMANS LEAD,NSW,,14217,76,SCOTSMANS LEAD|NSW,SCOTLAND ISLAND|NSW
31375,WINTER VALLEY,NSW,,15348,80,WINTER VALLEY|NSW,WILSONS VALLEY|NSW
31375,WINTER VALLEY,NSW,,41949,79,WINTER VALLEY|NSW,WHITES VALLEY|SA
31375,WINTER VALLEY,NSW,,15390,76,WINTER VALLEY|NSW,WOLGAN VALLEY|NSW
31379,MANNIBADAR,NSW,,21902,79,MANNIBADAR|NSW,MANNIBADAR|VIC
31379,MANNIBADAR,NSW,,12966,78,MANNIBADAR|NSW,MANAR|NSW
31379,MANNIBADAR,NSW,,12943,77,MANNIBADAR|NSW,MAIANBAR|NSW
31383,WILLOWVALE,NSW,,15328,80,WILLOWVALE|NSW,WILLALA|NSW
31383,WILLOWVALE,NSW,,33790,79,WILLOWVALE|NSW,WILLOWVALE|QLD
31383,WILLOWVALE,NSW,,23366,79,WILLOWVALE|NSW,WILLOWVALE|VIC
31385,BRADVALE,NSW,,10201,83,BRADVALE|NSW,BALLDALE|NSW
31385,BRADVALE,NSW,,10685,81,BRADVALE|NSW,BREADALBANE|NSW
31385,BRADVALE,NSW,,10059,80,BRADVALE|NSW,AMBARVALE|NSW
31389,SKIPTON,NSW,,14410,78,SKIPTON|NSW,STOCKTON|NSW
31389,SKIPTON,NSW,,13815,76,SKIPTON|NSW,PAXTON|NSW
31389,SKIPTON,NSW,,13834,76,SKIPTON|NSW,PELTON|NSW
31391,CRESWICK,NSW,,11116,83,CRESWICK|NSW,CHISWICK|NSW
31391,CRESWICK,NSW,,11019,78,CRESWICK|NSW,CARRICK|NSW
31391,CRESWICK,NSW,,11075,75,CRESWICK|NSW,CESSNOCK|NSW
31393,CRESWICK NORTH,NSW,,20803,83,CRESWICK NORTH|NSW,CRESWICK NORTH|VIC
31393,CRESWICK NORTH,NSW,,13594,76,CRESWICK NORTH|NSW,NORTH CASINO|NSW
31393,CRESWICK NORTH,NSW,,11616,71,CRESWICK NORTH|NSW,DURRAS NORTH|NSW
31397,LANGDONS HILL,NSW,,21751,82,LANGDONS HILL|NSW,LANGDONS HILL|VIC
31397,LANGDONS HILL,NSW,,12591,77,LANGDONS HILL|NSW,KINGS HILL|NSW
31397,LANGDONS HILL,NSW,,12879,77,LANGDONS HILL|NSW,LORDS HILL|NSW
31399,MOUNT BECKWORTH,NSW,,22139,84,MOUNT BECKWORTH|NSW,MOUNT BECKWORTH|VIC
31399,MOUNT BECKWORTH,NSW,,13312,76,MOUNT BECKWORTH|NSW,MOUNT COLAH|NSW
31399,MOUNT BECKWORTH,NSW,,13309,74,MOUNT BECKWORTH|NSW,MOUNT ARTHUR|NSW
31401,TOURELLO,NSW,,14953,83,TOURELLO|NSW,TURRELLA|NSW
31401,TOURELLO,NSW,,14945,82,TOURELLO|NSW,TURILL|NSW
31401,TOURELLO,NSW,,14917,78,TOURELLO|NSW,TUELOGA|NSW
31408,BLAMPIED,NSW,,10964,78,BLAMPIED|NSW,CAMPSIE|NSW
31408,BLAMPIED,NSW,,10510,77,BLAMPIED|NSW,BLOOMFIELD|NSW
31408,BLAMPIED,NSW,,11704,77,BLAMPIED|NSW,EMPIRE BAY|NSW
31412,CABBAGE TREE,NSW,,10910,82,CABBAGE TREE|NSW,CABBAGE TREE ISLAND|NSW
31412,CABBAGE TREE,NSW,,20526,75,CABBAGE TREE|NSW,CABBAGE TREE|VIC
31412,CABBAGE TREE,NSW,,30597,74,CABBAGE TREE|NSW,CABBAGE TREE POINT|QLD
31425,KOOROOCHEANG,NSW,,21666,81,KOOROOCHEANG|NSW,KOOROOCHEANG|VIC
31425,KOOROOCHEANG,NSW,,10614,76,KOOROOCHEANG|NSW,BOOROLONG|NSW
31425,KOOROOCHEANG,NSW,,12644,76,KOOROOCHEANG|NSW,KOORAGANG|NSW
31428,MOUNT PROSPECT,NSW,,13939,80,MOUNT PROSPECT|NSW,PROSPECT|NSW
31428,MOUNT PROSPECT,NSW,,22179,78,MOUNT PROSPECT|NSW,MOUNT PROSPECT|VIC
31428,MOUNT PROSPECT,NSW,,13354,77,MOUNT PROSPECT|NSW,MOUNT RAE|NSW
31432,NEWLYN NORTH,NSW,,13606,84,NEWLYN NORTH|NSW,NORTH MANLY|NSW
31432,NEWLYN NORTH,NSW,,10412,81,NEWLYN NORTH|NSW,BEXLEY NORTH|NSW
31432,NEWLYN NORTH,NSW,,22321,81,NEWLYN NORTH|NSW,NEWLYN NORTH|VIC
31438,SMOKEY TOWN,NSW,,14298,74,SMOKEY TOWN|NSW,SOMERTON|NSW
31438,SMOKEY TOWN,NSW,,14410,74,SMOKEY TOWN|NSW,STOCKTON|NSW
31438,SMOKEY TOWN,NSW,,22770,73,SMOKEY TOWN|NSW,SMOKEY TOWN|VIC
31440,SMOKEYTOWN,NSW,,14298,77,SMOKEYTOWN|NSW,SOMERTON|NSW
31440,SMOKEYTOWN,NSW,,14410,77,SMOKEYTOWN|NSW,STOCKTON|NSW
31440,SMOKEYTOWN,NSW,,14228,75,SMOKEYTOWN|NSW,SEFTON|NSW
31442,SPRINGMOUNT,NSW,,13961,77,SPRINGMOUNT|NSW,PYRMONT|NSW
31442,SPRINGMOUNT,NSW,,14365,76,SPRINGMOUNT|NSW,SPRINGWOOD|NSW
31442,SPRINGMOUNT,NSW,,41676,74,SPRINGMOUNT|NSW,SPRINGTON|SA
31451,GLENGOWER,NSW,,11983,83,GLENGOWER|NSW,GLENCOE|NSW
31451,GLENGOWER,NSW,,11992,80,GLENGOWER|NSW,GLENERIN|NSW
31451,GLENGOWER,NSW,,11998,80,GLENGOWER|NSW,GLENMORE|NSW
31453,MOUNT CAMERON,NSW,,22148,82,MOUNT CAMERON|NSW,MOUNT CAMERON|VIC
31453,MOUNT CAMERON,NSW,,10953,80,MOUNT CAMERON|NSW,CAMERON CORNER|NSW
31453,MOUNT CAMERON,NSW,,11812,80,MOUNT CAMERON|NSW,FERNMOUNT|NSW
31455,AMHERST,NSW,,10287,78,AMHERST|NSW,BATHURST|NSW
31455,AMHERST,NSW,,10028,76,AMHERST|NSW,ALBERT|NSW
31455,AMHERST,NSW,,13104,76,AMHERST|NSW,MERNOT|NSW
31457,BURNBANK,NSW,,10847,82,BURNBANK|NSW,BUNNAN|NSW
31457,BURNBANK,NSW,,10849,82,BURNBANK|NSW,BUNYAN|NSW
31457,BURNBANK,NSW,,11416,82,BURNBANK|NSW,CURBAN|NSW
31459,CARALULUP,NSW,,20574,77,CARALULUP|NSW,CARALULUP|VIC
31459,CARALULUP,NSW,,10084,75,CARALULUP|NSW,ARALUEN|NSW
31459,CARALULUP,NSW,,10086,75,CARALULUP|NSW,ARATULA|NSW
31461,DUNACH,NSW,,11612,82,DUNACH|NSW,DURANBAH|NSW
31461,DUNACH,NSW,,10848,80,DUNACH|NSW,BUNYAH|NSW
31461,DUNACH,NSW,,11592,80,DUNACH|NSW,DUNDAS|NSW
31463,EVANSFORD,NSW,,10120,83,EVANSFORD|NSW,ASHFORD|NSW
31463,EVANSFORD,NSW,,10147,80,EVANSFORD|NSW,AVISFORD|NSW
31463,EVANSFORD,NSW,,12131,80,EVANSFORD|NSW,GRESFORD|NSW
31465,LILLICUR,NSW,,12571,75,LILLICUR|NSW,KILLCARE|NSW
31465,LILLICUR,NSW,,21795,75,LILLICUR|NSW,LILLICUR|VIC
31465,LILLICUR,NSW,,13154,73,LILLICUR|NSW,MILLER|NSW
31467,MOUNT GLASGOW,NSW,,22165,82,MOUNT GLASGOW|NSW,MOUNT GLASGOW|VIC
31467,MOUNT GLASGOW,NSW,,13375,78,MOUNT GLASGOW|NSW,MOUNTAIN LAGOON|NSW
31467,MOUNT GLASGOW,NSW,,13032,75,MOUNT GLASGOW|NSW,MARYS MOUNT|NSW
31469,RED LION,NSW,,12872,80,RED LION|NSW,LONG REEF|NSW
31469,RED LION,NSW,,12774,77,RED LION|NSW,LEMON TREE|NSW
31469,RED LION,NSW,,14018,75,RED LION|NSW,RED HILL|NSW
31472,TALBOT,NSW,,14702,84,TALBOT|NSW,TARLO|NSW
31472,TALBOT,NSW,,14656,82,TALBOT|NSW,TALBINGO|NSW
31472,TALBOT,NSW,,14668,80,TALBOT|NSW,TALOFA|NSW
31476,CHUTE,NSW,,12359,80,CHUTE|NSW,HUNTLEY|NSW
31476,CHUTE,NSW,,11435,76,CHUTE|NSW,CUTTAGEE|NSW
31476,CHUTE,NSW,,12916,75,CHUTE|NSW,LUE|NSW
31480,LAKE GOLDSMITH,NSW,,21722,83,LAKE GOLDSMITH|NSW,LAKE GOLDSMITH|VIC
31480,LAKE GOLDSMITH,NSW,,12070,73,LAKE GOLDSMITH|NSW,GOULDSVILLE|NSW
31480,LAKE GOLDSMITH,NSW,,12696,71,LAKE GOLDSMITH|NSW,LADYSMITH|NSW
31484,MAIN LEAD,NSW,,12133,81,MAIN LEAD|NSW,GRETA MAIN|NSW
31484,MAIN LEAD,NSW,,12945,80,MAIN LEAD|NSW,MAIN ARM|NSW
31484,MAIN LEAD,NSW,,11976,79,MAIN LEAD|NSW,GLEN MARTIN|NSW
31494,STOCKYARD HILL,NSW,,13734,80,STOCKYARD HILL|NSW,ORCHARD HILLS|NSW
31494,STOCKYARD HILL,NSW,,14440,79,STOCKYARD HILL|NSW,STROUD HILL|NSW
31494,STOCKYARD HILL,NSW,,22855,78,STOCKYARD HILL|NSW,STOCKYARD HILL|VIC
31498,TRAWALLA,NSW,,15036,82,TRAWALLA|NSW,URALLA|NSW
31498,TRAWALLA,NSW,,14924,81,TRAWALLA|NSW,TULLARWALLA|NSW
31498,TRAWALLA,NSW,,14141,78,TRAWALLA|NSW,ROYALLA|NSW
31501,GREAT WESTERN,NSW,,21307,82,GREAT WESTERN|NSW,GREAT WESTERN|VIC
31501,GREAT WESTERN,NSW,,12078,79,GREAT WESTERN|NSW,GRAFTON WEST|NSW
31501,GREAT WESTERN,NSW,,41938,75,GREAT WESTERN|NSW,WESTERN FLAT|SA
31505,BAYINDEEN,NSW,,10826,80,BAYINDEEN|NSW,BUNDEENA|NSW
31505,BAYINDEEN,NSW,,10215,78,BAYINDEEN|NSW,BANDON|NSW
31505,BAYINDEEN,NSW,,12452,78,BAYINDEEN|NSW,JINDEN|NSW
31509,MIDDLE CREEK,NSW,,13136,84,MIDDLE CREEK|NSW,MIDDLE COVE|NSW
31509,MIDDLE CREEK,NSW,,12763,83,MIDDLE CREEK|NSW,LEE CREEK|NSW
31509,MIDDLE CREEK,NSW,,11562,81,MIDDLE CREEK|NSW,DOYLES CREEK|NSW
31511,AMPHITHEATRE,NSW,,20046,81,AMPHITHEATRE|NSW,AMPHITHEATRE|VIC
31511,AMPHITHEATRE,NSW,,10101,71,AMPHITHEATRE|NSW,ARMATREE|NSW
31511,AMPHITHEATRE,NSW,,10470,67,AMPHITHEATRE|NSW,BITHRAMERE|NSW
31515,ARARAT EAST,NSW,,20063,80,ARARAT EAST|NSW,ARARAT EAST|VIC
31515,ARARAT EAST,NSW,,10104,75,ARARAT EAST|NSW,ARMIDALE EAST|NSW
31515,ARARAT EAST,NSW,,11316,75,ARARAT EAST|NSW,CORRIMAL EAST|NSW
31517,ARMSTRONG,NSW,,10099,80,ARMSTRONG|NSW,ARKSTONE|NSW
31517,ARMSTRONG,NSW,,10110,80,ARMSTRONG|NSW,ARTARMON|NSW
31517,ARMSTRONG,NSW,,13040,78,ARMSTRONG|NSW,MATONG|NSW
31527,DENICULL CREEK,NSW,,20886,83,DENICULL CREEK|NSW,DENICULL CREEK|VIC
31527,DENICULL CREEK,NSW,,11664,81,DENICULL CREEK|NSW,EDEN CREEK|NSW
31527,DENICULL CREEK,NSW,,12531,81,DENICULL CREEK|NSW,KENNAICLE CREEK|NSW
31529,DOBIE,NSW,,11618,80,DOBIE|NSW,DUSODIE|NSW
31529,DOBIE,NSW,,13076,80,DOBIE|NSW,MEDOWIE|NSW
31529,DOBIE,NSW,,10528,78,DOBIE|NSW,BOBIN|NSW
31531,DUNNEWORTHY,NSW,,20971,80,DUNNEWORTHY|NSW,DUNNEWORTHY|VIC
31531,DUNNEWORTHY,NSW,,11669,79,DUNNEWORTHY|NSW,EDGEWORTH|NSW
31531,DUNNEWORTHY,NSW,,13556,77,DUNNEWORTHY|NSW,NEWPORT|NSW
31533,EVERSLEY,NSW,,12508,83,EVERSLEY|NSW,KEARSLEY|NSW
31533,EVERSLEY,NSW,,11681,80,EVERSLEY|NSW,ELDERSLIE|NSW
31533,EVERSLEY,NSW,,11692,80,EVERSLEY|NSW,ELLERSLIE|NSW
31535,JALLUKUR,NSW,,21503,75,JALLUKUR|NSW,JALLUKUR|VIC
31535,JALLUKUR,NSW,,10031,73,JALLUKUR|NSW,ALBURY|NSW
31535,JALLUKUR,NSW,,10129,73,JALLUKUR|NSW,AUBURN|NSW
31537,LANGI LOGAN,NSW,,12698,80,LANGI LOGAN|NSW,LAGGAN|NSW
31537,LANGI LOGAN,NSW,,21753,80,LANGI LOGAN|NSW,LANGI LOGAN|VIC
31537,LANGI LOGAN,NSW,,11896,77,LANGI LOGAN|NSW,GAN GAN|NSW
31545,MOUNT LONARCH,NSW,,22170,82,MOUNT LONARCH|NSW,MOUNT LONARCH|VIC
31545,MOUNT LONARCH,NSW,,10606,81,MOUNT LONARCH|NSW,BOONA MOUNT|NSW
31545,MOUNT LONARCH,NSW,,13306,81,MOUNT LONARCH|NSW,MOUNT ADRAH|NSW
31549,NORVAL,NSW,,13649,84,NORVAL|NSW,NOWRA|NSW
31549,NORVAL,NSW,,10611,80,NORVAL|NSW,BOORAL|NSW
31549,NORVAL,NSW,,10662,80,NORVAL|NSW,BOWRAL|NSW
31551,RHYMNEY,NSW,,14630,76,RHYMNEY|NSW,SYDNEY|NSW
31551,RHYMNEY,NSW,,14004,75,RHYMNEY|NSW,RATHMINES|NSW
31551,RHYMNEY,NSW,,14159,74,RHYMNEY|NSW,RYAN|NSW
31554,ROSSBRIDGE,NSW,,14390,79,ROSSBRIDGE|NSW,STANBRIDGE|NSW
31554,ROSSBRIDGE,NSW,,14119,78,ROSSBRIDGE|NSW,ROSSI|NSW
31554,ROSSBRIDGE,NSW,,14101,77,ROSSBRIDGE|NSW,ROSEBERG|NSW
31562,YALLA-Y-POORA,NSW,,23479,76,YALLA-Y-POORA|NSW,YALLA-Y-POORA|VIC
31562,YALLA-Y-POORA,NSW,,14141,71,YALLA-Y-POORA|NSW,ROYALLA|NSW
31562,YALLA-Y-POORA,NSW,,13773,67,YALLA-Y-POORA|NSW,PALLAL|NSW
31568,MAFEKING,NSW,,12997,78,MAFEKING|NSW,MARENGO|NSW
31568,MAFEKING,NSW,,13085,78,MAFEKING|NSW,MELINGA|NSW
31568,MAFEKING,NSW,,13103,78,MAFEKING|NSW,MERINGO|NSW
31570,STAVELY,NSW,,14240,82,STAVELY|NSW,SHALVEY|NSW
31570,STAVELY,NSW,,15217,82,STAVELY|NSW,WAVERLY|NSW
31570,STAVELY,NSW,,13739,78,STAVELY|NSW,OSTERLEY|NSW
31574,WICKLIFFE,NSW,,15156,79,WICKLIFFE|NSW,WARNECLIFFE|NSW
31574,WICKLIFFE,NSW,,23350,77,WICKLIFFE|NSW,WICKLIFFE|VIC
31574,WICKLIFFE,NSW,,51859,74,WICKLIFFE|NSW,WITCHCLIFFE|WA
31578,WILLAURA NORTH,NSW,,23358,83,WILLAURA NORTH|NSW,WILLAURA NORTH|VIC
31578,WILLAURA NORTH,NSW,,13632,79,WILLAURA NORTH|NSW,NORTH WILLOUGHBY|NSW
31578,WILLAURA NORTH,NSW,,15340,79,WILLAURA NORTH|NSW,WILLOUGHBY NORTH|NSW
31580,BELLELLEN,NSW,,11394,80,BELLELLEN|NSW,CULLEN BULLEN|NSW
31580,BELLELLEN,NSW,,10338,77,BELLELLEN|NSW,BELLINGEN|NSW
31580,BELLELLEN,NSW,,10340,77,BELLELLEN|NSW,BELLTREES|NSW
31582,BRIDGE INN,NSW,,13438,84,BRIDGE INN|NSW,MURRIN BRIDGE|NSW
31582,BRIDGE INN,NSW,,10858,80,BRIDGE INN|NSW,BURNT BRIDGE|NSW
31582,BRIDGE INN,NSW,,12460,80,BRIDGE INN|NSW,JONES BRIDGE|NSW
31584,MOKEPILLY,NSW,,22070,77,MOKEPILLY|NSW,MOKEPILLY|VIC
31584,MOKEPILLY,NSW,,13112,75,MOKEPILLY|NSW,MERRILL|NSW
31584,MOKEPILLY,NSW,,13206,75,MOKEPILLY|NSW,MOGILLA|NSW
31588,STAWELL WEST,NSW,,14699,80,STAWELL WEST|NSW,TAREE WEST|NSW
31588,STAWELL WEST,NSW,,14398,79,STAWELL WEST|NSW,STANWELL TOPS|NSW
31588,STAWELL WEST,NSW,,22849,75,STAWELL WEST|NSW,STAWELL WEST|VIC
31590,WINJALLOK,NSW,,15369,80,WINJALLOK|NSW,WINGELLO|NSW
31590,WINJALLOK,NSW,,23380,77,WINJALLOK|NSW,WINJALLOK|VIC
31590,WINJALLOK,NSW,,15337,75,WINJALLOK|NSW,WILLMOT|NSW
31592,BARKLY,NSW,,10025,84,BARKLY|NSW,AIRLY|NSW
31592,BARKLY,NSW,,10274,84,BARKLY|NSW,BARRY|NSW
31592,BARKLY,NSW,,10257,82,BARKLY|NSW,BARNSLEY|NSW
31597,CALLAWADDA,NSW,,10047,80,CALLAWADDA|NSW,ALLAWAH|NSW
31597,CALLAWADDA,NSW,,20535,79,CALLAWADDA|NSW,CALLAWADDA|VIC
31597,CALLAWADDA,NSW,,10938,77,CALLAWADDA|NSW,CALWALLA|NSW
31601,CONCONGELLA,NSW,,20737,80,CONCONGELLA|NSW,CONCONGELLA|VIC
31601,CONCONGELLA,NSW,,11216,79,CONCONGELLA|NSW,COMOBELLA|NSW
31601,CONCONGELLA,NSW,,11268,79,CONCONGELLA|NSW,COOMEALLA|NSW
31603,DEEP LEAD,NSW,,20872,77,DEEP LEAD|NSW,DEEP LEAD|VIC
31603,DEEP LEAD,NSW,,10361,72,DEEP LEAD|NSW,BENDEELA|NSW
31603,DEEP LEAD,NSW,,11492,72,DEEP LEAD|NSW,DELEGATE|NSW
31607,GERMANIA,NSW,,12081,82,GERMANIA|NSW,GRAMAN|NSW
31607,GERMANIA,NSW,,12173,80,GERMANIA|NSW,GUNDERMAN|NSW
31607,GERMANIA,NSW,,11917,78,GERMANIA|NSW,GEMALLA|NSW
31615,JOEL JOEL,NSW,,21528,77,JOEL JOEL|NSW,JOEL JOEL|VIC
31615,JOEL JOEL,NSW,,12026,75,JOEL JOEL|NSW,GOL GOL|NSW
31615,JOEL JOEL,NSW,,12459,74,JOEL JOEL|NSW,JOLLY NOSE|NSW
31617,JOEL SOUTH,NSW,,11303,83,JOEL SOUTH|NSW,COREE SOUTH|NSW
31617,JOEL SOUTH,NSW,,10413,80,JOEL SOUTH|NSW,BEXLEY SOUTH|NSW
31617,JOEL SOUTH,NSW,,14307,80,JOEL SOUTH|NSW,SOUTH COOGEE|NSW
31619,KANYA,NSW,,12471,84,KANYA|NSW,KADINA|NSW
31619,KANYA,NSW,,12494,84,KANYA|NSW,KANWAL|NSW
31619,KANYA,NSW,,12506,84,KANYA|NSW,KAYUGA|NSW
31621,LAKE FYANS,NSW,,12710,79,LAKE FYANS|NSW,LAKE HAVEN|NSW
31621,LAKE FYANS,NSW,,12715,79,LAKE FYANS|NSW,LAKE INNES|NSW
31621,LAKE FYANS,NSW,,21720,79,LAKE FYANS|NSW,LAKE FYANS|VIC
31623,LAKE LONSDALE,NSW,,12740,83,LAKE LONSDALE|NSW,LANSDALE|NSW
31623,LAKE LONSDALE,NSW,,21724,82,LAKE LONSDALE|NSW,LAKE LONSDALE|VIC
31623,LAKE LONSDALE,NSW,,10151,76,LAKE LONSDALE|NSW,AVONDALE|NSW
31625,LUBECK,NSW,,12916,82,LUBECK|NSW,LUE|NSW
31625,LUBECK,NSW,,10307,80,LUBECK|NSW,BECKOM|NSW
31625,LUBECK,NSW,,12914,76,LUBECK|NSW,LUCKNOW|NSW
31627,MORRL MORRL,NSW,,22127,80,MORRL MORRL|NSW,MORRL MORRL|VIC
31627,MORRL MORRL,NSW,,13286,72,MORRL MORRL|NSW,MORORO|NSW
31627,MORRL MORRL,NSW,,12026,69,MORRL MORRL|NSW,GOL GOL|NSW
31634,ROSTRON,NSW,,14122,84,ROSTRON|NSW,ROTO|NSW
31634,ROSTRON,NSW,,14080,82,ROSTRON|NSW,ROCKTON|NSW
31634,ROSTRON,NSW,,13932,78,ROSTRON|NSW,PRESTONS|NSW
31640,WALLALOO EAST,NSW,,23207,82,WALLALOO EAST|NSW,WALLALOO EAST|VIC
31640,WALLALOO EAST,NSW,,11651,79,WALLALOO EAST|NSW,EAST WARDELL|NSW
31640,WALLALOO EAST,NSW,,15109,76,WALLALOO EAST|NSW,WALLAROO|NSW
31644,LANDSBOROUGH,NSW,,11690,81,LANDSBOROUGH|NSW,ELLENBOROUGH|NSW
31644,LANDSBOROUGH,NSW,,12295,81,LANDSBOROUGH|NSW,HILLSBOROUGH|NSW
31644,LANDSBOROUGH,NSW,,31992,81,LANDSBOROUGH|NSW,LANDSBOROUGH|QLD
31648,NAVARRE,NSW,,13470,78,NAVARRE|NSW,NACURRIE|NSW
31648,NAVARRE,NSW,,10923,76,NAVARRE|NSW,CALARE|NSW
31648,NAVARRE,NSW,,13484,76,NAVARRE|NSW,NARARA|NSW
31650,TULKARA,NSW,,14688,84,TULKARA|NSW,TARA|NSW
31650,TULKARA,NSW,,13657,82,TULKARA|NSW,NULKABA|NSW
31650,TULKARA,NSW,,14718,82,TULKARA|NSW,TELARAH|NSW
31652,WATTLE CREEK,NSW,,15494,84,WATTLE CREEK|NSW,WYLIE CREEK|NSW
31652,WATTLE CREEK,NSW,,14941,82,WATTLE CREEK|NSW,TUNTABLE CREEK|NSW
31652,WATTLE CREEK,NSW,,15208,81,WATTLE CREEK|NSW,WATTLE GROVE|NSW
31658,LEDCOURT,NSW,,12783,77,LEDCOURT|NSW,LETCHWORTH|NSW
31658,LEDCOURT,NSW,,12786,76,LEDCOURT|NSW,LEURA|NSW
31658,LEDCOURT,NSW,,12885,76,LEDCOURT|NSW,LOUTH|NSW
31660,RIACHELLA,NSW,,15557,80,RIACHELLA|NSW,YATHELLA|NSW
31660,RIACHELLA,NSW,,15036,78,RIACHELLA|NSW,URALLA|NSW
31660,RIACHELLA,NSW,,14052,77,RIACHELLA|NSW,RICHLANDS|NSW
31666,MARNOO WEST,NSW,,21919,80,MARNOO WEST|NSW,MARNOO WEST|VIC
31666,MARNOO WEST,NSW,,15266,76,MARNOO WEST|NSW,WEST HAVEN|NSW
31666,MARNOO WEST,NSW,,15269,76,MARNOO WEST|NSW,WEST NOWRA|NSW
31668,BANYENA,NSW,,10232,82,BANYENA|NSW,BANNABY|NSW
31668,BANYENA,NSW,,12990,82,BANYENA|NSW,MANYANA|NSW
31668,BANYENA,NSW,,10459,80,BANYENA|NSW,BINYA|NSW
31670,RUPANYUP,NSW,,13790,70,RUPANYUP|NSW,PANUARA|NSW
31670,RUPANYUP,NSW,,13814,70,RUPANYUP|NSW,PAUPONG|NSW
31670,RUPANYUP,NSW,,13987,70,RUPANYUP|NSW,RABY|NSW
31674,MURTOA,NSW,,13423,84,MURTOA|NSW,MURGA|NSW
31674,MURTOA,NSW,,11764,80,MURTOA|NSW,EUROKA|NSW
31674,MURTOA,NSW,,13290,80,MURTOA|NSW,MORTON|NSW
31676,BRIM,NSW,,10396,84,BRIM|NSW,BERRIMA|NSW
31676,BRIM,NSW,,10706,84,BRIM|NSW,BRIMBIN|NSW
31676,BRIM,NSW,,10442,82,BRIM|NSW,BIMBI|NSW
31678,BOOLITE,NSW,,10535,82,BOOLITE|NSW,BOCOBLE|NSW
31678,BOOLITE,NSW,,10603,80,BOOLITE|NSW,BOOMI|NSW
31678,BOOLITE,NSW,,10598,78,BOOLITE|NSW,BOOLIGAL|NSW
31680,MINYIP,NSW,,13181,84,MINYIP|NSW,MINMI|NSW
31680,MINYIP,NSW,,13176,80,MINYIP|NSW,MINGAY|NSW
31680,MINYIP,NSW,,12381,78,MINYIP|NSW,INDI|NSW
31684,AILSA,NSW,,13146,82,AILSA|NSW,MILA|NSW
31684,AILSA,NSW,,12248,80,AILSA|NSW,HAVILAH|NSW
31684,AILSA,NSW,,12980,80,AILSA|NSW,MANILLA|NSW
31686,ANGIP,NSW,,10971,84,ANGIP|NSW,CANGAI|NSW
31686,ANGIP,NSW,,12499,80,ANGIP|NSW,KARANGI|NSW
31686,ANGIP,NSW,,10072,78,ANGIP|NSW,ANGUS|NSW
31688,AUBREY,NSW,,10031,80,AUBREY|NSW,ALBURY|NSW
31688,AUBREY,NSW,,10129,80,AUBREY|NSW,AUBURN|NSW
31688,AUBREY,NSW,,10132,80,AUBREY|NSW,AUDLEY|NSW
31692,CANNUM,NSW,,12987,80,CANNUM|NSW,MANNUS|NSW
31692,CANNUM,NSW,,10898,76,CANNUM|NSW,BYANGUM|NSW
31692,CANNUM,NSW,,10977,76,CANNUM|NSW,CANONBA|NSW
31696,KELLALAC,NSW,,10331,78,KELLALAC|NSW,BELLATA|NSW
31696,KELLALAC,NSW,,12567,78,KELLALAC|NSW,KILLARA|NSW
31696,KELLALAC,NSW,,11687,75,KELLALAC|NSW,ELLALONG|NSW
31698,LAH,NSW,,11249,82,LAH|NSW,COOLAH|NSW
31698,LAH,NSW,,12551,80,LAH|NSW,KIAH|NSW
31698,LAH,NSW,,13146,80,LAH|NSW,MILA|NSW
31700,WARRACKNABEAL,NSW,,23253,82,WARRACKNABEAL|NSW,WARRACKNABEAL|VIC
31700,WARRACKNABEAL,NSW,,15162,77,WARRACKNABEAL|NSW,WARRAGAMBA|NSW
31700,WARRACKNABEAL,NSW,,15159,76,WARRACKNABEAL|NSW,WARRABAH|NSW
31702,WILKUR,NSW,,15345,82,WILKUR|NSW,WILLURAH|NSW
31702,WILKUR,NSW,,14820,70,WILKUR|NSW,TILBUSTER|NSW
31702,WILKUR,NSW,,15041,70,WILKUR|NSW,URAWILKIE|NSW
31704,WILLENABRINA,NSW,,15336,81,WILLENABRINA|NSW,WILLINA|NSW
31704,WILLENABRINA,NSW,,23359,81,WILLENABRINA|NSW,WILLENABRINA|VIC
31704,WILLENABRINA,NSW,,15106,80,WILLENABRINA|NSW,WALLARINGA|NSW
31706,BEULAH,NSW,,10797,84,BEULAH|NSW,BULGA|NSW
31706,BEULAH,NSW,,10801,84,BEULAH|NSW,BULLA|NSW
31706,BEULAH,NSW,,10806,82,BEULAH|NSW,BULLARAH|NSW
31710,REEDY DAM,NSW,,14015,72,REEDY DAM|NSW,RED HEAD|NSW
31710,REEDY DAM,NSW,,14697,72,REEDY DAM|NSW,TAREE DC|NSW
31710,REEDY DAM,NSW,,14029,71,REEDY DAM|NSW,REEDY CREEK|NSW
31715,HOPEVALE,NSW,,50746,77,HOPEVALE|NSW,HOPE VALLEY|WA
31715,HOPEVALE,NSW,,10965,75,HOPEVALE|NSW,CAMPVALE|NSW
31715,HOPEVALE,NSW,,11181,75,HOPEVALE|NSW,COLEDALE|NSW
31717,YARTO,NSW,,15550,84,YARTO|NSW,YARROW|NSW
31717,YARTO,NSW,,14122,82,YARTO|NSW,ROTO|NSW
31717,YARTO,NSW,,15505,80,YARTO|NSW,YADBORO|NSW
31719,JUNG,NSW,,12466,84,JUNG|NSW,JUGIONG|NSW
31719,JUNG,NSW,,10834,82,JUNG|NSW,BUNGA|NSW
31719,JUNG,NSW,,12469,82,JUNG|NSW,JUNEE|NSW
31721,LONGERENONG,NSW,,11695,80,LONGERENONG|NSW,ELONG ELONG|NSW
31721,LONGERENONG,NSW,,13523,80,LONGERENONG|NSW,NERONG|NSW
31721,LONGERENONG,NSW,,21834,80,LONGERENONG|NSW,LONGERENONG|VIC
42865,MELBOURNE,NSW,,12881,82,MELBOURNE|NSW,LORNE|NSW
42865,MELBOURNE,NSW,,10646,78,MELBOURNE|NSW,BOURKE|NSW
42865,MELBOURNE,NSW,,12918,78,MELBOURNE|NSW,LURNEA|NSW
42867,EAST MELBOURNE,NSW,,20992,83,EAST MELBOURNE|NSW,EAST MELBOURNE|VIC
42867,EAST MELBOURNE,NSW,,13281,81,EAST MELBOURNE|NSW,MOREE EAST|NSW
42867,EAST MELBOURNE,NSW,,11644,76,EAST MELBOURNE|NSW,EAST LISMORE|NSW
42869,WEST MELBOURNE,NSW,,23326,83,WEST MELBOURNE|NSW,WEST MELBOURNE|VIC
42869,WEST MELBOURNE,NSW,,15258,79,WEST MELBOURNE|NSW,WEST ALBURY|NSW
42869,WEST MELBOURNE,NSW,,10350,76,WEST MELBOURNE|NSW,BELROSE WEST|NSW
42871,ST KILDA ROAD CENTRAL,NSW,,22834,84,ST KILDA ROAD CENTRAL|NSW,ST KILDA ROAD CENTRAL|VIC
42871,ST KILDA ROAD CENTRAL,NSW,,11622,64,ST KILDA ROAD CENTRAL|NSW,DYRAABA CENTRAL|NSW
42871,ST KILDA ROAD CENTRAL,NSW,,11071,63,ST KILDA ROAD CENTRAL|NSW,CENTRAL COLO|NSW
42875,WORLD TRADE CENTRE,NSW,,23451,82,WORLD TRADE CENTRE|NSW,WORLD TRADE CENTRE|VIC
42875,WORLD TRADE CENTRE,NSW,,15471,67,WORLD TRADE CENTRE|NSW,WORLDS END|NSW
42875,WORLD TRADE CENTRE,NSW,,14761,63,WORLD TRADE CENTRE|NSW,THE ENTRANCE|NSW
42877,SOUTH WHARF,NSW,,14698,80,SOUTH WHARF|NSW,TAREE SOUTH|NSW
42877,SOUTH WHARF,NSW,,14332,75,SOUTH WHARF|NSW,SOUTH WINDSOR|NSW
42877,SOUTH WHARF,NSW,,14333,75,SOUTH WHARF|NSW,SOUTH WOLUMLA|NSW
42879,SOUTHBANK,NSW,,14334,79,SOUTHBANK|NSW,SOUTHAMPTON|NSW
42879,SOUTHBANK,NSW,,14215,77,SOUTHBANK|NSW,SCOTCHMAN|NSW
42879,SOUTHBANK,NSW,,14336,77,SOUTHBANK|NSW,SOUTHGATE|NSW
42881,DOCKLANDS,NSW,,10739,81,DOCKLANDS|NSW,BROOKLANDS|NSW
42881,DOCKLANDS,NSW,,10647,79,DOCKLANDS|NSW,BOURKELANDS|NSW
42881,DOCKLANDS,NSW,,11677,78,DOCKLANDS|NSW,ELANDS|NSW
42885,FOOTSCRAY,NSW,,21112,77,FOOTSCRAY|NSW,FOOTSCRAY|VIC
42885,FOOTSCRAY,NSW,,23325,71,FOOTSCRAY|NSW,WEST FOOTSCRAY|VIC
42885,FOOTSCRAY,NSW,,10611,70,FOOTSCRAY|NSW,BOORAL|NSW
42887,SEDDON,NSW,,41630,84,SEDDON|NSW,SEDDON|SA
42887,SEDDON,NSW,,14186,80,SEDDON|NSW,SANDON|NSW
42887,SEDDON,NSW,,14228,80,SEDDON|NSW,SEFTON|NSW
42889,SEDDON WEST,NSW,,15275,75,SEDDON WEST|NSW,WEST WALLSEND|NSW
42889,SEDDON WEST,NSW,,22717,73,SEDDON WEST|NSW,SEDDON WEST|VIC
42889,SEDDON WEST,NSW,,14285,71,SEDDON WEST|NSW,SMITHFIELD WEST|NSW
42894,KINGSVILLE WEST,NSW,,21638,84,KINGSVILLE WEST|NSW,KINGSVILLE WEST|VIC
42894,KINGSVILLE WEST,NSW,,12609,78,KINGSVILLE WEST|NSW,KINGSWAY WEST|NSW
42894,KINGSVILLE WEST,NSW,,12608,75,KINGSVILLE WEST|NSW,KINGSVALE|NSW
42900,WEST FOOTSCRAY,NSW,,23325,83,WEST FOOTSCRAY|NSW,WEST FOOTSCRAY|VIC
42900,WEST FOOTSCRAY,NSW,,15269,75,WEST FOOTSCRAY|NSW,WEST NOWRA|NSW
42900,WEST FOOTSCRAY,NSW,,15264,73,WEST FOOTSCRAY|NSW,WEST CORAKI|NSW
42904,YARRAVILLE WEST,NSW,,23507,84,YARRAVILLE WEST|NSW,YARRAVILLE WEST|VIC
42904,YARRAVILLE WEST,NSW,,15289,81,YARRAVILLE WEST|NSW,WESTVILLE|NSW
42904,YARRAVILLE WEST,NSW,,15057,73,YARRAVILLE WEST|NSW,VARROVILLE|NSW
42907,SOUTH KINGSVILLE,NSW,,14312,82,SOUTH KINGSVILLE|NSW,SOUTH GRANVILLE|NSW
42907,SOUTH KINGSVILLE,NSW,,14317,80,SOUTH KINGSVILLE|NSW,SOUTH HURSTVILLE|NSW
42907,SOUTH KINGSVILLE,NSW,,22785,80,SOUTH KINGSVILLE|NSW,SOUTH KINGSVILLE|VIC
42909,SPOTSWOOD,NSW,,14115,80,SPOTSWOOD|NSW,ROSEWOOD|NSW
42909,SPOTSWOOD,NSW,,15290,80,SPOTSWOOD|NSW,WESTWOOD|NSW
42909,SPOTSWOOD,NSW,,13690,75,SPOTSWOOD|NSW,OAKWOOD|NSW
42917,SEAHOLME,NSW,,15579,83,SEAHOLME|NSW,YETHOLME|NSW
42917,SEAHOLME,NSW,,14222,82,SEAHOLME|NSW,SEAHAM|NSW
42917,SEAHOLME,NSW,,14107,75,SEAHOLME|NSW,ROSEDALE|NSW
42921,BRAYBROOK NORTH,NSW,,20395,84,BRAYBROOK NORTH|NSW,BRAYBROOK NORTH|VIC
42921,BRAYBROOK NORTH,NSW,,10888,78,BRAYBROOK NORTH|NSW,BURWOOD NORTH|NSW
42921,BRAYBROOK NORTH,NSW,,13607,78,BRAYBROOK NORTH|NSW,NORTH NAROOMA|NSW
42923,ROBINSON,NSW,,14070,80,ROBINSON|NSW,ROBERTSON|NSW
42923,ROBINSON,NSW,,13699,73,ROBINSON|NSW,OBERON|NSW
42923,ROBINSON,NSW,,14116,73,ROBINSON|NSW,ROSLYN|NSW
42927,GLENGALA,NSW,,10368,83,GLENGALA|NSW,BENGALLA|NSW
42927,GLENGALA,NSW,,11984,83,GLENGALA|NSW,GLENDALE|NSW
42927,GLENGALA,NSW,,12177,82,GLENGALA|NSW,GUNGAL|NSW
42930,SUNSHINE NORTH,NSW,,14461,80,SUNSHINE NORTH|NSW,SUNSHINE|NSW
42930,SUNSHINE NORTH,NSW,,13618,79,SUNSHINE NORTH|NSW,NORTH SHORE|NSW
42930,SUNSHINE NORTH,NSW,,22900,78,SUNSHINE NORTH|NSW,SUNSHINE NORTH|VIC
42932,SUNSHINE WEST,NSW,,14461,83,SUNSHINE WEST|NSW,SUNSHINE|NSW
42932,SUNSHINE WEST,NSW,,22903,76,SUNSHINE WEST|NSW,SUNSHINE WEST|VIC
42932,SUNSHINE WEST,NSW,,14462,73,SUNSHINE WEST|NSW,SUNSHINE BAY|NSW
42941,ARDEER,NSW,,10007,82,ARDEER|NSW,ABERDEEN|NSW
42941,ARDEER,NSW,,10915,80,ARDEER|NSW,CADGEE|NSW
42941,ARDEER,NSW,,12228,80,ARDEER|NSW,HARDEN|NSW
42943,DEER PARK EAST,NSW,,20876,78,DEER PARK EAST|NSW,DEER PARK EAST|VIC
42943,DEER PARK EAST,NSW,,11482,77,DEER PARK EAST|NSW,DEAN PARK|NSW
42943,DEER PARK EAST,NSW,,10407,74,DEER PARK EAST|NSW,BEVERLEY PARK|NSW
42949,CAIRNLEA,NSW,,10956,82,CAIRNLEA|NSW,CAMIRA|NSW
42949,CAIRNLEA,NSW,,11010,80,CAIRNLEA|NSW,CARNSDALE|NSW
42949,CAIRNLEA,NSW,,10999,78,CAIRNLEA|NSW,CARINDA|NSW
42951,CAROLINE SPRINGS,NSW,,20599,80,CAROLINE SPRINGS|NSW,CAROLINE SPRINGS|VIC
42951,CAROLINE SPRINGS,NSW,,12502,78,CAROLINE SPRINGS|NSW,KARS SPRINGS|NSW
42951,CAROLINE SPRINGS,NSW,,14345,78,CAROLINE SPRINGS|NSW,SPRING CREEK|NSW
42955,DEER PARK NORTH,NSW,,11665,80,DEER PARK NORTH|NSW,EDENSOR PARK|NSW
42955,DEER PARK NORTH,NSW,,20877,79,DEER PARK NORTH|NSW,DEER PARK NORTH|VIC
42955,DEER PARK NORTH,NSW,,11482,75,DEER PARK NORTH|NSW,DEAN PARK|NSW
42957,RAVENHALL,NSW,,14005,81,RAVENHALL|NSW,RAVENSDALE|NSW
42957,RAVENHALL,NSW,,15480,80,RAVENHALL|NSW,WRATHALL|NSW
42957,RAVENHALL,NSW,,15037,73,RAVENHALL|NSW,URANA|NSW
42959,FIELDSTONE,NSW,,11963,81,FIELDSTONE|NSW,GLADSTONE|NSW
42959,FIELDSTONE,NSW,,12812,81,FIELDSTONE|NSW,LIMESTONE|NSW
42959,FIELDSTONE,NSW,,12852,81,FIELDSTONE|NSW,LOADSTONE|NSW
42961,MAMBOURIN,NSW,,10129,78,MAMBOURIN|NSW,AUBURN|NSW
42961,MAMBOURIN,NSW,,13488,77,MAMBOURIN|NSW,NAREMBURN|NSW
42961,MAMBOURIN,NSW,,21895,77,MAMBOURIN|NSW,MAMBOURIN|VIC
42963,MANOR LAKES,NSW,,12716,81,MANOR LAKES|NSW,LAKE MUNMORAH|NSW
42963,MANOR LAKES,NSW,,21904,80,MANOR LAKES|NSW,MANOR LAKES|VIC
42963,MANOR LAKES,NSW,,12722,79,MANOR LAKES|NSW,LAKESLAND|NSW
42965,MOUNT COTTRELL,NSW,,22152,83,MOUNT COTTRELL|NSW,MOUNT COTTRELL|VIC
42965,MOUNT COTTRELL,NSW,,13311,80,MOUNT COTTRELL|NSW,MOUNT BURRELL|NSW
42965,MOUNT COTTRELL,NSW,,13313,80,MOUNT COTTRELL|NSW,MOUNT COLLINS|NSW
42967,WYNDHAM VALE,NSW,,15497,81,WYNDHAM VALE|NSW,WYNDHAM|NSW
42967,WYNDHAM VALE,NSW,,51891,77,WYNDHAM VALE|NSW,WYNDHAM|WA
42967,WYNDHAM VALE,NSW,,23471,75,WYNDHAM VALE|NSW,WYNDHAM VALE|VIC
42969,ALTONA EAST,NSW,,11630,84,ALTONA EAST|NSW,EAST BALLINA|NSW
42969,ALTONA EAST,NSW,,11632,81,ALTONA EAST|NSW,EAST BRANXTON|NSW
42969,ALTONA EAST,NSW,,20038,80,ALTONA EAST|NSW,ALTONA EAST|VIC
42971,ALTONA GATE,NSW,,20039,80,ALTONA GATE|NSW,ALTONA GATE|VIC
42971,ALTONA GATE,NSW,,10055,76,ALTONA GATE|NSW,ALSTONVALE|NSW
42971,ALTONA GATE,NSW,,10543,76,ALTONA GATE|NSW,BOGAN GATE|NSW
42975,DERRIMUT,NSW,,10396,78,DERRIMUT|NSW,BERRIMA|NSW
42975,DERRIMUT,NSW,,20894,75,DERRIMUT|NSW,DERRIMUT|VIC
42975,DERRIMUT,NSW,,11509,73,DERRIMUT|NSW,DEWITT|NSW
42979,LAVERTON RAAF,NSW,,50951,79,LAVERTON RAAF|NSW,LAVERTON|WA
42979,LAVERTON RAAF,NSW,,21770,76,LAVERTON RAAF|NSW,LAVERTON RAAF|VIC
42979,LAVERTON RAAF,NSW,,12755,71,LAVERTON RAAF|NSW,LAVERSTOCK|NSW
42985,ALTONA MEADOWS,NSW,,20040,83,ALTONA MEADOWS|NSW,ALTONA MEADOWS|VIC
42985,ALTONA MEADOWS,NSW,,13071,79,ALTONA MEADOWS|NSW,MEADOW FLAT|NSW
42985,ALTONA MEADOWS,NSW,,11125,77,ALTONA MEADOWS|NSW,CLAREMONT MEADOWS|NSW
42993,TARNEIT,NSW,,14696,80,TARNEIT|NSW,TAREE|NSW
42993,TARNEIT,NSW,,14701,78,TARNEIT|NSW,TARKEETH|NSW
42993,TARNEIT,NSW,,14692,76,TARNEIT|NSW,TARANA|NSW
42995,TRUGANINA,NSW,,14692,78,TRUGANINA|NSW,TARANA|NSW
42995,TRUGANINA,NSW,,14675,75,TRUGANINA|NSW,TAMINDA|NSW
42995,TRUGANINA,NSW,,14895,75,TRUGANINA|NSW,TRANGIE|NSW
42999,COCOROC,NSW,,11218,82,COCOROC|NSW,CONCORD|NSW
42999,COCOROC,NSW,,11247,76,COCOROC|NSW,COOLAC|NSW
42999,COCOROC,NSW,,11313,76,COCOROC|NSW,COROWA|NSW
43007,WERRIBEE SOUTH,NSW,,14698,79,WERRIBEE SOUTH|NSW,TAREE SOUTH|NSW
43007,WERRIBEE SOUTH,NSW,,23320,78,WERRIBEE SOUTH|NSW,WERRIBEE SOUTH|VIC
43007,WERRIBEE SOUTH,NSW,,14330,71,WERRIBEE SOUTH|NSW,SOUTH WENTWORTHVILLE|NSW
43012,ASCOT VALE,NSW,,11202,81,ASCOT VALE|NSW,COLO VALE|NSW
43012,ASCOT VALE,NSW,,13036,75,ASCOT VALE|NSW,MASCOT|NSW
43012,ASCOT VALE,NSW,,11890,74,ASCOT VALE|NSW,GALA VALE|NSW
43014,HIGHPOINT CITY,NSW,,21419,83,HIGHPOINT CITY|NSW,HIGHPOINT CITY|VIC
43014,HIGHPOINT CITY,NSW,,10973,67,HIGHPOINT CITY|NSW,CANLEY HEIGHTS|NSW
43014,HIGHPOINT CITY,NSW,,10994,65,HIGHPOINT CITY|NSW,CARDIFF HEIGHTS|NSW
43016,MARIBYRNONG,NSW,,12993,81,MARIBYRNONG|NSW,MARAYONG|NSW
43016,MARIBYRNONG,NSW,,21912,80,MARIBYRNONG|NSW,MARIBYRNONG|VIC
43016,MARIBYRNONG,NSW,,12501,77,MARIBYRNONG|NSW,KARIONG|NSW
43018,TRAVANCORE,NSW,,14394,77,TRAVANCORE|NSW,STANMORE|NSW
43018,TRAVANCORE,NSW,,14742,74,TRAVANCORE|NSW,TERRANORA|NSW
43018,TRAVANCORE,NSW,,14893,72,TRAVANCORE|NSW,TRAJERE|NSW
43020,KEILOR EAST,NSW,,11641,84,KEILOR EAST|NSW,EAST KILLARA|NSW
43020,KEILOR EAST,NSW,,12659,80,KEILOR EAST|NSW,KOTARA EAST|NSW
43020,KEILOR EAST,NSW,,21584,80,KEILOR EAST|NSW,KEILOR EAST|VIC
43024,KEILOR,NSW,,12520,84,KEILOR|NSW,KELSO|NSW
43024,KEILOR,NSW,,12615,84,KEILOR|NSW,KIORA|NSW
43024,KEILOR,NSW,,12626,84,KEILOR|NSW,KLORI|NSW
43026,KEILOR NORTH,NSW,,21586,81,KEILOR NORTH|NSW,KEILOR NORTH|VIC
43026,KEILOR NORTH,NSW,,13600,80,KEILOR NORTH|NSW,NORTH HILL|NSW
43026,KEILOR NORTH,NSW,,10342,79,KEILOR NORTH|NSW,BELMONT NORTH|NSW
43030,DELAHEY,NSW,,11492,78,DELAHEY|NSW,DELEGATE|NSW
43030,DELAHEY,NSW,,10121,76,DELAHEY|NSW,ASHLEY|NSW
43030,DELAHEY,NSW,,10132,76,DELAHEY|NSW,AUDLEY|NSW
43036,TAYLORS HILL,NSW,,14715,81,TAYLORS HILL|NSW,TAYLORS FLAT|NSW
43036,TAYLORS HILL,NSW,,12290,79,TAYLORS HILL|NSW,HILL TOP|NSW
43036,TAYLORS HILL,NSW,,14714,79,TAYLORS HILL|NSW,TAYLORS BEACH|NSW
43038,KEILOR DOWNS,NSW,,21583,81,KEILOR DOWNS|NSW,KEILOR DOWNS|VIC
43038,KEILOR DOWNS,NSW,,12554,77,KEILOR DOWNS|NSW,KIAMA DOWNS|NSW
43038,KEILOR DOWNS,NSW,,11559,71,KEILOR DOWNS|NSW,DOWNSIDE|NSW
43040,KEILOR LODGE,NSW,,21585,81,KEILOR LODGE|NSW,KEILOR LODGE|VIC
43040,KEILOR LODGE,NSW,,11852,75,KEILOR LODGE|NSW,FOREST LODGE|NSW
43040,KEILOR LODGE,NSW,,12892,73,KEILOR LODGE|NSW,LOWER BELFORD|NSW
43044,WATERGARDENS,NSW,,23278,81,WATERGARDENS|NSW,WATERGARDENS|VIC
43044,WATERGARDENS,NSW,,15175,77,WATERGARDENS|NSW,WARREN|NSW
43044,WATERGARDENS,NSW,,15192,74,WATERGARDENS|NSW,WATAGAN|NSW
43046,MOONEE PONDS,NSW,,13256,77,MOONEE PONDS|NSW,MOONEE|NSW
43046,MOONEE PONDS,NSW,,13248,75,MOONEE PONDS|NSW,MOONA PLAINS|NSW
43046,MOONEE PONDS,NSW,,22095,75,MOONEE PONDS|NSW,MOONEE PONDS|VIC
43050,ESSENDON,NSW,,11738,80,ESSENDON|NSW,ESSINGTON|NSW
43050,ESSENDON,NSW,,11987,78,ESSENDON|NSW,GLENDON|NSW
43050,ESSENDON,NSW,,10281,77,ESSENDON|NSW,BASSENDEAN|NSW
43052,ESSENDON WEST,NSW,,11076,82,ESSENDON WEST|NSW,CESSNOCK WEST|NSW
43052,ESSENDON WEST,NSW,,21057,82,ESSENDON WEST|NSW,ESSENDON WEST|VIC
43052,ESSENDON WEST,NSW,,11502,74,ESSENDON WEST|NSW,DENISTONE WEST|NSW
43054,CROSS KEYS,NSW,,12589,83,CROSS KEYS|NSW,KINGS CROSS|NSW
43054,CROSS KEYS,NSW,,11376,79,CROSS KEYS|NSW,CROWS NEST|NSW
43054,CROSS KEYS,NSW,,20808,79,CROSS KEYS|NSW,CROSS KEYS|VIC
43056,ESSENDON FIELDS,NSW,,21055,84,ESSENDON FIELDS|NSW,ESSENDON FIELDS|VIC
43056,ESSENDON FIELDS,NSW,,11710,73,ESSENDON FIELDS|NSW,ENFIELD|NSW
43056,ESSENDON FIELDS,NSW,,12762,73,ESSENDON FIELDS|NSW,LECONFIELD|NSW
43058,ESSENDON NORTH,NSW,,21056,83,ESSENDON NORTH|NSW,ESSENDON NORTH|VIC
43058,ESSENDON NORTH,NSW,,13594,76,ESSENDON NORTH|NSW,NORTH CASINO|NSW
43058,ESSENDON NORTH,NSW,,10342,74,ESSENDON NORTH|NSW,BELMONT NORTH|NSW
43062,STRATHMORE HEIGHTS,NSW,,22878,82,STRATHMORE HEIGHTS|NSW,STRATHMORE HEIGHTS|VIC
43062,STRATHMORE HEIGHTS,NSW,,15201,74,STRATHMORE HEIGHTS|NSW,WATERVIEW HEIGHTS|NSW
43062,STRATHMORE HEIGHTS,NSW,,13686,73,STRATHMORE HEIGHTS|NSW,OAKHAMPTON HEIGHTS|NSW
43064,AIRPORT WEST,NSW,,20017,81,AIRPORT WEST|NSW,AIRPORT WEST|VIC
43064,AIRPORT WEST,NSW,,41490,76,AIRPORT WEST|NSW,PORT PIRIE WEST|SA
43064,AIRPORT WEST,NSW,,10288,73,AIRPORT WEST|NSW,BATHURST WEST|NSW
43066,KEILOR PARK,NSW,,11061,83,KEILOR PARK|NSW,CECIL PARK|NSW
43066,KEILOR PARK,NSW,,12725,83,KEILOR PARK|NSW,LALOR PARK|NSW
43066,KEILOR PARK,NSW,,11713,81,KEILOR PARK|NSW,ENGLORIE PARK|NSW
43068,NIDDRIE,NSW,,11613,74,NIDDRIE|NSW,DURI|NSW
43068,NIDDRIE,NSW,,12381,74,NIDDRIE|NSW,INDI|NSW
43068,NIDDRIE,NSW,,10833,73,NIDDRIE|NSW,BUNDURE|NSW
43070,NIDDRIE NORTH,NSW,,22332,82,NIDDRIE NORTH|NSW,NIDDRIE NORTH|VIC
43070,NIDDRIE NORTH,NSW,,13591,81,NIDDRIE NORTH|NSW,NORTH BONDI|NSW
43070,NIDDRIE NORTH,NSW,,11552,76,NIDDRIE NORTH|NSW,DORRIGO NORTH|NSW
43074,GOWANBRAE,NSW,,12071,82,GOWANBRAE|NSW,GOWAN|NSW
43074,GOWANBRAE,NSW,,12032,80,GOWANBRAE|NSW,GOOANDRA|NSW
43074,GOWANBRAE,NSW,,12018,78,GOWANBRAE|NSW,GOARRA|NSW
43078,PASCOE VALE,NSW,,13751,76,PASCOE VALE|NSW,OXLEY VALE|NSW
43078,PASCOE VALE,NSW,,13781,74,PASCOE VALE|NSW,PALMVALE|NSW
43078,PASCOE VALE,NSW,,14792,74,PASCOE VALE|NSW,THE VALE|NSW
43080,PASCOE VALE SOUTH,NSW,,22446,81,PASCOE VALE SOUTH|NSW,PASCOE VALE SOUTH|VIC
43080,PASCOE VALE SOUTH,NSW,,14698,67,PASCOE VALE SOUTH|NSW,TAREE SOUTH|NSW
43080,PASCOE VALE SOUTH,NSW,,14792,67,PASCOE VALE SOUTH|NSW,THE VALE|NSW
43092,JACANA,NSW,,10971,80,JACANA|NSW,CANGAI|NSW
43092,JACANA,NSW,,12405,78,JACANA|NSW,JACKALASS|NSW
43092,JACANA,NSW,,10087,76,JACANA|NSW,ARCADIA|NSW
43096,MEADOW HEIGHTS,NSW,,12973,83,MEADOW HEIGHTS|NSW,MANERA HEIGHTS|NSW
43096,MEADOW HEIGHTS,NSW,,21946,83,MEADOW HEIGHTS|NSW,MEADOW HEIGHTS|VIC
43096,MEADOW HEIGHTS,NSW,,12555,80,MEADOW HEIGHTS|NSW,KIAMA HEIGHTS|NSW
43104,HOTHAM HILL,NSW,,13600,83,HOTHAM HILL|NSW,NORTH HILL|NSW
43104,HOTHAM HILL,NSW,,21449,80,HOTHAM HILL|NSW,HOTHAM HILL|VIC
43104,HOTHAM HILL,NSW,,13652,76,HOTHAM HILL|NSW,NOWRA HILL|NSW
43108,MELBOURNE UNIVERSITY,NSW,,21970,83,MELBOURNE UNIVERSITY|NSW,MELBOURNE UNIVERSITY|VIC
43108,MELBOURNE UNIVERSITY,NSW,,23152,82,MELBOURNE UNIVERSITY|NSW,UNIVERSITY OF MELBOURNE|VIC
43108,MELBOURNE UNIVERSITY,NSW,,12937,79,MELBOURNE UNIVERSITY|NSW,MACQUARIE UNIVERSITY|NSW
43116,PRINCES HILL,NSW,,14058,84,PRINCES HILL|NSW,RILEYS HILL|NSW
43116,PRINCES HILL,NSW,,14350,84,PRINCES HILL|NSW,SPRING HILL|NSW
43116,PRINCES HILL,NSW,,12288,80,PRINCES HILL|NSW,HILL PLAIN|NSW
43118,BRUNSWICK SOUTH,NSW,,20443,79,BRUNSWICK SOUTH|NSW,BRUNSWICK SOUTH|VIC
43118,BRUNSWICK SOUTH,NSW,,10383,76,BRUNSWICK SOUTH|NSW,BERMAGUI SOUTH|NSW
43118,BRUNSWICK SOUTH,NSW,,10063,74,BRUNSWICK SOUTH|NSW,ANABRANCH SOUTH|NSW
43120,BRUNSWICK WEST,NSW,,20444,83,BRUNSWICK WEST|NSW,BRUNSWICK WEST|VIC
43120,BRUNSWICK WEST,NSW,,15262,74,BRUNSWICK WEST|NSW,WEST BUNGAWALBIN|NSW
43120,BRUNSWICK WEST,NSW,,50224,73,BRUNSWICK WEST|NSW,BRUNSWICK|WA
43124,MORELAND WEST,NSW,,13117,83,MORELAND WEST|NSW,MERRYLANDS WEST|NSW
43124,MORELAND WEST,NSW,,22120,82,MORELAND WEST|NSW,MORELAND WEST|VIC
43124,MORELAND WEST,NSW,,12736,80,MORELAND WEST|NSW,LANE COVE WEST|NSW
43128,BRUNSWICK LOWER,NSW,,20441,84,BRUNSWICK LOWER|NSW,BRUNSWICK LOWER|VIC
43128,BRUNSWICK LOWER,NSW,,10765,79,BRUNSWICK LOWER|NSW,BRUNSWICK HEADS|NSW
43128,BRUNSWICK LOWER,NSW,,12895,76,BRUNSWICK LOWER|NSW,LOWER BUCCA|NSW
43130,BRUNSWICK NORTH,NSW,,20442,84,BRUNSWICK NORTH|NSW,BRUNSWICK NORTH|VIC
43130,BRUNSWICK NORTH,NSW,,10765,79,BRUNSWICK NORTH|NSW,BRUNSWICK HEADS|NSW
43130,BRUNSWICK NORTH,NSW,,13591,76,BRUNSWICK NORTH|NSW,NORTH BONDI|NSW
43134,LYGON STREET NORTH,NSW,,21856,82,LYGON STREET NORTH|NSW,LYGON STREET NORTH|VIC
43134,LYGON STREET NORTH,NSW,,13621,72,LYGON STREET NORTH|NSW,NORTH STAR|NSW
43134,LYGON STREET NORTH,NSW,,13618,70,LYGON STREET NORTH|NSW,NORTH SHORE|NSW
43136,SUMNER,NSW,,14197,80,SUMNER|NSW,SANGER|NSW
43136,SUMNER,NSW,,13668,76,SUMNER|NSW,NUNDERI|NSW
43136,SUMNER,NSW,,14340,76,SUMNER|NSW,SPENCER|NSW
43142,COBURG NORTH,NSW,,12069,82,COBURG NORTH|NSW,GOULBURN NORTH|NSW
43142,COBURG NORTH,NSW,,13584,81,COBURG NORTH|NSW,NORTH ALBURY|NSW
43142,COBURG NORTH,NSW,,13592,81,COBURG NORTH|NSW,NORTH BOURKE|NSW
43144,MERLYNSTON,NSW,,11702,80,MERLYNSTON|NSW,EMERTON|NSW
43144,MERLYNSTON,NSW,,21989,79,MERLYNSTON|NSW,MERLYNSTON|VIC
43144,MERLYNSTON,NSW,,11675,77,MERLYNSTON|NSW,EGLINTON|NSW
43150,FAWKNER,NSW,,11789,78,FAWKNER|NSW,FALCONER|NSW
43150,FAWKNER,NSW,,11349,73,FAWKNER|NSW,CRAWNEY|NSW
43150,FAWKNER,NSW,,12417,73,FAWKNER|NSW,JAUNTER|NSW
43152,FAWKNER EAST,NSW,,21079,81,FAWKNER EAST|NSW,FAWKNER EAST|VIC
43152,FAWKNER EAST,NSW,,11656,76,FAWKNER EAST|NSW,EASTLAKES|NSW
43152,FAWKNER EAST,NSW,,11645,73,FAWKNER EAST|NSW,EAST LYNNE|NSW
43154,FAWKNER NORTH,NSW,,21080,82,FAWKNER NORTH|NSW,FAWKNER NORTH|VIC
43154,FAWKNER NORTH,NSW,,13585,80,FAWKNER NORTH|NSW,NORTH ARM|NSW
43154,FAWKNER NORTH,NSW,,13099,75,FAWKNER NORTH|NSW,MERAH NORTH|NSW
43156,CAMPBELLFIELD,NSW,,10322,83,CAMPBELLFIELD|NSW,BELFIELD|NSW
43156,CAMPBELLFIELD,NSW,,20549,82,CAMPBELLFIELD|NSW,CAMPBELLFIELD|VIC
43156,CAMPBELLFIELD,NSW,,13157,80,CAMPBELLFIELD|NSW,MILLFIELD|NSW
43159,OAKLANDS JUNCTION,NSW,,22400,81,OAKLANDS JUNCTION|NSW,OAKLANDS JUNCTION|VIC
43159,OAKLANDS JUNCTION,NSW,,12468,77,OAKLANDS JUNCTION|NSW,JUNCTION POINT|NSW
43159,OAKLANDS JUNCTION,NSW,,14343,74,OAKLANDS JUNCTION|NSW,SPIT JUNCTION|NSW
43161,YUROKE,NSW,,14077,76,YUROKE|NSW,ROCKLEY|NSW
43161,YUROKE,NSW,,15583,76,YUROKE|NSW,YORKLEA|NSW
43161,YUROKE,NSW,,13960,74,YUROKE|NSW,PYREE|NSW
43167,KALKALLO,NSW,,10938,75,KALKALLO|NSW,CALWALLA|NSW
43167,KALKALLO,NSW,,21548,75,KALKALLO|NSW,KALKALLO|VIC
43167,KALKALLO,NSW,,10098,73,KALKALLO|NSW,ARKELL|NSW
43169,MICKLEHAM,NSW,,22007,77,MICKLEHAM|NSW,MICKLEHAM|VIC
43169,MICKLEHAM,NSW,,13146,76,MICKLEHAM|NSW,MILA|NSW
43169,MICKLEHAM,NSW,,12620,75,MICKLEHAM|NSW,KIRKHAM|NSW
43171,ROXBURGH PARK,NSW,,13798,76,ROXBURGH PARK|NSW,PARKESBOROUGH|NSW
43171,ROXBURGH PARK,NSW,,22656,76,ROXBURGH PARK|NSW,ROXBURGH PARK|VIC
43171,ROXBURGH PARK,NSW,,14164,69,ROXBURGH PARK|NSW,RYE PARK|NSW
43180,CLIFTON HILL,NSW,,11140,81,CLIFTON HILL|NSW,CLIFTON|NSW
43180,CLIFTON HILL,NSW,,30793,81,CLIFTON HILL|NSW,CLIFTON HILL|QLD
43180,CLIFTON HILL,NSW,,20685,81,CLIFTON HILL|NSW,CLIFTON HILL|VIC
43182,FITZROY NORTH,NSW,,21098,82,FITZROY NORTH|NSW,FITZROY NORTH|VIC
43182,FITZROY NORTH,NSW,,12215,74,FITZROY NORTH|NSW,HAMILTON NORTH|NSW
43182,FITZROY NORTH,NSW,,13584,73,FITZROY NORTH|NSW,NORTH ALBURY|NSW
43184,NORTHCOTE,NSW,,13526,81,NORTHCOTE|NSW,NETHERCOTE|NSW
43184,NORTHCOTE,NSW,,12266,77,NORTHCOTE|NSW,HEATHCOTE|NSW
43184,NORTHCOTE,NSW,,13643,77,NORTHCOTE|NSW,NORTHMEAD|NSW
43186,NORTHCOTE SOUTH,NSW,,22369,79,NORTHCOTE SOUTH|NSW,NORTHCOTE SOUTH|VIC
43186,NORTHCOTE SOUTH,NSW,,11303,76,NORTHCOTE SOUTH|NSW,COREE SOUTH|NSW
43186,NORTHCOTE SOUTH,NSW,,14324,76,NORTHCOTE SOUTH|NSW,SOUTH NOWRA|NSW
43188,THORNBURY,NSW,,14121,80,THORNBURY|NSW,ROTHBURY|NSW
43188,THORNBURY,NSW,,14882,77,THORNBURY|NSW,TORRYBURN|NSW
43188,THORNBURY,NSW,,14801,73,THORNBURY|NSW,THORA|NSW
43196,PRESTON LOWER,NSW,,12907,80,PRESTON LOWER|NSW,LOWER PORTLAND|NSW
43196,PRESTON LOWER,NSW,,12906,76,PRESTON LOWER|NSW,LOWER PEACOCK|NSW
43196,PRESTON LOWER,NSW,,12909,76,PRESTON LOWER|NSW,LOWER THREDBO|NSW
43198,PRESTON SOUTH,NSW,,13932,83,PRESTON SOUTH|NSW,PRESTONS|NSW
43198,PRESTON SOUTH,NSW,,13845,76,PRESTON SOUTH|NSW,PENRITH SOUTH|NSW
43198,PRESTON SOUTH,NSW,,14326,76,PRESTON SOUTH|NSW,SOUTH PENRITH|NSW
43202,REGENT WEST,NSW,,14699,83,REGENT WEST|NSW,TAREE WEST|NSW
43202,REGENT WEST,NSW,,15273,79,REGENT WEST|NSW,WEST RYDE|NSW
43202,REGENT WEST,NSW,,14034,73,REGENT WEST|NSW,REGENTVILLE|NSW
43204,SYLVESTER,NSW,,14268,79,SYLVESTER|NSW,SILVERWATER|NSW
43204,SYLVESTER,NSW,,15578,75,SYLVESTER|NSW,YETHERA|NSW
43204,SYLVESTER,NSW,,14789,74,SYLVESTER|NSW,THE SLOPES|NSW
43208,RESERVOIR,NSW,,51487,72,RESERVOIR|NSW,RESERVOIR|WA
43208,RESERVOIR,NSW,,22593,71,RESERVOIR|NSW,RESERVOIR EAST|VIC
43208,RESERVOIR,NSW,,13931,70,RESERVOIR|NSW,PREMER|NSW
43210,RESERVOIR EAST,NSW,,22593,78,RESERVOIR EAST|NSW,RESERVOIR EAST|VIC
43210,RESERVOIR EAST,NSW,,11647,71,RESERVOIR EAST|NSW,EAST RYDE|NSW
43210,RESERVOIR EAST,NSW,,14043,69,RESERVOIR EAST|NSW,RESERVE CREEK|NSW
43212,RESERVOIR NORTH,NSW,,22594,79,RESERVOIR NORTH|NSW,RESERVOIR NORTH|VIC
43212,RESERVOIR NORTH,NSW,,13618,76,RESERVOIR NORTH|NSW,NORTH SHORE|NSW
43212,RESERVOIR NORTH,NSW,,13616,73,RESERVOIR NORTH|NSW,NORTH RYDE|NSW
43214,RESERVOIR SOUTH,NSW,,22595,79,RESERVOIR SOUTH|NSW,RESERVOIR SOUTH|VIC
43214,RESERVOIR SOUTH,NSW,,13845,72,RESERVOIR SOUTH|NSW,PENRITH SOUTH|NSW
43214,RESERVOIR SOUTH,NSW,,14326,72,RESERVOIR SOUTH|NSW,SOUTH PENRITH|NSW
43216,THOMASTOWN,NSW,,14803,77,THOMASTOWN|NSW,THORNTON|NSW
43216,THOMASTOWN,NSW,,60477,77,THOMASTOWN|NSW,NEW TOWN|TAS
43216,THOMASTOWN,NSW,,14711,75,THOMASTOWN|NSW,TATTON|NSW
43218,LALOR,NSW,,11894,84,LALOR|NSW,GALORE|NSW
43218,LALOR,NSW,,12880,82,LALOR|NSW,LORN|NSW
43218,LALOR,NSW,,11124,78,LALOR|NSW,CLARE|NSW
43220,LALOR PLAZA,NSW,,12725,83,LALOR PLAZA|NSW,LALOR PARK|NSW
43220,LALOR PLAZA,NSW,,21742,73,LALOR PLAZA|NSW,LALOR PLAZA|VIC
43220,LALOR PLAZA,NSW,,10193,69,LALOR PLAZA|NSW,BALFOURS PEAK|NSW
43230,IVANHOE EAST,NSW,,12403,81,IVANHOE EAST|NSW,IVANHOE|NSW
43230,IVANHOE EAST,NSW,,21496,81,IVANHOE EAST|NSW,IVANHOE EAST|VIC
43230,IVANHOE EAST,NSW,,11638,76,IVANHOE EAST|NSW,EAST JINDABYNE|NSW
43232,IVANHOE NORTH,NSW,,21497,82,IVANHOE NORTH|NSW,IVANHOE NORTH|VIC
43232,IVANHOE NORTH,NSW,,12403,79,IVANHOE NORTH|NSW,IVANHOE|NSW
43232,IVANHOE NORTH,NSW,,13594,79,IVANHOE NORTH|NSW,NORTH CASINO|NSW
43238,HEIDELBERG RGH,NSW,,21398,78,HEIDELBERG RGH|NSW,HEIDELBERG RGH|VIC
43238,HEIDELBERG RGH,NSW,,12270,69,HEIDELBERG RGH|NSW,HECKENBERG|NSW
43238,HEIDELBERG RGH,NSW,,21396,69,HEIDELBERG RGH|NSW,HEIDELBERG|VIC
43240,HEIDELBERG WEST,NSW,,21399,84,HEIDELBERG WEST|NSW,HEIDELBERG WEST|VIC
43240,HEIDELBERG WEST,NSW,,15259,72,HEIDELBERG WEST|NSW,WEST ARMIDALE|NSW
43240,HEIDELBERG WEST,NSW,,15258,71,HEIDELBERG WEST|NSW,WEST ALBURY|NSW
43246,KINGSBURY,NSW,,12386,77,KINGSBURY|NSW,INGLEBURN|NSW
43246,KINGSBURY,NSW,,12600,77,KINGSBURY|NSW,KINGSFORD|NSW
43246,KINGSBURY,NSW,,21635,77,KINGSBURY|NSW,KINGSBURY|VIC
43248,LA TROBE UNIVERSITY,NSW,,21700,83,LA TROBE UNIVERSITY|NSW,LA TROBE UNIVERSITY|VIC
43248,LA TROBE UNIVERSITY,NSW,,11085,75,LA TROBE UNIVERSITY|NSW,CHARLES STURT UNIVERSITY|NSW
43248,LA TROBE UNIVERSITY,NSW,,14988,73,LA TROBE UNIVERSITY|NSW,UNIVERSITY OF NEW ENGLAND|NSW
43250,BANYULE,NSW,,10796,80,BANYULE|NSW,BULEE|NSW
43250,BANYULE,NSW,,11555,80,BANYULE|NSW,DOUBLE BAY|NSW
43250,BANYULE,NSW,,10218,78,BANYULE|NSW,BANGALEE|NSW
43254,HEIDELBERG,NSW,,12270,79,HEIDELBERG|NSW,HECKENBERG|NSW
43254,HEIDELBERG,NSW,,21396,79,HEIDELBERG|NSW,HEIDELBERG|VIC
43254,HEIDELBERG,NSW,,12277,74,HEIDELBERG|NSW,HERMIDALE|NSW
43256,ROSANNA,NSW,,14132,80,ROSANNA|NSW,ROWAN|NSW
43256,ROSANNA,NSW,,15037,80,ROSANNA|NSW,URANA|NSW
43256,ROSANNA,NSW,,14100,78,ROSANNA|NSW,ROSEBANK|NSW
43258,VIEWBANK,NSW,,14022,78,VIEWBANK|NSW,REDBANK|NSW
43258,VIEWBANK,NSW,,14100,75,VIEWBANK|NSW,ROSEBANK|NSW
43258,VIEWBANK,NSW,,15061,75,VIEWBANK|NSW,VIEWMONT|NSW
43262,MACLEOD WEST,NSW,,21869,81,MACLEOD WEST|NSW,MACLEOD WEST|VIC
43262,MACLEOD WEST,NSW,,13054,79,MACLEOD WEST|NSW,MAYFIELD WEST|NSW
43262,MACLEOD WEST,NSW,,13067,79,MACLEOD WEST|NSW,MCLEODS SHOOT|NSW
43265,WATSONIA,NSW,,15212,82,WATSONIA|NSW,WATTON|NSW
43265,WATSONIA,NSW,,13813,78,WATSONIA|NSW,PATONGA|NSW
43265,WATSONIA,NSW,,14836,76,WATSONIA|NSW,TIONA|NSW
43267,WATSONIA NORTH,NSW,,23284,83,WATSONIA NORTH|NSW,WATSONIA NORTH|VIC
43267,WATSONIA NORTH,NSW,,13631,81,WATSONIA NORTH|NSW,NORTH WAHROONGA|NSW
43267,WATSONIA NORTH,NSW,,13621,75,WATSONIA NORTH|NSW,NORTH STAR|NSW
43278,PLENTY,NSW,,13843,76,PLENTY|NSW,PENRITH|NSW
43278,PLENTY,NSW,,14258,76,PLENTY|NSW,SHIPLEY|NSW
43278,PLENTY,NSW,,13700,74,PLENTY|NSW,OBLEY|NSW
43282,LOWER PLENTY,NSW,,12907,76,LOWER PLENTY|NSW,LOWER PORTLAND|NSW
43282,LOWER PLENTY,NSW,,21847,75,LOWER PLENTY|NSW,LOWER PLENTY|VIC
43282,LOWER PLENTY,NSW,,12906,73,LOWER PLENTY|NSW,LOWER PEACOCK|NSW
43284,MONTMORENCY,NSW,,13238,81,MONTMORENCY|NSW,MONTEREY|NSW
43284,MONTMORENCY,NSW,,22086,80,MONTMORENCY|NSW,MONTMORENCY|VIC
43284,MONTMORENCY,NSW,,13237,73,MONTMORENCY|NSW,MONTEFIORES|NSW
43287,ELTHAM NORTH,NSW,,13585,83,ELTHAM NORTH|NSW,NORTH ARM|NSW
43287,ELTHAM NORTH,NSW,,21033,81,ELTHAM NORTH|NSW,ELTHAM NORTH|VIC
43287,ELTHAM NORTH,NSW,,10342,79,ELTHAM NORTH|NSW,BELMONT NORTH|NSW
43289,RESEARCH,NSW,,14897,78,RESEARCH|NSW,TREGEAR|NSW
43289,RESEARCH,NSW,,14221,75,RESEARCH|NSW,SEAFORTH|NSW
43289,RESEARCH,NSW,,13931,73,RESEARCH|NSW,PREMER|NSW
43291,WATTLE GLEN,NSW,,15208,84,WATTLE GLEN|NSW,WATTLE GROVE|NSW
43291,WATTLE GLEN,NSW,,14766,81,WATTLE GLEN|NSW,THE GLEN|NSW
43291,WATTLE GLEN,NSW,,15207,80,WATTLE GLEN|NSW,WATTLE FLAT|NSW
43293,BEND OF ISLANDS,NSW,,20257,79,BEND OF ISLANDS|NSW,BEND OF ISLANDS|VIC
43293,BEND OF ISLANDS,NSW,,14375,70,BEND OF ISLANDS|NSW,ST HUBERTS ISLAND|NSW
43293,BEND OF ISLANDS,NSW,,10116,69,BEND OF ISLANDS|NSW,ASHBY ISLAND|NSW
43295,KANGAROO GROUND,NSW,,21559,84,KANGAROO GROUND|NSW,KANGAROO GROUND|VIC
43295,KANGAROO GROUND,NSW,,12170,77,KANGAROO GROUND|NSW,GUNDAROO|NSW
43295,KANGAROO GROUND,NSW,,12485,76,KANGAROO GROUND|NSW,KANGAROO CREEK|NSW
43300,COTTLES BRIDGE,NSW,,20782,83,COTTLES BRIDGE|NSW,COTTLES BRIDGE|VIC
43300,COTTLES BRIDGE,NSW,,12460,82,COTTLES BRIDGE|NSW,JONES BRIDGE|NSW
43300,COTTLES BRIDGE,NSW,,11846,76,COTTLES BRIDGE|NSW,FORDS BRIDGE|NSW
43302,HURSTBRIDGE,NSW,,13641,80,HURSTBRIDGE|NSW,NORTHBRIDGE|NSW
43302,HURSTBRIDGE,NSW,,21468,80,HURSTBRIDGE|NSW,HURSTBRIDGE|VIC
43302,HURSTBRIDGE,NSW,,12365,76,HURSTBRIDGE|NSW,HURSTVILLE|NSW
43304,NUTFIELD,NSW,,14731,81,NUTFIELD|NSW,TENTERFIELD|NSW
43304,NUTFIELD,NSW,,14284,77,NUTFIELD|NSW,SMITHFIELD|NSW
43304,NUTFIELD,NSW,,14360,74,NUTFIELD|NSW,SPRINGFIELD|NSW
43311,KEW EAST,NSW,,11656,80,KEW EAST|NSW,EASTLAKES|NSW
43311,KEW EAST,NSW,,11640,79,KEW EAST|NSW,EAST KEMPSEY|NSW
43311,KEW EAST,NSW,,11645,77,KEW EAST|NSW,EAST LYNNE|NSW
43313,BALWYN,NSW,,10186,82,BALWYN|NSW,BALCOLYN|NSW
43313,BALWYN,NSW,,10192,80,BALWYN|NSW,BALDRY|NSW
43313,BALWYN,NSW,,10276,80,BALWYN|NSW,BARWON|NSW
43315,BALWYN EAST,NSW,,10208,84,BALWYN EAST|NSW,BALMAIN EAST|NSW
43315,BALWYN EAST,NSW,,11630,84,BALWYN EAST|NSW,EAST BALLINA|NSW
43315,BALWYN EAST,NSW,,10501,81,BALWYN EAST|NSW,BLAXLAND EAST|NSW
43319,DEEPDENE DC,NSW,,20874,80,DEEPDENE DC|NSW,DEEPDENE DC|VIC
43319,DEEPDENE DC,NSW,,50462,77,DEEPDENE DC|NSW,DEEPDENE|WA
43319,DEEPDENE DC,NSW,,11663,70,DEEPDENE DC|NSW,EDEN|NSW
43321,STRADBROKE PARK,NSW,,22863,79,STRADBROKE PARK|NSW,STRADBROKE PARK|VIC
43321,STRADBROKE PARK,NSW,,14445,75,STRADBROKE PARK|NSW,STUD PARK|NSW
43321,STRADBROKE PARK,NSW,,14241,73,STRADBROKE PARK|NSW,SHANE PARK|NSW
43323,BALWYN NORTH,NSW,,13606,84,BALWYN NORTH|NSW,NORTH MANLY|NSW
43323,BALWYN NORTH,NSW,,10412,81,BALWYN NORTH|NSW,BEXLEY NORTH|NSW
43323,BALWYN NORTH,NSW,,13584,81,BALWYN NORTH|NSW,NORTH ALBURY|NSW
43325,GREYTHORN,NSW,,12011,81,GREYTHORN|NSW,GLENTHORNE|NSW
43325,GREYTHORN,NSW,,11911,77,GREYTHORN|NSW,GARTHOWEN|NSW
43325,GREYTHORN,NSW,,21324,77,GREYTHORN|NSW,GREYTHORN|VIC
43329,BULLEEN SOUTH,NSW,,14303,82,BULLEEN SOUTH|NSW,SOUTH BALLINA|NSW
43329,BULLEEN SOUTH,NSW,,10130,79,BULLEEN SOUTH|NSW,AUBURN SOUTH|NSW
43329,BULLEEN SOUTH,NSW,,10413,79,BULLEEN SOUTH|NSW,BEXLEY SOUTH|NSW
43331,TEMPLESTOWE,NSW,,14723,75,TEMPLESTOWE|NSW,TEMPE|NSW
43331,TEMPLESTOWE,NSW,,23004,73,TEMPLESTOWE|NSW,TEMPLESTOWE|VIC
43331,TEMPLESTOWE,NSW,,23005,72,TEMPLESTOWE|NSW,TEMPLESTOWE LOWER|VIC
43333,TEMPLESTOWE LOWER,NSW,,23005,81,TEMPLESTOWE LOWER|NSW,TEMPLESTOWE LOWER|VIC
43333,TEMPLESTOWE LOWER,NSW,,12906,68,TEMPLESTOWE LOWER|NSW,LOWER PEACOCK|NSW
43333,TEMPLESTOWE LOWER,NSW,,12909,68,TEMPLESTOWE LOWER|NSW,LOWER THREDBO|NSW
43335,DONCASTER,NSW,,11526,77,DONCASTER|NSW,DIRNASEER|NSW
43335,DONCASTER,NSW,,13059,77,DONCASTER|NSW,MCALISTER|NSW
43335,DONCASTER,NSW,,13547,77,DONCASTER|NSW,NEWCASTLE|NSW
43337,DONCASTER EAST,NSW,,20927,83,DONCASTER EAST|NSW,DONCASTER EAST|VIC
43337,DONCASTER EAST,NSW,,11501,78,DONCASTER EAST|NSW,DENISTONE EAST|NSW
43337,DONCASTER EAST,NSW,,11044,73,DONCASTER EAST|NSW,CASTLEREAGH|NSW
43343,TUNSTALL SQUARE PO,NSW,,23122,82,TUNSTALL SQUARE PO|NSW,TUNSTALL SQUARE PO|VIC
43343,TUNSTALL SQUARE PO,NSW,,14712,72,TUNSTALL SQUARE PO|NSW,TAYLOR SQUARE|NSW
43343,TUNSTALL SQUARE PO,NSW,,14397,67,TUNSTALL SQUARE PO|NSW,STANWELL PARK|NSW
43345,DONVALE,NSW,,13233,82,DONVALE|NSW,MONIVAE|NSW
43345,DONVALE,NSW,,10055,80,DONVALE|NSW,ALSTONVALE|NSW
43345,DONVALE,NSW,,11619,80,DONVALE|NSW,DUVAL|NSW
43349,WARRANDYTE,NSW,,15160,79,WARRANDYTE|NSW,WARRADERRY|NSW
43349,WARRANDYTE,NSW,,15176,79,WARRANDYTE|NSW,WARRENDINE|NSW
43349,WARRANDYTE,NSW,,23258,79,WARRANDYTE|NSW,WARRANDYTE|VIC
43351,PARK ORCHARDS,NSW,,13725,80,PARK ORCHARDS|NSW,ORAN PARK|NSW
43351,PARK ORCHARDS,NSW,,14051,76,PARK ORCHARDS|NSW,RICHARDS|NSW
43351,PARK ORCHARDS,NSW,,22439,76,PARK ORCHARDS|NSW,PARK ORCHARDS|VIC
43355,CHIRNSIDE PARK,NSW,,10946,78,CHIRNSIDE PARK|NSW,CAMBRIDGE PARK|NSW
43355,CHIRNSIDE PARK,NSW,,20665,78,CHIRNSIDE PARK|NSW,CHIRNSIDE PARK|VIC
43355,CHIRNSIDE PARK,NSW,,10106,76,CHIRNSIDE PARK|NSW,ARNDELL PARK|NSW
43364,RICHMOND EAST,NSW,,14053,83,RICHMOND EAST|NSW,RICHMOND|NSW
43364,RICHMOND EAST,NSW,,13612,80,RICHMOND EAST|NSW,NORTH RICHMOND|NSW
43364,RICHMOND EAST,NSW,,14055,79,RICHMOND EAST|NSW,RICHMOND LOWLANDS|NSW
43368,RICHMOND SOUTH,NSW,,14053,80,RICHMOND SOUTH|NSW,RICHMOND|NSW
43368,RICHMOND SOUTH,NSW,,22608,78,RICHMOND SOUTH|NSW,RICHMOND SOUTH|VIC
43368,RICHMOND SOUTH,NSW,,13845,74,RICHMOND SOUTH|NSW,PENRITH SOUTH|NSW
43373,GLENFERRIE SOUTH,NSW,,11711,81,GLENFERRIE SOUTH|NSW,ENFIELD SOUTH|NSW
43373,GLENFERRIE SOUTH,NSW,,21216,80,GLENFERRIE SOUTH|NSW,GLENFERRIE SOUTH|VIC
43373,GLENFERRIE SOUTH,NSW,,14305,72,GLENFERRIE SOUTH|NSW,SOUTH BOWENFELS|NSW
43377,HAWTHORN NORTH,NSW,,12215,83,HAWTHORN NORTH|NSW,HAMILTON NORTH|NSW
43377,HAWTHORN NORTH,NSW,,21375,83,HAWTHORN NORTH|NSW,HAWTHORN NORTH|VIC
43377,HAWTHORN NORTH,NSW,,13602,80,HAWTHORN NORTH|NSW,NORTH LAMBTON|NSW
43379,HAWTHORN WEST,NSW,,21376,82,HAWTHORN WEST|NSW,HAWTHORN WEST|VIC
43379,HAWTHORN WEST,NSW,,15267,81,HAWTHORN WEST|NSW,WEST HOXTON|NSW
43379,HAWTHORN WEST,NSW,,12078,79,HAWTHORN WEST|NSW,GRAFTON WEST|NSW
43382,HAWTHORN EAST,NSW,,12214,82,HAWTHORN EAST|NSW,HAMILTON EAST|NSW
43382,HAWTHORN EAST,NSW,,21374,82,HAWTHORN EAST|NSW,HAWTHORN EAST|VIC
43382,HAWTHORN EAST,NSW,,10286,71,HAWTHORN EAST|NSW,BATHAMPTON|NSW
43387,CAMBERWELL SOUTH,NSW,,10940,82,CAMBERWELL SOUTH|NSW,CAMBERWELL|NSW
43387,CAMBERWELL SOUTH,NSW,,20545,80,CAMBERWELL SOUTH|NSW,CAMBERWELL SOUTH|VIC
43387,CAMBERWELL SOUTH,NSW,,10951,78,CAMBERWELL SOUTH|NSW,CAMDEN SOUTH|NSW
43395,BENNETTSWOOD,NSW,,20267,81,BENNETTSWOOD|NSW,BENNETTSWOOD|VIC
43395,BENNETTSWOOD,NSW,,10312,76,BENNETTSWOOD|NSW,BEECHWOOD|NSW
43395,BENNETTSWOOD,NSW,,10650,73,BENNETTSWOOD|NSW,BOURNEWOOD|NSW
43398,SURREY HILLS SOUTH,NSW,,22907,82,SURREY HILLS SOUTH|NSW,SURREY HILLS SOUTH|VIC
43398,SURREY HILLS SOUTH,NSW,,14466,81,SURREY HILLS SOUTH|NSW,SURRY HILLS|NSW
43398,SURREY HILLS SOUTH,NSW,,14744,79,SURREY HILLS SOUTH|NSW,TERREY HILLS|NSW
43403,MONT ALBERT,NSW,,10028,80,MONT ALBERT|NSW,ALBERT|NSW
43403,MONT ALBERT,NSW,,22083,80,MONT ALBERT|NSW,MONT ALBERT|VIC
43403,MONT ALBERT,NSW,,10154,79,MONT ALBERT|NSW,AYLMERTON|NSW
43407,SURREY HILLS NORTH,NSW,,22906,82,SURREY HILLS NORTH|NSW,SURREY HILLS NORTH|VIC
43407,SURREY HILLS NORTH,NSW,,14466,81,SURREY HILLS NORTH|NSW,SURRY HILLS|NSW
43407,SURREY HILLS NORTH,NSW,,13600,78,SURREY HILLS NORTH|NSW,NORTH HILL|NSW
43417,WATTLE PARK,NSW,,15327,83,WATTLE PARK|NSW,WILEY PARK|NSW
43417,WATTLE PARK,NSW,,15211,79,WATTLE PARK|NSW,WATTLE SPRINGS|NSW
43417,WATTLE PARK,NSW,,13800,77,WATTLE PARK|NSW,PARKLEA|NSW
43421,KERRIMUIR,NSW,,12542,81,KERRIMUIR|NSW,KERRIGUNDI|NSW
43421,KERRIMUIR,NSW,,21604,77,KERRIMUIR|NSW,KERRIMUIR|VIC
43421,KERRIMUIR,NSW,,10396,75,KERRIMUIR|NSW,BERRIMA|NSW
43427,BLACKBURN NORTH,NSW,,20313,84,BLACKBURN NORTH|NSW,BLACKBURN NORTH|VIC
43427,BLACKBURN NORTH,NSW,,12069,81,BLACKBURN NORTH|NSW,GOULBURN NORTH|NSW
43427,BLACKBURN NORTH,NSW,,13584,80,BLACKBURN NORTH|NSW,NORTH ALBURY|NSW
43431,LABURNUM,NSW,,10129,82,LABURNUM|NSW,AUBURN|NSW
43431,LABURNUM,NSW,,12814,78,LABURNUM|NSW,LINBURN|NSW
43431,LABURNUM,NSW,,10857,76,LABURNUM|NSW,BURNS|NSW
43433,BRENTFORD SQUARE,NSW,,20400,80,BRENTFORD SQUARE|NSW,BRENTFORD SQUARE|VIC
43433,BRENTFORD SQUARE,NSW,,10231,75,BRENTFORD SQUARE|NSW,BANKSTOWN SQUARE|NSW
43433,BRENTFORD SQUARE,NSW,,12925,70,BRENTFORD SQUARE|NSW,MACARTHUR SQUARE|NSW
43437,NUNAWADING,NSW,,15127,74,NUNAWADING|NSW,WANAARING|NSW
43437,NUNAWADING,NSW,,13668,72,NUNAWADING|NSW,NUNDERI|NSW
43437,NUNAWADING,NSW,,13942,72,NUNAWADING|NSW,PUCAWAN|NSW
43441,MITCHAM NORTH,NSW,,22051,82,MITCHAM NORTH|NSW,MITCHAM NORTH|VIC
43441,MITCHAM NORTH,NSW,,12951,80,MITCHAM NORTH|NSW,MAITLAND NORTH|NSW
43441,MITCHAM NORTH,NSW,,13585,80,MITCHAM NORTH|NSW,NORTH ARM|NSW
43447,VERMONT SOUTH,NSW,,23170,76,VERMONT SOUTH|NSW,VERMONT SOUTH|VIC
43447,VERMONT SOUTH,NSW,,14334,75,VERMONT SOUTH|NSW,SOUTHAMPTON|NSW
43447,VERMONT SOUTH,NSW,,14328,74,VERMONT SOUTH|NSW,SOUTH TAMWORTH|NSW
43453,RINGWOOD NORTH,NSW,,14059,80,RINGWOOD NORTH|NSW,RINGWOOD|NSW
43453,RINGWOOD NORTH,NSW,,13612,78,RINGWOOD NORTH|NSW,NORTH RICHMOND|NSW
43453,RINGWOOD NORTH,NSW,,13634,78,RINGWOOD NORTH|NSW,NORTH WOODBURN|NSW
43455,WARRANDYTE SOUTH,NSW,,23259,80,WARRANDYTE SOUTH|NSW,WARRANDYTE SOUTH|VIC
43455,WARRANDYTE SOUTH,NSW,,22366,75,WARRANDYTE SOUTH|NSW,NORTH WARRANDYTE|VIC
43455,WARRANDYTE SOUTH,NSW,,14698,74,WARRANDYTE SOUTH|NSW,TAREE SOUTH|NSW
43459,BEDFORD ROAD,NSW,,50104,77,BEDFORD ROAD|NSW,BEDFORD|WA
43459,BEDFORD ROAD,NSW,,20223,75,BEDFORD ROAD|NSW,BEDFORD ROAD|VIC
43459,BEDFORD ROAD,NSW,,10323,74,BEDFORD ROAD|NSW,BELFORD|NSW
43463,RINGWOOD EAST,NSW,,14059,83,RINGWOOD EAST|NSW,RINGWOOD|NSW
43463,RINGWOOD EAST,NSW,,14365,77,RINGWOOD EAST|NSW,SPRINGWOOD|NSW
43463,RINGWOOD EAST,NSW,,22612,76,RINGWOOD EAST|NSW,RINGWOOD EAST|VIC
43466,CROYDON HILLS,NSW,,20815,82,CROYDON HILLS|NSW,CROYDON HILLS|VIC
43466,CROYDON HILLS,NSW,,11380,79,CROYDON HILLS|NSW,CROYDON|NSW
43466,CROYDON HILLS,NSW,,11244,77,CROYDON HILLS|NSW,COOKS HILL|NSW
43468,CROYDON NORTH,NSW,,20816,82,CROYDON NORTH|NSW,CROYDON NORTH|VIC
43468,CROYDON NORTH,NSW,,11263,81,CROYDON NORTH|NSW,COOMA NORTH|NSW
43468,CROYDON NORTH,NSW,,11561,80,CROYDON NORTH|NSW,DOYALSON NORTH|NSW
43470,CROYDON SOUTH,NSW,,10951,79,CROYDON SOUTH|NSW,CAMDEN SOUTH|NSW
43470,CROYDON SOUTH,NSW,,11380,79,CROYDON SOUTH|NSW,CROYDON|NSW
43470,CROYDON SOUTH,NSW,,14307,79,CROYDON SOUTH|NSW,SOUTH COOGEE|NSW
43472,KILSYTH,NSW,,12551,74,KILSYTH|NSW,KIAH|NSW
43472,KILSYTH,NSW,,21626,73,KILSYTH|NSW,KILSYTH|VIC
43472,KILSYTH,NSW,,10025,70,KILSYTH|NSW,AIRLY|NSW
43474,KILSYTH SOUTH,NSW,,14316,77,KILSYTH SOUTH|NSW,SOUTH HILL|NSW
43474,KILSYTH SOUTH,NSW,,14318,76,KILSYTH SOUTH|NSW,SOUTH KEMPSEY|NSW
43474,KILSYTH SOUTH,NSW,,21627,76,KILSYTH SOUTH|NSW,KILSYTH SOUTH|VIC
43476,MOOROOLBARK,NSW,,22111,80,MOOROOLBARK|NSW,MOOROOLBARK|VIC
43476,MOOROOLBARK,NSW,,13269,79,MOOROOLBARK|NSW,MOOREBANK|NSW
43476,MOOROOLBARK,NSW,,10615,77,MOOROOLBARK|NSW,BOOROOK|NSW
43478,BEENAK,NSW,,10826,82,BEENAK|NSW,BUNDEENA|NSW
43478,BEENAK,NSW,,10691,80,BEENAK|NSW,BREEZA|NSW
43478,BEENAK,NSW,,10692,80,BEENAK|NSW,BRENDA|NSW
43484,LAUNCHING PLACE,NSW,,21765,79,LAUNCHING PLACE|NSW,LAUNCHING PLACE|VIC
43484,LAUNCHING PLACE,NSW,,10073,76,LAUNCHING PLACE|NSW,ANGUS PLACE|NSW
43484,LAUNCHING PLACE,NSW,,12868,67,LAUNCHING PLACE|NSW,LONG PLAIN|NSW
43488,SEVILLE EAST,NSW,,14113,80,SEVILLE EAST|NSW,ROSEVILLE CHASE|NSW
43488,SEVILLE EAST,NSW,,14112,76,SEVILLE EAST|NSW,ROSEVILLE|NSW
43488,SEVILLE EAST,NSW,,11651,75,SEVILLE EAST|NSW,EAST WARDELL|NSW
43490,WANDIN EAST,NSW,,23222,80,WANDIN EAST|NSW,WANDIN EAST|VIC
43490,WANDIN EAST,NSW,,51756,80,WANDIN EAST|NSW,WARDING EAST|WA
43490,WANDIN EAST,NSW,,11651,77,WANDIN EAST|NSW,EAST WARDELL|NSW
43492,WANDIN NORTH,NSW,,23223,81,WANDIN NORTH|NSW,WANDIN NORTH|VIC
43492,WANDIN NORTH,NSW,,15416,79,WANDIN NORTH|NSW,WONBOYN NORTH|NSW
43492,WANDIN NORTH,NSW,,13634,76,WANDIN NORTH|NSW,NORTH WOODBURN|NSW
43494,WOORI YALLOCK,NSW,,23442,82,WOORI YALLOCK|NSW,WOORI YALLOCK|VIC
43494,WOORI YALLOCK,NSW,,15432,69,WOORI YALLOCK|NSW,WOODHILL|NSW
43494,WOORI YALLOCK,NSW,,14877,67,WOORI YALLOCK|NSW,TOOYAL|NSW
43496,YELLINGBO,NSW,,15569,82,YELLINGBO|NSW,YENGO|NSW
43496,YELLINGBO,NSW,,15239,81,YELLINGBO|NSW,WELLINGTON|NSW
43496,YELLINGBO,NSW,,15238,79,YELLINGBO|NSW,WELLINGROVE|NSW
43499,CHAPEL STREET NORTH,NSW,,20635,83,CHAPEL STREET NORTH|NSW,CHAPEL STREET NORTH|VIC
43499,CHAPEL STREET NORTH,NSW,,51305,73,CHAPEL STREET NORTH|NSW,NORTH WEST CAPE|WA
43499,CHAPEL STREET NORTH,NSW,,13617,70,CHAPEL STREET NORTH|NSW,NORTH RYDE BC|NSW
43501,DOMAIN ROAD PO,NSW,,20923,78,DOMAIN ROAD PO|NSW,DOMAIN ROAD PO|VIC
43501,DOMAIN ROAD PO,NSW,,13832,69,DOMAIN ROAD PO|NSW,PELAW MAIN|NSW
43501,DOMAIN ROAD PO,NSW,,13195,67,DOMAIN ROAD PO|NSW,MISSENDEN ROAD|NSW
43503,SOUTH YARRA,NSW,,14329,80,SOUTH YARRA|NSW,SOUTH TURRAMURRA|NSW
43503,SOUTH YARRA,NSW,,14698,80,SOUTH YARRA|NSW,TAREE SOUTH|NSW
43503,SOUTH YARRA,NSW,,14327,77,SOUTH YARRA|NSW,SOUTH TACOMA|NSW
43505,HAWKSBURN,NSW,,10129,78,HAWKSBURN|NSW,AUBURN|NSW
43505,HAWKSBURN,NSW,,11095,77,HAWKSBURN|NSW,CHATSBURY|NSW
43505,HAWKSBURN,NSW,,21372,77,HAWKSBURN|NSW,HAWKSBURN|VIC
43507,TOORAK,NSW,,14801,84,TOORAK|NSW,THORA|NSW
43507,TOORAK,NSW,,14864,84,TOORAK|NSW,TOOMA|NSW
43507,TOORAK,NSW,,14869,82,TOORAK|NSW,TOORANIE|NSW
43519,CAULFIELD EAST,NSW,,20623,83,CAULFIELD EAST|NSW,CAULFIELD EAST|VIC
43519,CAULFIELD EAST,NSW,,10937,73,CAULFIELD EAST|NSW,CALORAFIELD|NSW
43519,CAULFIELD EAST,NSW,,11633,73,CAULFIELD EAST|NSW,EAST CORAKI|NSW
43525,DARLING SOUTH,NSW,,11002,83,DARLING SOUTH|NSW,CARINGBAH SOUTH|NSW
43525,DARLING SOUTH,NSW,,11467,82,DARLING SOUTH|NSW,DARLING POINT|NSW
43525,DARLING SOUTH,NSW,,13029,82,DARLING SOUTH|NSW,MARULAN SOUTH|NSW
43527,MALVERN EAST,NSW,,21893,81,MALVERN EAST|NSW,MALVERN EAST|VIC
43527,MALVERN EAST,NSW,,12983,80,MALVERN EAST|NSW,MANLY EAST|NSW
43527,MALVERN EAST,NSW,,11646,79,MALVERN EAST|NSW,EAST MAITLAND|NSW
43529,WATTLETREE ROAD PO,NSW,,23292,82,WATTLETREE ROAD PO|NSW,WATTLETREE ROAD PO|VIC
43529,WATTLETREE ROAD PO,NSW,,15209,74,WATTLETREE ROAD PO|NSW,WATTLE PONDS|NSW
43529,WATTLETREE ROAD PO,NSW,,14148,68,WATTLETREE ROAD PO|NSW,RUN-O-WATERS|NSW
43535,ASHBURTON,NSW,,10113,83,ASHBURTON|NSW,ASHBURY|NSW
43535,ASHBURTON,NSW,,10129,78,ASHBURTON|NSW,AUBURN|NSW
43535,ASHBURTON,NSW,,10895,78,ASHBURTON|NSW,BUXTON|NSW
43543,HOLMESGLEN,NSW,,12317,83,HOLMESGLEN|NSW,HOLMESVILLE|NSW
43543,HOLMESGLEN,NSW,,21433,79,HOLMESGLEN|NSW,HOLMESGLEN|VIC
43543,HOLMESGLEN,NSW,,11848,76,HOLMESGLEN|NSW,FOREST GLEN|NSW
43547,MOUNT WAVERLEY,NSW,,22189,83,MOUNT WAVERLEY|NSW,MOUNT WAVERLEY|VIC
43547,MOUNT WAVERLEY,NSW,,13363,80,MOUNT WAVERLEY|NSW,MOUNT THORLEY|NSW
43547,MOUNT WAVERLEY,NSW,,14078,80,MOUNT WAVERLEY|NSW,ROCKLEY MOUNT|NSW
43553,BRANDON PARK,NSW,,10682,83,BRANDON PARK|NSW,BRAY PARK|NSW
43553,BRANDON PARK,NSW,,10636,81,BRANDON PARK|NSW,BORONIA PARK|NSW
43553,BRANDON PARK,NSW,,11381,81,BRANDON PARK|NSW,CROYDON PARK|NSW
43555,GLEN WAVERLEY,NSW,,15216,83,GLEN WAVERLEY|NSW,WAVERLEY|NSW
43555,GLEN WAVERLEY,NSW,,21204,82,GLEN WAVERLEY|NSW,GLEN WAVERLEY|VIC
43555,GLEN WAVERLEY,NSW,,11979,80,GLEN WAVERLEY|NSW,GLEN WARD|NSW
43557,WHEELERS HILL,NSW,,23335,82,WHEELERS HILL|NSW,WHEELERS HILL|VIC
43557,WHEELERS HILL,NSW,,15298,78,WHEELERS HILL|NSW,WHEELER HEIGHTS|NSW
43557,WHEELERS HILL,NSW,,14261,76,WHEELERS HILL|NSW,SHOOTERS HILL|NSW
43559,BURWOOD EAST,NSW,,10886,81,BURWOOD EAST|NSW,BURWOOD|NSW
43559,BURWOOD EAST,NSW,,20513,81,BURWOOD EAST|NSW,BURWOOD EAST|VIC
43559,BURWOOD EAST,NSW,,10887,80,BURWOOD EAST|NSW,BURWOOD HEIGHTS|NSW
43564,STUDFIELD,NSW,,14226,81,STUDFIELD|NSW,SEDGEFIELD|NSW
43564,STUDFIELD,NSW,,14284,81,STUDFIELD|NSW,SMITHFIELD|NSW
43564,STUDFIELD,NSW,,14425,79,STUDFIELD|NSW,STRATHFIELD|NSW
43566,WANTIRNA,NSW,,15079,78,WANTIRNA|NSW,WAITARA|NSW
43566,WANTIRNA,NSW,,15130,78,WANTIRNA|NSW,WANDERA|NSW
43566,WANTIRNA,NSW,,14836,76,WANTIRNA|NSW,TIONA|NSW
43568,WANTIRNA SOUTH,NSW,,23239,78,WANTIRNA SOUTH|NSW,WANTIRNA SOUTH|VIC
43568,WANTIRNA SOUTH,NSW,,14332,74,WANTIRNA SOUTH|NSW,SOUTH WINDSOR|NSW
43568,WANTIRNA SOUTH,NSW,,14334,73,WANTIRNA SOUTH|NSW,SOUTHAMPTON|NSW
43572,BAYSWATER NORTH,NSW,,20211,84,BAYSWATER NORTH|NSW,BAYSWATER NORTH|VIC
43572,BAYSWATER NORTH,NSW,,13593,78,BAYSWATER NORTH|NSW,NORTH BROTHER|NSW
43572,BAYSWATER NORTH,NSW,,51279,76,BAYSWATER NORTH|NSW,NORTH BANNISTER|WA
43579,LYSTERFIELD,NSW,,11134,83,LYSTERFIELD|NSW,CLEARFIELD|NSW
43579,LYSTERFIELD,NSW,,21862,80,LYSTERFIELD|NSW,LYSTERFIELD|VIC
43579,LYSTERFIELD,NSW,,11993,79,LYSTERFIELD|NSW,GLENFIELD|NSW
43581,LYSTERFIELD SOUTH,NSW,,11711,84,LYSTERFIELD SOUTH|NSW,ENFIELD SOUTH|NSW
43581,LYSTERFIELD SOUTH,NSW,,21863,81,LYSTERFIELD SOUTH|NSW,LYSTERFIELD SOUTH|VIC
43581,LYSTERFIELD SOUTH,NSW,,14319,74,LYSTERFIELD SOUTH|NSW,SOUTH LISMORE|NSW
43583,MOUNTAIN GATE,NSW,,22191,82,MOUNTAIN GATE|NSW,MOUNTAIN GATE|VIC
43583,MOUNTAIN GATE,NSW,,10401,80,MOUNTAIN GATE|NSW,BERRY MOUNTAIN|NSW
43583,MOUNTAIN GATE,NSW,,10476,80,MOUNTAIN GATE|NSW,BLACK MOUNTAIN|NSW
43585,UPPER FERNTREE GULLY,NSW,,23156,83,UPPER FERNTREE GULLY|NSW,UPPER FERNTREE GULLY|VIC
43585,UPPER FERNTREE GULLY,NSW,,11805,74,UPPER FERNTREE GULLY|NSW,FERN GULLY|NSW
43585,UPPER FERNTREE GULLY,NSW,,21088,71,UPPER FERNTREE GULLY|NSW,FERNTREE GULLY|VIC
43587,UPWEY,NSW,,15237,78,UPWEY|NSW,WELBY|NSW
43587,UPWEY,NSW,,13953,74,UPWEY|NSW,PUTNEY|NSW
43587,UPWEY,NSW,,15280,74,UPWEY|NSW,WESTBY|NSW
43597,BELGRAVE SOUTH,NSW,,10413,82,BELGRAVE SOUTH|NSW,BEXLEY SOUTH|NSW
43597,BELGRAVE SOUTH,NSW,,14312,81,BELGRAVE SOUTH|NSW,SOUTH GRANVILLE|NSW
43597,BELGRAVE SOUTH,NSW,,14315,79,BELGRAVE SOUTH|NSW,SOUTH GUYRA|NSW
43607,CAULFIELD SOUTH,NSW,,11711,83,CAULFIELD SOUTH|NSW,ENFIELD SOUTH|NSW
43607,CAULFIELD SOUTH,NSW,,20626,79,CAULFIELD SOUTH|NSW,CAULFIELD SOUTH|VIC
43607,CAULFIELD SOUTH,NSW,,14321,76,CAULFIELD SOUTH|NSW,SOUTH MAITLAND|NSW
43611,BOORAN ROAD PO,NSW,,20359,78,BOORAN ROAD PO|NSW,BOORAN ROAD PO|VIC
43611,BOORAN ROAD PO,NSW,,13913,73,BOORAN ROAD PO|NSW,PORT BOTANY|NSW
43611,BOORAN ROAD PO,NSW,,10609,69,BOORAN ROAD PO|NSW,BOORABEE PARK|NSW
43613,CARNEGIE,NSW,,10971,82,CARNEGIE|NSW,CANGAI|NSW
43613,CARNEGIE,NSW,,10924,78,CARNEGIE|NSW,CALARIE|NSW
43613,CARNEGIE,NSW,,11342,78,CARNEGIE|NSW,CRAIGIE|NSW
43615,GLEN HUNTLY,NSW,,21200,80,GLEN HUNTLY|NSW,GLEN HUNTLY|VIC
43615,GLEN HUNTLY,NSW,,12359,77,GLEN HUNTLY|NSW,HUNTLEY|NSW
43615,GLEN HUNTLY,NSW,,12360,75,GLEN HUNTLY|NSW,HUNTLEYS COVE|NSW
43617,MURRUMBEENA,NSW,,13441,81,MURRUMBEENA|NSW,MURRUMBATEMAN|NSW
43617,MURRUMBEENA,NSW,,13442,81,MURRUMBEENA|NSW,MURRUMBO|NSW
43617,MURRUMBEENA,NSW,,13443,80,MURRUMBEENA|NSW,MURRUMBUCCA|NSW
43619,DANDENONG SOUTH,NSW,,10951,80,DANDENONG SOUTH|NSW,CAMDEN SOUTH|NSW
43619,DANDENONG SOUTH,NSW,,20848,79,DANDENONG SOUTH|NSW,DANDENONG SOUTH|VIC
43619,DANDENONG SOUTH,NSW,,20845,74,DANDENONG SOUTH|NSW,DANDENONG NORTH|VIC
43621,BENTLEIGH EAST,NSW,,20270,83,BENTLEIGH EAST|NSW,BENTLEIGH EAST|VIC
43621,BENTLEIGH EAST,NSW,,11501,72,BENTLEIGH EAST|NSW,DENISTONE EAST|NSW
43621,BENTLEIGH EAST,NSW,,10208,71,BENTLEIGH EAST|NSW,BALMAIN EAST|NSW
43623,COATESVILLE,NSW,,11130,83,COATESVILLE|NSW,CLAREVILLE|NSW
43623,COATESVILLE,NSW,,11295,83,COATESVILLE|NSW,CORALVILLE|NSW
43623,COATESVILLE,NSW,,10124,81,COATESVILLE|NSW,ASHVILLE|NSW
43625,HUGHESDALE,NSW,,21457,79,HUGHESDALE|NSW,HUGHESDALE|VIC
43625,HUGHESDALE,NSW,,11984,77,HUGHESDALE|NSW,GLENDALE|NSW
43625,HUGHESDALE,NSW,,10067,74,HUGHESDALE|NSW,ANGLEDALE|NSW
43631,OAKLEIGH EAST,NSW,,22402,76,OAKLEIGH EAST|NSW,OAKLEIGH EAST|VIC
43631,OAKLEIGH EAST,NSW,,13729,75,OAKLEIGH EAST|NSW,ORANGE EAST|NSW
43631,OAKLEIGH EAST,NSW,,13991,71,OAKLEIGH EAST|NSW,RALEIGH|NSW
43633,OAKLEIGH SOUTH,NSW,,22403,78,OAKLEIGH SOUTH|NSW,OAKLEIGH SOUTH|VIC
43633,OAKLEIGH SOUTH,NSW,,13845,74,OAKLEIGH SOUTH|NSW,PENRITH SOUTH|NSW
43633,OAKLEIGH SOUTH,NSW,,14326,74,OAKLEIGH SOUTH|NSW,SOUTH PENRITH|NSW
43637,NOTTING HILL,NSW,,22373,81,NOTTING HILL|NSW,NOTTING HILL|VIC
43637,NOTTING HILL,NSW,,12591,80,NOTTING HILL|NSW,KINGS HILL|NSW
43637,NOTTING HILL,NSW,,13600,80,NOTTING HILL|NSW,NORTH HILL|NSW
43641,CLAYTON SOUTH,NSW,,14311,82,CLAYTON SOUTH|NSW,SOUTH GRAFTON|NSW
43641,CLAYTON SOUTH,NSW,,12216,80,CLAYTON SOUTH|NSW,HAMILTON SOUTH|NSW
43641,CLAYTON SOUTH,NSW,,12252,80,CLAYTON SOUTH|NSW,HAY SOUTH|NSW
43647,SANDOWN VILLAGE,NSW,,22690,79,SANDOWN VILLAGE|NSW,SANDOWN VILLAGE|VIC
43647,SANDOWN VILLAGE,NSW,,14244,74,SANDOWN VILLAGE|NSW,SHANNON VALE|NSW
43647,SANDOWN VILLAGE,NSW,,14805,74,SANDOWN VILLAGE|NSW,THREDBO VILLAGE|NSW
43651,DINGLEY VILLAGE,NSW,,20911,84,DINGLEY VILLAGE|NSW,DINGLEY VILLAGE|VIC
43651,DINGLEY VILLAGE,NSW,,11565,78,DINGLEY VILLAGE|NSW,DRAKE VILLAGE|NSW
43651,DINGLEY VILLAGE,NSW,,10295,76,DINGLEY VILLAGE|NSW,BAY VILLAGE|NSW
43653,SPRINGVALE SOUTH,NSW,,14364,82,SPRINGVALE SOUTH|NSW,SPRINGVALE|NSW
43653,SPRINGVALE SOUTH,NSW,,22812,80,SPRINGVALE SOUTH|NSW,SPRINGVALE SOUTH|VIC
43653,SPRINGVALE SOUTH,NSW,,14356,76,SPRINGVALE SOUTH|NSW,SPRING VALLEY|NSW
43655,KEYSBOROUGH,NSW,,21610,80,KEYSBOROUGH|NSW,KEYSBOROUGH|VIC
43655,KEYSBOROUGH,NSW,,11690,77,KEYSBOROUGH|NSW,ELLENBOROUGH|NSW
43655,KEYSBOROUGH,NSW,,12295,77,KEYSBOROUGH|NSW,HILLSBOROUGH|NSW
43659,NOBLE PARK EAST,NSW,,22345,79,NOBLE PARK EAST|NSW,NOBLE PARK EAST|VIC
43659,NOBLE PARK EAST,NSW,,13096,78,NOBLE PARK EAST|NSW,MENANGLE PARK|NSW
43659,NOBLE PARK EAST,NSW,,11735,76,NOBLE PARK EAST|NSW,ESCHOL PARK|NSW
43661,NOBLE PARK NORTH,NSW,,22346,80,NOBLE PARK NORTH|NSW,NOBLE PARK NORTH|VIC
43661,NOBLE PARK NORTH,NSW,,11999,76,NOBLE PARK NORTH|NSW,GLENMORE PARK|NSW
43661,NOBLE PARK NORTH,NSW,,12886,76,NOBLE PARK NORTH|NSW,LOUTH PARK|NSW
43663,BANGHOLME,NSW,,10221,82,BANGHOLME|NSW,BANGO|NSW
43663,BANGHOLME,NSW,,10218,80,BANGHOLME|NSW,BANGALEE|NSW
43663,BANGHOLME,NSW,,10220,80,BANGHOLME|NSW,BANGHEET|NSW
43667,DANDENONG EAST,NSW,,20844,83,DANDENONG EAST|NSW,DANDENONG EAST|VIC
43667,DANDENONG EAST,NSW,,11501,78,DANDENONG EAST|NSW,DENISTONE EAST|NSW
43667,DANDENONG EAST,NSW,,11632,74,DANDENONG EAST|NSW,EAST BRANXTON|NSW
43669,DANDENONG NORTH,NSW,,20845,84,DANDENONG NORTH|NSW,DANDENONG NORTH|VIC
43669,DANDENONG NORTH,NSW,,11561,76,DANDENONG NORTH|NSW,DOYALSON NORTH|NSW
43669,DANDENONG NORTH,NSW,,13599,76,DANDENONG NORTH|NSW,NORTH HAVEN|NSW
43671,DUNEARN,NSW,,10828,78,DUNEARN|NSW,BUNDEMAR|NSW
43671,DUNEARN,NSW,,11590,78,DUNEARN|NSW,DUNBOGAN|NSW
43671,DUNEARN,NSW,,11599,78,DUNEARN|NSW,DUNGEREE|NSW
43673,SCORESBY BC,NSW,,14297,74,SCORESBY BC|NSW,SOMERSBY|NSW
43673,SCORESBY BC,NSW,,22701,73,SCORESBY BC|NSW,SCORESBY BC|VIC
43673,SCORESBY BC,NSW,,14046,69,SCORESBY BC|NSW,REVESBY|NSW
43675,DOVETON,NSW,,11289,82,DOVETON|NSW,COPETON|NSW
43675,DOVETON,NSW,,11460,82,DOVETON|NSW,DARETON|NSW
43675,DOVETON,NSW,,11662,78,DOVETON|NSW,EDDERTON|NSW
43677,EUMEMMERRING,NSW,,21058,81,EUMEMMERRING|NSW,EUMEMMERRING|VIC
43677,EUMEMMERRING,NSW,,11721,76,EUMEMMERRING|NSW,EREMERANG|NSW
43677,EUMEMMERRING,NSW,,11720,74,EUMEMMERRING|NSW,ERARING|NSW
43681,SCORESBY,NSW,,14297,83,SCORESBY|NSW,SOMERSBY|NSW
43681,SCORESBY,NSW,,14046,78,SCORESBY|NSW,REVESBY|NSW
43681,SCORESBY,NSW,,14214,76,SCORESBY|NSW,SCONE|NSW
43683,KNOXFIELD,NSW,,11710,83,KNOXFIELD|NSW,ENFIELD|NSW
43683,KNOXFIELD,NSW,,11578,79,KNOXFIELD|NSW,DUCKENFIELD|NSW
43683,KNOXFIELD,NSW,,10061,77,KNOXFIELD|NSW,AMOSFIELD|NSW
43685,PRAHRAN,NSW,,13792,84,PRAHRAN|NSW,PARA|NSW
43685,PRAHRAN,NSW,,13803,80,PRAHRAN|NSW,PARMA|NSW
43685,PRAHRAN,NSW,,13768,78,PRAHRAN|NSW,PALARANG|NSW
43687,PRAHRAN EAST,NSW,,11648,77,PRAHRAN EAST|NSW,EAST SEAHAM|NSW
43687,PRAHRAN EAST,NSW,,13729,77,PRAHRAN EAST|NSW,ORANGE EAST|NSW
43687,PRAHRAN EAST,NSW,,22535,75,PRAHRAN EAST|NSW,PRAHRAN EAST|VIC
43693,ST KILDA SOUTH,NSW,,14384,78,ST KILDA SOUTH|NSW,ST MARYS SOUTH|NSW
43693,ST KILDA SOUTH,NSW,,22836,78,ST KILDA SOUTH|NSW,ST KILDA SOUTH|VIC
43693,ST KILDA SOUTH,NSW,,14316,75,ST KILDA SOUTH|NSW,SOUTH HILL|NSW
43695,ST KILDA WEST,NSW,,22837,76,ST KILDA WEST|NSW,ST KILDA WEST|VIC
43695,ST KILDA WEST,NSW,,12609,71,ST KILDA WEST|NSW,KINGSWAY WEST|NSW
43695,ST KILDA WEST,NSW,,13054,71,ST KILDA WEST|NSW,MAYFIELD WEST|NSW
43698,ST KILDA EAST,NSW,,11641,79,ST KILDA EAST|NSW,EAST KILLARA|NSW
43698,ST KILDA EAST,NSW,,14383,76,ST KILDA EAST|NSW,ST MARYS EAST|NSW
43698,ST KILDA EAST,NSW,,22831,76,ST KILDA EAST|NSW,ST KILDA EAST|VIC
43700,BRIGHTON ROAD,NSW,,10702,79,BRIGHTON ROAD|NSW,BRIGHTON LE SANDS|NSW
43700,BRIGHTON ROAD,NSW,,10703,79,BRIGHTON ROAD|NSW,BRIGHTON-LE-SANDS|NSW
43700,BRIGHTON ROAD,NSW,,40192,79,BRIGHTON ROAD|NSW,BRIGHTON|SA
43704,ELSTERNWICK,NSW,,21031,80,ELSTERNWICK|NSW,ELSTERNWICK|VIC
43704,ELSTERNWICK,NSW,,11743,77,ELSTERNWICK|NSW,ETTRICK|NSW
43704,ELSTERNWICK,NSW,,10894,76,ELSTERNWICK|NSW,BUTTERWICK|NSW
43706,GARDENVALE,NSW,,12110,81,GARDENVALE|NSW,GREENDALE|NSW
43706,GARDENVALE,NSW,,12730,79,GARDENVALE|NSW,LANDERVALE|NSW
43706,GARDENVALE,NSW,,21148,79,GARDENVALE|NSW,GARDENVALE|VIC
43708,RIPPONLEA,NSW,,14836,73,RIPPONLEA|NSW,TIONA|NSW
43708,RIPPONLEA,NSW,,15044,73,RIPPONLEA|NSW,URILA|NSW
43708,RIPPONLEA,NSW,,14062,72,RIPPONLEA|NSW,RIVERLEA|NSW
43714,DENDY,NSW,,11451,84,DENDY|NSW,DANDRY|NSW
43714,DENDY,NSW,,11663,82,DENDY|NSW,EDEN|NSW
43714,DENDY,NSW,,11444,80,DENDY|NSW,DALMENY|NSW
43716,WERE STREET PO,NSW,,23316,78,WERE STREET PO|NSW,WERE STREET PO|VIC
43716,WERE STREET PO,NSW,,14699,69,WERE STREET PO|NSW,TAREE WEST|NSW
43716,WERE STREET PO,NSW,,15493,69,WERE STREET PO|NSW,WYEE POINT|NSW
43728,MOORABBIN,NSW,,13240,82,MOORABBIN|NSW,MOOBI|NSW
43728,MOORABBIN,NSW,,13271,80,MOORABBIN|NSW,MOORLAND|NSW
43728,MOORABBIN,NSW,,50169,80,MOORABBIN|NSW,BOORABBIN|WA
43730,MOORABBIN EAST,NSW,,22102,83,MOORABBIN EAST|NSW,MOORABBIN EAST|VIC
43730,MOORABBIN EAST,NSW,,12983,75,MOORABBIN EAST|NSW,MANLY EAST|NSW
43730,MOORABBIN EAST,NSW,,13281,75,MOORABBIN EAST|NSW,MOREE EAST|NSW
43734,HIGHETT,NSW,,10509,73,HIGHETT|NSW,BLIGHTY|NSW
43734,HIGHETT,NSW,,21417,73,HIGHETT|NSW,HIGHETT|VIC
43734,HIGHETT,NSW,,11106,72,HIGHETT|NSW,CHICHESTER|NSW
43742,SOUTHLAND CENTRE,NSW,,22795,80,SOUTHLAND CENTRE|NSW,SOUTHLAND CENTRE|VIC
43742,SOUTHLAND CENTRE,NSW,,22370,75,SOUTHLAND CENTRE|NSW,NORTHLAND CENTRE|VIC
43742,SOUTHLAND CENTRE,NSW,,11303,74,SOUTHLAND CENTRE|NSW,COREE SOUTH|NSW
43746,BLACK ROCK,NSW,,14072,81,BLACK ROCK|NSW,ROCK FLAT|NSW
43746,BLACK ROCK,NSW,,10519,79,BLACK ROCK|NSW,BLUFF ROCK|NSW
43746,BLACK ROCK,NSW,,10477,76,BLACK ROCK|NSW,BLACK RANGE|NSW
43748,BLACK ROCK NORTH,NSW,,13613,80,BLACK ROCK NORTH|NSW,NORTH ROCKS|NSW
43748,BLACK ROCK NORTH,NSW,,20311,80,BLACK ROCK NORTH|NSW,BLACK ROCK NORTH|VIC
43748,BLACK ROCK NORTH,NSW,,14097,79,BLACK ROCK NORTH|NSW,ROSE BAY NORTH|NSW
43753,MENTONE EAST,NSW,,21978,81,MENTONE EAST|NSW,MENTONE EAST|VIC
43753,MENTONE EAST,NSW,,11645,80,MENTONE EAST|NSW,EAST LYNNE|NSW
43753,MENTONE EAST,NSW,,13281,80,MENTONE EAST|NSW,MOREE EAST|NSW
43757,ASPENDALE,NSW,,10151,80,ASPENDALE|NSW,AVONDALE|NSW
43757,ASPENDALE,NSW,,11481,80,ASPENDALE|NSW,DAYSDALE|NSW
43757,ASPENDALE,NSW,,11984,80,ASPENDALE|NSW,GLENDALE|NSW
43761,BRAESIDE,NSW,,10679,82,BRAESIDE|NSW,BRASSI|NSW
43761,BRAESIDE,NSW,,10672,80,BRAESIDE|NSW,BRAEFIELD|NSW
43761,BRAESIDE,NSW,,10376,77,BRAESIDE|NSW,BERESFIELD|NSW
43763,MORDIALLOC,NSW,,22117,79,MORDIALLOC|NSW,MORDIALLOC|VIC
43763,MORDIALLOC,NSW,,13288,77,MORDIALLOC|NSW,MORTDALE|NSW
43763,MORDIALLOC,NSW,,13277,75,MORDIALLOC|NSW,MORAGO|NSW
43769,WATERWAYS,NSW,,15194,77,WATERWAYS|NSW,WATERFALL|NSW
43769,WATERWAYS,NSW,,15200,77,WATERWAYS|NSW,WATERVIEW|NSW
43769,WATERWAYS,NSW,,23281,77,WATERWAYS|NSW,WATERWAYS|VIC
43771,BONBEACH,NSW,,10719,83,BONBEACH|NSW,BROBENAH|NSW
43771,BONBEACH,NSW,,11225,82,BONBEACH|NSW,CONEAC|NSW
43771,BONBEACH,NSW,,10238,80,BONBEACH|NSW,BAR BEACH|NSW
43773,CHELSEA,NSW,,11102,80,CHELSEA|NSW,CHELTENHAM|NSW
43773,CHELSEA,NSW,,12579,78,CHELSEA|NSW,KINCHELA|NSW
43773,CHELSEA,NSW,,12274,76,CHELSEA|NSW,HENLEY|NSW
43775,CHELSEA HEIGHTS,NSW,,20644,84,CHELSEA HEIGHTS|NSW,CHELSEA HEIGHTS|VIC
43775,CHELSEA HEIGHTS,NSW,,10973,81,CHELSEA HEIGHTS|NSW,CANLEY HEIGHTS|NSW
43775,CHELSEA HEIGHTS,NSW,,11201,80,CHELSEA HEIGHTS|NSW,COLO HEIGHTS|NSW
43777,EDITHVALE,NSW,,11670,82,EDITHVALE|NSW,EDITH|NSW
43777,EDITHVALE,NSW,,21014,77,EDITHVALE|NSW,EDITHVALE|VIC
43777,EDITHVALE,NSW,,13172,75,EDITHVALE|NSW,MILVALE|NSW
43779,CARRUM,NSW,,11016,82,CARRUM|NSW,CARRAMAR|NSW
43779,CARRUM,NSW,,10112,80,CARRUM|NSW,ARUMPO|NSW
43779,CARRUM,NSW,,11015,80,CARRUM|NSW,CARRAI|NSW
43781,PATTERSON LAKES,NSW,,22453,79,PATTERSON LAKES|NSW,PATTERSON LAKES|VIC
43781,PATTERSON LAKES,NSW,,13812,77,PATTERSON LAKES|NSW,PATERSON|NSW
43781,PATTERSON LAKES,NSW,,12309,71,PATTERSON LAKES|NSW,HMAS WATSON|NSW
43789,FRANKSTON EAST,NSW,,21126,83,FRANKSTON EAST|NSW,FRANKSTON EAST|VIC
43789,FRANKSTON EAST,NSW,,12214,74,FRANKSTON EAST|NSW,HAMILTON EAST|NSW
43789,FRANKSTON EAST,NSW,,10099,73,FRANKSTON EAST|NSW,ARKSTONE|NSW
43793,FRANKSTON SOUTH,NSW,,14311,83,FRANKSTON SOUTH|NSW,SOUTH GRAFTON|NSW
43793,FRANKSTON SOUTH,NSW,,21129,79,FRANKSTON SOUTH|NSW,FRANKSTON SOUTH|VIC
43793,FRANKSTON SOUTH,NSW,,40516,78,FRANKSTON SOUTH|NSW,EVANSTON SOUTH|SA
43797,KARINGAL CENTRE,NSW,,21570,84,KARINGAL CENTRE|NSW,KARINGAL CENTRE|VIC
43797,KARINGAL CENTRE,NSW,,41264,74,KARINGAL CENTRE|NSW,NOARLUNGA CENTRE|SA
43797,KARINGAL CENTRE,NSW,,11720,73,KARINGAL CENTRE|NSW,ERARING|NSW
43801,PINES FOREST,NSW,,11853,81,PINES FOREST|NSW,FOREST REEFS|NSW
43801,PINES FOREST,NSW,,11923,76,PINES FOREST|NSW,GEORGES PLAINS|NSW
43801,PINES FOREST,NSW,,11843,75,PINES FOREST|NSW,FORBES RIVER|NSW
43803,CARRUM DOWNS,NSW,,20608,81,CARRUM DOWNS|NSW,CARRUM DOWNS|VIC
43803,CARRUM DOWNS,NSW,,10963,73,CARRUM DOWNS|NSW,CAMPERDOWN|NSW
43803,CARRUM DOWNS,NSW,,10110,71,CARRUM DOWNS|NSW,ARTARMON|NSW
43805,HEATHERTON,NSW,,11702,80,HEATHERTON|NSW,EMERTON|NSW
43805,HEATHERTON,NSW,,21391,79,HEATHERTON|NSW,HEATHERTON|VIC
43805,HEATHERTON,NSW,,11091,77,HEATHERTON|NSW,CHARLTON|NSW
43809,MCKINNON,NSW,,13185,76,MCKINNON|NSW,MINTO|NSW
43809,MCKINNON,NSW,,11112,75,MCKINNON|NSW,CHINNOCK|NSW
43809,MCKINNON,NSW,,11183,75,MCKINNON|NSW,COLINTON|NSW
43811,ORMOND,NSW,,14053,82,ORMOND|NSW,RICHMOND|NSW
43811,ORMOND,NSW,,13699,80,ORMOND|NSW,OBERON|NSW
43811,ORMOND,NSW,,13909,80,ORMOND|NSW,POMONA|NSW
43815,SOUTH MELBOURNE,NSW,,10130,80,SOUTH MELBOURNE|NSW,AUBURN SOUTH|NSW
43815,SOUTH MELBOURNE,NSW,,14300,80,SOUTH MELBOURNE|NSW,SOUTH ALBURY|NSW
43815,SOUTH MELBOURNE,NSW,,22787,79,SOUTH MELBOURNE|NSW,SOUTH MELBOURNE|VIC
43817,SOUTH MELBOURNE DC,NSW,,22788,82,SOUTH MELBOURNE DC|NSW,SOUTH MELBOURNE DC|VIC
43817,SOUTH MELBOURNE DC,NSW,,11303,76,SOUTH MELBOURNE DC|NSW,COREE SOUTH|NSW
43817,SOUTH MELBOURNE DC,NSW,,10130,74,SOUTH MELBOURNE DC|NSW,AUBURN SOUTH|NSW
43819,ALBERT PARK,NSW,,10402,83,ALBERT PARK|NSW,BERRY PARK|NSW
43819,ALBERT PARK,NSW,,12725,83,ALBERT PARK|NSW,LALOR PARK|NSW
43819,ALBERT PARK,NSW,,10028,80,ALBERT PARK|NSW,ALBERT|NSW
43821,MIDDLE PARK,NSW,,13140,81,MIDDLE PARK|NSW,MIDDLE POCKET|NSW
43821,MIDDLE PARK,NSW,,10950,80,MIDDLE PARK|NSW,CAMDEN PARK|NSW
43821,MIDDLE PARK,NSW,,13465,80,MIDDLE PARK|NSW,MYRTLE PARK|NSW
43823,GARDEN CITY,NSW,,21147,80,GARDEN CITY|NSW,GARDEN CITY|VIC
43823,GARDEN CITY,NSW,,10014,79,GARDEN CITY|NSW,ACACIA GARDENS|NSW
43823,GARDEN CITY,NSW,,11493,73,GARDEN CITY|NSW,DELROY GARDENS|NSW
43825,PORT MELBOURNE,NSW,,22522,78,PORT MELBOURNE|NSW,PORT MELBOURNE|VIC
43825,PORT MELBOURNE,NSW,,22361,76,PORT MELBOURNE|NSW,NORTH MELBOURNE|VIC
43825,PORT MELBOURNE,NSW,,13913,73,PORT MELBOURNE|NSW,PORT BOTANY|NSW
43832,POINT WILSON,NSW,,13903,79,POINT WILSON|NSW,POINT WOLSTONCROFT|NSW
43832,POINT WILSON,NSW,,14196,77,POINT WILSON|NSW,SANDY POINT|NSW
43832,POINT WILSON,NSW,,14728,76,POINT WILSON|NSW,TENNYSON POINT|NSW
43834,ANAKIE,NSW,,10971,80,ANAKIE|NSW,CANGAI|NSW
43834,ANAKIE,NSW,,13475,80,ANAKIE|NSW,NANAMI|NSW
43834,ANAKIE,NSW,,13477,78,ANAKIE|NSW,NANARDINE|NSW
43836,BATESFORD,NSW,,10120,83,BATESFORD|NSW,ASHFORD|NSW
43836,BATESFORD,NSW,,10323,83,BATESFORD|NSW,BELFORD|NSW
43836,BATESFORD,NSW,,10003,81,BATESFORD|NSW,ABBOTSFORD|NSW
43838,LOVELY BANKS,NSW,,21844,81,LOVELY BANKS|NSW,LOVELY BANKS|VIC
43838,LOVELY BANKS,NSW,,10257,79,LOVELY BANKS|NSW,BARNSLEY|NSW
43838,LOVELY BANKS,NSW,,12888,73,LOVELY BANKS|NSW,LOVETT BAY|NSW
43840,MOORABOOL,NSW,,11238,83,MOORABOOL|NSW,COOBOOL|NSW
43840,MOORABOOL,NSW,,13264,83,MOORABOOL|NSW,MOORBEL|NSW
43840,MOORABOOL,NSW,,12055,79,MOORABOOL|NSW,GOORANGOOLA|NSW
43842,CORIO,NSW,,11294,84,CORIO|NSW,CORAKI|NSW
43842,CORIO,NSW,,11313,84,CORIO|NSW,COROWA|NSW
43842,CORIO,NSW,,10635,82,CORIO|NSW,BORO|NSW
43844,NORLANE,NSW,,12423,82,NORLANE|NSW,JENOLAN|NSW
43844,NORLANE,NSW,,12881,80,NORLANE|NSW,LORNE|NSW
43844,NORLANE,NSW,,13649,80,NORLANE|NSW,NOWRA|NSW
43849,BELL POST HILL,NSW,,20233,78,BELL POST HILL|NSW,BELL POST HILL|VIC
43849,BELL POST HILL,NSW,,13925,75,BELL POST HILL|NSW,POTTS HILL|NSW
43849,BELL POST HILL,NSW,,10336,74,BELL POST HILL|NSW,BELLEVUE HILL|NSW
43851,DRUMCONDRA,NSW,,20953,79,DRUMCONDRA|NSW,DRUMCONDRA|VIC
43851,DRUMCONDRA,NSW,,11592,75,DRUMCONDRA|NSW,DUNDAS|NSW
43851,DRUMCONDRA,NSW,,11569,74,DRUMCONDRA|NSW,DRUMMOYNE|NSW
43853,GEELONG NORTH,NSW,,10342,82,GEELONG NORTH|NSW,BELMONT NORTH|NSW
43853,GEELONG NORTH,NSW,,21158,82,GEELONG NORTH|NSW,GEELONG NORTH|VIC
43853,GEELONG NORTH,NSW,,22360,82,GEELONG NORTH|NSW,NORTH GEELONG|VIC
43855,HAMLYN HEIGHTS,NSW,,10973,83,HAMLYN HEIGHTS|NSW,CANLEY HEIGHTS|NSW
43855,HAMLYN HEIGHTS,NSW,,21345,83,HAMLYN HEIGHTS|NSW,HAMLYN HEIGHTS|VIC
43855,HAMLYN HEIGHTS,NSW,,10115,80,HAMLYN HEIGHTS|NSW,ASHBY HEIGHTS|NSW
43857,NORTH GEELONG,NSW,,10342,82,NORTH GEELONG|NSW,BELMONT NORTH|NSW
43857,NORTH GEELONG,NSW,,21158,82,NORTH GEELONG|NSW,GEELONG NORTH|VIC
43857,NORTH GEELONG,NSW,,22360,82,NORTH GEELONG|NSW,NORTH GEELONG|VIC
43859,RIPPLESIDE,NSW,,14063,81,RIPPLESIDE|NSW,RIVERSIDE|NSW
43859,RIPPLESIDE,NSW,,14362,71,RIPPLESIDE|NSW,SPRINGSIDE|NSW
43859,RIPPLESIDE,NSW,,22615,71,RIPPLESIDE|NSW,RIPPLESIDE|VIC
43866,GROVEDALE EAST,NSW,,21328,83,GROVEDALE EAST|NSW,GROVEDALE EAST|VIC
43866,GROVEDALE EAST,NSW,,11849,76,GROVEDALE EAST|NSW,FOREST GROVE|NSW
43866,GROVEDALE EAST,NSW,,10055,75,GROVEDALE EAST|NSW,ALSTONVALE|NSW
43874,WANDANA HEIGHTS,NSW,,23219,84,WANDANA HEIGHTS|NSW,WANDANA HEIGHTS|VIC
43874,WANDANA HEIGHTS,NSW,,13726,83,WANDANA HEIGHTS|NSW,ORANA HEIGHTS|NSW
43874,WANDANA HEIGHTS,NSW,,14299,81,WANDANA HEIGHTS|NSW,SOUDAN HEIGHTS|NSW
43876,WAURN PONDS,NSW,,14205,79,WAURN PONDS|NSW,SAUMAREZ PONDS|NSW
43876,WAURN PONDS,NSW,,15209,77,WAURN PONDS|NSW,WATTLE PONDS|NSW
43876,WAURN PONDS,NSW,,14700,73,WAURN PONDS|NSW,TAREN POINT|NSW
43878,ARMSTRONG CREEK,NSW,,30106,84,ARMSTRONG CREEK|NSW,ARMSTRONG CREEK|QLD
43878,ARMSTRONG CREEK,NSW,,20079,84,ARMSTRONG CREEK|NSW,ARMSTRONG CREEK|VIC
43878,ARMSTRONG CREEK,NSW,,10955,81,ARMSTRONG CREEK|NSW,CAMERONS CREEK|NSW
43882,DEAKIN UNIVERSITY,NSW,,20864,81,DEAKIN UNIVERSITY|NSW,DEAKIN UNIVERSITY|VIC
43882,DEAKIN UNIVERSITY,NSW,,40011,79,DEAKIN UNIVERSITY|NSW,ADELAIDE UNIVERSITY|SA
43882,DEAKIN UNIVERSITY,NSW,,12937,76,DEAKIN UNIVERSITY|NSW,MACQUARIE UNIVERSITY|NSW
43884,FYANSFORD,NSW,,10120,83,FYANSFORD|NSW,ASHFORD|NSW
43884,FYANSFORD,NSW,,10147,80,FYANSFORD|NSW,AVISFORD|NSW
43884,FYANSFORD,NSW,,11777,80,FYANSFORD|NSW,FAILFORD|NSW
43886,GEELONG WEST,NSW,,11745,82,GEELONG WEST|NSW,EUABALONG WEST|NSW
43886,GEELONG WEST,NSW,,21159,81,GEELONG WEST|NSW,GEELONG WEST|VIC
43886,GEELONG WEST,NSW,,14371,76,GEELONG WEST|NSW,ST GEORGE|NSW
43892,MURGHEBOLUC,NSW,,22214,80,MURGHEBOLUC|NSW,MURGHEBOLUC|VIC
43892,MURGHEBOLUC,NSW,,13424,72,MURGHEBOLUC|NSW,MURIEL|NSW
43892,MURGHEBOLUC,NSW,,13437,69,MURGHEBOLUC|NSW,MURRENGENBURG|NSW
43898,EAST GEELONG,NSW,,20990,81,EAST GEELONG|NSW,EAST GEELONG|VIC
43898,EAST GEELONG,NSW,,40613,77,EAST GEELONG|NSW,GLENELG EAST|SA
43898,EAST GEELONG,NSW,,11455,76,EAST GEELONG|NSW,DANGELONG|NSW
43900,NEWCOMB,NSW,,11679,82,NEWCOMB|NSW,ELCOMBE|NSW
43900,NEWCOMB,NSW,,11209,80,NEWCOMB|NSW,COMBO|NSW
43900,NEWCOMB,NSW,,13574,80,NEWCOMB|NSW,NOMBI|NSW
43902,ST ALBANS PARK,NSW,,14366,84,ST ALBANS PARK|NSW,ST ALBANS|NSW
43902,ST ALBANS PARK,NSW,,14374,83,ST ALBANS PARK|NSW,ST HELENS PARK|NSW
43902,ST ALBANS PARK,NSW,,14378,80,ST ALBANS PARK|NSW,ST JOHNS PARK|NSW
43904,THOMSON,NSW,,14849,82,THOMSON|NSW,TOMBONG|NSW
43904,THOMSON,NSW,,14803,78,THOMSON|NSW,THORNTON|NSW
43904,THOMSON,NSW,,14851,78,THOMSON|NSW,TOMERONG|NSW
43913,SOUTH GEELONG,NSW,,10343,82,SOUTH GEELONG|NSW,BELMONT SOUTH|NSW
43913,SOUTH GEELONG,NSW,,14307,79,SOUTH GEELONG|NSW,SOUTH COOGEE|NSW
43913,SOUTH GEELONG,NSW,,40616,79,SOUTH GEELONG|NSW,GLENELG SOUTH|SA
43919,CERES,NSW,,11124,78,CERES|NSW,CLARE|NSW
43919,CERES,NSW,,11302,78,CERES|NSW,COREE|NSW
43919,CERES,NSW,,10917,76,CERES|NSW,CAERLEON|NSW
43921,GEELONG MC,NSW,,21157,79,GEELONG MC|NSW,GEELONG MC|VIC
43921,GEELONG MC,NSW,,10690,77,GEELONG MC|NSW,BREELONG|NSW
43921,GEELONG MC,NSW,,11892,75,GEELONG MC|NSW,GALONG|NSW
43923,GNARWARRE,NSW,,13484,78,GNARWARRE|NSW,NARARA|NSW
43923,GNARWARRE,NSW,,13505,78,GNARWARRE|NSW,NARWEE|NSW
43923,GNARWARRE,NSW,,10107,77,GNARWARRE|NSW,ARRAWARRA|NSW
43925,GREY RIVER,NSW,,11843,80,GREY RIVER|NSW,FORBES RIVER|NSW
43925,GREY RIVER,NSW,,13215,79,GREY RIVER|NSW,MOLE RIVER|NSW
43925,GREY RIVER,NSW,,10345,77,GREY RIVER|NSW,BELMORE RIVER|NSW
43927,KENNETT RIVER,NSW,,21594,76,KENNETT RIVER|NSW,KENNETT RIVER|VIC
43927,KENNETT RIVER,NSW,,12840,73,KENNETT RIVER|NSW,LITTLE RIVER|NSW
43927,KENNETT RIVER,NSW,,13356,73,KENNETT RIVER|NSW,MOUNT RIVERS|NSW
43931,SEPARATION CREEK,NSW,,14345,83,SEPARATION CREEK|NSW,SPRING CREEK|NSW
43931,SEPARATION CREEK,NSW,,14418,80,SEPARATION CREEK|NSW,STONY CREEK|NSW
43931,SEPARATION CREEK,NSW,,22722,80,SEPARATION CREEK|NSW,SEPARATION CREEK|VIC
43933,STAUGHTON VALE,NSW,,22846,78,STAUGHTON VALE|NSW,STAUGHTON VALE|VIC
43933,STAUGHTON VALE,NSW,,14475,77,STAUGHTON VALE|NSW,SWAN VALE|NSW
43933,STAUGHTON VALE,NSW,,14244,76,STAUGHTON VALE|NSW,SHANNON VALE|NSW
43940,WYE RIVER,NSW,,15556,81,WYE RIVER|NSW,YASS RIVER|NSW
43940,WYE RIVER,NSW,,14062,80,WYE RIVER|NSW,RIVERLEA|NSW
43940,WYE RIVER,NSW,,14088,79,WYE RIVER|NSW,ROCKY RIVER|NSW
43942,CLIFTON SPRINGS,NSW,,20686,79,CLIFTON SPRINGS|NSW,CLIFTON SPRINGS|VIC
43942,CLIFTON SPRINGS,NSW,,10424,76,CLIFTON SPRINGS|NSW,BIG SPRINGS|NSW
43942,CLIFTON SPRINGS,NSW,,12464,76,CLIFTON SPRINGS|NSW,JORDAN SPRINGS|NSW
43947,MANNERIM,NSW,,12966,76,MANNERIM|NSW,MANAR|NSW
43947,MANNERIM,NSW,,12996,76,MANNERIM|NSW,MARDI|NSW
43947,MANNERIM,NSW,,13420,76,MANNERIM|NSW,MUNNI|NSW
43951,INDENTED HEAD,NSW,,21474,82,INDENTED HEAD|NSW,INDENTED HEAD|VIC
43951,INDENTED HEAD,NSW,,11523,69,INDENTED HEAD|NSW,DINGADEE|NSW
43951,INDENTED HEAD,NSW,,11638,69,INDENTED HEAD|NSW,EAST JINDABYNE|NSW
43953,PORTARLINGTON,NSW,,14880,84,PORTARLINGTON|NSW,TORRINGTON|NSW
43953,PORTARLINGTON,NSW,,13757,77,PORTARLINGTON|NSW,PADDINGTON|NSW
43953,PORTARLINGTON,NSW,,15254,77,PORTARLINGTON|NSW,WERRINGTON|NSW
43956,LEOPOLD,NSW,,12013,78,LEOPOLD|NSW,GLENWOOD|NSW
43956,LEOPOLD,NSW,,12723,78,LEOPOLD|NSW,LAKEWOOD|NSW
43956,LEOPOLD,NSW,,10069,75,LEOPOLD|NSW,ANGLEDOOL|NSW
43958,POINT LONSDALE,NSW,,11442,82,POINT LONSDALE|NSW,DALEYS POINT|NSW
43958,POINT LONSDALE,NSW,,12822,82,POINT LONSDALE|NSW,LINLEY POINT|NSW
43958,POINT LONSDALE,NSW,,11154,81,POINT LONSDALE|NSW,COAL POINT|NSW
43964,OCEAN GROVE,NSW,,13730,84,OCEAN GROVE|NSW,ORANGE GROVE|NSW
43964,OCEAN GROVE,NSW,,14767,79,OCEAN GROVE|NSW,THE GROVE|NSW
43964,OCEAN GROVE,NSW,,14263,77,OCEAN GROVE|NSW,SILENT GROVE|NSW
43966,BARWON HEADS,NSW,,10729,84,BARWON HEADS|NSW,BROKEN HEAD|NSW
43966,BARWON HEADS,NSW,,20196,81,BARWON HEADS|NSW,BARWON HEADS|VIC
43966,BARWON HEADS,NSW,,10664,79,BARWON HEADS|NSW,BOX HEAD|NSW
43968,BREAMLEA,NSW,,10374,82,BREAMLEA|NSW,BERALA|NSW
43968,BREAMLEA,NSW,,10691,82,BREAMLEA|NSW,BREEZA|NSW
43968,BREAMLEA,NSW,,10628,80,BREAMLEA|NSW,BORAMBOLA|NSW
43970,CONNEWARRE,NSW,,20743,79,CONNEWARRE|NSW,CONNEWARRE|VIC
43970,CONNEWARRE,NSW,,11228,77,CONNEWARRE|NSW,CONGEWAI|NSW
43970,CONNEWARRE,NSW,,11225,75,CONNEWARRE|NSW,CONEAC|NSW
43974,BELLS BEACH,NSW,,10518,84,BELLS BEACH|NSW,BLUEYS BEACH|NSW
43974,BELLS BEACH,NSW,,10431,81,BELLS BEACH|NSW,BILGOLA BEACH|NSW
43974,BELLS BEACH,NSW,,10688,80,BELLS BEACH|NSW,BREAM BEACH|NSW
43976,JAN JUC,NSW,,21507,73,JAN JUC|NSW,JAN JUC|VIC
43976,JAN JUC,NSW,,10072,70,JAN JUC|NSW,ANGUS|NSW
43976,JAN JUC,NSW,,12456,67,JAN JUC|NSW,JOADJA|NSW
43978,TORQUAY,NSW,,14801,80,TORQUAY|NSW,THORA|NSW
43978,TORQUAY,NSW,,14885,80,TORQUAY|NSW,TOUGA|NSW
43978,TORQUAY,NSW,,14414,77,TORQUAY|NSW,STONEQUARRY|NSW
43980,ANGLESEA,NSW,,10218,83,ANGLESEA|NSW,BANGALEE|NSW
43980,ANGLESEA,NSW,,10067,80,ANGLESEA|NSW,ANGLEDALE|NSW
43980,ANGLESEA,NSW,,12388,80,ANGLESEA|NSW,INGLESIDE|NSW
43982,AIREYS INLET,NSW,,20015,81,AIREYS INLET|NSW,AIREYS INLET|VIC
43982,AIREYS INLET,NSW,,10918,73,AIREYS INLET|NSW,CAFFREYS FLAT|NSW
43982,AIREYS INLET,NSW,,11439,73,AIREYS INLET|NSW,DAIRY FLAT|NSW
43985,EASTERN VIEW,NSW,,20998,81,EASTERN VIEW|NSW,EASTERN VIEW|VIC
43985,EASTERN VIEW,NSW,,10279,80,EASTERN VIEW|NSW,BASIN VIEW|NSW
43985,EASTERN VIEW,NSW,,12389,73,EASTERN VIEW|NSW,INNES VIEW|NSW
43987,FAIRHAVEN,NSW,,11092,81,FAIRHAVEN|NSW,CHARMHAVEN|NSW
43987,FAIRHAVEN,NSW,,11346,78,FAIRHAVEN|NSW,CRAVEN|NSW
43987,FAIRHAVEN,NSW,,10284,77,FAIRHAVEN|NSW,BATEHAVEN|NSW
43994,CAPE OTWAY,NSW,,20567,71,CAPE OTWAY|NSW,CAPE OTWAY|VIC
43994,CAPE OTWAY,NSW,,13900,69,CAPE OTWAY|NSW,POINT CLARE|NSW
43994,CAPE OTWAY,NSW,,10951,67,CAPE OTWAY|NSW,CAMDEN SOUTH|NSW
43997,PETTICOAT CREEK,NSW,,13906,79,PETTICOAT CREEK|NSW,POLA CREEK|NSW
43997,PETTICOAT CREEK,NSW,,22470,79,PETTICOAT CREEK|NSW,PETTICOAT CREEK|VIC
43997,PETTICOAT CREEK,NSW,,13819,78,PETTICOAT CREEK|NSW,PEACOCK CREEK|NSW
44001,SKENES CREEK NORTH,NSW,,22760,82,SKENES CREEK NORTH|NSW,SKENES CREEK NORTH|VIC
44001,SKENES CREEK NORTH,NSW,,13291,72,SKENES CREEK NORTH|NSW,MORTONS CREEK|NSW
44001,SKENES CREEK NORTH,NSW,,15521,72,SKENES CREEK NORTH|NSW,YANKEES CREEK|NSW
44003,BENWERRIN,NSW,,10695,81,BENWERRIN|NSW,BREWARRINA|NSW
44003,BENWERRIN,NSW,,10394,80,BENWERRIN|NSW,BERRIGAN|NSW
44003,BENWERRIN,NSW,,11992,80,BENWERRIN|NSW,GLENERIN|NSW
44007,DEANS MARSH,NSW,,20867,80,DEANS MARSH|NSW,DEANS MARSH|VIC
44007,DEANS MARSH,NSW,,14383,75,DEANS MARSH|NSW,ST MARYS EAST|NSW
44007,DEANS MARSH,NSW,,11452,72,DEANS MARSH|NSW,DANGAR|NSW
44009,PENNYROYAL,NSW,,13846,72,PENNYROYAL|NSW,PENROSE|NSW
44009,PENNYROYAL,NSW,,13908,72,PENNYROYAL|NSW,POMEROY|NSW
44009,PENNYROYAL,NSW,,13959,72,PENNYROYAL|NSW,PYRAMUL|NSW
44015,AIRE VALLEY,NSW,,12106,84,AIRE VALLEY|NSW,GREEN VALLEY|NSW
44015,AIRE VALLEY,NSW,,13544,83,AIRE VALLEY|NSW,NEW VALLEY|NSW
44015,AIRE VALLEY,NSW,,10249,82,AIRE VALLEY|NSW,BARDWELL VALLEY|NSW
44017,BEECH FOREST,NSW,,10166,84,BEECH FOREST|NSW,BACK FOREST|NSW
44017,BEECH FOREST,NSW,,11855,83,BEECH FOREST|NSW,FORRESTERS BEACH|NSW
44017,BEECH FOREST,NSW,,20225,81,BEECH FOREST|NSW,BEECH FOREST|VIC
44025,WEEAPROINAH,NSW,,23302,80,WEEAPROINAH|NSW,WEEAPROINAH|VIC
44025,WEEAPROINAH,NSW,,15141,75,WEEAPROINAH|NSW,WAPRA|NSW
44025,WEEAPROINAH,NSW,,15221,74,WEEAPROINAH|NSW,WEABONGA|NSW
44033,HORDERN VALE,NSW,,11491,83,HORDERN VALE|NSW,DEER VALE|NSW
44033,HORDERN VALE,NSW,,11723,83,HORDERN VALE|NSW,ERIN VALE|NSW
44033,HORDERN VALE,NSW,,12341,79,HORDERN VALE|NSW,HORTON VALLEY|NSW
44035,JOHANNA,NSW,,12415,82,JOHANNA|NSW,JANNALI|NSW
44035,JOHANNA,NSW,,12889,82,JOHANNA|NSW,LOWANNA|NSW
44035,JOHANNA,NSW,,40772,80,JOHANNA|NSW,JOANNA|SA
44037,LAVERS HILL,NSW,,12879,83,LAVERS HILL|NSW,LORDS HILL|NSW
44037,LAVERS HILL,NSW,,12751,80,LAVERS HILL|NSW,LAUREL HILL|NSW
44037,LAVERS HILL,NSW,,21767,80,LAVERS HILL|NSW,LAVERS HILL|VIC
44039,CARLISLE RIVER,NSW,,12840,82,CARLISLE RIVER|NSW,LITTLE RIVER|NSW
44039,CARLISLE RIVER,NSW,,11068,79,CARLISLE RIVER|NSW,CELLS RIVER|NSW
44039,CARLISLE RIVER,NSW,,20590,78,CARLISLE RIVER|NSW,CARLISLE RIVER|VIC
44041,CHAPPLE VALE,NSW,,10974,84,CHAPPLE VALE|NSW,CANLEY VALE|NSW
44041,CHAPPLE VALE,NSW,,12226,81,CHAPPLE VALE|NSW,HAPPY VALLEY|NSW
44041,CHAPPLE VALE,NSW,,12239,81,CHAPPLE VALE|NSW,HARTLEY VALE|NSW
44043,GELLIBRAND,NSW,,11688,83,GELLIBRAND|NSW,ELLAND|NSW
44043,GELLIBRAND,NSW,,21161,79,GELLIBRAND|NSW,GELLIBRAND|VIC
44043,GELLIBRAND,NSW,,10333,77,GELLIBRAND|NSW,BELLBIRD|NSW
44045,KENNEDYS CREEK,NSW,,12000,83,KENNEDYS CREEK|NSW,GLENNIES CREEK|NSW
44045,KENNEDYS CREEK,NSW,,21592,83,KENNEDYS CREEK|NSW,KENNEDYS CREEK|VIC
44045,KENNEDYS CREEK,NSW,,12531,81,KENNEDYS CREEK|NSW,KENNAICLE CREEK|NSW
44049,GHERANG,NSW,,10381,82,GHERANG|NSW,BERLANG|NSW
44049,GHERANG,NSW,,11720,82,GHERANG|NSW,ERARING|NSW
44049,GHERANG,NSW,,12189,82,GHERANG|NSW,GURNANG|NSW
44051,MODEWARRE,NSW,,22064,77,MODEWARRE|NSW,MODEWARRE|VIC
44051,MODEWARRE,NSW,,10941,74,MODEWARRE|NSW,CAMBEWARRA|NSW
44051,MODEWARRE,NSW,,13280,73,MODEWARRE|NSW,MOREE|NSW
44053,MORIAC,NSW,,13214,84,MORIAC|NSW,MOIRA|NSW
44053,MORIAC,NSW,,13254,82,MORIAC|NSW,MOONBRIA|NSW
44053,MORIAC,NSW,,13270,82,MORIAC|NSW,MOORILDA|NSW
44055,MOUNT MORIAC,NSW,,22176,81,MOUNT MORIAC|NSW,MOUNT MORIAC|VIC
44055,MOUNT MORIAC,NSW,,10606,77,MOUNT MORIAC|NSW,BOONA MOUNT|NSW
44055,MOUNT MORIAC,NSW,,13032,77,MOUNT MORIAC|NSW,MARYS MOUNT|NSW
44057,PARAPARAP,NSW,,15526,78,PARAPARAP|NSW,YARARA|NSW
44057,PARAPARAP,NSW,,13792,76,PARAPARAP|NSW,PARA|NSW
44057,PARAPARAP,NSW,,13790,75,PARAPARAP|NSW,PANUARA|NSW
44061,OMBERSLEY,NSW,,13700,82,OMBERSLEY|NSW,OBLEY|NSW
44061,OMBERSLEY,NSW,,13739,80,OMBERSLEY|NSW,OSTERLEY|NSW
44061,OMBERSLEY,NSW,,14297,80,OMBERSLEY|NSW,SOMERSBY|NSW
44063,WENSLEYDALE,NSW,,15283,81,WENSLEYDALE|NSW,WESTDALE|NSW
44063,WENSLEYDALE,NSW,,23314,80,WENSLEYDALE|NSW,WENSLEYDALE|VIC
44063,WENSLEYDALE,NSW,,15353,77,WENSLEYDALE|NSW,WINDALE|NSW
44065,WINCHELSEA,NSW,,23373,79,WINCHELSEA|NSW,WINCHELSEA|VIC
44065,WINCHELSEA,NSW,,15355,77,WINCHELSEA|NSW,WINDELLA|NSW
44065,WINCHELSEA,NSW,,51853,74,WINCHELSEA|NSW,WINCHESTER|WA
44067,WINCHELSEA SOUTH,NSW,,23374,80,WINCHELSEA SOUTH|NSW,WINCHELSEA SOUTH|VIC
44067,WINCHELSEA SOUTH,NSW,,14332,76,WINCHELSEA SOUTH|NSW,SOUTH WINDSOR|NSW
44067,WINCHELSEA SOUTH,NSW,,15118,74,WINCHELSEA SOUTH|NSW,WALLSEND SOUTH|NSW
44069,WURDIBOLUC,NSW,,23461,79,WURDIBOLUC|NSW,WURDIBOLUC|VIC
44069,WURDIBOLUC,NSW,,15044,70,WURDIBOLUC|NSW,URILA|NSW
44069,WURDIBOLUC,NSW,,15047,70,WURDIBOLUC|NSW,UROLY|NSW
44071,BIRREGURRA,NSW,,10466,80,BIRREGURRA|NSW,BIRREGO|NSW
44071,BIRREGURRA,NSW,,20306,79,BIRREGURRA|NSW,BIRREGURRA|VIC
44071,BIRREGURRA,NSW,,10863,78,BIRREGURRA|NSW,BURRA|NSW
44073,BARWON DOWNS,NSW,,20195,81,BARWON DOWNS|NSW,BARWON DOWNS|VIC
44073,BARWON DOWNS,NSW,,10215,77,BARWON DOWNS|NSW,BANDON|NSW
44073,BARWON DOWNS,NSW,,10276,77,BARWON DOWNS|NSW,BARWON|NSW
44075,GERANGAMETE,NSW,,11899,80,GERANGAMETE|NSW,GANGAT|NSW
44075,GERANGAMETE,NSW,,21171,80,GERANGAMETE|NSW,GERANGAMETE|VIC
44075,GERANGAMETE,NSW,,10543,76,GERANGAMETE|NSW,BOGAN GATE|NSW
44077,MURROON,NSW,,13193,82,MURROON|NSW,MIRROOL|NSW
44077,MURROON,NSW,,13400,82,MURROON|NSW,MULLOON|NSW
44077,MURROON,NSW,,13105,80,MURROON|NSW,MEROO|NSW
44079,WARNCOORT,NSW,,15185,78,WARNCOORT|NSW,WARROO|NSW
44079,WARNCOORT,NSW,,15155,77,WARNCOORT|NSW,WARKWORTH|NSW
44079,WARNCOORT,NSW,,23249,77,WARNCOORT|NSW,WARNCOORT|VIC
44081,WHOOREL,NSW,,15451,80,WHOOREL|NSW,WOOLI|NSW
44081,WHOOREL,NSW,,15191,78,WHOOREL|NSW,WASHPOOL|NSW
44081,WHOOREL,NSW,,15303,78,WHOOREL|NSW,WHIPORIE|NSW
44097,DREEITE,NSW,,11492,78,DREEITE|NSW,DELEGATE|NSW
44097,DREEITE,NSW,,11509,76,DREEITE|NSW,DEWITT|NSW
44097,DREEITE,NSW,,11776,76,DREEITE|NSW,EXETER|NSW
44099,DREEITE SOUTH,NSW,,11303,81,DREEITE SOUTH|NSW,COREE SOUTH|NSW
44099,DREEITE SOUTH,NSW,,11711,76,DREEITE SOUTH|NSW,ENFIELD SOUTH|NSW
44099,DREEITE SOUTH,NSW,,20942,76,DREEITE SOUTH|NSW,DREEITE SOUTH|VIC
44103,IRREWILLIPE,NSW,,21492,80,IRREWILLIPE|NSW,IRREWILLIPE|VIC
44103,IRREWILLIPE,NSW,,12623,76,IRREWILLIPE|NSW,KIRRIBILLI|NSW
44103,IRREWILLIPE,NSW,,12374,74,IRREWILLIPE|NSW,ILARWILL|NSW
44109,LARPENT,NSW,,12746,82,LARPENT|NSW,LARBERT|NSW
44109,LARPENT,NSW,,11124,80,LARPENT|NSW,CLARE|NSW
44109,LARPENT,NSW,,10093,78,LARPENT|NSW,ARGENTON|NSW
44111,NALANGIL,NSW,,12475,82,NALANGIL|NSW,KALANG|NSW
44111,NALANGIL,NSW,,12499,78,NALANGIL|NSW,KARANGI|NSW
44111,NALANGIL,NSW,,10185,75,NALANGIL|NSW,BALARANG|NSW
44113,ONDIT,NSW,,13911,78,ONDIT|NSW,PONTO|NSW
44113,ONDIT,NSW,,13715,74,ONDIT|NSW,OLINDA|NSW
44113,ONDIT,NSW,,13744,74,ONDIT|NSW,OURNIE|NSW
44115,PIRRON YALLOCK,NSW,,22493,78,PIRRON YALLOCK|NSW,PIRRON YALLOCK|VIC
44115,PIRRON YALLOCK,NSW,,15564,71,PIRRON YALLOCK|NSW,YELLOW PINCH|NSW
44115,PIRRON YALLOCK,NSW,,14141,69,PIRRON YALLOCK|NSW,ROYALLA|NSW
44117,POMBORNEIT EAST,NSW,,22506,79,POMBORNEIT EAST|NSW,POMBORNEIT EAST|VIC
44117,POMBORNEIT EAST,NSW,,13729,76,POMBORNEIT EAST|NSW,ORANGE EAST|NSW
44117,POMBORNEIT EAST,NSW,,11649,72,POMBORNEIT EAST|NSW,EAST TAMWORTH|NSW
44119,SWAN MARSH,NSW,,14176,77,SWAN MARSH|NSW,SALT ASH|NSW
44119,SWAN MARSH,NSW,,14382,77,SWAN MARSH|NSW,ST MARYS|NSW
44119,SWAN MARSH,NSW,,14473,77,SWAN MARSH|NSW,SWAN BAY|NSW
44121,TANYBRYN,NSW,,14682,75,TANYBRYN|NSW,TANNABAR|NSW
44121,TANYBRYN,NSW,,14671,73,TANYBRYN|NSW,TAMBAN|NSW
44121,TANYBRYN,NSW,,14692,73,TANYBRYN|NSW,TARANA|NSW
44125,WOOL WOOL,NSW,,15450,81,WOOL WOOL|NSW,WOOLGOOLGA|NSW
44125,WOOL WOOL,NSW,,15458,80,WOOL WOOL|NSW,WOOLOOMA|NSW
44125,WOOL WOOL,NSW,,15448,77,WOOL WOOL|NSW,WOOLBROOK|NSW
44129,YEODENE,NSW,,15498,82,YEODENE|NSW,WYNEDEN|NSW
44129,YEODENE,NSW,,13697,76,YEODENE|NSW,OBERNE|NSW
44129,YEODENE,NSW,,14630,76,YEODENE|NSW,SYDNEY|NSW
44133,COLAC EAST,NSW,,11633,83,COLAC EAST|NSW,EAST CORAKI|NSW
44133,COLAC EAST,NSW,,20722,79,COLAC EAST|NSW,COLAC EAST|VIC
44133,COLAC EAST,NSW,,11316,77,COLAC EAST|NSW,CORRIMAL EAST|NSW
44135,COLAC WEST,NSW,,15264,83,COLAC WEST|NSW,WEST CORAKI|NSW
44135,COLAC WEST,NSW,,12736,81,COLAC WEST|NSW,LANE COVE WEST|NSW
44135,COLAC WEST,NSW,,11220,80,COLAC WEST|NSW,CONCORD WEST|NSW
44137,ELLIMINYT,NSW,,21026,77,ELLIMINYT|NSW,ELLIMINYT|VIC
44137,ELLIMINYT,NSW,,13321,76,ELLIMINYT|NSW,MOUNT ELLIOT|NSW
44137,ELLIMINYT,NSW,,10341,75,ELLIMINYT|NSW,BELMONT|NSW
44139,BEEAC,NSW,,10691,84,BEEAC|NSW,BREEZA|NSW
44139,BEEAC,NSW,,10317,82,BEEAC|NSW,BEGA|NSW
44139,BEEAC,NSW,,10359,80,BEEAC|NSW,BENARCA|NSW
44141,CUNDARE,NSW,,10833,82,CUNDARE|NSW,BUNDURE|NSW
44141,CUNDARE,NSW,,12171,82,CUNDARE|NSW,GUNDARY|NSW
44141,CUNDARE,NSW,,11124,80,CUNDARE|NSW,CLARE|NSW
44143,CUNDARE NORTH,NSW,,13605,83,CUNDARE NORTH|NSW,NORTH MACQUARIE|NSW
44143,CUNDARE NORTH,NSW,,20827,82,CUNDARE NORTH|NSW,CUNDARE NORTH|VIC
44143,CUNDARE NORTH,NSW,,13585,80,CUNDARE NORTH|NSW,NORTH ARM|NSW
44145,EURACK,NSW,,12786,84,EURACK|NSW,LEURA|NSW
44145,EURACK,NSW,,11759,80,EURACK|NSW,EUREKA|NSW
44145,EURACK,NSW,,11764,80,EURACK|NSW,EUROKA|NSW
44147,WEERING,NSW,,15229,82,WEERING|NSW,WEELONG|NSW
44147,WEERING,NSW,,15248,80,WEERING|NSW,WERAI|NSW
44147,WEERING,NSW,,15254,80,WEERING|NSW,WERRINGTON|NSW
44149,COROROOKE,NSW,,10615,83,COROROOKE|NSW,BOOROOK|NSW
44149,COROROOKE,NSW,,11277,81,COROROOKE|NSW,COOPERNOOK|NSW
44149,COROROOKE,NSW,,11025,79,COROROOKE|NSW,CARROWBROOK|NSW
44151,BOOKAAR,NSW,,10738,83,BOOKAAR|NSW,BROOKLANA|NSW
44151,BOOKAAR,NSW,,10592,82,BOOKAAR|NSW,BOOKHAM|NSW
44151,BOOKAAR,NSW,,10594,82,BOOKAAR|NSW,BOOKRAM|NSW
44153,BOSTOCKS CREEK,NSW,,20372,83,BOSTOCKS CREEK|NSW,BOSTOCKS CREEK|VIC
44153,BOSTOCKS CREEK,NSW,,10165,81,BOSTOCKS CREEK|NSW,BACK CREEK|NSW
44153,BOSTOCKS CREEK,NSW,,10530,81,BOSTOCKS CREEK|NSW,BOBS CREEK|NSW
44158,CARPENDEIT,NSW,,20600,79,CARPENDEIT|NSW,CARPENDEIT|VIC
44158,CARPENDEIT,NSW,,11126,77,CARPENDEIT|NSW,CLARENCE|NSW
44158,CARPENDEIT,NSW,,10983,75,CARPENDEIT|NSW,CAPEEN|NSW
44160,CHOCOLYN,NSW,,11204,78,CHOCOLYN|NSW,COLYTON|NSW
44160,CHOCOLYN,NSW,,10186,75,CHOCOLYN|NSW,BALCOLYN|NSW
44160,CHOCOLYN,NSW,,10741,75,CHOCOLYN|NSW,BROOKLYN|NSW
44162,GNOTUK,NSW,,12023,74,GNOTUK|NSW,GOCUP|NSW
44162,GNOTUK,NSW,,12007,73,GNOTUK|NSW,GLENROCK|NSW
44162,GNOTUK,NSW,,12066,73,GNOTUK|NSW,GOSTWYCK|NSW
44168,LESLIE MANOR,NSW,,21789,81,LESLIE MANOR|NSW,LESLIE MANOR|VIC
44168,LESLIE MANOR,NSW,,10203,69,LESLIE MANOR|NSW,BALLIMORE|NSW
44168,LESLIE MANOR,NSW,,10412,69,LESLIE MANOR|NSW,BEXLEY NORTH|NSW
44170,POMBORNEIT,NSW,,13737,80,POMBORNEIT|NSW,OSBORNE|NSW
44170,POMBORNEIT,NSW,,15351,77,POMBORNEIT|NSW,WIMBORNE|NSW
44170,POMBORNEIT,NSW,,13697,75,POMBORNEIT|NSW,OBERNE|NSW
44172,POMBORNEIT NORTH,NSW,,22507,80,POMBORNEIT NORTH|NSW,POMBORNEIT NORTH|VIC
44172,POMBORNEIT NORTH,NSW,,15416,76,POMBORNEIT NORTH|NSW,WONBOYN NORTH|NSW
44172,POMBORNEIT NORTH,NSW,,13618,74,POMBORNEIT NORTH|NSW,NORTH SHORE|NSW
44174,SKIBO,NSW,,14972,75,SKIBO|NSW,UKI|NSW
44174,SKIBO,NSW,,14444,74,SKIBO|NSW,STUBBO|NSW
44174,SKIBO,NSW,,15389,71,SKIBO|NSW,WOKO|NSW
44176,SOUTH PURRUMBETE,NSW,,22790,80,SOUTH PURRUMBETE|NSW,SOUTH PURRUMBETE|VIC
44176,SOUTH PURRUMBETE,NSW,,13845,70,SOUTH PURRUMBETE|NSW,PENRITH SOUTH|NSW
44176,SOUTH PURRUMBETE,NSW,,14325,70,SOUTH PURRUMBETE|NSW,SOUTH PAMBULA|NSW
44178,STONYFORD,NSW,,13741,78,STONYFORD|NSW,OTFORD|NSW
44178,STONYFORD,NSW,,14150,77,STONYFORD|NSW,RUNNYFORD|NSW
44178,STONYFORD,NSW,,14421,77,STONYFORD|NSW,STRATFORD|NSW
44180,TANDAROOK,NSW,,15131,83,TANDAROOK|NSW,WANDOOK|NSW
44180,TANDAROOK,NSW,,14476,77,TANDAROOK|NSW,SWANBROOK|NSW
44180,TANDAROOK,NSW,,15142,77,TANDAROOK|NSW,WARABROOK|NSW
44182,TESBURY,NSW,,14121,78,TESBURY|NSW,ROTHBURY|NSW
44182,TESBURY,NSW,,15280,76,TESBURY|NSW,WESTBY|NSW
44182,TESBURY,NSW,,14173,75,TESBURY|NSW,SALISBURY|NSW
44184,WEERITE,NSW,,15248,80,WEERITE|NSW,WERAI|NSW
44184,WEERITE,NSW,,15587,76,WEERITE|NSW,YOWRIE|NSW
44184,WEERITE,NSW,,15200,75,WEERITE|NSW,WATERVIEW|NSW
44192,DIXIE,NSW,,10453,74,DIXIE|NSW,BINGIE|NSW
44192,DIXIE,NSW,,13158,74,DIXIE|NSW,MILLIE|NSW
44192,DIXIE,NSW,,11506,71,DIXIE|NSW,DEUA|NSW
44194,ECKLIN SOUTH,NSW,,10343,79,ECKLIN SOUTH|NSW,BELMONT SOUTH|NSW
44194,ECKLIN SOUTH,NSW,,14303,79,ECKLIN SOUTH|NSW,SOUTH BALLINA|NSW
44194,ECKLIN SOUTH,NSW,,12537,76,ECKLIN SOUTH|NSW,KENTUCKY SOUTH|NSW
44198,FRAMLINGHAM,NSW,,21122,80,FRAMLINGHAM|NSW,FRAMLINGHAM|VIC
44198,FRAMLINGHAM,NSW,,11795,77,FRAMLINGHAM|NSW,FARNHAM|NSW
44198,FRAMLINGHAM,NSW,,13085,77,FRAMLINGHAM|NSW,MELINGA|NSW
44202,GARVOC,NSW,,10148,84,GARVOC|NSW,AVOCA|NSW
44202,GARVOC,NSW,,11908,84,GARVOC|NSW,GAROO|NSW
44202,GARVOC,NSW,,10150,78,GARVOC|NSW,AVON|NSW
44204,GLENORMISTON,NSW,,21236,81,GLENORMISTON|NSW,GLENORMISTON|VIC
44204,GLENORMISTON,NSW,,11992,79,GLENORMISTON|NSW,GLENERIN|NSW
44204,GLENORMISTON,NSW,,12002,79,GLENORMISTON|NSW,GLENORIE|NSW
44208,GLENORMISTON SOUTH,NSW,,21238,82,GLENORMISTON SOUTH|NSW,GLENORMISTON SOUTH|VIC
44208,GLENORMISTON SOUTH,NSW,,14311,77,GLENORMISTON SOUTH|NSW,SOUTH GRAFTON|NSW
44208,GLENORMISTON SOUTH,NSW,,21237,77,GLENORMISTON SOUTH|NSW,GLENORMISTON NORTH|VIC
44214,NOORAT,NSW,,13575,84,NOORAT|NSW,NOONA|NSW
44214,NOORAT,NSW,,13649,84,NOORAT|NSW,NOWRA|NSW
44214,NOORAT,NSW,,10611,80,NOORAT|NSW,BOORAL|NSW
44218,PANMURE,NSW,,13790,82,PANMURE|NSW,PANUARA|NSW
44218,PANMURE,NSW,,14394,78,PANMURE|NSW,STANMORE|NSW
44218,PANMURE,NSW,,13789,76,PANMURE|NSW,PANGEE|NSW
44220,TAROON,NSW,,14702,84,TAROON|NSW,TARLO|NSW
44220,TAROON,NSW,,14707,84,TAROON|NSW,TARRO|NSW
44220,TAROON,NSW,,14690,80,TAROON|NSW,TARAGO|NSW
44222,THE SISTERS,NSW,,14788,76,THE SISTERS|NSW,THE SHADES|NSW
44222,THE SISTERS,NSW,,14789,76,THE SISTERS|NSW,THE SLOPES|NSW
44222,THE SISTERS,NSW,,14782,74,THE SISTERS|NSW,THE RISK|NSW
44224,BULLAHARRE,NSW,,10807,81,BULLAHARRE|NSW,BULLATALE|NSW
44224,BULLAHARRE,NSW,,10803,79,BULLAHARRE|NSW,BULLABURRA|NSW
44224,BULLAHARRE,NSW,,10805,79,BULLAHARRE|NSW,BULLAGREEN|NSW
44226,COBDEN,NSW,,10783,80,COBDEN|NSW,BUDDEN|NSW
44226,COBDEN,NSW,,10948,80,COBDEN|NSW,CAMDEN|NSW
44226,COBDEN,NSW,,11304,80,COBDEN|NSW,COREEN|NSW
44228,COBRICO,NSW,,10391,82,COBRICO|NSW,BERRICO|NSW
44228,COBRICO,NSW,,11162,82,COBRICO|NSW,COBARGO|NSW
44228,COBRICO,NSW,,11160,80,COBRICO|NSW,COBAR|NSW
44230,ELINGAMITE,NSW,,13085,80,ELINGAMITE|NSW,MELINGA|NSW
44230,ELINGAMITE,NSW,,21021,79,ELINGAMITE|NSW,ELINGAMITE|VIC
44230,ELINGAMITE,NSW,,11492,77,ELINGAMITE|NSW,DELEGATE|NSW
44234,GLENFYNE,NSW,,11993,80,GLENFYNE|NSW,GLENFIELD|NSW
44234,GLENFYNE,NSW,,11997,80,GLENFYNE|NSW,GLENIFFER|NSW
44234,GLENFYNE,NSW,,11983,78,GLENFYNE|NSW,GLENCOE|NSW
44236,JANCOURT,NSW,,10071,75,JANCOURT|NSW,ANGOURIE|NSW
44236,JANCOURT,NSW,,21508,75,JANCOURT|NSW,JANCOURT|VIC
44236,JANCOURT,NSW,,10222,73,JANCOURT|NSW,BANGOR|NSW
44238,JANCOURT EAST,NSW,,21509,82,JANCOURT EAST|NSW,JANCOURT EAST|VIC
44238,JANCOURT EAST,NSW,,13651,77,JANCOURT EAST|NSW,NOWRA EAST|NSW
44238,JANCOURT EAST,NSW,,12983,71,JANCOURT EAST|NSW,MANLY EAST|NSW
44240,NAROGHID,NSW,,22273,75,NAROGHID|NSW,NAROGHID|VIC
44240,NAROGHID,NSW,,11011,73,NAROGHID|NSW,CARODA|NSW
44240,NAROGHID,NSW,,11952,73,NAROGHID|NSW,GINGHI|NSW
44245,AYRFORD,NSW,,10120,82,AYRFORD|NSW,ASHFORD|NSW
44245,AYRFORD,NSW,,12227,82,AYRFORD|NSW,HARBORD|NSW
44245,AYRFORD,NSW,,10147,78,AYRFORD|NSW,AVISFORD|NSW
44247,BRUCKNELL,NSW,,10827,80,BRUCKNELL|NSW,BUNDELLA|NSW
44247,BRUCKNELL,NSW,,10098,78,BRUCKNELL|NSW,ARKELL|NSW
44247,BRUCKNELL,NSW,,10710,77,BRUCKNELL|NSW,BRINGELLY|NSW
44249,COORIEMUNGLE,NSW,,20756,81,COORIEMUNGLE|NSW,COORIEMUNGLE|VIC
44249,COORIEMUNGLE,NSW,,13417,77,COORIEMUNGLE|NSW,MUNGLE|NSW
44249,COORIEMUNGLE,NSW,,12647,76,COORIEMUNGLE|NSW,KOORINGAL|NSW
44253,CURDIE VALE,NSW,,10517,79,CURDIE VALE|NSW,BLUE VALE|NSW
44253,CURDIE VALE,NSW,,11491,79,CURDIE VALE|NSW,DEER VALE|NSW
44253,CURDIE VALE,NSW,,11723,79,CURDIE VALE|NSW,ERIN VALE|NSW
44255,CURDIES RIVER,NSW,,11068,81,CURDIES RIVER|NSW,CELLS RIVER|NSW
44255,CURDIES RIVER,NSW,,11563,79,CURDIES RIVER|NSW,DOYLES RIVER|NSW
44255,CURDIES RIVER,NSW,,11843,79,CURDIES RIVER|NSW,FORBES RIVER|NSW
44257,CURDIEVALE,NSW,,20830,79,CURDIEVALE|NSW,CURDIEVALE|VIC
44257,CURDIEVALE,NSW,,11386,78,CURDIEVALE|NSW,CUDAL|NSW
44257,CURDIEVALE,NSW,,11309,77,CURDIEVALE|NSW,CORNDALE|NSW
44265,NIRRANDA EAST,NSW,,22342,82,NIRRANDA EAST|NSW,NIRRANDA EAST|VIC
44265,NIRRANDA EAST,NSW,,13651,77,NIRRANDA EAST|NSW,NOWRA EAST|NSW
44265,NIRRANDA EAST,NSW,,11646,76,NIRRANDA EAST|NSW,EAST MAITLAND|NSW
44267,NIRRANDA SOUTH,NSW,,14324,79,NIRRANDA SOUTH|NSW,SOUTH NOWRA|NSW
44267,NIRRANDA SOUTH,NSW,,14321,78,NIRRANDA SOUTH|NSW,SOUTH MAITLAND|NSW
44267,NIRRANDA SOUTH,NSW,,22343,78,NIRRANDA SOUTH|NSW,NIRRANDA SOUTH|VIC
44269,NULLAWARRE,NSW,,15329,76,NULLAWARRE|NSW,WILLAWARRIN|NSW
44269,NULLAWARRE,NSW,,15175,75,NULLAWARRE|NSW,WARREN|NSW
44269,NULLAWARRE,NSW,,14923,74,NULLAWARRE|NSW,TULLAMORE|NSW
44271,NULLAWARRE EAST,NSW,,22381,79,NULLAWARRE EAST|NSW,NULLAWARRE EAST|VIC
44271,NULLAWARRE EAST,NSW,,11651,74,NULLAWARRE EAST|NSW,EAST WARDELL|NSW
44271,NULLAWARRE EAST,NSW,,11647,69,NULLAWARRE EAST|NSW,EAST RYDE|NSW
44273,NULLAWARRE NORTH,NSW,,22382,80,NULLAWARRE NORTH|NSW,NULLAWARRE NORTH|VIC
44273,NULLAWARRE NORTH,NSW,,13616,71,NULLAWARRE NORTH|NSW,NORTH RYDE|NSW
44273,NULLAWARRE NORTH,NSW,,13621,71,NULLAWARRE NORTH|NSW,NORTH STAR|NSW
44275,PAARATTE,NSW,,13792,80,PAARATTE|NSW,PARA|NSW
44275,PAARATTE,NSW,,13790,78,PAARATTE|NSW,PANUARA|NSW
44275,PAARATTE,NSW,,13808,77,PAARATTE|NSW,PARRAMATTA|NSW
44279,TIMBOON,NSW,,14849,82,TIMBOON|NSW,TOMBONG|NSW
44279,TIMBOON,NSW,,14827,80,TIMBOON|NSW,TIMOR|NSW
44279,TIMBOON,NSW,,14836,80,TIMBOON|NSW,TIONA|NSW
44281,TIMBOON WEST,NSW,,23044,75,TIMBOON WEST|NSW,TIMBOON WEST|VIC
44281,TIMBOON WEST,NSW,,15274,73,TIMBOON WEST|NSW,WEST TAMWORTH|NSW
44281,TIMBOON WEST,NSW,,15271,71,TIMBOON WEST|NSW,WEST PYMBLE|NSW
44283,PORT CAMPBELL,NSW,,22519,76,PORT CAMPBELL|NSW,PORT CAMPBELL|VIC
44283,PORT CAMPBELL,NSW,,13915,75,PORT CAMPBELL|NSW,PORT KEMBLA|NSW
44283,PORT CAMPBELL,NSW,,10960,73,PORT CAMPBELL|NSW,CAMPBELLTOWN|NSW
44285,PRINCETOWN,NSW,,13865,83,PRINCETOWN|NSW,PICTON|NSW
44285,PRINCETOWN,NSW,,13932,77,PRINCETOWN|NSW,PRESTONS|NSW
44285,PRINCETOWN,NSW,,14037,77,PRINCETOWN|NSW,REIDTOWN|NSW
44289,PETERBOROUGH,NSW,,13798,79,PETERBOROUGH|NSW,PARKESBOROUGH|NSW
44289,PETERBOROUGH,NSW,,14211,77,PETERBOROUGH|NSW,SCARBOROUGH|NSW
44289,PETERBOROUGH,NSW,,14389,77,PETERBOROUGH|NSW,STANBOROUGH|NSW
44292,DUNDONNELL,NSW,,11604,80,DUNDONNELL|NSW,DUNOLLY|NSW
44292,DUNDONNELL,NSW,,20966,79,DUNDONNELL|NSW,DUNDONNELL|VIC
44292,DUNDONNELL,NSW,,10827,77,DUNDONNELL|NSW,BUNDELLA|NSW
44294,PURA PURA,NSW,,13792,76,PURA PURA|NSW,PARA|NSW
44294,PURA PURA,NSW,,13790,75,PURA PURA|NSW,PANUARA|NSW
44294,PURA PURA,NSW,,15043,75,PURA PURA|NSW,URIARRA|NSW
44297,WOORNDOO,NSW,,15448,80,WOORNDOO|NSW,WOOLBROOK|NSW
44297,WOORNDOO,NSW,,15131,78,WOORNDOO|NSW,WANDOOK|NSW
44297,WOORNDOO,NSW,,15465,78,WOORNDOO|NSW,WOONONA|NSW
44300,CARAMUT,NSW,,11009,82,CARAMUT|NSW,CARNHAM|NSW
44300,CARAMUT,NSW,,10911,80,CARAMUT|NSW,CABRAMATTA|NSW
44300,CARAMUT,NSW,,10913,80,CARAMUT|NSW,CABRAMURRA|NSW
44308,WOOLSTHORPE,NSW,,23435,80,WOOLSTHORPE|NSW,WOOLSTHORPE|VIC
44308,WOOLSTHORPE,NSW,,15459,76,WOOLSTHORPE|NSW,WOOLOOWARE|NSW
44308,WOOLSTHORPE,NSW,,14392,74,WOOLSTHORPE|NSW,STANHOPE|NSW
44310,ALLANSFORD,NSW,,10497,81,ALLANSFORD|NSW,BLANDFORD|NSW
44310,ALLANSFORD,NSW,,10120,80,ALLANSFORD|NSW,ASHFORD|NSW
44310,ALLANSFORD,NSW,,20030,79,ALLANSFORD|NSW,ALLANSFORD|VIC
44312,MEPUNGA,NSW,,13085,82,MEPUNGA|NSW,MELINGA|NSW
44312,MEPUNGA,NSW,,10834,80,MEPUNGA|NSW,BUNGA|NSW
44312,MEPUNGA,NSW,,13083,80,MEPUNGA|NSW,MEGAN|NSW
44314,MEPUNGA EAST,NSW,,21981,81,MEPUNGA EAST|NSW,MEPUNGA EAST|VIC
44314,MEPUNGA EAST,NSW,,10127,74,MEPUNGA EAST|NSW,ATTUNGA|NSW
44314,MEPUNGA EAST,NSW,,12983,73,MEPUNGA EAST|NSW,MANLY EAST|NSW
44316,MEPUNGA WEST,NSW,,21982,81,MEPUNGA WEST|NSW,MEPUNGA WEST|VIC
44316,MEPUNGA WEST,NSW,,11745,76,MEPUNGA WEST|NSW,EUABALONG WEST|NSW
44316,MEPUNGA WEST,NSW,,12325,73,MEPUNGA WEST|NSW,HOMEBUSH WEST|NSW
44318,NARINGAL,NSW,,10244,83,NARINGAL|NSW,BARBIGAL|NSW
44318,NARINGAL,NSW,,13522,83,NARINGAL|NSW,NERINGLA|NSW
44318,NARINGAL,NSW,,13564,83,NARINGAL|NSW,NIANGALA|NSW
44320,NARINGAL EAST,NSW,,22272,82,NARINGAL EAST|NSW,NARINGAL EAST|VIC
44320,NARINGAL EAST,NSW,,11639,80,NARINGAL EAST|NSW,EAST KANGALOON|NSW
44320,NARINGAL EAST,NSW,,12983,77,NARINGAL EAST|NSW,MANLY EAST|NSW
44322,PURNIM,NSW,,13744,80,PURNIM|NSW,OURNIE|NSW
44322,PURNIM,NSW,,13796,76,PURNIM|NSW,PARINGI|NSW
44322,PURNIM,NSW,,13937,76,PURNIM|NSW,PRIMBEE|NSW
44324,PURNIM WEST,NSW,,15271,73,PURNIM WEST|NSW,WEST PYMBLE|NSW
44324,PURNIM WEST,NSW,,22552,73,PURNIM WEST|NSW,PURNIM WEST|VIC
44324,PURNIM WEST,NSW,,13744,72,PURNIM WEST|NSW,OURNIE|NSW
44326,BALLANGEICH,NSW,,20126,80,BALLANGEICH|NSW,BALLANGEICH|VIC
44326,BALLANGEICH,NSW,,10185,74,BALLANGEICH|NSW,BALARANG|NSW
44326,BALLANGEICH,NSW,,10201,74,BALLANGEICH|NSW,BALLDALE|NSW
44328,WANGOOM,NSW,,15131,82,WANGOOM|NSW,WANDOOK|NSW
44328,WANGOOM,NSW,,15140,82,WANGOOM|NSW,WAPENGO|NSW
44328,WANGOOM,NSW,,15139,78,WANGOOM|NSW,WANTIOOL|NSW
44342,WINSLOW,NSW,,15309,82,WINSLOW|NSW,WHITLOW|NSW
44342,WINSLOW,NSW,,15363,82,WINSLOW|NSW,WINDSOR|NSW
44342,WINSLOW,NSW,,15361,78,WINSLOW|NSW,WINDOWIE|NSW
44347,KOROIT,NSW,,12626,84,KOROIT|NSW,KLORI|NSW
44347,KOROIT,NSW,,12648,82,KOROIT|NSW,KOOROOWI|NSW
44347,KOROIT,NSW,,12652,80,KOROIT|NSW,KORORA|NSW
44349,CROSSLEY,NSW,,11371,81,CROSSLEY|NSW,CROSSMAGLEN|NSW
44349,CROSSLEY,NSW,,11363,78,CROSSLEY|NSW,CROOBLE|NSW
44349,CROSSLEY,NSW,,11765,78,CROSSLEY|NSW,EUROLEY|NSW
44353,KIRKSTALL,NSW,,12552,78,KIRKSTALL|NSW,KIALLA|NSW
44353,KIRKSTALL,NSW,,21641,77,KIRKSTALL|NSW,KIRKSTALL|VIC
44353,KIRKSTALL,NSW,,12620,75,KIRKSTALL|NSW,KIRKHAM|NSW
44355,SOUTHERN CROSS,NSW,,33214,83,SOUTHERN CROSS|NSW,SOUTHERN CROSS|QLD
44355,SOUTHERN CROSS,NSW,,51598,80,SOUTHERN CROSS|NSW,SOUTHERN CROSS|WA
44355,SOUTHERN CROSS,NSW,,22794,78,SOUTHERN CROSS|NSW,SOUTHERN CROSS|VIC
44363,WILLATOOK,NSW,,15109,80,WILLATOOK|NSW,WALLAROO|NSW
44363,WILLATOOK,NSW,,15332,79,WILLATOOK|NSW,WILLIAMTOWN|NSW
44363,WILLATOOK,NSW,,15349,78,WILLATOOK|NSW,WILTON|NSW
44367,YARPTURK,NSW,,14203,76,YARPTURK|NSW,SATUR|NSW
44367,YARPTURK,NSW,,15525,76,YARPTURK|NSW,YAOUK|NSW
44367,YARPTURK,NSW,,15527,76,YARPTURK|NSW,YARRA|NSW
44371,PORT FAIRY,NSW,,13913,76,PORT FAIRY|NSW,PORT BOTANY|NSW
44371,PORT FAIRY,NSW,,10239,74,PORT FAIRY|NSW,BAR POINT|NSW
44371,PORT FAIRY,NSW,,13914,73,PORT FAIRY|NSW,PORT HACKING|NSW
44374,NARRAWONG,NSW,,13501,83,NARRAWONG|NSW,NARRAWA|NSW
44374,NARRAWONG,NSW,,13503,81,NARRAWONG|NSW,NARRAWEENA|NSW
44374,NARRAWONG,NSW,,10092,80,NARRAWONG|NSW,ARGALONG|NSW
44381,TYRENDARRA,NSW,,14898,80,TYRENDARRA|NSW,TRENAYR|NSW
44381,TYRENDARRA,NSW,,15527,78,TYRENDARRA|NSW,YARRA|NSW
44381,TYRENDARRA,NSW,,15568,78,TYRENDARRA|NSW,YENDA|NSW
44383,TYRENDARRA EAST,NSW,,23139,79,TYRENDARRA EAST|NSW,TYRENDARRA EAST|VIC
44383,TYRENDARRA EAST,NSW,,11648,71,TYRENDARRA EAST|NSW,EAST SEAHAM|NSW
44383,TYRENDARRA EAST,NSW,,14013,70,TYRENDARRA EAST|NSW,RAYMOND TERRACE EAST|NSW
44385,YAMBUK,NSW,,15516,84,YAMBUK|NSW,YAMBA|NSW
44385,YAMBUK,NSW,,15525,84,YAMBUK|NSW,YAOUK|NSW
44385,YAMBUK,NSW,,15517,82,YAMBUK|NSW,YAMBULLA|NSW
44387,CONDAH SWAMP,NSW,,20740,75,CONDAH SWAMP|NSW,CONDAH SWAMP|VIC
44387,CONDAH SWAMP,NSW,,10479,71,CONDAH SWAMP|NSW,BLACK SWAMP|NSW
44387,CONDAH SWAMP,NSW,,13205,71,CONDAH SWAMP|NSW,MOGGS SWAMP|NSW
44389,KNEBSWORTH,NSW,,13556,80,KNEBSWORTH|NSW,NEWPORT|NSW
44389,KNEBSWORTH,NSW,,21644,79,KNEBSWORTH|NSW,KNEBSWORTH|VIC
44389,KNEBSWORTH,NSW,,11532,74,KNEBSWORTH|NSW,DODSWORTH|NSW
44391,MACARTHUR,NSW,,70236,83,MACARTHUR|NSW,MCARTHUR|NT
44391,MACARTHUR,NSW,,13039,80,MACARTHUR|NSW,MATHOURA|NSW
44391,MACARTHUR,NSW,,12925,79,MACARTHUR|NSW,MACARTHUR SQUARE|NSW
44393,RIPPONHURST,NSW,,13847,79,RIPPONHURST|NSW,PENSHURST|NSW
44393,RIPPONHURST,NSW,,14091,79,RIPPONHURST|NSW,ROOKHURST|NSW
44393,RIPPONHURST,NSW,,13687,74,RIPPONHURST|NSW,OAKHURST|NSW
44397,HAWKESDALE,NSW,,12910,81,HAWKESDALE|NSW,LOWESDALE|NSW
44397,HAWKESDALE,NSW,,21370,79,HAWKESDALE|NSW,HAWKESDALE|VIC
44397,HAWKESDALE,NSW,,11481,77,HAWKESDALE|NSW,DAYSDALE|NSW
44399,MINHAMITE,NSW,,13181,82,MINHAMITE|NSW,MINMI|NSW
44399,MINHAMITE,NSW,,22033,77,MINHAMITE|NSW,MINHAMITE|VIC
44399,MINHAMITE,NSW,,13145,76,MINHAMITE|NSW,MIHI|NSW
44401,GAZETTE,NSW,,11742,73,GAZETTE|NSW,ETTREMA|NSW
44401,GAZETTE,NSW,,12089,73,GAZETTE|NSW,GRATTAI|NSW
44401,GAZETTE,NSW,,12314,73,GAZETTE|NSW,HOLGATE|NSW
44403,GERRIGERRUP,NSW,,21175,80,GERRIGERRUP|NSW,GERRIGERRUP|VIC
44403,GERRIGERRUP,NSW,,11926,74,GERRIGERRUP|NSW,GEROGERY|NSW
44403,GERRIGERRUP,NSW,,11930,72,GERRIGERRUP|NSW,GEURIE|NSW
44408,TABOR,NSW,,14688,82,TABOR|NSW,TARA|NSW
44408,TABOR,NSW,,14653,80,TABOR|NSW,TAHMOOR|NSW
44408,TABOR,NSW,,15505,80,TABOR|NSW,YADBORO|NSW
44411,GLENTHOMPSON,NSW,,21243,81,GLENTHOMPSON|NSW,GLENTHOMPSON|VIC
44411,GLENTHOMPSON,NSW,,12011,80,GLENTHOMPSON|NSW,GLENTHORNE|NSW
44411,GLENTHOMPSON,NSW,,11987,74,GLENTHOMPSON|NSW,GLENDON|NSW
44415,NARRAPUMELAP SOUTH,NSW,,22276,82,NARRAPUMELAP SOUTH|NSW,NARRAPUMELAP SOUTH|VIC
44415,NARRAPUMELAP SOUTH,NSW,,13029,77,NARRAPUMELAP SOUTH|NSW,MARULAN SOUTH|NSW
44415,NARRAPUMELAP SOUTH,NSW,,14302,74,NARRAPUMELAP SOUTH|NSW,SOUTH ARM|NSW
44421,MIRRANATWA,NSW,,13190,80,MIRRANATWA|NSW,MIRANDA|NSW
44421,MIRRANATWA,NSW,,22049,79,MIRRANATWA|NSW,MIRRANATWA|VIC
44421,MIRRANATWA,NSW,,13108,76,MIRRANATWA|NSW,MERRIANGAAH|NSW
44423,MOUTAJUP,NSW,,22193,75,MOUTAJUP|NSW,MOUTAJUP|VIC
44423,MOUTAJUP,NSW,,13274,73,MOUTAJUP|NSW,MOOTAI|NSW
44423,MOUTAJUP,NSW,,13295,73,MOUTAJUP|NSW,MORUYA|NSW
44425,VICTORIA POINT,NSW,,33629,78,VICTORIA POINT|NSW,VICTORIA POINT|QLD
44425,VICTORIA POINT,NSW,,23174,78,VICTORIA POINT|NSW,VICTORIA POINT|VIC
44425,VICTORIA POINT,NSW,,14716,74,VICTORIA POINT|NSW,TAYLORS POINT|NSW
44431,BYADUK NORTH,NSW,,13592,81,BYADUK NORTH|NSW,NORTH BOURKE|NSW
44431,BYADUK NORTH,NSW,,20520,81,BYADUK NORTH|NSW,BYADUK NORTH|VIC
44431,BYADUK NORTH,NSW,,13591,77,BYADUK NORTH|NSW,NORTH BONDI|NSW
44434,BOCHARA,NSW,,10240,84,BOCHARA|NSW,BARA|NSW
44434,BOCHARA,NSW,,10536,82,BOCHARA|NSW,BOCOBRA|NSW
44434,BOCHARA,NSW,,10555,78,BOCHARA|NSW,BOLWARRA|NSW
44437,BUCKLEY SWAMP,NSW,,10479,81,BUCKLEY SWAMP|NSW,BLACK SWAMP|NSW
44437,BUCKLEY SWAMP,NSW,,10182,79,BUCKLEY SWAMP|NSW,BAKERS SWAMP|NSW
44437,BUCKLEY SWAMP,NSW,,20451,76,BUCKLEY SWAMP|NSW,BUCKLEY SWAMP|VIC
44439,BYADUK,NSW,,10898,76,BYADUK|NSW,BYANGUM|NSW
44439,BYADUK,NSW,,10171,74,BYADUK|NSW,BADJA|NSW
44439,BYADUK,NSW,,10459,74,BYADUK|NSW,BINYA|NSW
44445,MORGIANA,NSW,,10613,80,MORGIANA|NSW,BOORGANNA|NSW
44445,MORGIANA,NSW,,12999,78,MORGIANA|NSW,MARINNA|NSW
44445,MORGIANA,NSW,,13190,78,MORGIANA|NSW,MIRANDA|NSW
44447,MOUNT NAPIER,NSW,,22177,81,MOUNT NAPIER|NSW,MOUNT NAPIER|VIC
44447,MOUNT NAPIER,NSW,,13481,77,MOUNT NAPIER|NSW,NAPIER LANE|NSW
44447,MOUNT NAPIER,NSW,,13420,72,MOUNT NAPIER|NSW,MUNNI|NSW
44449,STRATHKELLAR,NSW,,14422,84,STRATHKELLAR|NSW,STRATHCEDAR|NSW
44449,STRATHKELLAR,NSW,,15557,79,STRATHKELLAR|NSW,YATHELLA|NSW
44449,STRATHKELLAR,NSW,,14425,77,STRATHKELLAR|NSW,STRATHFIELD|NSW
44455,WANNON,NSW,,14186,80,WANNON|NSW,SANDON|NSW
44455,WANNON,NSW,,15126,80,WANNON|NSW,WAMOON|NSW
44455,WANNON,NSW,,15212,80,WANNON|NSW,WATTON|NSW
44457,WARRAYURE,NSW,,15169,80,WARRAYURE|NSW,WARRAWEE|NSW
44457,WARRAYURE,NSW,,15378,79,WARRAYURE|NSW,WIRRADGURIE|NSW
44457,WARRAYURE,NSW,,15164,78,WARRAYURE|NSW,WARRAH|NSW
44459,YATCHAW,NSW,,15557,78,YATCHAW|NSW,YATHELLA|NSW
44459,YATCHAW,NSW,,14709,76,YATCHAW|NSW,TATHAM|NSW
44459,YATCHAW,NSW,,14710,76,YATCHAW|NSW,TATHRA|NSW
44461,YULECART,NSW,,23533,75,YULECART|NSW,YULECART|VIC
44461,YULECART,NSW,,15589,73,YULECART|NSW,YULUMA|NSW
44461,YULECART,NSW,,13659,70,YULECART|NSW,NULLICA|NSW
44463,BRANXHOLME,NSW,,60073,81,BRANXHOLME|NSW,BRANXHOLM|TAS
44463,BRANXHOLME,NSW,,20392,79,BRANXHOLME|NSW,BRANXHOLME|VIC
44463,BRANXHOLME,NSW,,10678,77,BRANXHOLME|NSW,BRANXTON|NSW
44465,GRASSDALE,NSW,,11481,80,GRASSDALE|NSW,DAYSDALE|NSW
44465,GRASSDALE,NSW,,12740,80,GRASSDALE|NSW,LANSDALE|NSW
44465,GRASSDALE,NSW,,13506,80,GRASSDALE|NSW,NASHDALE|NSW
44467,BREAKAWAY CREEK,NSW,,10686,84,BREAKAWAY CREEK|NSW,BREAKFAST CREEK|NSW
44467,BREAKAWAY CREEK,NSW,,20396,84,BREAKAWAY CREEK|NSW,BREAKAWAY CREEK|VIC
44467,BREAKAWAY CREEK,NSW,,10683,82,BREAKAWAY CREEK|NSW,BRAYS CREEK|NSW
44471,HOTSPUR,NSW,,11095,75,HOTSPUR|NSW,CHATSBURY|NSW
44471,HOTSPUR,NSW,,21450,73,HOTSPUR|NSW,HOTSPUR|VIC
44471,HOTSPUR,NSW,,10002,72,HOTSPUR|NSW,ABBOTSBURY|NSW
44473,LAKE CONDAH,NSW,,12707,84,LAKE CONDAH|NSW,LAKE CONJOLA|NSW
44473,LAKE CONDAH,NSW,,12708,83,LAKE CONDAH|NSW,LAKE COWAL|NSW
44473,LAKE CONDAH,NSW,,11309,81,LAKE CONDAH|NSW,CORNDALE|NSW
44475,WALLACEDALE,NSW,,15096,81,WALLACEDALE|NSW,WALLACIA|NSW
44475,WALLACEDALE,NSW,,23202,80,WALLACEDALE|NSW,WALLACEDALE|VIC
44475,WALLACEDALE,NSW,,15092,76,WALLACEDALE|NSW,WALLABADAH|NSW
44477,BESSIEBELLE,NSW,,20282,80,BESSIEBELLE|NSW,BESSIEBELLE|VIC
44477,BESSIEBELLE,NSW,,10372,79,BESSIEBELLE|NSW,BENSVILLE|NSW
44477,BESSIEBELLE,NSW,,10280,71,BESSIEBELLE|NSW,BASS HILL|NSW
44481,DRIK DRIK,NSW,,20944,77,DRIK DRIK|NSW,DRIK DRIK|VIC
44481,DRIK DRIK,NSW,,10705,69,DRIK DRIK|NSW,BRIL BRIL|NSW
44481,DRIK DRIK,NSW,,11570,69,DRIK DRIK|NSW,DRY CREEK|NSW
44483,DRUMBORG,NSW,,11603,78,DRUMBORG|NSW,DUNMORE|NSW
44483,DRUMBORG,NSW,,11406,76,DRUMBORG|NSW,CUMBO|NSW
44483,DRUMBORG,NSW,,11572,76,DRUMBORG|NSW,DUBBO|NSW
44487,HEYWOOD,NSW,,12225,82,HEYWOOD|NSW,HANWOOD|NSW
44487,HEYWOOD,NSW,,12242,82,HEYWOOD|NSW,HARWOOD|NSW
44487,HEYWOOD,NSW,,12923,82,HEYWOOD|NSW,LYNWOOD|NSW
44491,LYONS,NSW,,12880,82,LYONS|NSW,LORN|NSW
44491,LYONS,NSW,,70221,82,LYONS|NSW,LYONS|NT
44491,LYONS,NSW,,11204,80,LYONS|NSW,COLYTON|NSW
44495,MUMBANNAR,NSW,,12966,82,MUMBANNAR|NSW,MANAR|NSW
44495,MUMBANNAR,NSW,,12967,78,MUMBANNAR|NSW,MANARA|NSW
44495,MUMBANNAR,NSW,,11403,77,MUMBANNAR|NSW,CUMBANDRY|NSW
44497,MYAMYN,NSW,,12990,76,MYAMYN|NSW,MANYANA|NSW
44497,MYAMYN,NSW,,13056,76,MYAMYN|NSW,MAYRUNG|NSW
44497,MYAMYN,NSW,,13125,76,MYAMYN|NSW,MIAMLEY|NSW
44499,WINNAP,NSW,,15370,80,WINNAP|NSW,WINGEN|NSW
44499,WINNAP,NSW,,15375,80,WINNAP|NSW,WINTON|NSW
44499,WINNAP,NSW,,15324,78,WINNAP|NSW,WILCANNIA|NSW
44501,ALLESTREE,NSW,,12961,78,ALLESTREE|NSW,MALLEE|NSW
44501,ALLESTREE,NSW,,10340,77,ALLESTREE|NSW,BELLTREES|NSW
44501,ALLESTREE,NSW,,20032,77,ALLESTREE|NSW,ALLESTREE|VIC
44506,CASHMORE,NSW,,11131,83,CASHMORE|NSW,CLAYMORE|NSW
44506,CASHMORE,NSW,,11424,80,CASHMORE|NSW,CURRAMORE|NSW
44506,CASHMORE,NSW,,10120,78,CASHMORE|NSW,ASHFORD|NSW
44508,DUTTON WAY,NSW,,20980,79,DUTTON WAY|NSW,DUTTON WAY|VIC
44508,DUTTON WAY,NSW,,40458,78,DUTTON WAY|NSW,DUTTON|SA
44508,DUTTON WAY,NSW,,40459,71,DUTTON WAY|NSW,DUTTON EAST|SA
44510,GORAE,NSW,,11894,84,GORAE|NSW,GALORE|NSW
44510,GORAE,NSW,,12018,84,GORAE|NSW,GOARRA|NSW
44510,GORAE,NSW,,12074,84,GORAE|NSW,GOWRIE|NSW
44516,MOUNT RICHMOND,NSW,,13612,83,MOUNT RICHMOND|NSW,NORTH RICHMOND|NSW
44516,MOUNT RICHMOND,NSW,,13353,81,MOUNT RICHMOND|NSW,MOUNT PRITCHARD|NSW
44516,MOUNT RICHMOND,NSW,,14053,80,MOUNT RICHMOND|NSW,RICHMOND|NSW
44520,PORTLAND NORTH,NSW,,12907,83,PORTLAND NORTH|NSW,LOWER PORTLAND|NSW
44520,PORTLAND NORTH,NSW,,13920,80,PORTLAND NORTH|NSW,PORTLAND|NSW
44520,PORTLAND NORTH,NSW,,22526,78,PORTLAND NORTH|NSW,PORTLAND NORTH|VIC
44522,PORTLAND WEST,NSW,,13920,83,PORTLAND WEST|NSW,PORTLAND|NSW
44522,PORTLAND WEST,NSW,,13693,76,PORTLAND WEST|NSW,OATLANDS|NSW
44522,PORTLAND WEST,NSW,,22527,76,PORTLAND WEST|NSW,PORTLAND WEST|VIC
44524,DIGBY,NSW,,13149,78,DIGBY|NSW,MILBY|NSW
44524,DIGBY,NSW,,12383,76,DIGBY|NSW,INGEBYRA|NSW
44524,DIGBY,NSW,,10090,74,DIGBY|NSW,ARDING|NSW
44528,TAHARA WEST,NSW,,14699,83,TAHARA WEST|NSW,TAREE WEST|NSW
44528,TAHARA WEST,NSW,,15144,77,TAHARA WEST|NSW,WARATAH WEST|NSW
44528,TAHARA WEST,NSW,,15274,75,TAHARA WEST|NSW,WEST TAMWORTH|NSW
44533,HEATH FIELD,NSW,,21386,80,HEATH FIELD|NSW,HEATH FIELD|VIC
44533,HEATH FIELD,NSW,,11822,73,HEATH FIELD|NSW,FINGAL HEAD|NSW
44533,HEATH FIELD,NSW,,13053,73,HEATH FIELD|NSW,MAYFIELD NORTH|NSW
44537,BAHGALLAH,NSW,,10368,80,BAHGALLAH|NSW,BENGALLA|NSW
44537,BAHGALLAH,NSW,,10184,78,BAHGALLAH|NSW,BALALA|NSW
44537,BAHGALLAH,NSW,,10194,77,BAHGALLAH|NSW,BALGOWLAH|NSW
44539,BRIMBOAL,NSW,,10242,83,BRIMBOAL|NSW,BARAIMAL|NSW
44539,BRIMBOAL,NSW,,10628,80,BRIMBOAL|NSW,BORAMBOLA|NSW
44539,BRIMBOAL,NSW,,10351,78,BRIMBOAL|NSW,BEMBOKA|NSW
44541,CARAPOOK,NSW,,11012,82,CARAPOOK|NSW,CAROOL|NSW
44541,CARAPOOK,NSW,,10083,78,CARAPOOK|NSW,ARAKOON|NSW
44541,CARAPOOK,NSW,,11013,78,CARAPOOK|NSW,CAROONA|NSW
44543,CHETWYND,NSW,,12275,76,CHETWYND|NSW,HENTY|NSW
44543,CHETWYND,NSW,,20655,75,CHETWYND|NSW,CHETWYND|VIC
44543,CHETWYND,NSW,,11086,74,CHETWYND|NSW,CHARLESTOWN|NSW
44545,DERGHOLM,NSW,,11672,76,DERGHOLM|NSW,EDROM|NSW
44545,DERGHOLM,NSW,,11722,75,DERGHOLM|NSW,ERIGOLIA|NSW
44545,DERGHOLM,NSW,,20893,75,DERGHOLM|NSW,DERGHOLM|VIC
44547,DORODONG,NSW,,12634,83,DORODONG|NSW,KOLODONG|NSW
44547,DORODONG,NSW,,12057,82,DORODONG|NSW,GORDON|NSW
44547,DORODONG,NSW,,10614,80,DORODONG|NSW,BOOROLONG|NSW
44549,DUNROBIN,NSW,,11605,82,DUNROBIN|NSW,DUNOON|NSW
44549,DUNROBIN,NSW,,11614,82,DUNROBIN|NSW,DUROBY|NSW
44549,DUNROBIN,NSW,,11595,81,DUNROBIN|NSW,DUNDURRABIN|NSW
44554,LAKE MUNDI,NSW,,21729,79,LAKE MUNDI|NSW,LAKE MUNDI|VIC
44554,LAKE MUNDI,NSW,,12716,77,LAKE MUNDI|NSW,LAKE MUNMORAH|NSW
44554,LAKE MUNDI,NSW,,50937,77,LAKE MUNDI|NSW,LAKE MUIR|WA
44558,MUNTHAM,NSW,,13037,82,MUNTHAM|NSW,MATCHAM|NSW
44558,MUNTHAM,NSW,,13453,82,MUNTHAM|NSW,MUTTAMA|NSW
44558,MUNTHAM,NSW,,13410,78,MUNTHAM|NSW,MUNDAMIA|NSW
44560,NANGEELA,NSW,,13564,83,NANGEELA|NSW,NIANGALA|NSW
44560,NANGEELA,NSW,,13471,82,NANGEELA|NSW,NADGEE|NSW
44560,NANGEELA,NSW,,10358,78,NANGEELA|NSW,BENANEE|NSW
44562,POOLAIJELO,NSW,,13912,74,POOLAIJELO|NSW,POONCARIE|NSW
44562,POOLAIJELO,NSW,,14861,74,POOLAIJELO|NSW,TOOLIJOOA|NSW
44562,POOLAIJELO,NSW,,15449,74,POOLAIJELO|NSW,WOOLGARLO|NSW
44566,SANDFORD,NSW,,14186,82,SANDFORD|NSW,SANDON|NSW
44566,SANDFORD,NSW,,14237,80,SANDFORD|NSW,SHADFORTH|NSW
44566,SANDFORD,NSW,,14421,80,SANDFORD|NSW,STRATFORD|NSW
44568,STRATHDOWNIE,NSW,,14423,80,STRATHDOWNIE|NSW,STRATHEDEN|NSW
44568,STRATHDOWNIE,NSW,,14425,77,STRATHDOWNIE|NSW,STRATHFIELD|NSW
44568,STRATHDOWNIE,NSW,,22871,75,STRATHDOWNIE|NSW,STRATHDOWNIE|VIC
44570,WANDO BRIDGE,NSW,,23224,81,WANDO BRIDGE|NSW,WANDO BRIDGE|VIC
44570,WANDO BRIDGE,NSW,,13818,76,WANDO BRIDGE|NSW,PAYTENS BRIDGE|NSW
44570,WANDO BRIDGE,NSW,,10946,71,WANDO BRIDGE|NSW,CAMBRIDGE PARK|NSW
44572,WANDO VALE,NSW,,15147,81,WANDO VALE|NSW,WARDROP VALLEY|NSW
44572,WANDO VALE,NSW,,15390,77,WANDO VALE|NSW,WOLGAN VALLEY|NSW
44572,WANDO VALE,NSW,,15343,76,WANDO VALE|NSW,WILLOW VALE|NSW
44578,CAVENDISH,NSW,,11346,78,CAVENDISH|NSW,CRAVEN|NSW
44578,CAVENDISH,NSW,,11077,77,CAVENDISH|NSW,CHAELUNDI|NSW
44578,CAVENDISH,NSW,,20628,77,CAVENDISH|NSW,CAVENDISH|VIC
44580,GLENISLA,NSW,,11993,80,GLENISLA|NSW,GLENFIELD|NSW
44580,GLENISLA,NSW,,11990,78,GLENISLA|NSW,GLENELG|NSW
44580,GLENISLA,NSW,,12008,78,GLENISLA|NSW,GLENROI|NSW
44586,WOOHLPOOER,NSW,,15459,79,WOOHLPOOER|NSW,WOOLOOWARE|NSW
44586,WOOHLPOOER,NSW,,23429,79,WOOHLPOOER|NSW,WOOHLPOOER|VIC
44586,WOOHLPOOER,NSW,,15458,77,WOOHLPOOER|NSW,WOOLOOMA|NSW
44590,CLOVER FLAT,NSW,,11332,81,CLOVER FLAT|NSW,COW FLAT|NSW
44590,CLOVER FLAT,NSW,,11410,80,CLOVER FLAT|NSW,CUNDLE FLAT|NSW
44590,CLOVER FLAT,NSW,,20688,80,CLOVER FLAT|NSW,CLOVER FLAT|VIC
44594,COOJAR,NSW,,11160,84,COOJAR|NSW,COBAR|NSW
44594,COOJAR,NSW,,11237,84,COOJAR|NSW,COOBA|NSW
44594,COOJAR,NSW,,11262,84,COOJAR|NSW,COOMA|NSW
44598,GRINGEGALGONA,NSW,,21325,82,GRINGEGALGONA|NSW,GRINGEGALGONA|VIC
44598,GRINGEGALGONA,NSW,,12030,73,GRINGEGALGONA|NSW,GONGOLGON|NSW
44598,GRINGEGALGONA,NSW,,11927,71,GRINGEGALGONA|NSW,GERRINGONG|NSW
44600,GRITJURK,NSW,,21326,75,GRITJURK|NSW,GRITJURK|VIC
44600,GRITJURK,NSW,,10456,70,GRITJURK|NSW,BINJURA|NSW
44600,GRITJURK,NSW,,11956,70,GRITJURK|NSW,GIRO|NSW
44602,HILGAY,NSW,,12251,82,HILGAY|NSW,HAY|NSW
44602,HILGAY,NSW,,11940,80,HILGAY|NSW,GILGAI|NSW
44602,HILGAY,NSW,,12565,80,HILGAY|NSW,KILGRA|NSW
44604,KONONGWOOTONG,NSW,,21654,82,KONONGWOOTONG|NSW,KONONGWOOTONG|VIC
44604,KONONGWOOTONG,NSW,,10578,73,KONONGWOOTONG|NSW,BONGONGALONG|NSW
44604,KONONGWOOTONG,NSW,,12639,73,KONONGWOOTONG|NSW,KOOLEWONG|NSW
44612,PASCHENDALE,NSW,,14005,76,PASCHENDALE|NSW,RAVENSDALE|NSW
44612,PASCHENDALE,NSW,,13777,74,PASCHENDALE|NSW,PALMDALE|NSW
44612,PASCHENDALE,NSW,,14107,74,PASCHENDALE|NSW,ROSEDALE|NSW
44614,TAHARA BRIDGE,NSW,,22934,76,TAHARA BRIDGE|NSW,TAHARA BRIDGE|VIC
44614,TAHARA BRIDGE,NSW,,10946,74,TAHARA BRIDGE|NSW,CAMBRIDGE PARK|NSW
44614,TAHARA BRIDGE,NSW,,12784,72,TAHARA BRIDGE|NSW,LETHBRIDGE PARK|NSW
44616,TARRAYOUKYAN,NSW,,22977,75,TARRAYOUKYAN|NSW,TARRAYOUKYAN|VIC
44616,TARRAYOUKYAN,NSW,,14704,73,TARRAYOUKYAN|NSW,TARRAGANDA|NSW
44616,TARRAYOUKYAN,NSW,,14705,73,TARRAYOUKYAN|NSW,TARRAWANNA|NSW
44618,TARRENLEA,NSW,,14696,82,TARRENLEA|NSW,TAREE|NSW
44618,TARRENLEA,NSW,,14953,80,TARRENLEA|NSW,TURRELLA|NSW
44618,TARRENLEA,NSW,,14692,78,TARRENLEA|NSW,TARANA|NSW
44620,WOOTONG VALE,NSW,,23449,75,WOOTONG VALE|NSW,WOOTONG VALE|VIC
44620,WOOTONG VALE,NSW,,15240,74,WOOTONG VALE|NSW,WELLINGTON VALE|NSW
44620,WOOTONG VALE,NSW,,15468,74,WOOTONG VALE|NSW,WOOTTON|NSW
44622,HARROW,NSW,,11473,80,HARROW|NSW,DARLOW|NSW
44622,HARROW,NSW,,13006,80,HARROW|NSW,MARLOW|NSW
44622,HARROW,NSW,,11023,76,HARROW|NSW,CARROLL|NSW
44626,CONNEWIRRICOO,NSW,,20744,82,CONNEWIRRICOO|NSW,CONNEWIRRICOO|VIC
44626,CONNEWIRRICOO,NSW,,10391,71,CONNEWIRRICOO|NSW,BERRICO|NSW
44626,CONNEWIRRICOO,NSW,,13521,71,CONNEWIRRICOO|NSW,NERICON|NSW
44628,EDENHOPE,NSW,,11663,80,EDENHOPE|NSW,EDEN|NSW
44628,EDENHOPE,NSW,,12111,79,EDENHOPE|NSW,GREENETHORPE|NSW
44628,EDENHOPE,NSW,,21010,75,EDENHOPE|NSW,EDENHOPE|VIC
44630,JALLAKIN,NSW,,12959,82,JALLAKIN|NSW,MALLAN|NSW
44630,JALLAKIN,NSW,,10204,78,JALLAKIN|NSW,BALLINA|NSW
44630,JALLAKIN,NSW,,10207,78,JALLAKIN|NSW,BALMAIN|NSW
44632,KADNOOK,NSW,,12481,83,KADNOOK|NSW,KANAHOOKA|NSW
44632,KADNOOK,NSW,,12493,82,KADNOOK|NSW,KANOONA|NSW
44632,KADNOOK,NSW,,12495,82,KADNOOK|NSW,KAPOOKA|NSW
44634,LANGKOOP,NSW,,12748,78,LANGKOOP|NSW,LARNOOK|NSW
44634,LANGKOOP,NSW,,10221,76,LANGKOOP|NSW,BANGO|NSW
44634,LANGKOOP,NSW,,10320,75,LANGKOOP|NSW,BELANGLO|NSW
44636,MEEREEK,NSW,,10366,82,MEEREEK|NSW,BENEREE|NSW
44636,MEEREEK,NSW,,13280,80,MEEREEK|NSW,MOREE|NSW
44636,MEEREEK,NSW,,10633,77,MEEREEK|NSW,BOREE CREEK|NSW
44638,PATYAH,NSW,,13792,78,PATYAH|NSW,PARA|NSW
44638,PATYAH,NSW,,13813,76,PATYAH|NSW,PATONGA|NSW
44638,PATYAH,NSW,,15143,76,PATYAH|NSW,WARATAH|NSW
44640,ULLSWATER,NSW,,14177,77,ULLSWATER|NSW,SALTWATER|NSW
44640,ULLSWATER,NSW,,14925,75,ULLSWATER|NSW,TULLERA|NSW
44640,ULLSWATER,NSW,,14203,73,ULLSWATER|NSW,SATUR|NSW
44644,BENAYEO,NSW,,10358,82,BENAYEO|NSW,BENANEE|NSW
44644,BENAYEO,NSW,,10692,76,BENAYEO|NSW,BRENDA|NSW
44644,BENAYEO,NSW,,12779,76,BENAYEO|NSW,LEONAY|NSW
44646,BRINGALBERT,NSW,,10028,80,BRINGALBERT|NSW,ALBERT|NSW
44646,BRINGALBERT,NSW,,20419,80,BRINGALBERT|NSW,BRINGALBERT|VIC
44646,BRINGALBERT,NSW,,10450,77,BRINGALBERT|NSW,BINGARA|NSW
44648,HESSE,NSW,,11736,75,HESSE|NSW,ESK|NSW
44648,HESSE,NSW,,12268,74,HESSE|NSW,HEBDEN|NSW
44648,HESSE,NSW,,12274,74,HESSE|NSW,HENLEY|NSW
44654,CRESSY,NSW,,60147,80,CRESSY|NSW,CRESSY|TAS
44654,CRESSY,NSW,,11349,76,CRESSY|NSW,CRAWNEY|NSW
44654,CRESSY,NSW,,11124,74,CRESSY|NSW,CLARE|NSW
44656,BERRYBANK,NSW,,10398,82,BERRYBANK|NSW,BERRY|NSW
44656,BERRYBANK,NSW,,10394,80,BERRYBANK|NSW,BERRIGAN|NSW
44656,BERRYBANK,NSW,,20279,77,BERRYBANK|NSW,BERRYBANK|VIC
44658,DUVERNEY,NSW,,11599,75,DUVERNEY|NSW,DUNGEREE|NSW
44658,DUVERNEY,NSW,,20981,75,DUVERNEY|NSW,DUVERNEY|VIC
44658,DUVERNEY,NSW,,11580,73,DUVERNEY|NSW,DUDLEY|NSW
44660,FOXHOW,NSW,,11313,70,FOXHOW|NSW,COROWA|NSW
44660,FOXHOW,NSW,,11866,70,FOXHOW|NSW,FOXGROUND|NSW
44660,FOXHOW,NSW,,12345,70,FOXHOW|NSW,HOWELL|NSW
44667,DERRINALLUM,NSW,,20896,80,DERRINALLUM|NSW,DERRINALLUM|VIC
44667,DERRINALLUM,NSW,,13112,77,DERRINALLUM|NSW,MERRILL|NSW
44667,DERRINALLUM,NSW,,11724,75,DERRINALLUM|NSW,ERINA|NSW
44671,VITE VITE,NSW,,23179,77,VITE VITE|NSW,VITE VITE|VIC
44671,VITE VITE,NSW,,14747,73,VITE VITE|NSW,TEVEN|NSW
44671,VITE VITE,NSW,,14792,72,VITE VITE|NSW,THE VALE|NSW
44673,VITE VITE NORTH,NSW,,23180,84,VITE VITE NORTH|NSW,VITE VITE NORTH|VIC
44673,VITE VITE NORTH,NSW,,14048,72,VITE VITE NORTH|NSW,REVESBY NORTH|NSW
44673,VITE VITE NORTH,NSW,,22900,70,VITE VITE NORTH|NSW,SUNSHINE NORTH|VIC
44675,TEESDALE,NSW,,15283,83,TEESDALE|NSW,WESTDALE|NSW
44675,TEESDALE,NSW,,14036,80,TEESDALE|NSW,REIDSDALE|NSW
44675,TEESDALE,NSW,,14896,80,TEESDALE|NSW,TREGEAGLE|NSW
44681,SHELFORD,NSW,,14157,77,SHELFORD|NSW,RUTHERFORD|NSW
44681,SHELFORD,NSW,,14221,75,SHELFORD|NSW,SEAFORTH|NSW
44681,SHELFORD,NSW,,14257,75,SHELFORD|NSW,SHERWOOD|NSW
44685,BANNOCKBURN,NSW,,30185,80,BANNOCKBURN|NSW,BANNOCKBURN|QLD
44685,BANNOCKBURN,NSW,,20160,80,BANNOCKBURN|NSW,BANNOCKBURN|VIC
44685,BANNOCKBURN,NSW,,10129,72,BANNOCKBURN|NSW,AUBURN|NSW
44687,GHERINGHAP,NSW,,21177,79,GHERINGHAP|NSW,GHERINGHAP|VIC
44687,GHERINGHAP,NSW,,11724,78,GHERINGHAP|NSW,ERINA|NSW
44687,GHERINGHAP,NSW,,13520,77,GHERINGHAP|NSW,NEMINGHA|NSW
44691,RUSSELLS BRIDGE,NSW,,22667,79,RUSSELLS BRIDGE|NSW,RUSSELLS BRIDGE|VIC
44691,RUSSELLS BRIDGE,NSW,,14155,76,RUSSELLS BRIDGE|NSW,RUSSELL LEA|NSW
44691,RUSSELLS BRIDGE,NSW,,13818,70,RUSSELLS BRIDGE|NSW,PAYTENS BRIDGE|NSW
44695,STEIGLITZ,NSW,,33280,77,STEIGLITZ|NSW,STEIGLITZ|QLD
44695,STEIGLITZ,NSW,,14745,72,STEIGLITZ|NSW,TERRIGAL|NSW
44695,STEIGLITZ,NSW,,14270,69,STEIGLITZ|NSW,SINGLETON|NSW
44697,SUTHERLANDS CREEK,NSW,,14134,82,SUTHERLANDS CREEK|NSW,ROWLANDS CREEK|NSW
44697,SUTHERLANDS CREEK,NSW,,14403,82,SUTHERLANDS CREEK|NSW,STEPHENS CREEK|NSW
44697,SUTHERLANDS CREEK,NSW,,22910,81,SUTHERLANDS CREEK|NSW,SUTHERLANDS CREEK|VIC
44701,BAMGANIE,NSW,,10196,80,BAMGANIE|NSW,BALGOWNIE|NSW
44701,BAMGANIE,NSW,,10207,78,BAMGANIE|NSW,BALMAIN|NSW
44701,BAMGANIE,NSW,,10253,78,BAMGANIE|NSW,BARIGAN|NSW
44707,CARGERIE,NSW,,10915,82,CARGERIE|NSW,CADGEE|NSW
44707,CARGERIE,NSW,,11015,82,CARGERIE|NSW,CARRAI|NSW
44707,CARGERIE,NSW,,11930,82,CARGERIE|NSW,GEURIE|NSW
44709,ELAINE,NSW,,11712,82,ELAINE|NSW,ENGADINE|NSW
44709,ELAINE,NSW,,10054,80,ELAINE|NSW,ALPINE|NSW
44709,ELAINE,NSW,,11677,80,ELAINE|NSW,ELANDS|NSW
44711,MORRISONS,NSW,,13282,80,MORRISONS|NSW,MORISSET|NSW
44711,MORRISONS,NSW,,13286,78,MORRISONS|NSW,MORORO|NSW
44711,MORRISONS,NSW,,13290,78,MORRISONS|NSW,MORTON|NSW
44715,BONNIE BROOK,NSW,,20345,81,BONNIE BROOK|NSW,BONNIE BROOK|VIC
44715,BONNIE BROOK,NSW,,50162,80,BONNIE BROOK|NSW,BONNIE ROCK|WA
44715,BONNIE BROOK,NSW,,10335,76,BONNIE BROOK|NSW,BELLBROOK|NSW
44717,GRANGEFIELDS,NSW,,10672,83,GRANGEFIELDS|NSW,BRAEFIELD|NSW
44717,GRANGEFIELDS,NSW,,21287,81,GRANGEFIELDS|NSW,GRANGEFIELDS|VIC
44717,GRANGEFIELDS,NSW,,10671,76,GRANGEFIELDS|NSW,BRADFIELD|NSW
44719,ROCKBANK,NSW,,14100,83,ROCKBANK|NSW,ROSEBANK|NSW
44719,ROCKBANK,NSW,,13695,80,ROCKBANK|NSW,OBAN|NSW
44719,ROCKBANK,NSW,,14022,78,ROCKBANK|NSW,REDBANK|NSW
44721,THORNHILL PARK,NSW,,15292,83,THORNHILL PARK|NSW,WETHERILL PARK|NSW
44721,THORNHILL PARK,NSW,,23035,78,THORNHILL PARK|NSW,THORNHILL PARK|VIC
44721,THORNHILL PARK,NSW,,15293,77,THORNHILL PARK|NSW,WETHERILL PARK BC|NSW
44723,AINTREE,NSW,,11818,82,AINTREE|NSW,FIGTREE|NSW
44723,AINTREE,NSW,,10022,78,AINTREE|NSW,AFTERLEE|NSW
44723,AINTREE,NSW,,10101,78,AINTREE|NSW,ARMATREE|NSW
44725,DEANSIDE,NSW,,10152,83,DEANSIDE|NSW,AVONSIDE|NSW
44725,DEANSIDE,NSW,,11547,83,DEANSIDE|NSW,DOONSIDE|NSW
44725,DEANSIDE,NSW,,11559,83,DEANSIDE|NSW,DOWNSIDE|NSW
44727,FRASER RISE,NSW,,11867,73,FRASER RISE|NSW,FRAZER PARK|NSW
44727,FRASER RISE,NSW,,14049,73,FRASER RISE|NSW,RHINE FALLS|NSW
44727,FRASER RISE,NSW,,21130,73,FRASER RISE|NSW,FRASER RISE|VIC
44729,HARKNESS,NSW,,12250,77,HARKNESS|NSW,HAWKS NEST|NSW
44729,HARKNESS,NSW,,10099,75,HARKNESS|NSW,ARKSTONE|NSW
44729,HARKNESS,NSW,,21358,75,HARKNESS|NSW,HARKNESS|VIC
44731,KURUNJANG,NSW,,12189,83,KURUNJANG|NSW,GURNANG|NSW
44731,KURUNJANG,NSW,,12190,77,KURUNJANG|NSW,GURRANANG|NSW
44731,KURUNJANG,NSW,,12670,77,KURUNJANG|NSW,KUNDABUNG|NSW
44735,MELTON WEST,NSW,,15267,80,MELTON WEST|NSW,WEST HOXTON|NSW
44735,MELTON WEST,NSW,,21973,80,MELTON WEST|NSW,MELTON WEST|VIC
44735,MELTON WEST,NSW,,11502,79,MELTON WEST|NSW,DENISTONE WEST|NSW
44737,TOOLERN VALE,NSW,,13751,80,TOOLERN VALE|NSW,OXLEY VALE|NSW
44737,TOOLERN VALE,NSW,,14792,79,TOOLERN VALE|NSW,THE VALE|NSW
44737,TOOLERN VALE,NSW,,23067,75,TOOLERN VALE|NSW,TOOLERN VALE|VIC
44740,COBBLEBANK,NSW,,20702,79,COBBLEBANK|NSW,COBBLEBANK|VIC
44740,COBBLEBANK,NSW,,11255,77,COBBLEBANK|NSW,COOLEMAN|NSW
44740,COBBLEBANK,NSW,,11158,75,COBBLEBANK|NSW,COBAKI|NSW
44744,EYNESBURY,NSW,,21068,77,EYNESBURY|NSW,EYNESBURY|VIC
44744,EYNESBURY,NSW,,10113,75,EYNESBURY|NSW,ASHBURY|NSW
44744,EYNESBURY,NSW,,12530,75,EYNESBURY|NSW,KENEBRI|NSW
44748,STRATHTULLOH,NSW,,22879,75,STRATHTULLOH|NSW,STRATHTULLOH|VIC
44748,STRATHTULLOH,NSW,,14425,71,STRATHTULLOH|NSW,STRATHFIELD|NSW
44748,STRATHTULLOH,NSW,,15480,71,STRATHTULLOH|NSW,WRATHALL|NSW
44750,WEIR VIEWS,NSW,,23307,79,WEIR VIEWS|NSW,WEIR VIEWS|VIC
44750,WEIR VIEWS,NSW,,14963,69,WEIR VIEWS|NSW,TWIN RIVERS|NSW
44750,WEIR VIEWS,NSW,,51630,69,WEIR VIEWS|NSW,SWAN VIEW|WA
44752,BACCHUS MARSH,NSW,,20110,82,BACCHUS MARSH|NSW,BACCHUS MARSH|VIC
44752,BACCHUS MARSH,NSW,,13434,71,BACCHUS MARSH|NSW,MURRAYS BEACH|NSW
44752,BACCHUS MARSH,NSW,,12929,70,BACCHUS MARSH|NSW,MACMASTERS BEACH|NSW
44758,COIMADAI,NSW,,11205,82,COIMADAI|NSW,COMARA|NSW
44758,COIMADAI,NSW,,11207,78,COIMADAI|NSW,COMBARA|NSW
44758,COIMADAI,NSW,,11266,77,COIMADAI|NSW,COOMBADJHA|NSW
44767,MADDINGLEY,NSW,,12446,79,MADDINGLEY|NSW,JIMARINGLE|NSW
44767,MADDINGLEY,NSW,,21874,79,MADDINGLEY|NSW,MADDINGLEY|VIC
44767,MADDINGLEY,NSW,,12982,78,MADDINGLEY|NSW,MANLY|NSW
44769,MERRIMU,NSW,,13102,83,MERRIMU|NSW,MERIMBULA|NSW
44769,MERRIMU,NSW,,10396,82,MERRIMU|NSW,BERRIMA|NSW
44769,MERRIMU,NSW,,13112,82,MERRIMU|NSW,MERRILL|NSW
44778,KOROBEIT,NSW,,12626,76,KOROBEIT|NSW,KLORI|NSW
44778,KOROBEIT,NSW,,12637,76,KOROBEIT|NSW,KOOBA|NSW
44778,KOROBEIT,NSW,,13240,76,KOROBEIT|NSW,MOOBI|NSW
44780,MYRNIONG,NSW,,11624,78,MYRNIONG|NSW,DYRRING|NSW
44780,MYRNIONG,NSW,,12501,78,MYRNIONG|NSW,KARIONG|NSW
44780,MYRNIONG,NSW,,13056,78,MYRNIONG|NSW,MAYRUNG|NSW
44786,BEREMBOKE,NSW,,10351,83,BEREMBOKE|NSW,BEMBOKA|NSW
44786,BEREMBOKE,NSW,,10727,82,BEREMBOKE|NSW,BROKE|NSW
44786,BEREMBOKE,NSW,,10689,78,BEREMBOKE|NSW,BREDBO|NSW
44790,BUNDING,NSW,,10661,82,BUNDING|NSW,BOWNING|NSW
44790,BUNDING,NSW,,10785,82,BUNDING|NSW,BUDDONG|NSW
44790,BUNDING,NSW,,10789,82,BUNDING|NSW,BUDGONG|NSW
44794,DURDIDWARRAH,NSW,,20975,81,DURDIDWARRAH|NSW,DURDIDWARRAH|VIC
44794,DURDIDWARRAH,NSW,,11391,76,DURDIDWARRAH|NSW,CUDMIRRAH|NSW
44794,DURDIDWARRAH,NSW,,10821,71,DURDIDWARRAH|NSW,BUNDABURRAH|NSW
44796,FISKVILLE,NSW,,12823,81,FISKVILLE|NSW,LIONSVILLE|NSW
44796,FISKVILLE,NSW,,13160,81,FISKVILLE|NSW,MILLSVILLE|NSW
44796,FISKVILLE,NSW,,10124,80,FISKVILLE|NSW,ASHVILLE|NSW
44800,MOUNT WALLACE,NSW,,22188,82,MOUNT WALLACE|NSW,MOUNT WALLACE|VIC
44800,MOUNT WALLACE,NSW,,13354,80,MOUNT WALLACE|NSW,MOUNT RAE|NSW
44800,MOUNT WALLACE,NSW,,13348,75,MOUNT WALLACE|NSW,MOUNT OLIVE|NSW
44805,BAKERY HILL,NSW,,10474,83,BAKERY HILL|NSW,BLACK HILL|NSW
44805,BAKERY HILL,NSW,,11785,83,BAKERY HILL|NSW,FAIRY HILL|NSW
44805,BAKERY HILL,NSW,,50058,83,BAKERY HILL|NSW,BAKERS HILL|WA
44813,BALLARAT NORTH,NSW,,20133,83,BALLARAT NORTH|NSW,BALLARAT NORTH|VIC
44813,BALLARAT NORTH,NSW,,13588,81,BALLARAT NORTH|NSW,NORTH BALGOWLAH|NSW
44813,BALLARAT NORTH,NSW,,13585,77,BALLARAT NORTH|NSW,NORTH ARM|NSW
44823,GOLDEN POINT,NSW,,12105,84,GOLDEN POINT|NSW,GREEN POINT|NSW
44823,GOLDEN POINT,NSW,,10554,81,GOLDEN POINT|NSW,BOLTON POINT|NSW
44823,GOLDEN POINT,NSW,,11154,80,GOLDEN POINT|NSW,COAL POINT|NSW
44825,INVERMAY PARK,NSW,,10682,80,INVERMAY PARK|NSW,BRAY PARK|NSW
44825,INVERMAY PARK,NSW,,10402,77,INVERMAY PARK|NSW,BERRY PARK|NSW
44825,INVERMAY PARK,NSW,,10407,76,INVERMAY PARK|NSW,BEVERLEY PARK|NSW
44827,LAKE WENDOUREE,NSW,,21736,83,LAKE WENDOUREE|NSW,LAKE WENDOUREE|VIC
44827,LAKE WENDOUREE,NSW,,12717,74,LAKE WENDOUREE|NSW,LAKE TABOURIE|NSW
44827,LAKE WENDOUREE,NSW,,15415,71,LAKE WENDOUREE|NSW,WONBOYN LAKE|NSW
44829,LUCAS,NSW,,10770,78,LUCAS|NSW,BUCCA|NSW
44829,LUCAS,NSW,,12380,78,LUCAS|NSW,ILUKA|NSW
44829,LUCAS,NSW,,12747,78,LUCAS|NSW,LARGS|NSW
44841,SOLDIERS HILL,NSW,,14261,82,SOLDIERS HILL|NSW,SHOOTERS HILL|NSW
44841,SOLDIERS HILL,NSW,,33179,82,SOLDIERS HILL|NSW,SOLDIERS HILL|QLD
44841,SOLDIERS HILL,NSW,,13712,76,SOLDIERS HILL|NSW,OLD MILL|NSW
44843,SOVEREIGN HILL,NSW,,14232,79,SOVEREIGN HILL|NSW,SEVEN HILLS|NSW
44843,SOVEREIGN HILL,NSW,,14350,79,SOVEREIGN HILL|NSW,SPRING HILL|NSW
44843,SOVEREIGN HILL,NSW,,22796,78,SOVEREIGN HILL|NSW,SOVEREIGN HILL|VIC
44847,BO PEEP,NSW,,13829,74,BO PEEP|NSW,PEEL|NSW
44847,BO PEEP,NSW,,13960,70,BO PEEP|NSW,PYREE|NSW
44847,BO PEEP,NSW,,10356,67,BO PEEP|NSW,BEN VENUE|NSW
44849,CAPE CLEAR,NSW,,20565,79,CAPE CLEAR|NSW,CAPE CLEAR|VIC
44849,CAPE CLEAR,NSW,,10923,75,CAPE CLEAR|NSW,CALARE|NSW
44849,CAPE CLEAR,NSW,,10983,75,CAPE CLEAR|NSW,CAPEEN|NSW
44853,CHEPSTOWE,NSW,,11086,79,CHEPSTOWE|NSW,CHARLESTOWN|NSW
44853,CHEPSTOWE,NSW,,20648,77,CHEPSTOWE|NSW,CHEPSTOWE|VIC
44853,CHEPSTOWE,NSW,,11106,74,CHEPSTOWE|NSW,CHICHESTER|NSW
44855,HADDON,NSW,,10215,80,HADDON|NSW,BANDON|NSW
44855,HADDON,NSW,,10417,80,HADDON|NSW,BIDDON|NSW
44855,HADDON,NSW,,12210,80,HADDON|NSW,HALTON|NSW
44862,LAKE BOLAC,NSW,,12707,80,LAKE BOLAC|NSW,LAKE CONJOLA|NSW
44862,LAKE BOLAC,NSW,,12708,79,LAKE BOLAC|NSW,LAKE COWAL|NSW
44862,LAKE BOLAC,NSW,,21713,79,LAKE BOLAC|NSW,LAKE BOLAC|VIC
44864,MININERA,NSW,,10447,78,MININERA|NSW,BINDERA|NSW
44864,MININERA,NSW,,12453,78,MININERA|NSW,JINDERA|NSW
44864,MININERA,NSW,,12455,78,MININERA|NSW,JINGERA|NSW
44866,MORTCHUP,NSW,,13287,78,MORTCHUP|NSW,MORPETH|NSW
44866,MORTCHUP,NSW,,12023,76,MORTCHUP|NSW,GOCUP|NSW
44866,MORTCHUP,NSW,,12994,76,MORTCHUP|NSW,MARCH|NSW
44870,NERRIN NERRIN,NSW,,22304,82,NERRIN NERRIN|NSW,NERRIN NERRIN|VIC
44870,NERRIN NERRIN,NSW,,51256,79,NERRIN NERRIN|NSW,NERREN NERREN|WA
44870,NERRIN NERRIN,NSW,,12540,73,NERRIN NERRIN|NSW,KERI KERI|NSW
44872,NINTINGBOOL,NSW,,22338,80,NINTINGBOOL|NSW,NINTINGBOOL|VIC
44872,NINTINGBOOL,NSW,,13178,74,NINTINGBOOL|NSW,MINGOOLA|NSW
44872,NINTINGBOOL,NSW,,12357,73,NINTINGBOOL|NSW,HUNTINGWOOD|NSW
44874,PIGGOREET,NSW,,13867,77,PIGGOREET|NSW,PIGGABEEN|NSW
44874,PIGGOREET,NSW,,13890,73,PIGGOREET|NSW,PIORA|NSW
44874,PIGGOREET,NSW,,13960,73,PIGGOREET|NSW,PYREE|NSW
44878,ROKEWOOD JUNCTION,NSW,,22637,81,ROKEWOOD JUNCTION|NSW,ROKEWOOD JUNCTION|VIC
44878,ROKEWOOD JUNCTION,NSW,,14905,79,ROKEWOOD JUNCTION|NSW,TROY JUNCTION|NSW
44878,ROKEWOOD JUNCTION,NSW,,14772,76,ROKEWOOD JUNCTION|NSW,THE JUNCTION|NSW
44882,SCARSDALE,NSW,,14107,80,SCARSDALE|NSW,ROSEDALE|NSW
44882,SCARSDALE,NSW,,14689,80,SCARSDALE|NSW,TARADALE|NSW
44882,SCARSDALE,NSW,,14036,77,SCARSDALE|NSW,REIDSDALE|NSW
44886,SMYTHESDALE,NSW,,14107,74,SMYTHESDALE|NSW,ROSEDALE|NSW
44886,SMYTHESDALE,NSW,,14792,74,SMYTHESDALE|NSW,THE VALE|NSW
44886,SMYTHESDALE,NSW,,15283,74,SMYTHESDALE|NSW,WESTDALE|NSW
44892,STAFFORDSHIRE REEF,NSW,,22840,82,STAFFORDSHIRE REEF|NSW,STAFFORDSHIRE REEF|VIC
44892,STAFFORDSHIRE REEF,NSW,,14421,63,STAFFORDSHIRE REEF|NSW,STRATFORD|NSW
44892,STAFFORDSHIRE REEF,NSW,,14024,61,STAFFORDSHIRE REEF|NSW,REDDESTONE|NSW
44896,WALLINDUC,NSW,,15116,80,WALLINDUC|NSW,WALLSEND|NSW
44896,WALLINDUC,NSW,,15114,77,WALLINDUC|NSW,WALLINGAT|NSW
44896,WALLINDUC,NSW,,23210,77,WALLINDUC|NSW,WALLINDUC|VIC
44898,WESTMERE,NSW,,15287,83,WESTMERE|NSW,WESTMEAD|NSW
44898,WESTMERE,NSW,,15358,77,WESTMERE|NSW,WINDERMERE|NSW
44898,WESTMERE,NSW,,13739,75,WESTMERE|NSW,OSTERLEY|NSW
44904,BARKSTEAD,NSW,,10099,80,BARKSTEAD|NSW,ARKSTONE|NSW
44904,BARKSTEAD,NSW,,10224,79,BARKSTEAD|NSW,BANKSMEADOW|NSW
44904,BARKSTEAD,NSW,,20175,77,BARKSTEAD|NSW,BARKSTEAD|VIC
44906,BLOWHARD,NSW,,10323,78,BLOWHARD|NSW,BELFORD|NSW
44906,BLOWHARD,NSW,,10348,78,BLOWHARD|NSW,BELOWRA|NSW
44906,BLOWHARD,NSW,,12911,78,BLOWHARD|NSW,LOWTHER|NSW
44911,BREWSTER,NSW,,12703,83,BREWSTER|NSW,LAKE BREWSTER|NSW
44911,BREWSTER,NSW,,11856,78,BREWSTER|NSW,FORSTER|NSW
44911,BREWSTER,NSW,,10715,77,BREWSTER|NSW,BROADWATER|NSW
44917,BUNKERS HILL,NSW,,10764,81,BUNKERS HILL|NSW,BRUNKERVILLE|NSW
44917,BUNKERS HILL,NSW,,20495,81,BUNKERS HILL|NSW,BUNKERS HILL|VIC
44917,BUNKERS HILL,NSW,,50058,80,BUNKERS HILL|NSW,BAKERS HILL|WA
44919,BURRUMBEET,NSW,,20511,79,BURRUMBEET|NSW,BURRUMBEET|VIC
44919,BURRUMBEET,NSW,,10882,77,BURRUMBEET|NSW,BURRUMBUTTOCK|NSW
44919,BURRUMBEET,NSW,,13442,77,BURRUMBEET|NSW,MURRUMBO|NSW
44921,CAMBRIAN HILL,NSW,,20547,82,CAMBRIAN HILL|NSW,CAMBRIAN HILL|VIC
44921,CAMBRIAN HILL,NSW,,10676,81,CAMBRIAN HILL|NSW,BRANDY HILL|NSW
44921,CAMBRIAN HILL,NSW,,11008,81,CAMBRIAN HILL|NSW,CARNES HILL|NSW
44927,CHAPEL FLAT,NSW,,20634,80,CHAPEL FLAT|NSW,CHAPEL FLAT|VIC
44927,CHAPEL FLAT,NSW,,10920,77,CHAPEL FLAT|NSW,CAL LAL|NSW
44927,CHAPEL FLAT,NSW,,10928,77,CHAPEL FLAT|NSW,CALIFAT|NSW
44935,CORINDHAP,NSW,,10999,83,CORINDHAP|NSW,CARINDA|NSW
44935,CORINDHAP,NSW,,11309,80,CORINDHAP|NSW,CORNDALE|NSW
44935,CORINDHAP,NSW,,11191,77,CORINDHAP|NSW,COLLERINA|NSW
44939,DEREEL,NSW,,11599,82,DEREEL|NSW,DUNGEREE|NSW
44939,DEREEL,NSW,,10366,76,DEREEL|NSW,BENEREE|NSW
44939,DEREEL,NSW,,11802,76,DEREEL|NSW,FEDERAL|NSW
44941,DUNNSTOWN,NSW,,11601,80,DUNNSTOWN|NSW,DUNGOWAN|NSW
44941,DUNNSTOWN,NSW,,11605,78,DUNNSTOWN|NSW,DUNOON|NSW
44941,DUNNSTOWN,NSW,,11768,78,DUNNSTOWN|NSW,EUSTON|NSW
44943,DURHAM LEAD,NSW,,20976,80,DURHAM LEAD|NSW,DURHAM LEAD|VIC
44943,DURHAM LEAD,NSW,,11609,75,DURHAM LEAD|NSW,DURAL|NSW
44943,DURHAM LEAD,NSW,,11611,74,DURHAM LEAD|NSW,DURAMANA|NSW
44946,ERCILDOUNE,NSW,,21049,79,ERCILDOUNE|NSW,ERCILDOUNE|VIC
44946,ERCILDOUNE,NSW,,11149,75,ERCILDOUNE|NSW,CLUNES|NSW
44946,ERCILDOUNE,NSW,,13521,72,ERCILDOUNE|NSW,NERICON|NSW
44948,GARIBALDI,NSW,,21151,77,GARIBALDI|NSW,GARIBALDI|VIC
44948,GARIBALDI,NSW,,10087,75,GARIBALDI|NSW,ARCADIA|NSW
44948,GARIBALDI,NSW,,11906,75,GARIBALDI|NSW,GARLAND|NSW
44958,INVERMAY,NSW,,60306,83,INVERMAY|NSW,INVERMAY|TAS
44958,INVERMAY,NSW,,10447,78,INVERMAY|NSW,BINDERA|NSW
44958,INVERMAY,NSW,,12453,78,INVERMAY|NSW,JINDERA|NSW
44962,LAMPLOUGH,NSW,,21743,77,LAMPLOUGH|NSW,LAMPLOUGH|VIC
44962,LAMPLOUGH,NSW,,12885,73,LAMPLOUGH|NSW,LOUTH|NSW
44962,LAMPLOUGH,NSW,,11687,72,LAMPLOUGH|NSW,ELLALONG|NSW
44964,LANGI KAL KAL,NSW,,21752,82,LANGI KAL KAL|NSW,LANGI KAL KAL|VIC
44964,LANGI KAL KAL,NSW,,12475,74,LANGI KAL KAL|NSW,KALANG|NSW
44964,LANGI KAL KAL,NSW,,12204,71,LANGI KAL KAL|NSW,HALEKULANI|NSW
44972,MAGPIE,NSW,,10054,80,MAGPIE|NSW,ALPINE|NSW
44972,MAGPIE,NSW,,10964,76,MAGPIE|NSW,CAMPSIE|NSW
44972,MAGPIE,NSW,,11342,76,MAGPIE|NSW,CRAIGIE|NSW
44976,MINERS REST,NSW,,14376,77,MINERS REST|NSW,ST IVES|NSW
44976,MINERS REST,NSW,,14382,74,MINERS REST|NSW,ST MARYS|NSW
44976,MINERS REST,NSW,,22031,73,MINERS REST|NSW,MINERS REST|VIC
44978,MITCHELL PARK,NSW,,13197,83,MITCHELL PARK|NSW,MITCHELL|NSW
44978,MITCHELL PARK,NSW,,13065,80,MITCHELL PARK|NSW,MCKELLARS PARK|NSW
44978,MITCHELL PARK,NSW,,11222,79,MITCHELL PARK|NSW,CONDELL PARK|NSW
44980,MOLLONGGHIP,NSW,,13220,80,MOLLONGGHIP|NSW,MOLONG|NSW
44980,MOLLONGGHIP,NSW,,22074,80,MOLLONGGHIP|NSW,MOLLONGGHIP|VIC
44980,MOLLONGGHIP,NSW,,13086,77,MOLLONGGHIP|NSW,MELLONG|NSW
44984,MOUNT EGERTON,NSW,,22160,82,MOUNT EGERTON|NSW,MOUNT EGERTON|VIC
44984,MOUNT EGERTON,NSW,,11812,80,MOUNT EGERTON|NSW,FERNMOUNT|NSW
44984,MOUNT EGERTON,NSW,,13318,80,MOUNT EGERTON|NSW,MOUNT DEE|NSW
44986,MOUNT MERCER,NSW,,13318,83,MOUNT MERCER|NSW,MOUNT DEE|NSW
44986,MOUNT MERCER,NSW,,13314,81,MOUNT MERCER|NSW,MOUNT COOPER|NSW
44986,MOUNT MERCER,NSW,,13325,81,MOUNT MERCER|NSW,MOUNT GEORGE|NSW
44991,NAPOLEONS,NSW,,13482,80,NAPOLEONS|NSW,NAPOLEON REEF|NSW
44991,NAPOLEONS,NSW,,22261,77,NAPOLEONS|NSW,NAPOLEONS|VIC
44991,NAPOLEONS,NSW,,13575,73,NAPOLEONS|NSW,NOONA|NSW
44993,NAVIGATORS,NSW,,22288,79,NAVIGATORS|NSW,NAVIGATORS|VIC
44993,NAVIGATORS,NSW,,12756,74,NAVIGATORS|NSW,LAVINGTON|NSW
44993,NAVIGATORS,NSW,,13562,72,NAVIGATORS|NSW,NGARIGO|NSW
44995,POOTILLA,NSW,,13870,78,POOTILLA|NSW,PILLIGA|NSW
44995,POOTILLA,NSW,,13928,77,POOTILLA|NSW,POTTSVILLE|NSW
44995,POOTILLA,NSW,,13722,76,POOTILLA|NSW,OOTHA|NSW
44997,SCOTCHMANS LEAD,NSW,,14215,81,SCOTCHMANS LEAD|NSW,SCOTCHMAN|NSW
44997,SCOTCHMANS LEAD,NSW,,22702,79,SCOTCHMANS LEAD|NSW,SCOTCHMANS LEAD|VIC
44997,SCOTCHMANS LEAD,NSW,,14220,76,SCOTCHMANS LEAD|NSW,SCOTTS HEAD|NSW
44999,SCOTSBURN,NSW,,13737,75,SCOTSBURN|NSW,OSBORNE|NSW
44999,SCOTSBURN,NSW,,14203,73,SCOTSBURN|NSW,SATUR|NSW
44999,SCOTSBURN,NSW,,14214,73,SCOTSBURN|NSW,SCONE|NSW
45001,SPRINGBANK,NSW,,14361,83,SPRINGBANK|NSW,SPRINGRANGE|NSW
45001,SPRINGBANK,NSW,,14357,79,SPRINGBANK|NSW,SPRINGDALE|NSW
45001,SPRINGBANK,NSW,,14364,79,SPRINGBANK|NSW,SPRINGVALE|NSW
45003,SULKY,NSW,,15047,78,SULKY|NSW,UROLY|NSW
45003,SULKY,NSW,,14972,75,SULKY|NSW,UKI|NSW
45003,SULKY,NSW,,14116,74,SULKY|NSW,ROSLYN|NSW
45007,WARRENHEIP,NSW,,15175,83,WARRENHEIP|NSW,WARREN|NSW
45007,WARRENHEIP,NSW,,15176,79,WARRENHEIP|NSW,WARRENDINE|NSW
45007,WARRENHEIP,NSW,,23263,79,WARRENHEIP|NSW,WARRENHEIP|VIC
45011,WAUBRA,NSW,,15141,84,WAUBRA|NSW,WAPRA|NSW
45011,WAUBRA,NSW,,15122,82,WAUBRA|NSW,WAMBERAL|NSW
45011,WAUBRA,NSW,,15214,82,WAUBRA|NSW,WAUGORAH|NSW
45013,WEATHERBOARD,NSW,,23298,81,WEATHERBOARD|NSW,WEATHERBOARD|VIC
45013,WEATHERBOARD,NSW,,15578,74,WEATHERBOARD|NSW,YETHERA|NSW
45013,WEATHERBOARD,NSW,,14157,73,WEATHERBOARD|NSW,RUTHERFORD|NSW
45015,WERNETH,NSW,,13697,76,WERNETH|NSW,OBERNE|NSW
45015,WERNETH,NSW,,15232,75,WERNETH|NSW,WEETHALLE|NSW
45015,WERNETH,NSW,,15243,75,WERNETH|NSW,WENTWORTH|NSW
45018,YENDON,NSW,,15568,84,YENDON|NSW,YENDA|NSW
45018,YENDON,NSW,,15569,84,YENDON|NSW,YENGO|NSW
45018,YENDON,NSW,,14186,80,YENDON|NSW,SANDON|NSW
45020,BALLARAT MC,NSW,,20132,80,BALLARAT MC|NSW,BALLARAT MC|VIC
45020,BALLARAT MC,NSW,,10199,76,BALLARAT MC|NSW,BALLADORAN|NSW
45020,BALLARAT MC,NSW,,10205,76,BALLARAT MC|NSW,BALLINA DC|NSW
45022,LAKE GARDENS,NSW,,21721,81,LAKE GARDENS|NSW,LAKE GARDENS|VIC
45022,LAKE GARDENS,NSW,,12710,80,LAKE GARDENS|NSW,LAKE HAVEN|NSW
45022,LAKE GARDENS,NSW,,12709,77,LAKE GARDENS|NSW,LAKE GEORGE|NSW
45024,WENDOUREE,NSW,,15242,80,WENDOUREE|NSW,WENDOREE PARK|NSW
45024,WENDOUREE,NSW,,23312,77,WENDOUREE|NSW,WENDOUREE|VIC
45024,WENDOUREE,NSW,,15363,75,WENDOUREE|NSW,WINDSOR|NSW
45032,BUNINYONG,NSW,,10445,80,BUNINYONG|NSW,BINALONG|NSW
45032,BUNINYONG,NSW,,10847,78,BUNINYONG|NSW,BUNNAN|NSW
45032,BUNINYONG,NSW,,10849,78,BUNINYONG|NSW,BUNYAN|NSW
45034,SCOTSMANS LEAD,NSW,,14220,79,SCOTSMANS LEAD|NSW,SCOTTS HEAD|NSW
45034,SCOTSMANS LEAD,NSW,,22704,78,SCOTSMANS LEAD|NSW,SCOTSMANS LEAD|VIC
45034,SCOTSMANS LEAD,NSW,,14217,76,SCOTSMANS LEAD|NSW,SCOTLAND ISLAND|NSW
45038,WINTER VALLEY,NSW,,15348,80,WINTER VALLEY|NSW,WILSONS VALLEY|NSW
45038,WINTER VALLEY,NSW,,41949,79,WINTER VALLEY|NSW,WHITES VALLEY|SA
45038,WINTER VALLEY,NSW,,15390,76,WINTER VALLEY|NSW,WOLGAN VALLEY|NSW
45042,MANNIBADAR,NSW,,21902,79,MANNIBADAR|NSW,MANNIBADAR|VIC
45042,MANNIBADAR,NSW,,12966,78,MANNIBADAR|NSW,MANAR|NSW
45042,MANNIBADAR,NSW,,12943,77,MANNIBADAR|NSW,MAIANBAR|NSW
45046,WILLOWVALE,NSW,,15328,80,WILLOWVALE|NSW,WILLALA|NSW
45046,WILLOWVALE,NSW,,33790,79,WILLOWVALE|NSW,WILLOWVALE|QLD
45046,WILLOWVALE,NSW,,23366,79,WILLOWVALE|NSW,WILLOWVALE|VIC
45048,BRADVALE,NSW,,10201,83,BRADVALE|NSW,BALLDALE|NSW
45048,BRADVALE,NSW,,10685,81,BRADVALE|NSW,BREADALBANE|NSW
45048,BRADVALE,NSW,,10059,80,BRADVALE|NSW,AMBARVALE|NSW
45052,SKIPTON,NSW,,14410,78,SKIPTON|NSW,STOCKTON|NSW
45052,SKIPTON,NSW,,13815,76,SKIPTON|NSW,PAXTON|NSW
45052,SKIPTON,NSW,,13834,76,SKIPTON|NSW,PELTON|NSW
45054,CRESWICK,NSW,,11116,83,CRESWICK|NSW,CHISWICK|NSW
45054,CRESWICK,NSW,,11019,78,CRESWICK|NSW,CARRICK|NSW
45054,CRESWICK,NSW,,11075,75,CRESWICK|NSW,CESSNOCK|NSW
45056,CRESWICK NORTH,NSW,,20803,83,CRESWICK NORTH|NSW,CRESWICK NORTH|VIC
45056,CRESWICK NORTH,NSW,,13594,76,CRESWICK NORTH|NSW,NORTH CASINO|NSW
45056,CRESWICK NORTH,NSW,,11616,71,CRESWICK NORTH|NSW,DURRAS NORTH|NSW
45060,LANGDONS HILL,NSW,,21751,82,LANGDONS HILL|NSW,LANGDONS HILL|VIC
45060,LANGDONS HILL,NSW,,12591,77,LANGDONS HILL|NSW,KINGS HILL|NSW
45060,LANGDONS HILL,NSW,,12879,77,LANGDONS HILL|NSW,LORDS HILL|NSW
45062,MOUNT BECKWORTH,NSW,,22139,84,MOUNT BECKWORTH|NSW,MOUNT BECKWORTH|VIC
45062,MOUNT BECKWORTH,NSW,,13312,76,MOUNT BECKWORTH|NSW,MOUNT COLAH|NSW
45062,MOUNT BECKWORTH,NSW,,13309,74,MOUNT BECKWORTH|NSW,MOUNT ARTHUR|NSW
45064,TOURELLO,NSW,,14953,83,TOURELLO|NSW,TURRELLA|NSW
45064,TOURELLO,NSW,,14945,82,TOURELLO|NSW,TURILL|NSW
45064,TOURELLO,NSW,,14917,78,TOURELLO|NSW,TUELOGA|NSW
45071,BLAMPIED,NSW,,10964,78,BLAMPIED|NSW,CAMPSIE|NSW
45071,BLAMPIED,NSW,,10510,77,BLAMPIED|NSW,BLOOMFIELD|NSW
45071,BLAMPIED,NSW,,11704,77,BLAMPIED|NSW,EMPIRE BAY|NSW
45075,CABBAGE TREE,NSW,,10910,82,CABBAGE TREE|NSW,CABBAGE TREE ISLAND|NSW
45075,CABBAGE TREE,NSW,,20526,75,CABBAGE TREE|NSW,CABBAGE TREE|VIC
45075,CABBAGE TREE,NSW,,30597,74,CABBAGE TREE|NSW,CABBAGE TREE POINT|QLD
45088,KOOROOCHEANG,NSW,,21666,81,KOOROOCHEANG|NSW,KOOROOCHEANG|VIC
45088,KOOROOCHEANG,NSW,,10614,76,KOOROOCHEANG|NSW,BOOROLONG|NSW
45088,KOOROOCHEANG,NSW,,12644,76,KOOROOCHEANG|NSW,KOORAGANG|NSW
45091,MOUNT PROSPECT,NSW,,13939,80,MOUNT PROSPECT|NSW,PROSPECT|NSW
45091,MOUNT PROSPECT,NSW,,22179,78,MOUNT PROSPECT|NSW,MOUNT PROSPECT|VIC
45091,MOUNT PROSPECT,NSW,,13354,77,MOUNT PROSPECT|NSW,MOUNT RAE|NSW
45095,NEWLYN NORTH,NSW,,13606,84,NEWLYN NORTH|NSW,NORTH MANLY|NSW
45095,NEWLYN NORTH,NSW,,10412,81,NEWLYN NORTH|NSW,BEXLEY NORTH|NSW
45095,NEWLYN NORTH,NSW,,22321,81,NEWLYN NORTH|NSW,NEWLYN NORTH|VIC
45101,SMOKEY TOWN,NSW,,14298,74,SMOKEY TOWN|NSW,SOMERTON|NSW
45101,SMOKEY TOWN,NSW,,14410,74,SMOKEY TOWN|NSW,STOCKTON|NSW
45101,SMOKEY TOWN,NSW,,22770,73,SMOKEY TOWN|NSW,SMOKEY TOWN|VIC
45103,SMOKEYTOWN,NSW,,14298,77,SMOKEYTOWN|NSW,SOMERTON|NSW
45103,SMOKEYTOWN,NSW,,14410,77,SMOKEYTOWN|NSW,STOCKTON|NSW
45103,SMOKEYTOWN,NSW,,14228,75,SMOKEYTOWN|NSW,SEFTON|NSW
45105,SPRINGMOUNT,NSW,,13961,77,SPRINGMOUNT|NSW,PYRMONT|NSW
45105,SPRINGMOUNT,NSW,,14365,76,SPRINGMOUNT|NSW,SPRINGWOOD|NSW
45105,SPRINGMOUNT,NSW,,41676,74,SPRINGMOUNT|NSW,SPRINGTON|SA
45114,GLENGOWER,NSW,,11983,83,GLENGOWER|NSW,GLENCOE|NSW
45114,GLENGOWER,NSW,,11992,80,GLENGOWER|NSW,GLENERIN|NSW
45114,GLENGOWER,NSW,,11998,80,GLENGOWER|NSW,GLENMORE|NSW
45116,MOUNT CAMERON,NSW,,22148,82,MOUNT CAMERON|NSW,MOUNT CAMERON|VIC
45116,MOUNT CAMERON,NSW,,10953,80,MOUNT CAMERON|NSW,CAMERON CORNER|NSW
45116,MOUNT CAMERON,NSW,,11812,80,MOUNT CAMERON|NSW,FERNMOUNT|NSW
45118,AMHERST,NSW,,10287,78,AMHERST|NSW,BATHURST|NSW
45118,AMHERST,NSW,,10028,76,AMHERST|NSW,ALBERT|NSW
45118,AMHERST,NSW,,13104,76,AMHERST|NSW,MERNOT|NSW
45120,BURNBANK,NSW,,10847,82,BURNBANK|NSW,BUNNAN|NSW
45120,BURNBANK,NSW,,10849,82,BURNBANK|NSW,BUNYAN|NSW
45120,BURNBANK,NSW,,11416,82,BURNBANK|NSW,CURBAN|NSW
45122,CARALULUP,NSW,,20574,77,CARALULUP|NSW,CARALULUP|VIC
45122,CARALULUP,NSW,,10084,75,CARALULUP|NSW,ARALUEN|NSW
45122,CARALULUP,NSW,,10086,75,CARALULUP|NSW,ARATULA|NSW
45124,DUNACH,NSW,,11612,82,DUNACH|NSW,DURANBAH|NSW
45124,DUNACH,NSW,,10848,80,DUNACH|NSW,BUNYAH|NSW
45124,DUNACH,NSW,,11592,80,DUNACH|NSW,DUNDAS|NSW
45126,EVANSFORD,NSW,,10120,83,EVANSFORD|NSW,ASHFORD|NSW
45126,EVANSFORD,NSW,,10147,80,EVANSFORD|NSW,AVISFORD|NSW
45126,EVANSFORD,NSW,,12131,80,EVANSFORD|NSW,GRESFORD|NSW
45128,LILLICUR,NSW,,12571,75,LILLICUR|NSW,KILLCARE|NSW
45128,LILLICUR,NSW,,21795,75,LILLICUR|NSW,LILLICUR|VIC
45128,LILLICUR,NSW,,13154,73,LILLICUR|NSW,MILLER|NSW
45130,MOUNT GLASGOW,NSW,,22165,82,MOUNT GLASGOW|NSW,MOUNT GLASGOW|VIC
45130,MOUNT GLASGOW,NSW,,13375,78,MOUNT GLASGOW|NSW,MOUNTAIN LAGOON|NSW
45130,MOUNT GLASGOW,NSW,,13032,75,MOUNT GLASGOW|NSW,MARYS MOUNT|NSW
45132,RED LION,NSW,,12872,80,RED LION|NSW,LONG REEF|NSW
45132,RED LION,NSW,,12774,77,RED LION|NSW,LEMON TREE|NSW
45132,RED LION,NSW,,14018,75,RED LION|NSW,RED HILL|NSW
45135,TALBOT,NSW,,14702,84,TALBOT|NSW,TARLO|NSW
45135,TALBOT,NSW,,14656,82,TALBOT|NSW,TALBINGO|NSW
45135,TALBOT,NSW,,14668,80,TALBOT|NSW,TALOFA|NSW
45139,CHUTE,NSW,,12359,80,CHUTE|NSW,HUNTLEY|NSW
45139,CHUTE,NSW,,11435,76,CHUTE|NSW,CUTTAGEE|NSW
45139,CHUTE,NSW,,12916,75,CHUTE|NSW,LUE|NSW
45143,LAKE GOLDSMITH,NSW,,21722,83,LAKE GOLDSMITH|NSW,LAKE GOLDSMITH|VIC
45143,LAKE GOLDSMITH,NSW,,12070,73,LAKE GOLDSMITH|NSW,GOULDSVILLE|NSW
45143,LAKE GOLDSMITH,NSW,,12696,71,LAKE GOLDSMITH|NSW,LADYSMITH|NSW
45147,MAIN LEAD,NSW,,12133,81,MAIN LEAD|NSW,GRETA MAIN|NSW
45147,MAIN LEAD,NSW,,12945,80,MAIN LEAD|NSW,MAIN ARM|NSW
45147,MAIN LEAD,NSW,,11976,79,MAIN LEAD|NSW,GLEN MARTIN|NSW
45157,STOCKYARD HILL,NSW,,13734,80,STOCKYARD HILL|NSW,ORCHARD HILLS|NSW
45157,STOCKYARD HILL,NSW,,14440,79,STOCKYARD HILL|NSW,STROUD HILL|NSW
45157,STOCKYARD HILL,NSW,,22855,78,STOCKYARD HILL|NSW,STOCKYARD HILL|VIC
45161,TRAWALLA,NSW,,15036,82,TRAWALLA|NSW,URALLA|NSW
45161,TRAWALLA,NSW,,14924,81,TRAWALLA|NSW,TULLARWALLA|NSW
45161,TRAWALLA,NSW,,14141,78,TRAWALLA|NSW,ROYALLA|NSW
45164,GREAT WESTERN,NSW,,21307,82,GREAT WESTERN|NSW,GREAT WESTERN|VIC
45164,GREAT WESTERN,NSW,,12078,79,GREAT WESTERN|NSW,GRAFTON WEST|NSW
45164,GREAT WESTERN,NSW,,41938,75,GREAT WESTERN|NSW,WESTERN FLAT|SA
45168,BAYINDEEN,NSW,,10826,80,BAYINDEEN|NSW,BUNDEENA|NSW
45168,BAYINDEEN,NSW,,10215,78,BAYINDEEN|NSW,BANDON|NSW
45168,BAYINDEEN,NSW,,12452,78,BAYINDEEN|NSW,JINDEN|NSW
45172,MIDDLE CREEK,NSW,,13136,84,MIDDLE CREEK|NSW,MIDDLE COVE|NSW
45172,MIDDLE CREEK,NSW,,12763,83,MIDDLE CREEK|NSW,LEE CREEK|NSW
45172,MIDDLE CREEK,NSW,,11562,81,MIDDLE CREEK|NSW,DOYLES CREEK|NSW
45174,AMPHITHEATRE,NSW,,20046,81,AMPHITHEATRE|NSW,AMPHITHEATRE|VIC
45174,AMPHITHEATRE,NSW,,10101,71,AMPHITHEATRE|NSW,ARMATREE|NSW
45174,AMPHITHEATRE,NSW,,10470,67,AMPHITHEATRE|NSW,BITHRAMERE|NSW
45178,ARARAT EAST,NSW,,20063,80,ARARAT EAST|NSW,ARARAT EAST|VIC
45178,ARARAT EAST,NSW,,10104,75,ARARAT EAST|NSW,ARMIDALE EAST|NSW
45178,ARARAT EAST,NSW,,11316,75,ARARAT EAST|NSW,CORRIMAL EAST|NSW
45180,ARMSTRONG,NSW,,10099,80,ARMSTRONG|NSW,ARKSTONE|NSW
45180,ARMSTRONG,NSW,,10110,80,ARMSTRONG|NSW,ARTARMON|NSW
45180,ARMSTRONG,NSW,,13040,78,ARMSTRONG|NSW,MATONG|NSW
45190,DENICULL CREEK,NSW,,20886,83,DENICULL CREEK|NSW,DENICULL CREEK|VIC
45190,DENICULL CREEK,NSW,,11664,81,DENICULL CREEK|NSW,EDEN CREEK|NSW
45190,DENICULL CREEK,NSW,,12531,81,DENICULL CREEK|NSW,KENNAICLE CREEK|NSW
45192,DOBIE,NSW,,11618,80,DOBIE|NSW,DUSODIE|NSW
45192,DOBIE,NSW,,13076,80,DOBIE|NSW,MEDOWIE|NSW
45192,DOBIE,NSW,,10528,78,DOBIE|NSW,BOBIN|NSW
45194,DUNNEWORTHY,NSW,,20971,80,DUNNEWORTHY|NSW,DUNNEWORTHY|VIC
45194,DUNNEWORTHY,NSW,,11669,79,DUNNEWORTHY|NSW,EDGEWORTH|NSW
45194,DUNNEWORTHY,NSW,,13556,77,DUNNEWORTHY|NSW,NEWPORT|NSW
45196,EVERSLEY,NSW,,12508,83,EVERSLEY|NSW,KEARSLEY|NSW
45196,EVERSLEY,NSW,,11681,80,EVERSLEY|NSW,ELDERSLIE|NSW
45196,EVERSLEY,NSW,,11692,80,EVERSLEY|NSW,ELLERSLIE|NSW
45198,JALLUKUR,NSW,,21503,75,JALLUKUR|NSW,JALLUKUR|VIC
45198,JALLUKUR,NSW,,10031,73,JALLUKUR|NSW,ALBURY|NSW
45198,JALLUKUR,NSW,,10129,73,JALLUKUR|NSW,AUBURN|NSW
45200,LANGI LOGAN,NSW,,12698,80,LANGI LOGAN|NSW,LAGGAN|NSW
45200,LANGI LOGAN,NSW,,21753,80,LANGI LOGAN|NSW,LANGI LOGAN|VIC
45200,LANGI LOGAN,NSW,,11896,77,LANGI LOGAN|NSW,GAN GAN|NSW
45208,MOUNT LONARCH,NSW,,22170,82,MOUNT LONARCH|NSW,MOUNT LONARCH|VIC
45208,MOUNT LONARCH,NSW,,10606,81,MOUNT LONARCH|NSW,BOONA MOUNT|NSW
45208,MOUNT LONARCH,NSW,,13306,81,MOUNT LONARCH|NSW,MOUNT ADRAH|NSW
45212,NORVAL,NSW,,13649,84,NORVAL|NSW,NOWRA|NSW
45212,NORVAL,NSW,,10611,80,NORVAL|NSW,BOORAL|NSW
45212,NORVAL,NSW,,10662,80,NORVAL|NSW,BOWRAL|NSW
45214,RHYMNEY,NSW,,14630,76,RHYMNEY|NSW,SYDNEY|NSW
45214,RHYMNEY,NSW,,14004,75,RHYMNEY|NSW,RATHMINES|NSW
45214,RHYMNEY,NSW,,14159,74,RHYMNEY|NSW,RYAN|NSW
45217,ROSSBRIDGE,NSW,,14390,79,ROSSBRIDGE|NSW,STANBRIDGE|NSW
45217,ROSSBRIDGE,NSW,,14119,78,ROSSBRIDGE|NSW,ROSSI|NSW
45217,ROSSBRIDGE,NSW,,14101,77,ROSSBRIDGE|NSW,ROSEBERG|NSW
45225,YALLA-Y-POORA,NSW,,23479,76,YALLA-Y-POORA|NSW,YALLA-Y-POORA|VIC
45225,YALLA-Y-POORA,NSW,,14141,71,YALLA-Y-POORA|NSW,ROYALLA|NSW
45225,YALLA-Y-POORA,NSW,,13773,67,YALLA-Y-POORA|NSW,PALLAL|NSW
45231,MAFEKING,NSW,,12997,78,MAFEKING|NSW,MARENGO|NSW
45231,MAFEKING,NSW,,13085,78,MAFEKING|NSW,MELINGA|NSW
45231,MAFEKING,NSW,,13103,78,MAFEKING|NSW,MERINGO|NSW
45233,STAVELY,NSW,,14240,82,STAVELY|NSW,SHALVEY|NSW
45233,STAVELY,NSW,,15217,82,STAVELY|NSW,WAVERLY|NSW
45233,STAVELY,NSW,,13739,78,STAVELY|NSW,OSTERLEY|NSW
45237,WICKLIFFE,NSW,,15156,79,WICKLIFFE|NSW,WARNECLIFFE|NSW
45237,WICKLIFFE,NSW,,23350,77,WICKLIFFE|NSW,WICKLIFFE|VIC
45237,WICKLIFFE,NSW,,51859,74,WICKLIFFE|NSW,WITCHCLIFFE|WA
45241,WILLAURA NORTH,NSW,,23358,83,WILLAURA NORTH|NSW,WILLAURA NORTH|VIC
45241,WILLAURA NORTH,NSW,,13632,79,WILLAURA NORTH|NSW,NORTH WILLOUGHBY|NSW
45241,WILLAURA NORTH,NSW,,15340,79,WILLAURA NORTH|NSW,WILLOUGHBY NORTH|NSW
45243,BELLELLEN,NSW,,11394,80,BELLELLEN|NSW,CULLEN BULLEN|NSW
45243,BELLELLEN,NSW,,10338,77,BELLELLEN|NSW,BELLINGEN|NSW
45243,BELLELLEN,NSW,,10340,77,BELLELLEN|NSW,BELLTREES|NSW
45245,BRIDGE INN,NSW,,13438,84,BRIDGE INN|NSW,MURRIN BRIDGE|NSW
45245,BRIDGE INN,NSW,,10858,80,BRIDGE INN|NSW,BURNT BRIDGE|NSW
45245,BRIDGE INN,NSW,,12460,80,BRIDGE INN|NSW,JONES BRIDGE|NSW
45247,MOKEPILLY,NSW,,22070,77,MOKEPILLY|NSW,MOKEPILLY|VIC
45247,MOKEPILLY,NSW,,13112,75,MOKEPILLY|NSW,MERRILL|NSW
45247,MOKEPILLY,NSW,,13206,75,MOKEPILLY|NSW,MOGILLA|NSW
45251,STAWELL WEST,NSW,,14699,80,STAWELL WEST|NSW,TAREE WEST|NSW
45251,STAWELL WEST,NSW,,14398,79,STAWELL WEST|NSW,STANWELL TOPS|NSW
45251,STAWELL WEST,NSW,,22849,75,STAWELL WEST|NSW,STAWELL WEST|VIC
45253,WINJALLOK,NSW,,15369,80,WINJALLOK|NSW,WINGELLO|NSW
45253,WINJALLOK,NSW,,23380,77,WINJALLOK|NSW,WINJALLOK|VIC
45253,WINJALLOK,NSW,,15337,75,WINJALLOK|NSW,WILLMOT|NSW
45255,BARKLY,NSW,,10025,84,BARKLY|NSW,AIRLY|NSW
45255,BARKLY,NSW,,10274,84,BARKLY|NSW,BARRY|NSW
45255,BARKLY,NSW,,10257,82,BARKLY|NSW,BARNSLEY|NSW
45260,CALLAWADDA,NSW,,10047,80,CALLAWADDA|NSW,ALLAWAH|NSW
45260,CALLAWADDA,NSW,,20535,79,CALLAWADDA|NSW,CALLAWADDA|VIC
45260,CALLAWADDA,NSW,,10938,77,CALLAWADDA|NSW,CALWALLA|NSW
45264,CONCONGELLA,NSW,,20737,80,CONCONGELLA|NSW,CONCONGELLA|VIC
45264,CONCONGELLA,NSW,,11216,79,CONCONGELLA|NSW,COMOBELLA|NSW
45264,CONCONGELLA,NSW,,11268,79,CONCONGELLA|NSW,COOMEALLA|NSW
45266,DEEP LEAD,NSW,,20872,77,DEEP LEAD|NSW,DEEP LEAD|VIC
45266,DEEP LEAD,NSW,,10361,72,DEEP LEAD|NSW,BENDEELA|NSW
45266,DEEP LEAD,NSW,,11492,72,DEEP LEAD|NSW,DELEGATE|NSW
45270,GERMANIA,NSW,,12081,82,GERMANIA|NSW,GRAMAN|NSW
45270,GERMANIA,NSW,,12173,80,GERMANIA|NSW,GUNDERMAN|NSW
45270,GERMANIA,NSW,,11917,78,GERMANIA|NSW,GEMALLA|NSW
45278,JOEL JOEL,NSW,,21528,77,JOEL JOEL|NSW,JOEL JOEL|VIC
45278,JOEL JOEL,NSW,,12026,75,JOEL JOEL|NSW,GOL GOL|NSW
45278,JOEL JOEL,NSW,,12459,74,JOEL JOEL|NSW,JOLLY NOSE|NSW
45280,JOEL SOUTH,NSW,,11303,83,JOEL SOUTH|NSW,COREE SOUTH|NSW
45280,JOEL SOUTH,NSW,,10413,80,JOEL SOUTH|NSW,BEXLEY SOUTH|NSW
45280,JOEL SOUTH,NSW,,14307,80,JOEL SOUTH|NSW,SOUTH COOGEE|NSW
45282,KANYA,NSW,,12471,84,KANYA|NSW,KADINA|NSW
45282,KANYA,NSW,,12494,84,KANYA|NSW,KANWAL|NSW
45282,KANYA,NSW,,12506,84,KANYA|NSW,KAYUGA|NSW
45284,LAKE FYANS,NSW,,12710,79,LAKE FYANS|NSW,LAKE HAVEN|NSW
45284,LAKE FYANS,NSW,,12715,79,LAKE FYANS|NSW,LAKE INNES|NSW
45284,LAKE FYANS,NSW,,21720,79,LAKE FYANS|NSW,LAKE FYANS|VIC
45286,LAKE LONSDALE,NSW,,12740,83,LAKE LONSDALE|NSW,LANSDALE|NSW
45286,LAKE LONSDALE,NSW,,21724,82,LAKE LONSDALE|NSW,LAKE LONSDALE|VIC
45286,LAKE LONSDALE,NSW,,10151,76,LAKE LONSDALE|NSW,AVONDALE|NSW
45288,LUBECK,NSW,,12916,82,LUBECK|NSW,LUE|NSW
45288,LUBECK,NSW,,10307,80,LUBECK|NSW,BECKOM|NSW
45288,LUBECK,NSW,,12914,76,LUBECK|NSW,LUCKNOW|NSW
45290,MORRL MORRL,NSW,,22127,80,MORRL MORRL|NSW,MORRL MORRL|VIC
45290,MORRL MORRL,NSW,,13286,72,MORRL MORRL|NSW,MORORO|NSW
45290,MORRL MORRL,NSW,,12026,69,MORRL MORRL|NSW,GOL GOL|NSW
45297,ROSTRON,NSW,,14122,84,ROSTRON|NSW,ROTO|NSW
45297,ROSTRON,NSW,,14080,82,ROSTRON|NSW,ROCKTON|NSW
45297,ROSTRON,NSW,,13932,78,ROSTRON|NSW,PRESTONS|NSW
45303,WALLALOO EAST,NSW,,23207,82,WALLALOO EAST|NSW,WALLALOO EAST|VIC
45303,WALLALOO EAST,NSW,,11651,79,WALLALOO EAST|NSW,EAST WARDELL|NSW
45303,WALLALOO EAST,NSW,,15109,76,WALLALOO EAST|NSW,WALLAROO|NSW
45307,LANDSBOROUGH,NSW,,11690,81,LANDSBOROUGH|NSW,ELLENBOROUGH|NSW
45307,LANDSBOROUGH,NSW,,12295,81,LANDSBOROUGH|NSW,HILLSBOROUGH|NSW
45307,LANDSBOROUGH,NSW,,31992,81,LANDSBOROUGH|NSW,LANDSBOROUGH|QLD
45311,NAVARRE,NSW,,13470,78,NAVARRE|NSW,NACURRIE|NSW
45311,NAVARRE,NSW,,10923,76,NAVARRE|NSW,CALARE|NSW
45311,NAVARRE,NSW,,13484,76,NAVARRE|NSW,NARARA|NSW
45313,TULKARA,NSW,,14688,84,TULKARA|NSW,TARA|NSW
45313,TULKARA,NSW,,13657,82,TULKARA|NSW,NULKABA|NSW
45313,TULKARA,NSW,,14718,82,TULKARA|NSW,TELARAH|NSW
45315,WATTLE CREEK,NSW,,15494,84,WATTLE CREEK|NSW,WYLIE CREEK|NSW
45315,WATTLE CREEK,NSW,,14941,82,WATTLE CREEK|NSW,TUNTABLE CREEK|NSW
45315,WATTLE CREEK,NSW,,15208,81,WATTLE CREEK|NSW,WATTLE GROVE|NSW
45321,LEDCOURT,NSW,,12783,77,LEDCOURT|NSW,LETCHWORTH|NSW
45321,LEDCOURT,NSW,,12786,76,LEDCOURT|NSW,LEURA|NSW
45321,LEDCOURT,NSW,,12885,76,LEDCOURT|NSW,LOUTH|NSW
45323,RIACHELLA,NSW,,15557,80,RIACHELLA|NSW,YATHELLA|NSW
45323,RIACHELLA,NSW,,15036,78,RIACHELLA|NSW,URALLA|NSW
45323,RIACHELLA,NSW,,14052,77,RIACHELLA|NSW,RICHLANDS|NSW
45329,MARNOO WEST,NSW,,21919,80,MARNOO WEST|NSW,MARNOO WEST|VIC
45329,MARNOO WEST,NSW,,15266,76,MARNOO WEST|NSW,WEST HAVEN|NSW
45329,MARNOO WEST,NSW,,15269,76,MARNOO WEST|NSW,WEST NOWRA|NSW
45331,BANYENA,NSW,,10232,82,BANYENA|NSW,BANNABY|NSW
45331,BANYENA,NSW,,12990,82,BANYENA|NSW,MANYANA|NSW
45331,BANYENA,NSW,,10459,80,BANYENA|NSW,BINYA|NSW
45333,RUPANYUP,NSW,,13790,70,RUPANYUP|NSW,PANUARA|NSW
45333,RUPANYUP,NSW,,13814,70,RUPANYUP|NSW,PAUPONG|NSW
45333,RUPANYUP,NSW,,13987,70,RUPANYUP|NSW,RABY|NSW
45337,MURTOA,NSW,,13423,84,MURTOA|NSW,MURGA|NSW
45337,MURTOA,NSW,,11764,80,MURTOA|NSW,EUROKA|NSW
45337,MURTOA,NSW,,13290,80,MURTOA|NSW,MORTON|NSW
45339,BRIM,NSW,,10396,84,BRIM|NSW,BERRIMA|NSW
45339,BRIM,NSW,,10706,84,BRIM|NSW,BRIMBIN|NSW
45339,BRIM,NSW,,10442,82,BRIM|NSW,BIMBI|NSW
45341,BOOLITE,NSW,,10535,82,BOOLITE|NSW,BOCOBLE|NSW
45341,BOOLITE,NSW,,10603,80,BOOLITE|NSW,BOOMI|NSW
45341,BOOLITE,NSW,,10598,78,BOOLITE|NSW,BOOLIGAL|NSW
45343,MINYIP,NSW,,13181,84,MINYIP|NSW,MINMI|NSW
45343,MINYIP,NSW,,13176,80,MINYIP|NSW,MINGAY|NSW
45343,MINYIP,NSW,,12381,78,MINYIP|NSW,INDI|NSW
45347,AILSA,NSW,,13146,82,AILSA|NSW,MILA|NSW
45347,AILSA,NSW,,12248,80,AILSA|NSW,HAVILAH|NSW
45347,AILSA,NSW,,12980,80,AILSA|NSW,MANILLA|NSW
45349,ANGIP,NSW,,10971,84,ANGIP|NSW,CANGAI|NSW
45349,ANGIP,NSW,,12499,80,ANGIP|NSW,KARANGI|NSW
45349,ANGIP,NSW,,10072,78,ANGIP|NSW,ANGUS|NSW
45351,AUBREY,NSW,,10031,80,AUBREY|NSW,ALBURY|NSW
45351,AUBREY,NSW,,10129,80,AUBREY|NSW,AUBURN|NSW
45351,AUBREY,NSW,,10132,80,AUBREY|NSW,AUDLEY|NSW
45355,CANNUM,NSW,,12987,80,CANNUM|NSW,MANNUS|NSW
45355,CANNUM,NSW,,10898,76,CANNUM|NSW,BYANGUM|NSW
45355,CANNUM,NSW,,10977,76,CANNUM|NSW,CANONBA|NSW
45359,KELLALAC,NSW,,10331,78,KELLALAC|NSW,BELLATA|NSW
45359,KELLALAC,NSW,,12567,78,KELLALAC|NSW,KILLARA|NSW
45359,KELLALAC,NSW,,11687,75,KELLALAC|NSW,ELLALONG|NSW
45361,LAH,NSW,,11249,82,LAH|NSW,COOLAH|NSW
45361,LAH,NSW,,12551,80,LAH|NSW,KIAH|NSW
45361,LAH,NSW,,13146,80,LAH|NSW,MILA|NSW
45363,WARRACKNABEAL,NSW,,23253,82,WARRACKNABEAL|NSW,WARRACKNABEAL|VIC
45363,WARRACKNABEAL,NSW,,15162,77,WARRACKNABEAL|NSW,WARRAGAMBA|NSW
45363,WARRACKNABEAL,NSW,,15159,76,WARRACKNABEAL|NSW,WARRABAH|NSW
45365,WILKUR,NSW,,15345,82,WILKUR|NSW,WILLURAH|NSW
45365,WILKUR,NSW,,14820,70,WILKUR|NSW,TILBUSTER|NSW
45365,WILKUR,NSW,,15041,70,WILKUR|NSW,URAWILKIE|NSW
45367,WILLENABRINA,NSW,,15336,81,WILLENABRINA|NSW,WILLINA|NSW
45367,WILLENABRINA,NSW,,23359,81,WILLENABRINA|NSW,WILLENABRINA|VIC
45367,WILLENABRINA,NSW,,15106,80,WILLENABRINA|NSW,WALLARINGA|NSW
45369,BEULAH,NSW,,10797,84,BEULAH|NSW,BULGA|NSW
45369,BEULAH,NSW,,10801,84,BEULAH|NSW,BULLA|NSW
45369,BEULAH,NSW,,10806,82,BEULAH|NSW,BULLARAH|NSW
45373,REEDY DAM,NSW,,14015,72,REEDY DAM|NSW,RED HEAD|NSW
45373,REEDY DAM,NSW,,14697,72,REEDY DAM|NSW,TAREE DC|NSW
45373,REEDY DAM,NSW,,14029,71,REEDY DAM|NSW,REEDY CREEK|NSW
45378,HOPEVALE,NSW,,50746,77,HOPEVALE|NSW,HOPE VALLEY|WA
45378,HOPEVALE,NSW,,10965,75,HOPEVALE|NSW,CAMPVALE|NSW
45378,HOPEVALE,NSW,,11181,75,HOPEVALE|NSW,COLEDALE|NSW
45380,YARTO,NSW,,15550,84,YARTO|NSW,YARROW|NSW
45380,YARTO,NSW,,14122,82,YARTO|NSW,ROTO|NSW
45380,YARTO,NSW,,15505,80,YARTO|NSW,YADBORO|NSW
45382,JUNG,NSW,,12466,84,JUNG|NSW,JUGIONG|NSW
45382,JUNG,NSW,,10834,82,JUNG|NSW,BUNGA|NSW
45382,JUNG,NSW,,12469,82,JUNG|NSW,JUNEE|NSW
45384,LONGERENONG,NSW,,11695,80,LONGERENONG|NSW,ELONG ELONG|NSW
45384,LONGERENONG,NSW,,13523,80,LONGERENONG|NSW,NERONG|NSW
45384,LONGERENONG,NSW,,21834,80,LONGERENONG|NSW,LONGERENONG|VIC
