ssc,suburb_name,state,postcodes
10001,AARONS PASS,NSW,2850
10002,ABBOTSBURY,NSW,2176
10003,ABBOTSFORD,NSW,2046
10004,ABERCROMBIE,NSW,2795
10005,ABERCROMBIE RIVER,NSW,2795
10006,ABERDARE,NSW,2325
10007,ARDEER,NSW,2336
10008,ABERFOYLE,NSW,2350
10009,ABERGLASSLYN,NSW,2320
10010,ABERMAIN,NSW,2326
10011,ABERNETHY,NSW,2325
10012,ADDINGTON,NSW,2350
10013,ACACIA CREEK,NSW,2476
10014,ACACIA GARDENS,NSW,2763
10015,ACACIA PARK,NSW,2350
10016,ACACIA PLATEAU,NSW,2476
10017,ADAMINABY,NSW,2629
10018,ADAMSTOWN,NSW,2289
10019,ADAMSTOWN HEIGHTS,NSW,2289
10020,ADELONG,NSW,2729
10021,ADJUNGBILLY,NSW,2727
10022,AFTERLEE,NSW,2474
10023,AGNES BANKS,NSW,2753
10024,AIRDS,NSW,2560
10025,BARKLY,NSW,2846
10026,AKOLELE,NSW,2546
10027,AKUNA BAY,NSW,2084
10028,MONT ALBERT,NSW,2873
10029,ALBION PARK,NSW,2527
10030,ALBION PARK RAIL,NSW,2527
10031,AUBREY,NSW,2640
10032,ALBURY MSC,NSW,2708
10033,ALDAVILLA,NSW,2440
10034,ALECTOWN,NSW,2870
10035,ALEXANDRIA,NSW,1435
10036,ALEXANDRIA,NSW,2015
10037,ALEXANDRIA MC,NSW,2004
10038,ALFORDS POINT,NSW,2234
10039,ALFREDTOWN,NSW,2650
10040,ALVIE,NSW,2469
10041,ALICE,NSW,2470
10042,ALISON,NSW,2259
10043,ALISON,NSW,2420
10044,ALLAMBIE,NSW,2100
10045,ALLAMBIE HEIGHTS,NSW,2100
10046,ALLENDALE,NSW,2320
10047,CALLAWADDA,NSW,2218
10048,ALLEENA,NSW,2671
10049,ALLGOMERA,NSW,2441
10050,ALLGOMERA CREEK,NSW,2441
10051,ALLWORTH,NSW,2425
10052,ALLYNBROOK,NSW,2311
10053,ALMA PARK,NSW,2659
10054,MAGPIE,NSW,2575
10055,ALSTONVALE,NSW,2477
10056,ALSTONVILLE,NSW,2477
10057,ALUMY CREEK,NSW,2460
10058,MARNOO,NSW,2866
10059,AMBARVALE,NSW,2560
10060,AMMERDOWN,NSW,2800
10061,AMOSFIELD,NSW,4380
10062,ANABRANCH NORTH,NSW,2648
10063,ANABRANCH SOUTH,NSW,2648
10064,ANAMBAH,NSW,2320
10065,ANDO,NSW,2631
10066,ANEMBO,NSW,2621
10067,ANGLEDALE,NSW,2550
10068,ANGLEDOOL,NSW,2832
10069,ANGLEDOOL,NSW,2834
10070,ANGLERS REACH,NSW,2629
10071,JANCOURT,NSW,2464
10072,ANGUS,NSW,2765
10073,ANGUS PLACE,NSW,2845
10074,ANNA BAY,NSW,2316
10075,ANNANDALE,NSW,2038
10076,ANNANGROVE,NSW,2156
10077,APPIN,NSW,2560
10078,APPLE TREE FLAT,NSW,2850
10079,APPLEBY,NSW,2340
10080,APPLETREE FLAT,NSW,2330
10081,APSLEY,NSW,2820
10082,ARABLE,NSW,2630
10083,ARAKOON,NSW,2431
10084,ARALUEN,NSW,2622
10085,ARMADALE NORTH,NSW,2622
10086,ARATULA,NSW,2714
10087,ARCADIA,NSW,2159
10088,ARCADIA VALE,NSW,2283
10089,ARDGLEN,NSW,2338
10090,ARDING,NSW,2358
10091,ARDLETHAN,NSW,2665
10092,ARGALONG,NSW,2720
10093,ARGENTON,NSW,2284
10094,ARGENTS HILL,NSW,2449
10095,ARGOON,NSW,2707
10096,ARGYLE,NSW,2350
10097,BARUNAH PARK,NSW,2665
10098,ARKELL,NSW,2795
10099,BARKSTEAD,NSW,2795
10100,ARMATREE,NSW,2828
10101,ARMATREE,NSW,2831
10102,ARMIDALE,NSW,2350
10103,ARMIDALE DC,NSW,2350
10104,ARMIDALE EAST,NSW,2350
10105,ARNCLIFFE,NSW,2205
10106,ARNDELL PARK,NSW,2148
10107,IRREWARRA,NSW,2456
10108,ARRAWARRA HEADLAND,NSW,2456
10109,ARTARMON,NSW,1570
10110,ARTARMON,NSW,2064
10111,ARTHURVILLE,NSW,2820
10112,ARUMPO,NSW,2715
10113,ASHBURY,NSW,2193
10114,ASHBY,NSW,2463
10115,ASHBY HEIGHTS,NSW,2463
10116,ASHBY ISLAND,NSW,2463
10117,ASHCROFT,NSW,2168
10118,BUSHFIELD,NSW,1800
10119,ASHFIELD,NSW,2131
10120,FYANSFORD,NSW,2361
10121,ASHLEY,NSW,2400
10122,ASHMONT,NSW,2650
10123,ASHTONFIELD,NSW,2323
10124,ASHVILLE,NSW,2594
10125,ASQUITH,NSW,2077
10126,ATHOLWOOD,NSW,2361
10127,ATTUNGA,NSW,2345
10128,AUBURN,NSW,1835
10129,MAMBOURIN,NSW,2144
10130,SOUTH MELBOURNE,NSW,2144
10131,AUBURN VALE,NSW,2360
10132,AUDLEY,NSW,2232
10133,AURVILLE,NSW,2587
10134,AUSTINMER,NSW,2515
10135,AUSTRAL,NSW,2179
10136,AUSTRAL EDEN,NSW,2440
10137,AUSTRALIA SQUARE,NSW,1209
10138,AUSTRALIA SQUARE,NSW,1210
10139,AUSTRALIA SQUARE,NSW,1211
10140,AUSTRALIA SQUARE,NSW,1212
10141,AUSTRALIA SQUARE,NSW,1213
10142,AUSTRALIA SQUARE,NSW,1214
10143,AUSTRALIA SQUARE,NSW,1215
10144,AUSTRALIAN DEFENCE FORCES,NSW,2890
10145,AVALON,NSW,2107
10146,AVALON BEACH,NSW,2107
10147,AVISFORD,NSW,2850
10148,GARVOC,NSW,2577
10149,AVOCA BEACH,NSW,2251
10150,AVON,NSW,2574
10151,AVONDALE,NSW,2530
10152,DEANSIDE,NSW,2628
10153,AWABA,NSW,2283
10154,AYLMERTON,NSW,2575
10155,BAAN BAA,NSW,2390
10156,BABINDA,NSW,2825
10157,BABYL CREEK,NSW,2470
10158,BACK CREEK,NSW,2372
10159,BACK CREEK,NSW,2390
10160,BACK CREEK,NSW,2422
10161,BACK CREEK,NSW,2480
10162,BACK CREEK,NSW,2484
10163,BACK CREEK,NSW,2622
10164,BACK CREEK,NSW,2671
10165,BACK CREEK,NSW,2729
10166,BEECH FOREST,NSW,2535
10167,BACKMEDE,NSW,2470
10168,BREAKWATER,NSW,2365
10169,BADAGARANG,NSW,2540
10170,BADGERYS CREEK,NSW,2555
10171,BADJA,NSW,2630
10172,BAERAMI,NSW,2333
10173,BAERAMI CREEK,NSW,2333
10174,BAGNOO,NSW,2446
10175,BAGO,NSW,2446
10176,BAGO,NSW,2730
10177,BAGOTVILLE,NSW,2477
10178,BAKERS CREEK,NSW,2358
10179,BAKERS CREEK,NSW,2359
10180,BAKERS CREEK,NSW,2422
10181,BAKERS CREEK,NSW,2447
10182,BAKERS SWAMP,NSW,2820
10183,BALACLAVA,NSW,2575
10184,BALALA,NSW,2358
10185,LAANG,NSW,2529
10186,BALWYN,NSW,2264
10187,BALD BLAIR,NSW,2365
10188,BALD HILLS,NSW,2549
10189,BALD NOB,NSW,2370
10190,BALD RIDGE,NSW,2795
10191,BALDERSLEIGH,NSW,2365
10192,BALDRY,NSW,2867
10193,BALFOURS PEAK,NSW,2403
10194,BALGOWLAH,NSW,2093
10195,BALGOWLAH HEIGHTS,NSW,2093
10196,BAMGANIE,NSW,2519
10197,BALICKERA,NSW,2324
10198,BALLARAT,NSW,2822
10199,BALLADORAN,NSW,2831
10200,BALLALABA,NSW,2622
10201,BRADVALE,NSW,2646
10202,BALLENGARRA,NSW,2441
10203,BALLIMORE,NSW,2830
10204,BALLINA,NSW,2478
10205,BALLINA DC,NSW,2478
10206,BALLYROGAN,NSW,2795
10207,BATMAN,NSW,2041
10208,BALWYN EAST,NSW,2041
10209,BALMORAL,NSW,2283
10210,BALMORAL,NSW,2571
10211,BALMORAL VILLAGE,NSW,2571
10212,BALRANALD,NSW,2715
10213,BAMARANG,NSW,2540
10214,BANDA BANDA,NSW,2446
10215,HADDON,NSW,2871
10216,BANDON GROVE,NSW,2420
10217,BANGERANG,NSW,2729
10218,BANGALEE,NSW,2541
10219,BANGALOW,NSW,2479
10220,BANGHEET,NSW,2404
10221,BANGO,NSW,2582
10222,BUANGOR,NSW,2234
10223,BANKSIA,NSW,2216
10224,BANKSMEADOW,NSW,2019
10225,FRANKSTON,NSW,1885
10226,BANKSTOWN,NSW,1888
10227,BANKSTOWN,NSW,2200
10228,BANKSTOWN AERODROME,NSW,2200
10229,BANKSTOWN AIRPORT,NSW,2200
10230,FRANKSTON NORTH,NSW,2200
10231,BANKSTOWN SQUARE,NSW,2200
10232,BANYENA,NSW,2580
10233,BANNISTER,NSW,2580
10234,BANOON,NSW,2347
10235,BANORA POINT,NSW,2486
10236,BANYABBA,NSW,2460
10237,BANYABBA,NSW,2469
10238,BAR BEACH,NSW,2300
10239,BAR POINT,NSW,2083
10240,LARA,NSW,2850
10241,BARADINE,NSW,2396
10242,BRIMBOAL,NSW,2470
10243,BARONGAROOK,NSW,2000
10244,NARINGAL,NSW,2830
10245,BARCOONGERE,NSW,2460
10246,BARDEN RIDGE,NSW,2234
10247,BARDIA,NSW,2565
10248,BELL PARK,NSW,2207
10249,BARDWELL VALLEY,NSW,2207
10250,BARELLAN,NSW,2665
10251,BARGO,NSW,2574
10252,BARHAM,NSW,2732
10253,CARDIGAN,NSW,2850
10254,BARKERS VALE,NSW,2474
10255,BARMEDMAN,NSW,2668
10256,BARNEYS REEF,NSW,2852
10257,BURNLEY,NSW,2278
10258,BAROOGA,NSW,3644
10259,BARRABA,NSW,2347
10260,BARRACK HEIGHTS,NSW,2528
10261,BARRACK POINT,NSW,2528
10262,BARRAGANYATTI,NSW,2441
10263,BARRAGGA BAY,NSW,2546
10264,BARRALLIER,NSW,2575
10265,BARRATTA,NSW,2710
10266,BARREN GROUNDS,NSW,2577
10267,BARRENGARRY,NSW,2577
10268,BARRETTS CREEK,NSW,2460
10269,BARRINGELLA,NSW,2540
10270,BARRINGTON,NSW,2422
10271,BARRINGTON TOPS,NSW,2422
10272,BARRINGUN,NSW,2840
10273,BARRY,NSW,2340
10274,BARRY,NSW,2799
10275,BARWANG,NSW,2594
10276,BARWON,NSW,2396
10277,BARYULGIL,NSW,2460
10278,BASIN PLAIN,NSW,2380
10279,BASIN VIEW,NSW,2540
10280,BASS HILL,NSW,2197
10281,BASSENDEAN,NSW,2365
10282,BATAR CREEK,NSW,2439
10283,BATEAU BAY,NSW,2261
10284,BATEHAVEN,NSW,2536
10285,BATEMANS BAY,NSW,2536
10286,BATHAMPTON,NSW,2795
10287,BATHURST,NSW,2795
10288,BATHURST WEST,NSW,2795
10289,BATLOW,NSW,2730
10290,BAULKHAM HILLS,NSW,1755
10291,BAULKHAM HILLS,NSW,2153
10292,BAW BAW,NSW,2580
10293,BAWLEY POINT,NSW,2539
10294,BAXTERS RIDGE,NSW,2422
10295,BAY VILLAGE,NSW,2261
10296,BAYLDON,NSW,2452
10297,BAYVIEW,NSW,2104
10298,BEACON HILL,NSW,2100
10299,BEACONSFIELD,NSW,2015
10300,BEAN CREEK,NSW,2469
10301,BEARBONG,NSW,2827
10302,BEARGAMIL,NSW,2870
10303,BEAUMONT,NSW,2577
10304,BEAUMONT HILLS,NSW,2155
10305,BEAURY CREEK,NSW,2475
10306,BEAUTY POINT,NSW,2546
10307,BECKOM,NSW,2665
10308,BECTIVE,NSW,2340
10309,BECTRIC,NSW,2665
10310,BEDGERABONG,NSW,2871
10311,BEDGEREBONG,NSW,2871
10312,BEECHWOOD,NSW,2446
10313,BEECROFT,NSW,2119
10314,BEECROFT PENINSULA,NSW,2540
10315,BEELBANGERA,NSW,2680
10316,BEEMUNNEL,NSW,2824
10317,BEGA,NSW,2550
10318,BEGGAN BEGGAN,NSW,2587
10319,BEILPAJAH,NSW,2878
10320,BELANGLO,NSW,2577
10321,BELLBRAE,NSW,2422
10322,CAMPBELLFIELD,NSW,2191
10323,EXFORD,NSW,2335
10324,BELFRAYDEN,NSW,2650
10325,BELGRAVIA,NSW,2800
10326,BELIMBLA PARK,NSW,2570
10327,BELL,NSW,2786
10328,BELLA VISTA,NSW,2153
10329,BELLAMBI,NSW,2518
10330,BELLANGRY,NSW,2446
10331,KELLALAC,NSW,2397
10332,BELLAWONGARAH,NSW,2535
10333,BELLBIRD,NSW,2325
10334,BELLBIRD HEIGHTS,NSW,2325
10335,BULLAROOK,NSW,2440
10336,BELLEVUE HILL,NSW,2023
10337,BELLIMBOPINNI,NSW,2440
10338,BELLINGEN,NSW,2454
10339,BELLMOUNT FOREST,NSW,2581
10340,BELLTREES,NSW,2337
10341,BELMONT,NSW,2280
10342,NORTH GEELONG,NSW,2280
10343,SOUTH GEELONG,NSW,2280
10344,BELMORE,NSW,2192
10345,BELMORE RIVER,NSW,2440
10346,BELOKA,NSW,2628
10347,BELOON,NSW,2787
10348,BELOWRA,NSW,2545
10349,BELROSE,NSW,2085
10350,BELROSE WEST,NSW,2085
10351,BEREMBOKE,NSW,2550
10352,BEN BUCKLER,NSW,2026
10353,BEN BUCKLEY,NSW,2850
10354,BEN BULLEN,NSW,2790
10355,BEN LOMOND,NSW,2365
10356,BEN VENUE,NSW,2350
10357,BENANDARAH,NSW,2536
10358,BENAYEO,NSW,2737
10359,BENARCA,NSW,2710
10360,BENDALONG,NSW,2539
10361,BENDEELA,NSW,2577
10362,BENDEMEER,NSW,2355
10363,BENDICK MURRELL,NSW,2803
10364,BENDOLBA,NSW,2420
10365,BENDOURA,NSW,2622
10366,MEEREEK,NSW,2798
10367,BENEREMBAH,NSW,2680
10368,GLENGALA,NSW,2333
10369,BENI,NSW,2830
10370,BENNETTS GREEN,NSW,2290
10371,BENOLONG,NSW,2818
10372,BENSVILLE,NSW,2251
10373,BENTLEY,NSW,2480
10374,BREAMLEA,NSW,2141
10375,BERAMBING,NSW,2758
10376,BERESFIELD,NSW,2322
10377,BERGALIA,NSW,2537
10378,BERKELEY,NSW,2506
10379,BERKELEY VALE,NSW,2261
10380,BERKSHIRE PARK,NSW,2765
10381,GHERANG,NSW,2622
10382,BERMAGUI,NSW,2546
10383,BERMAGUI SOUTH,NSW,2546
10384,BEROWRA,NSW,2081
10385,BEROWRA CREEK,NSW,2082
10386,BEROWRA HEIGHTS,NSW,2082
10387,BEROWRA WATERS,NSW,2082
10388,BERRAMBOOL,NSW,2548
10389,BERRARA,NSW,2540
10390,BERREMANGRA,NSW,2582
10391,COBRICO,NSW,2422
10392,BERRIDALE,NSW,2628
10393,BERRINGA,NSW,2390
10394,BERRIGAN,NSW,2712
10395,BERRILEE,NSW,2159
10396,DERRIMUT,NSW,2577
10397,BERRINGER LAKE,NSW,2539
10398,BERRYBANK,NSW,2535
10399,BERRY JERRY,NSW,2650
10400,BERRY JERRY,NSW,2701
10401,BERRY MOUNTAIN,NSW,2535
10402,BERRY PARK,NSW,2321
10403,BERTHONG,NSW,2594
10404,BERYL,NSW,2852
10405,BETHUNGRA,NSW,2590
10406,BEVENDALE,NSW,2581
10407,BEVERLEY PARK,NSW,2217
10408,BEVERLY HILLS,NSW,2209
10409,BEWONG,NSW,2540
10410,BEXHILL,NSW,2480
10411,BEXLEY,NSW,2207
10412,BURNLEY NORTH,NSW,2207
10413,BEXLEY SOUTH,NSW,2207
10414,BIALA,NSW,2581
10415,BIBBENLUKE,NSW,2632
10416,BICKLEY VALE,NSW,2570
10417,BIDDON,NSW,2827
10418,BIDGEEMIA,NSW,2642
10419,BIDWILL,NSW,2770
10420,BIELSDOWN HILLS,NSW,2453
10421,BRIAR HILL,NSW,2579
10422,BIG JACKS CREEK,NSW,2339
10423,BIG RIDGE,NSW,2330
10424,BIG SPRINGS,NSW,2650
10425,BIG YENGO,NSW,2330
10426,BIGGA,NSW,2583
10427,BILAMBIL,NSW,2486
10428,BILAMBIL HEIGHTS,NSW,2486
10429,BILBUL,NSW,2680
10430,BILGOLA,NSW,2107
10431,BILGOLA BEACH,NSW,2107
10432,BILGOLA PLATEAU,NSW,2107
10433,BILLEROY,NSW,2829
10434,BILLILINGRA,NSW,2630
10435,BILLIMARI,NSW,2804
10436,BILLINUDGEL,NSW,2483
10437,BILLYRIMBA,NSW,2372
10438,BILLYS CREEK,NSW,2453
10439,BILLYWILLINGA,NSW,2795
10440,BILPIN,NSW,2758
10441,BIMBERI,NSW,2611
10442,BIMBI,NSW,2810
10443,BIMBIMBIE,NSW,2536
10444,BIMLOW,NSW,2787
10445,BUNINYONG,NSW,2584
10446,BINDA,NSW,2583
10447,MININERA,NSW,2422
10448,BINDOGUNDRA,NSW,2870
10449,BINDOOK,NSW,2787
10450,BINGARA,NSW,2404
10451,BINGEEBEEBRA,NSW,2469
10452,BINGEEBEEBRA CREEK,NSW,2469
10453,DIXIE,NSW,2537
10454,BINGLEBURRA,NSW,2311
10455,BINIGUY,NSW,2399
10456,BINJURA,NSW,2630
10457,BINNA BURRA,NSW,2479
10458,BINNAWAY,NSW,2395
10459,BINYA,NSW,2665
10460,BIRAGANBIL,NSW,2852
10461,BIRCHGROVE,NSW,2041
10462,BIRDLIP,NSW,2655
10463,BIRDWOOD,NSW,2446
10464,BIRGANBIGIL,NSW,2710
10465,BIRMINGHAM GARDENS,NSW,2287
10466,BIRREGURRA,NSW,2700
10467,BIRRIWA,NSW,2844
10468,BIRRONG,NSW,2143
10469,BISHOPS BRIDGE,NSW,2326
10470,BITHRAMERE,NSW,2340
10471,BLACK CREEK,NSW,2439
10472,BLACK CREEK,NSW,2729
10473,BLACK HEAD,NSW,2430
10474,BLACK HILL,NSW,2322
10475,BLACK HOLLOW,NSW,2828
10476,BLACK MOUNTAIN,NSW,2365
10477,BLACK RANGE,NSW,2550
10478,BLACK SPRINGS,NSW,2787
10479,BUCKLEY SWAMP,NSW,2372
10480,BLACKALLS PARK,NSW,2283
10481,BLACKBUTT,NSW,2529
10482,BLACKETT,NSW,2770
10483,BLACKHEATH,NSW,2785
10484,BLACKMANS FLAT,NSW,2790
10485,BLACKMANS POINT,NSW,2444
10486,BLACKSMITHS,NSW,2281
10487,BLACKTOWN,NSW,2148
10488,BLACKTOWN WESTPOINT,NSW,2148
10489,BLAKEVILLE,NSW,2343
10490,BLACKWALL,NSW,2256
10491,BLAIR ATHOL,NSW,2560
10492,BLAIRMOUNT,NSW,2559
10493,BLAKEBROOK,NSW,2480
10494,BLAKEHURST,NSW,2221
10495,BLAKNEY CREEK,NSW,2581
10496,BLAND,NSW,2721
10497,BLANDFORD,NSW,2338
10498,BLANKET FLAT,NSW,2583
10499,BLAXCELL,NSW,2142
10500,BLAXLAND,NSW,2774
10501,BLAXLAND EAST,NSW,2774
10502,BLAXLANDS CREEK,NSW,2460
10503,BLAXLANDS FLAT,NSW,2460
10504,BLAXLANDS RIDGE,NSW,2758
10505,BLAYNEY,NSW,2799
10506,BLENHEIM ROAD,NSW,2113
10507,BLETCHINGTON,NSW,2800
10508,BLIGH PARK,NSW,2756
10509,HIGHETT,NSW,2713
10510,BROOMFIELD,NSW,2800
10511,BLOWERING,NSW,2720
10512,BLUE BAY,NSW,2261
10513,BLUE COW,NSW,2624
10514,BLUE HAVEN,NSW,2262
10515,BLUE KNOB,NSW,2480
10516,BLUE NOBBY,NSW,2408
10517,CURDIE VALE,NSW,2380
10518,BLUEYS BEACH,NSW,2428
10519,BLUFF ROCK,NSW,2372
10520,BOAMBEE,NSW,2450
10521,BOAMBEE EAST,NSW,2452
10522,BOAMBOLO,NSW,2582
10523,BOAT HARBOUR,NSW,2316
10524,BOAT HARBOUR,NSW,2480
10525,BOAT HARBOUR,NSW,2484
10526,BOBADAH,NSW,2877
10527,BOBBIN HEAD,NSW,2074
10528,BOBIN,NSW,2429
10529,BOBS CREEK,NSW,2439
10530,BOBS CREEK,NSW,2443
10531,BOBS FARM,NSW,2316
10532,BOBUNDARA,NSW,2630
10533,BOCCI,NSW,2631
10534,BOCO,NSW,2631
10535,BOOLITE,NSW,2850
10536,BOCOBRA,NSW,2865
10537,DALLAS,NSW,2545
10538,BODANGORA,NSW,2820
10539,BOEILL CREEK,NSW,2648
10540,BOEILL CREEK,NSW,2739
10541,BOGAN,NSW,2825
10542,BOGAN,NSW,2826
10543,BOGAN GATE,NSW,2876
10544,BOGANGAR,NSW,2488
10545,BOGEE,NSW,2849
10546,BOGGABILLA,NSW,2409
10547,BOGGABRI,NSW,2382
10548,BOGONG PEAKS WILDERNESS,NSW,2720
10549,BOHENA CREEK,NSW,2390
10550,BOHNOCK,NSW,2430
10551,BOLARO,NSW,2629
10552,BOLIVIA,NSW,2372
10553,BOLONG,NSW,2540
10554,BOLTON POINT,NSW,2283
10555,BOLWARRAH,NSW,2320
10556,BOLWARRA HEIGHTS,NSW,2320
10557,BOM BOM,NSW,2460
10558,BOMADERRY,NSW,2541
10559,BOMBAH POINT,NSW,2423
10560,BOMBALA,NSW,2632
10561,BOMBAY,NSW,2622
10562,BOMBIRA,NSW,2850
10563,BOMBO,NSW,2533
10564,BOMBOWLEE,NSW,2720
10565,BOMBOWLEE CREEK,NSW,2720
10566,BOMEN,NSW,2650
10567,BOMERA,NSW,2357
10568,BONA VISTA,NSW,2350
10569,BONALBO,NSW,2469
10570,BONDI,NSW,2026
10571,BONDI BEACH,NSW,2026
10572,BONDI FOREST,NSW,2632
10573,BONDI JUNCTION,NSW,1355
10574,BONDI JUNCTION,NSW,2022
10575,BONDI JUNCTION PLAZA,NSW,2022
10576,BONG BONG,NSW,2576
10577,BONGALONG,NSW,2722
10578,BONGONGALONG,NSW,2722
10579,BONNELLS BAY,NSW,2264
10580,BONNET BAY,NSW,2226
10581,BONNIE VALE,NSW,2232
10582,BONNINGTON PARK,NSW,2311
10583,BONNY HILLS,NSW,2445
10584,BONNYRIGG,NSW,2177
10585,BONNYRIGG HEIGHTS,NSW,2177
10586,BONSHAW,NSW,2361
10587,BONVILLE,NSW,2441
10588,BONVILLE,NSW,2450
10589,BOOERIE CREEK,NSW,2480
10590,BOOK BOOK,NSW,2650
10591,BOOKER BAY,NSW,2257
10592,BOOKHAM,NSW,2582
10593,BOOKOOKOORARA,NSW,2372
10594,BOOKRAM,NSW,2460
10595,BOOLAMBAYTE,NSW,2423
10596,COOLAROO,NSW,2284
10597,BOOLCARROLL,NSW,2388
10598,BOOLIGAL,NSW,2711
10599,BOOLIJAH,NSW,2540
10600,BOOMANOOMANA,NSW,2712
10601,BOOMERANG BEACH,NSW,2428
10602,BOOMEY,NSW,2866
10603,BOOMI,NSW,2405
10604,BOOMI CREEK,NSW,2476
10605,BOOMOODEERIE,NSW,2469
10606,MOUNT BOLTON,NSW,2877
10607,BORONIA,NSW,2409
10608,BOONOO BOONOO,NSW,2372
10609,BOORABEE PARK,NSW,2480
10610,BOORAGUL,NSW,2284
10611,BOORCAN,NSW,2425
10612,BOORGA,NSW,2652
10613,MORGIANA,NSW,2429
10614,BOOROLONG,NSW,2350
10615,COROROOKE,NSW,2372
10616,BOOROOMA,NSW,2650
10617,BOOROOMA,NSW,2832
10618,BOOROORBAN,NSW,2710
10619,BOOROWA,NSW,2586
10620,BOOTAWA,NSW,2430
10621,BOOTHENBA,NSW,2830
10622,BOOTI BOOTI,NSW,2428
10623,KOOYONG,NSW,2480
10624,BORA RIDGE,NSW,2471
10625,BORAH CREEK,NSW,2346
10626,BORAMBIL,NSW,2329
10627,BORAMBIL,NSW,2343
10628,BORAMBOLA,NSW,2650
10629,BORDER RANGES,NSW,2474
10630,BOREE,NSW,2325
10631,BOREE,NSW,2800
10632,BOREE,NSW,2864
10633,BOREE CREEK,NSW,2652
10634,BORENORE,NSW,2800
10635,BORO,NSW,2622
10636,BORONIA PARK,NSW,2111
10637,BOSSLEY PARK,NSW,2176
10638,BOSTOBRICK,NSW,2453
10639,BOTANY,NSW,1455
10640,BOTANY,NSW,2019
10641,BOTFIELDS,NSW,2876
10642,BOTOBOLAR,NSW,2850
10643,BOTTLE CREEK,NSW,2469
10644,BOUDDI,NSW,2251
10645,BOURBAH,NSW,2828
10646,BOURKE,NSW,2840
10647,BOURKELANDS,NSW,2650
10648,BOURNDA,NSW,2548
10649,BOURNDA,NSW,2550
10650,BOURNEWOOD,NSW,2868
10651,BOW BOWING,NSW,2566
10652,BOWAN PARK,NSW,2864
10653,BOWEN,NSW,2800
10654,BOWEN MOUNTAIN,NSW,2753
10655,BOWENFELS,NSW,2790
10656,BOWLING ALLEY POINT,NSW,2340
10657,BOWMAN,NSW,2422
10658,BOWMAN FARM,NSW,2422
10659,BOWMANS CREEK,NSW,2330
10660,BOWNA,NSW,2644
10661,BUNDING,NSW,2582
10662,BOWRAL,NSW,2576
10663,BOWRAVILLE,NSW,2449
10664,BOX HEAD,NSW,2257
10665,BOX HILL,NSW,2765
10666,BOX RIDGE,NSW,2357
10667,BOX RIDGE,NSW,2795
10668,BOXERS CREEK,NSW,2580
10669,BOYDTOWN,NSW,2551
10670,BRADBURY,NSW,2560
10671,BRADFIELD,NSW,2556
10672,GRANGEFIELDS,NSW,2339
10673,BRAEMAR,NSW,2575
10674,BRAEMAR BAY,NSW,2628
10675,BRAIDWOOD,NSW,2622
10676,BRANDY HILL,NSW,2324
10677,BRANGA PLAINS,NSW,2354
10678,BRANXTON,NSW,2335
10679,BRASSI,NSW,2710
10680,BRAUNSTONE,NSW,2460
10681,BRAWBOY,NSW,2337
10682,INVERMAY PARK,NSW,2484
10683,BRAYS CREEK,NSW,2484
10684,BRAYTON,NSW,2579
10685,BREADALBANE,NSW,2581
10686,BREAKFAST CREEK,NSW,2849
10687,BREAKFAST POINT,NSW,2137
10688,BREAM BEACH,NSW,2540
10689,BREDBO,NSW,2626
10690,GEELONG,NSW,2827
10691,BREEZA,NSW,2381
10692,BRENDA,NSW,2831
10693,BRERETON,NSW,2787
10694,BRETTI,NSW,2422
10695,BREWARRINA,NSW,2839
10696,BREWONGLE,NSW,2795
10697,BRIARBROOK,NSW,2365
10698,BRIBBAREE,NSW,2594
10699,BRIDGMAN,NSW,2330
10700,BRIERFIELD,NSW,2454
10701,BRIGGSVALE,NSW,2453
10702,BRIGHTON ROAD,NSW,2216
10703,BRIGHTON-LE-SANDS,NSW,2216
10704,BRIGHTWATERS,NSW,2264
10705,BRIT BRIT,NSW,2441
10706,BRIMBIN,NSW,2430
10707,BRINDABELLA,NSW,2611
10708,BRINERVILLE,NSW,2441
10709,BRINERVILLE,NSW,2454
10710,BRINGELLY,NSW,2556
10711,BRINGENBRONG,NSW,3707
10712,BRISBANE GROVE,NSW,2580
10713,BROADMEADOWS,NSW,2292
10714,BROADWATER,NSW,2472
10715,BROADWATER,NSW,2549
10716,BROADWAY,NSW,1401
10717,BROADWAY,NSW,2007
10718,BROADWAY,NSW,2581
10719,BROBENAH,NSW,2705
10720,BROCKLEHURST,NSW,2830
10721,BROCKLESBY,NSW,2642
10722,BUCKLEY,NSW,2365
10723,BRODIES PLAINS,NSW,2360
10724,BROGANS CREEK,NSW,2848
10725,BROGERS CREEK,NSW,2535
10726,BROGO,NSW,2550
10727,BROKE,NSW,2330
10728,BROKEN DAM,NSW,2629
10729,BROKEN HEAD,NSW,2481
10730,BROWN HILL,NSW,2880
10731,BROKEN HILL NORTH,NSW,2880
10732,BROKEN HILL WEST,NSW,2880
10733,BROLGAN,NSW,2870
10734,BROMBIN,NSW,2446
10735,BRONTE,NSW,2024
10736,BROOKDALE,NSW,2656
10737,BROOKFIELD,NSW,2420
10738,BROOKLANA,NSW,2450
10739,DOCKLANDS,NSW,2583
10740,BROOKLET,NSW,2479
10741,BROOKLYN,NSW,2083
10742,BROOKONG,NSW,2656
10743,BROOKVALE,NSW,2100
10744,BROOMAN,NSW,2538
10745,BROOMS HEAD,NSW,2463
10746,BROUGHAMS GATE,NSW,2880
10747,BROUGHTON,NSW,2535
10748,BROUGHTON VALE,NSW,2535
10749,BROUGHTON VILLAGE,NSW,2534
10750,BROULEE,NSW,2537
10751,BROWNLOW HILL,NSW,2570
10752,BROWNMORE,NSW,2420
10753,BROWNS CREEK,NSW,2799
10754,BROWNS CROSSING,NSW,2441
10755,BROWNS MOUNTAIN,NSW,2540
10756,BROWNSVILLE,NSW,2530
10757,BRUCEDALE,NSW,2650
10758,BRUIE PLAINS,NSW,2875
10759,BRUINBUN,NSW,2795
10760,BRUMBY PLAINS,NSW,2476
10761,BRUNDEE,NSW,2540
10762,BRUNGLE,NSW,2722
10763,BRUNGLE CREEK,NSW,2722
10764,BUNKERS HILL,NSW,2323
10765,BRUNSWICK HEADS,NSW,2483
10766,BRUSHGROVE,NSW,2460
10767,BRUSHY CREEK,NSW,2365
10768,BRYANS GAP,NSW,2372
10769,BUANGLA,NSW,2540
10770,LUCAS,NSW,2450
10771,BUCCA WAUKA,NSW,2429
10772,BUCCARUMBI,NSW,2460
10773,BUCHANAN,NSW,2323
10774,BUCKAJO,NSW,2550
10775,BUCKAROO,NSW,2850
10776,BUCKENBOWRA,NSW,2536
10777,BUCKENDERRA,NSW,2630
10778,BUCKENDOON,NSW,2472
10779,BUCKETTY,NSW,2250
10780,BUCKRA BENDINNI,NSW,2449
10781,BUDAWANG,NSW,2622
10782,BUDDABADAH,NSW,2825
10783,COBDEN,NSW,2849
10784,BUDDEROO,NSW,2535
10785,BUDDONG,NSW,2720
10786,BUDGEE BUDGEE,NSW,2850
10787,BUDGEWOI,NSW,2262
10788,BUDGEWOI PENINSULA,NSW,2262
10789,BUDGONG,NSW,2577
10790,BUFF POINT,NSW,2262
10791,BUGALDIE,NSW,2357
10792,BUKALONG,NSW,2632
10793,BUKKULLA,NSW,2360
10794,BULAHDELAH,NSW,2423
10795,BULBY BRUSH,NSW,2429
10796,BULLEEN,NSW,2622
10797,BULGANA,NSW,2330
10798,BULGA FOREST,NSW,2429
10799,BULGARY,NSW,2650
10800,BULL PLAIN,NSW,2646
10801,BULLA,NSW,2835
10802,BULLA CREEK,NSW,2594
10803,BULLABURRA,NSW,2784
10804,BULLAGREEN,NSW,2824
10805,BULLAGREEN,NSW,2831
10806,BULLARAH,NSW,2400
10807,BULLATALE,NSW,2710
10808,BULLAWA CREEK,NSW,2390
10809,BULLDOG,NSW,2469
10810,BULLI,NSW,2516
10811,BULLI TOPS,NSW,2516
10812,BULLIAC,NSW,2422
10813,BULLIO,NSW,2575
10814,BULLOCKS FLAT,NSW,2627
10815,BULYEROI,NSW,2387
10816,BULYEROI,NSW,2832
10817,BUMBALDRY,NSW,2794
10818,BUMBALONG,NSW,2626
10819,BUMBERRY,NSW,2870
10820,BUNDABAH,NSW,2324
10821,BUNDABURRAH,NSW,2871
10822,BUNDAGEN,NSW,2454
10823,BUNDANOON,NSW,2578
10824,BUNDARBO,NSW,2726
10825,BUNDARRA,NSW,2359
10826,BUNDEENA,NSW,2230
10827,BUNDELLA,NSW,2343
10828,DUNEARN,NSW,2823
10829,BUNDEWALLAH,NSW,2535
10830,BUNDJALUNG,NSW,2473
10831,BUNDOORA,NSW,2422
10832,BUNDURE,NSW,2663
10833,CUNDARE,NSW,2700
10834,BUNGAL,NSW,2550
10835,BUNGABA,NSW,2852
10836,BUNGABBEE,NSW,2480
10837,BUNGALORA,NSW,2486
10838,BUNGARBY,NSW,2630
10839,BUNGARRIBEE,NSW,2767
10840,BUNGAWALBIN,NSW,2469
10841,BUNGENDORE,NSW,2621
10842,BUNGONIA,NSW,2580
10843,BUNGOWANNAH,NSW,2640
10844,BUNGULLA,NSW,2372
10845,BUNGWAHL,NSW,2423
10846,BUNNALOO,NSW,2731
10847,BURNBANK,NSW,2337
10848,BUNYAH,NSW,2429
10849,BUNYAN,NSW,2630
10850,BURAJA,NSW,2646
10851,BURBONG,NSW,2620
10852,BURBURGATE,NSW,2380
10853,BURCHER,NSW,2671
10854,BURDETT,NSW,2804
10855,BUREEN,NSW,2328
10856,BURGOONEY,NSW,2672
10857,BURNS,NSW,2880
10858,BURNT BRIDGE,NSW,2440
10859,BURNT YARDS,NSW,2792
10860,BURONGA,NSW,2739
10861,BURRA,NSW,2620
10862,BURRA,NSW,2653
10863,BURRA,NSW,2722
10864,BURRA CREEK,NSW,2722
10865,BURRABOI,NSW,2732
10866,BURRADOO,NSW,2576
10867,BURRAGA,NSW,2795
10868,BURRAGATE,NSW,2550
10869,BURRAGORANG VALLEY,NSW,2570
10870,BURRANDANA,NSW,2650
10871,BURRANEER,NSW,2230
10872,BURRANGONG,NSW,2594
10873,BURRAPINE,NSW,2447
10874,BURRAWANG,NSW,2577
10875,BURRELL CREEK,NSW,2429
10876,BURREN JUNCTION,NSW,2386
10877,BURRIER,NSW,2540
10878,BURRILL LAKE,NSW,2539
10879,BURRINGBAR,NSW,2483
10880,BURRINJUCK,NSW,2582
10881,BURROWAY,NSW,2821
10882,BURRUMBUTTOCK,NSW,2642
10883,BURRUNDULLA,NSW,2850
10884,BURRUNGUBUGGE,NSW,2627
10885,BURWOOD,NSW,1805
10886,BURWOOD EAST,NSW,2134
10887,BURWOOD HEIGHTS,NSW,2136
10888,BURWOOD NORTH,NSW,2134
10889,BUSBY,NSW,2168
10890,BUSBYS FLAT,NSW,2469
10891,BUSHELLS RIDGE,NSW,2259
10892,BUTTABA,NSW,2283
10893,BUTTAI,NSW,2323
10894,BUTTERWICK,NSW,2321
10895,BUXTON,NSW,2571
10896,BYABARRA,NSW,2446
10897,BYADBO WILDERNESS,NSW,2628
10898,BYANGUM,NSW,2484
10899,BYGALORIE,NSW,2669
10900,BYLONG,NSW,2849
10901,BYNG,NSW,2798
10902,BYNG,NSW,2800
10903,BYROCK,NSW,2831
10904,BYRON BAY,NSW,2481
10905,BYRRILL CREEK,NSW,2484
10906,BYWONG,NSW,2621
10907,CABARITA,NSW,2137
10908,CABARITA BEACH,NSW,2488
10909,CABBAGE TREE ISLAND,NSW,2430
10910,CABBAGE TREE ISLAND,NSW,2477
10911,CABRAMATTA,NSW,2166
10912,CABRAMATTA WEST,NSW,2166
10913,CABRAMURRA,NSW,2629
10914,CADDENS,NSW,2747
10915,CUDGEE,NSW,2545
10916,CANADIAN,NSW,2800
10917,CHARLEMONT,NSW,2850
10918,CAFFREYS FLAT,NSW,2424
10919,CAIRNCROSS,NSW,2446
10920,LAL LAL,NSW,2648
10921,CALALA,NSW,2340
10922,CALAMIA,NSW,2460
10923,CALARE,NSW,2800
10924,CALARIE,NSW,2871
10925,CALDERWOOD,NSW,2527
10926,CALDWELL,NSW,2710
10927,CALGA,NSW,2250
10928,CALIFAT,NSW,2729
10929,CALIMO,NSW,2710
10930,CALLAGHAN,NSW,2308
10931,CALLAGHANS CREEK,NSW,2422
10932,CALLAGHANS CREEKS,NSW,2422
10933,CALLALA BAY,NSW,2540
10934,CALLALA BEACH,NSW,2540
10935,CALLIOPE,NSW,2462
10936,CALOOLA,NSW,2795
10937,CAULFIELD,NSW,2705
10938,KALKALLO,NSW,2577
10939,CAMBALONG,NSW,2632
10940,CAMBERWELL WEST,NSW,2330
10941,CAMBEWARRA,NSW,2540
10942,CAMBEWARRA VILLAGE,NSW,2540
10943,CAMBOON,NSW,2849
10944,CAMBRA,NSW,2420
10945,CAMBRIDGE GARDENS,NSW,2747
10946,CHIRNSIDE PARK,NSW,2747
10947,CAMBRIDGE PLATEAU,NSW,2469
10948,CAMDEN,NSW,2570
10949,CAMDEN HEAD,NSW,2443
10950,CAMDEN PARK,NSW,2570
10951,DANDENONG SOUTH,NSW,2570
10952,CAMELLIA,NSW,2142
10953,CAMERON CORNER,NSW,2880
10954,CAMERON PARK,NSW,2285
10955,CAMERONS CREEK,NSW,2359
10956,CAMIRA,NSW,2469
10957,CAMIRA CREEK,NSW,2469
10958,CAMMERAY,NSW,2062
10959,CAMP CREEK,NSW,4385
10960,CAMPBELLTOWN,NSW,2560
10961,CAMPBELLTOWN NORTH,NSW,2560
10962,CAMPERDOWN,NSW,1450
10963,CAMPERDOWN,NSW,2050
10964,CAMPSIE,NSW,2194
10965,CAMPVALE,NSW,2318
10966,CAMS WHARF,NSW,2281
10967,CANADA BAY,NSW,2046
10968,CANADIAN LEAD,NSW,2850
10969,CANBELEGO,NSW,2835
10970,CANDELO,NSW,2550
10971,JACANA,NSW,2460
10972,CANIABA,NSW,2480
10973,HAMLYN HEIGHTS,NSW,2166
10974,CHAPPLE VALE,NSW,2166
10975,CANOBOLAS,NSW,2800
10976,CANOELANDS,NSW,2157
10977,CANONBA,NSW,2825
10978,CANOWINDRA,NSW,2804
10979,CANTERBURY,NSW,2193
10980,CANTON BEACH,NSW,2263
10981,CANYONLEIGH,NSW,2577
10982,CAPARRA,NSW,2429
10983,CAPEEN,NSW,2469
10984,CAPEEN CREEK,NSW,2469
10985,CAPERTEE,NSW,2846
10986,CAPOOMPETA,NSW,2371
10987,CAPTAINS FLAT,NSW,2623
10988,CARABOST,NSW,2650
10989,CARAGABAL,NSW,2810
10990,CARAVAN HEAD,NSW,2225
10991,CARCALGONG,NSW,2850
10992,CARCOAR,NSW,2791
10993,CARDIFF,NSW,2285
10994,CARDIFF HEIGHTS,NSW,2285
10995,CARDIFF SOUTH,NSW,2285
10996,CAREEL BAY,NSW,2107
10997,CAREY BAY,NSW,2283
10998,CARGO,NSW,2800
10999,CORINDHAP,NSW,2831
11000,CARINGBAH,NSW,1495
11001,CARINGBAH,NSW,2229
11002,DARLING SOUTH,NSW,2229
11003,CARLAMINDA,NSW,2630
11004,CARLINGFORD,NSW,2118
11005,CARLINGFORD COURT,NSW,2118
11006,CARLINGFORD NORTH,NSW,2118
11007,CARLTON,NSW,2218
11008,CLARKES HILL,NSW,2171
11009,CHARAM,NSW,2460
11010,CARNSDALE,NSW,2660
11011,CARODA,NSW,2347
11012,CAROOL,NSW,2486
11013,MAROONA,NSW,2343
11014,CARRANBALLAC,NSW,2311
11015,CARRAI,NSW,2440
11016,CARRUM,NSW,2163
11017,CARRATHOOL,NSW,2711
11018,CARRAWABBITY,NSW,2871
11019,CARRICK,NSW,2580
11020,CARRINGTON,NSW,2294
11021,CARRINGTON,NSW,2324
11022,CARRINGTON FALLS,NSW,2577
11023,CARROLL,NSW,2340
11024,CARROLLS CREEK,NSW,2372
11025,CARROWBROOK,NSW,2330
11026,CARRS CREEK,NSW,2460
11027,CARRS ISLAND,NSW,2460
11028,CARRS PENINSULA,NSW,2460
11029,CARRS PENINSULAR,NSW,2460
11030,CARSS PARK,NSW,2221
11031,CARTWRIGHT,NSW,2168
11032,CARTWRIGHTS HILL,NSW,2650
11033,HARTWELL,NSW,2849
11034,CARWOOLA,NSW,2620
11035,CASCADE,NSW,2453
11036,CASINO,NSW,2470
11037,CASSILIS,NSW,2329
11038,CASTLE COVE,NSW,2069
11039,CASTLE DOYLE,NSW,2350
11040,CASTLE HILL,NSW,1765
11041,CASTLE HILL,NSW,2154
11042,CASTLE ROCK,NSW,2333
11043,CASTLECRAG,NSW,2068
11044,CASTLEREAGH,NSW,2749
11045,CASUARINA,NSW,2487
11046,CASULA,NSW,2170
11047,CASULA MALL,NSW,2170
11048,CATALINA,NSW,2536
11049,CATARACT,NSW,2560
11050,CATHCART,NSW,2632
11051,CATHERINE FIELD,NSW,2557
11052,CATHERINE HILL BAY,NSW,2281
11053,CATHUNDRAL,NSW,2823
11054,CATTAI,NSW,2756
11055,CATTLE CREEK,NSW,2339
11056,CAVAN,NSW,2582
11057,CAVES BEACH,NSW,2281
11058,CAWDOR,NSW,2570
11059,CAWONGLA,NSW,2474
11060,CECIL HILLS,NSW,2171
11061,KEILOR PARK,NSW,2178
11062,CEDAR BRUSH CREEK,NSW,2259
11063,CEDAR CREEK,NSW,2325
11064,CEDAR CREEK,NSW,2484
11065,CEDAR PARTY,NSW,2429
11066,CEDAR POINT,NSW,2474
11067,CELLS RIVER,NSW,2324
11068,CURDIES RIVER,NSW,2424
11069,CENTRAL PARK,NSW,2021
11070,CENTRAL COAST MC,NSW,2252
11071,CENTRAL COLO,NSW,2756
11072,CENTRAL MACDONALD,NSW,2775
11073,CENTRAL MANGROVE,NSW,2250
11074,CENTRAL TILBA,NSW,2546
11075,CESSNOCK,NSW,2325
11076,ESSENDON WEST,NSW,2325
11077,CHAELUNDI,NSW,2460
11078,CHAIN VALLEY BAY,NSW,2259
11079,CHAKOLA,NSW,2630
11080,CHAMBIGNE,NSW,2460
11081,CHARBON,NSW,2848
11082,CHARING CROSS,NSW,2024
11083,CHARITY CREEK,NSW,2424
11084,CHARLES STURT UNIVERSITY,NSW,2678
11085,CHARLES STURT UNIVERSITY,NSW,2795
11086,CLARETOWN,NSW,2290
11087,CHARLEYS FOREST,NSW,2622
11088,CHARLOTTE BAY,NSW,2428
11089,CHARLOTTE PASS,NSW,2624
11090,CHARLOTTES PASS,NSW,2624
11091,CHARLTON,NSW,2795
11092,FAIRHAVEN,NSW,2263
11093,COTHAM,NSW,2430
11094,CHATHAM VALLEY,NSW,2787
11095,HOTSPUR,NSW,2580
11096,CHATSWOOD,NSW,2057
11097,CHATSWOOD,NSW,2067
11098,CHATSWOOD WEST,NSW,2067
11099,CHATSWORTH,NSW,2469
11100,CHEERO POINT,NSW,2083
11101,CHEESEMANS CREEK,NSW,2800
11102,CHELTENHAM EAST,NSW,2119
11103,CHERRY TREE HILL,NSW,2360
11104,CHERRYBROOK,NSW,2126
11105,CHESTER HILL,NSW,2162
11106,CHICHESTER,NSW,2420
11107,CHIFLEY,NSW,2036
11108,CHILCOTTS CREEK,NSW,2339
11109,CHILCOTTS GRASS,NSW,2480
11110,CHILLINGHAM,NSW,2484
11111,CHINDERAH,NSW,2487
11112,CHINNOCK,NSW,2550
11113,CHIPPENDALE,NSW,2008
11114,CHIPPING NORTON,NSW,2170
11115,CHISHOLM,NSW,2322
11116,CRESWICK,NSW,2046
11117,CHITTAWAY BAY,NSW,2261
11118,CHITTAWAY POINT,NSW,2261
11119,CHOWAN CREEK,NSW,2484
11120,CHULLORA,NSW,1405
11121,CHULLORA,NSW,2190
11122,CHURCH POINT,NSW,2105
11123,CLANDULLA,NSW,2848
11124,CLARE,NSW,2711
11125,CLAREMONT MEADOWS,NSW,2747
11126,CLARENCE,NSW,2790
11127,CLARENCE TOWN,NSW,2321
11128,CLARENDON,NSW,2756
11129,CLARENZA,NSW,2460
11130,COATESVILLE,NSW,2107
11131,CLAYMORE,NSW,2559
11132,CLEAR CREEK,NSW,2795
11133,CLEAR RANGE,NSW,2620
11134,LYSTERFIELD,NSW,2469
11135,CLEMTON PARK,NSW,2206
11136,CLERGATE,NSW,2800
11137,CLEVELAND,NSW,2530
11138,CLIFDEN,NSW,2460
11139,CLIFTLEIGH,NSW,2321
11140,CLIFTON HILL,NSW,2515
11141,CLIFTON GROVE,NSW,2800
11142,CLONTARF,NSW,2093
11143,CLOTHIERS CREEK,NSW,2484
11144,CLOUDS CREEK,NSW,2453
11145,CLOVASS,NSW,2480
11146,CLOVELLY,NSW,2031
11147,CLOVELLY WEST,NSW,2031
11148,CLOVER PARK,NSW,2469
11149,CLUNES,NSW,2480
11150,CLYBUCCA,NSW,2440
11151,CLYDE,NSW,2142
11152,CLYDESDALE,NSW,2330
11153,COADS TANK,NSW,2646
11154,POINT COOK,NSW,2283
11155,COALCLIFF,NSW,2508
11156,COALDALE,NSW,2460
11157,COASTERS RETREAT,NSW,2108
11158,COBAKI,NSW,2486
11159,COBAKI LAKES,NSW,2486
11160,COOJAR,NSW,2835
11161,COBAR PARK,NSW,2790
11162,COBURG,NSW,2550
11163,COBARK,NSW,2422
11164,COBBADAH,NSW,2347
11165,COBBITTY,NSW,2570
11166,COBBORA,NSW,2844
11167,COBRAMUNGA,NSW,2732
11168,COCKWHY,NSW,2539
11169,CODRINGTON,NSW,2471
11170,COFFEE CAMP,NSW,2480
11171,COFFS HARBOUR,NSW,2450
11172,COFFS HARBOUR DC,NSW,2450
11173,COFFS HARBOUR JETTY,NSW,2450
11174,COFFS HARBOUR PLAZA,NSW,2450
11175,COGGAN,NSW,2849
11176,COGRA BAY,NSW,2083
11177,COILA,NSW,2537
11178,COLDSTREAM,NSW,2462
11179,COLEAMBALLY,NSW,2707
11180,COLEBEE,NSW,2761
11181,COLEDALE,NSW,2515
11182,COLINROOBIE,NSW,2700
11183,LINTON,NSW,2626
11184,COLLARENEBRI,NSW,2833
11185,COLLAROY,NSW,2097
11186,COLLAROY BEACH,NSW,2097
11187,COLLAROY PLATEAU,NSW,2097
11188,COLLAROY PLATEAU WEST,NSW,2097
11189,COLLECTOR,NSW,2581
11190,COLLENDINA,NSW,2646
11191,COLLERINA,NSW,2839
11192,COLLIE,NSW,2827
11193,COLLINGULLIE,NSW,2650
11194,COLLINGWOOD,NSW,2850
11195,COLLINS CREEK,NSW,2474
11196,COLLOMBATTI,NSW,2440
11197,COLLUM COLLUM,NSW,2460
11198,COLLY BLUE,NSW,2343
11199,COLO,NSW,2756
11200,COLO,NSW,2795
11201,COLO HEIGHTS,NSW,2756
11202,COLO VALE,NSW,2575
11203,COLONGRA,NSW,2262
11204,COLYTON,NSW,2760
11205,COMARA,NSW,2440
11206,COMBANING,NSW,2666
11207,COMBARA,NSW,2829
11208,HOMERTON,NSW,2540
11209,COMBO,NSW,2330
11210,COMBOYNE,NSW,2429
11211,COME BY CHANCE,NSW,2832
11212,COMERONG ISLAND,NSW,2540
11213,COMMISSIONERS CREEK,NSW,2484
11214,COMMISSIONERS WATERS,NSW,2350
11215,COMO,NSW,2226
11216,COMOBELLA,NSW,2820
11217,CONARGO,NSW,2710
11218,CONCORD,NSW,2137
11219,CONCORD REPATRIATION HOSPITAL,NSW,2139
11220,CONCORD WEST,NSW,2138
11221,CONCORD WEST DC,NSW,2138
11222,CONDELL PARK,NSW,2200
11223,CONDOBOLIN,NSW,2877
11224,CONDONG,NSW,2484
11225,CONEAC,NSW,2422
11226,CONGARINNI,NSW,2447
11227,CONGARINNI NORTH,NSW,2447
11228,CONGEWAI,NSW,2325
11229,CONGO,NSW,2537
11230,CONIMBIA,NSW,2829
11231,CONISTON,NSW,2500
11232,CONJOLA,NSW,2539
11233,CONJOLA PARK,NSW,2539
11234,CONNELLS POINT,NSW,2221
11235,CONOBLE,NSW,2878
11236,CONSTITUTION HILL,NSW,2145
11237,COOBA,NSW,2663
11238,MOORABOOL,NSW,2734
11239,COOCOOBOONAH,NSW,2380
11240,COOGEE,NSW,2034
11241,COOKAMIDGERA,NSW,2870
11242,COOKARDINIA,NSW,2650
11243,COOKS GAP,NSW,2850
11244,COOKS HILL,NSW,2300
11245,COOKS MYALLS,NSW,2870
11246,COOLABAH,NSW,2831
11247,COOLAC,NSW,2727
11248,COOLAGOLITE,NSW,2550
11249,LAH,NSW,2843
11250,COOLAMON,NSW,2701
11251,COOLANESS,NSW,2470
11252,COOLANGATTA,NSW,2535
11253,COOLANGUBRA,NSW,2550
11254,COOLATAI,NSW,2402
11255,COOLEMAN,NSW,2611
11256,COWLEYS CREEK,NSW,2729
11257,COOLGARDIE,NSW,2478
11258,COOLONGOLOOK,NSW,2423
11259,COOLRINGDON,NSW,2630
11260,COOLUMBOOKA,NSW,2632
11261,COOLUMBURRA,NSW,2622
11262,COOMA,NSW,2630
11263,COOMA NORTH,NSW,2630
11264,COOMBA BAY,NSW,2428
11265,COOMBA PARK,NSW,2428
11266,COOMBADJHA,NSW,2460
11267,COOMBELL,NSW,2470
11268,COOMEALLA,NSW,2717
11269,COOMOO COOMOO,NSW,2343
11270,COONABARABRAN,NSW,2357
11271,COONAMBLE,NSW,2829
11272,COONERANG,NSW,2630
11273,COONEYS CREEK,NSW,2726
11274,COONGBAR,NSW,2469
11275,COONONG,NSW,2645
11276,COOPERABUNG,NSW,2441
11277,COOPERNOOK,NSW,2426
11278,COOPERS GULLY,NSW,2550
11279,COOPERS SHOOT,NSW,2479
11280,COOPLACURRIPA,NSW,2424
11281,COORABELL,NSW,2479
11282,COORANBONG,NSW,2265
11283,COOTAMUNDRA,NSW,2590
11284,COOTRALANTRA,NSW,2628
11285,COOYAL,NSW,2850
11286,COPACABANA,NSW,2251
11287,COPE,NSW,2852
11288,COPELAND,NSW,2422
11289,HOPETOUN,NSW,2360
11290,COPI HOLLOW,NSW,2879
11291,COPMANHURST,NSW,2460
11292,COPPABELLA,NSW,2644
11293,COPPERHANNIA,NSW,2795
11294,CORIO,NSW,2471
11295,CORALVILLE,NSW,2443
11296,CORAMBA,NSW,2450
11297,CORANG,NSW,2622
11298,CORANGULA,NSW,2440
11299,CORBIE HILL,NSW,2705
11300,CORDEAUX,NSW,2526
11301,CORDEAUX HEIGHTS,NSW,2526
11302,COREE,NSW,2710
11303,JOEL SOUTH,NSW,2716
11304,COREEN,NSW,2646
11305,CORINDI BEACH,NSW,2456
11306,CORINELLA,NSW,2871
11307,CORLETTE,NSW,2315
11308,CORNALLA,NSW,2710
11309,CORNDALE,NSW,2480
11310,CORNEY TOWN,NSW,2790
11311,CORNWALLIS,NSW,2756
11312,COROBIMILLA,NSW,2700
11313,FOXHOW,NSW,2646
11314,CORRABARE,NSW,2325
11315,CORRIMAL,NSW,2518
11316,CORRIMAL EAST,NSW,2518
11317,CORROBOREE FLAT,NSW,2422
11318,CORRONG,NSW,2711
11319,CORROWONG,NSW,2633
11320,CORUNNUN,NSW,2546
11321,COTTAGE POINT,NSW,2084
11322,COTTAWALLA,NSW,2583
11323,COUGAL,NSW,2474
11324,COUNTEGANY,NSW,2630
11325,COURABYRA,NSW,2653
11326,COURADDA,NSW,2390
11327,COURAGAGO,NSW,2720
11328,COURAJAGO,NSW,2720
11329,COURIDJAH,NSW,2571
11330,COURSING PARK,NSW,2650
11331,COUTTS CROSSING,NSW,2460
11332,COW FLAT,NSW,2795
11333,COWABBIE,NSW,2652
11334,COWABBIE,NSW,2663
11335,COWAN,NSW,2081
11336,COWPER,NSW,2460
11337,COWRA,NSW,2794
11338,COXS CREEK,NSW,2849
11339,COXS CROWN,NSW,2849
11340,CRABBES CREEK,NSW,2483
11341,CRACKENBACK,NSW,2627
11342,CRAIGIEBURN,NSW,2632
11343,CRANBURY,NSW,2800
11344,CRANEBROOK,NSW,2749
11345,CRANGAN BAY,NSW,2259
11346,CRAVEN,NSW,2422
11347,CRAVEN PLATEAU,NSW,2422
11348,CRAWFORD RIVER,NSW,2423
11349,CRAWNEY,NSW,2338
11350,CREEL BAY,NSW,2627
11351,CREEWAH,NSW,2631
11352,CREMORNE,NSW,2090
11353,CREMORNE JUNCTION,NSW,2090
11354,CREMORNE POINT,NSW,2090
11355,CRESCENT HEAD,NSW,2440
11356,CRESTWOOD,NSW,2153
11357,CRESTWOOD,NSW,2620
11358,CRINGILA,NSW,2502
11359,CROKI,NSW,2430
11360,CROMER,NSW,2099
11361,CROMER HEIGHTS,NSW,2099
11362,CRONULLA,NSW,2230
11363,CROOBLE,NSW,2400
11364,CROOBYAR,NSW,2539
11365,CROOKED CORNER,NSW,2583
11366,CROOKWELL,NSW,2583
11367,CROOM,NSW,2527
11368,CROPPA CREEK,NSW,2411
11369,CROSS ROADS,NSW,2850
11370,CROWLANDS,NSW,2446
11371,CROSSMAGLEN,NSW,2441
11372,CROUDACE BAY,NSW,2280
11373,CROWDY BAY,NSW,2443
11374,CROWDY HEAD,NSW,2427
11375,CROWS NEST,NSW,1585
11376,CROWS NEST,NSW,2065
11377,CROWS NEST DC,NSW,2065
11378,CROWTHER,NSW,2803
11379,CROWTHER ISLAND,NSW,2460
11380,CROYDON,NSW,2132
11381,CROYDON PARK,NSW,2133
11382,CRUDINE,NSW,2795
11383,CRYON,NSW,2832
11384,CRYSTAL CREEK,NSW,2484
11385,CUBBA,NSW,2835
11386,CUDAL,NSW,2864
11387,CUDGEGONG,NSW,2850
11388,CUDGEL,NSW,2700
11389,CUDGEN,NSW,2487
11390,CUDGERA CREEK,NSW,2484
11391,CUDMIRRAH,NSW,2540
11392,CULBURRA BEACH,NSW,2540
11393,CULCAIRN,NSW,2660
11394,CULLEN BULLEN,NSW,2790
11395,CULLENBONE,NSW,2850
11396,CULLENDORE,NSW,2372
11397,CULLERIN,NSW,2581
11398,CULLINGA,NSW,2588
11399,CULLIVEL,NSW,2645
11400,CULLYA,NSW,2800
11401,CULMARAN CREEK,NSW,2469
11402,CUMBALUM,NSW,2478
11403,CUMBANDRY,NSW,2852
11404,CUMBERLAND REACH,NSW,2756
11405,CUMBIJOWA,NSW,2871
11406,CUMBO,NSW,2850
11407,CUMBOOGLE,NSW,2830
11408,CUMBORAH,NSW,2832
11409,CUMNOCK,NSW,2867
11410,CUNDLE FLAT,NSW,2424
11411,CUNDLETOWN,NSW,2430
11412,CUNDUMBUL,NSW,2866
11413,CUNJURONG POINT,NSW,2539
11414,CUNNINGAR,NSW,2587
11415,CUNNINYEUK,NSW,2734
11416,CURBAN,NSW,2827
11417,CURL CURL,NSW,2096
11418,CURLEW WATERS,NSW,2672
11419,CURLEWIS,NSW,2381
11420,CURLWAA,NSW,2648
11421,CURRA CREEK,NSW,2820
11422,CURRABUBULA,NSW,2342
11423,CURRAGH,NSW,2795
11424,CURRAMORE,NSW,2533
11425,CURRANS HILL,NSW,2567
11426,CURRARONG,NSW,2540
11427,CURRAWANANNA,NSW,2650
11428,CURRAWANG,NSW,2580
11429,CURRAWARNA,NSW,2650
11430,CURRAWEELA,NSW,2580
11431,CURRAWONG BEACH,NSW,2108
11432,CURRICABARK,NSW,2422
11433,CURROWAN,NSW,2536
11434,CUTTABRI,NSW,2388
11435,CUTTAGEE,NSW,2546
11436,DABEE,NSW,2849
11437,DACEYVILLE,NSW,2032
11438,DAIRY ARM,NSW,2325
11439,DAIRY FLAT,NSW,2474
11440,DAIRYMANS PLAINS,NSW,2630
11441,DAIRYVILLE,NSW,2450
11442,POINT LONSDALE,NSW,2257
11443,DALGETY,NSW,2628
11444,DALMENY,NSW,2546
11445,DALMORTON,NSW,2460
11446,DALSWINTON,NSW,2328
11447,DALTON,NSW,2581
11448,DALWOOD,NSW,2335
11449,DALWOOD,NSW,2477
11450,DANDALOO,NSW,2823
11451,DENDY,NSW,2357
11452,DANGAR,NSW,2309
11453,DANGAR ISLAND,NSW,2083
11454,DANGARSLEIGH,NSW,2350
11455,DANGELONG,NSW,2630
11456,DAPTO,NSW,2530
11457,DARAWANK,NSW,2428
11458,DARBALARA,NSW,2722
11459,DARBYS FALLS,NSW,2793
11460,DARETON,NSW,2717
11461,DARGAN,NSW,2786
11462,DARK CORNER,NSW,2795
11463,DARKES FOREST,NSW,2508
11464,DARKWOOD,NSW,2454
11465,DARLING HARBOUR,NSW,2000
11466,DARLING ISLAND,NSW,2009
11467,DARLING POINT,NSW,2027
11468,DARLINGHURST,NSW,1300
11469,DARLINGHURST,NSW,2010
11470,DARLINGTON,NSW,2008
11471,DARLINGTON,NSW,2330
11472,DARLINGTON POINT,NSW,2706
11473,HARROW,NSW,2729
11474,DAROOBALGIE,NSW,2870
11475,DARTBROOK,NSW,2336
11476,DARUKA,NSW,2340
11477,DAVIDSON,NSW,2085
11478,DAVIS CREEK,NSW,2336
11479,DAVISTOWN,NSW,2251
11480,DAWES POINT,NSW,2000
11481,GRASSDALE,NSW,2646
11482,KEON PARK,NSW,2761
11483,DEAUVILLE,NSW,2443
11484,DEBENHAM,NSW,2446
11485,DEE WHY,NSW,2099
11486,DEE WHY BEACH,NSW,2099
11487,DEEP CREEK,NSW,2440
11488,DEEP CREEK,NSW,2460
11489,DEEP CREEK,NSW,2469
11490,DEEPWATER,NSW,2371
11491,HORDERN VALE,NSW,2453
11492,DREEITE,NSW,2633
11493,DELROY GARDENS,NSW,2830
11494,DELUNGRA,NSW,2403
11495,DEMONDRILLE,NSW,2587
11496,DENHAM COURT,NSW,2565
11497,DENHAMS BEACH,NSW,2536
11498,DENILIQUIN,NSW,2710
11499,DENILIQUIN NORTH,NSW,2710
11500,DENISTONE,NSW,2114
11501,DENISTONE EAST,NSW,2112
11502,DENISTONE WEST,NSW,2114
11503,DENMAN,NSW,2328
11504,DEPOT BEACH,NSW,2536
11505,DERRIWONG,NSW,2877
11506,DEUA,NSW,2537
11507,DEUA RIVER VALLEY,NSW,2537
11508,DEVILS HOLE,NSW,2550
11509,DEWITT,NSW,2422
11510,DHARRUK,NSW,2770
11511,DHULURA,NSW,2650
11512,DHURAGOON,NSW,2733
11513,DIAMOND BAY,NSW,2030
11514,DIAMOND BEACH,NSW,2430
11515,DIAMOND HEAD,NSW,2443
11516,DICKS HILL,NSW,2443
11517,DICKYGUNDI,NSW,2830
11518,DIEHARD,NSW,2370
11519,DIGGERS CAMP,NSW,2462
11520,DIGNAMS CREEK,NSW,2546
11521,DILKOON,NSW,2460
11522,DILPURRA,NSW,2734
11523,DINGADEE,NSW,2420
11524,DINGO FOREST,NSW,2429
11525,DINOGA,NSW,2404
11526,DONCASTER,NSW,2666
11527,DIRTY CREEK,NSW,2456
11528,DIRTY CREEK,NSW,2460
11529,DOBIES BIGHT,NSW,2470
11530,DOCTOR GEORGE MOUNTAIN,NSW,2550
11531,DOCTORS GAP,NSW,2790
11532,DODSWORTH,NSW,2620
11533,DOG ROCKS,NSW,2795
11534,DOG TRAP CROSSING,NSW,2582
11535,DOLANS BAY,NSW,2229
11536,DOLLS POINT,NSW,2219
11537,DOLLYS FLAT,NSW,2429
11538,DOLPHIN POINT,NSW,2539
11539,DOMBARTON,NSW,2530
11540,DONALD CREEK,NSW,2350
11541,DONDINGALONG,NSW,2440
11542,DONNELLYVILLE,NSW,2447
11543,DONOVANS FOREST,NSW,2250
11544,DOON AYRE,NSW,2422
11545,DOON DOON,NSW,2484
11546,DOONBAH,NSW,2473
11547,DOONSIDE,NSW,2767
11548,DOORALONG,NSW,2259
11549,DORA CREEK,NSW,2264
11550,DORRIGO,NSW,2453
11551,DORRIGO MOUNTAIN,NSW,2453
11552,DORRIGO NORTH,NSW,2453
11553,DORROUGHBY,NSW,2480
11554,DOUBLE BAY,NSW,1360
11555,DOUBLE BAY,NSW,2028
11556,DOUBTFUL CREEK,NSW,2470
11557,DOUGLAS PARK,NSW,2569
11558,DOVER HEIGHTS,NSW,2030
11559,DOWNSIDE,NSW,2650
11560,DOYALSON,NSW,2262
11561,DOYALSON NORTH,NSW,2262
11562,DOYLES CREEK,NSW,2330
11563,DOYLES RIVER,NSW,2446
11564,DRAKE,NSW,2469
11565,DRAKE VILLAGE,NSW,2469
11566,DRILDOOL,NSW,2386
11567,DRIPSTONE,NSW,2820
11568,DRUMMOYNE,NSW,1470
11569,DRUMMOYNE,NSW,2047
11570,DRY CREEK,NSW,2337
11571,DRY PLAIN,NSW,2630
11572,DUBBO,NSW,2830
11573,DUBBO DC,NSW,2830
11574,DUBBO EAST,NSW,2830
11575,DUBBO GROVE,NSW,2830
11576,DUBBO WEST,NSW,2830
11577,DUCK CREEK,NSW,2469
11578,DUCKENFIELD,NSW,2321
11579,DUCKMALOI,NSW,2787
11580,DUDLEY,NSW,2290
11581,DUFFYS FOREST,NSW,2084
11582,DULGUIGAN,NSW,2484
11583,DULWICH HILL,NSW,2203
11584,DUM DUM,NSW,2484
11585,DUMARESQ,NSW,2350
11586,DUMARESQ ISLAND,NSW,2430
11587,DUMARESQ VALLEY,NSW,2372
11588,DUMBUDGERY,NSW,2460
11589,DUNBIBLE,NSW,2484
11590,DUNBOGAN,NSW,2443
11591,DUNCANS CREEK,NSW,2340
11592,DUNDAS,NSW,2117
11593,DUNDAS VALLEY,NSW,2117
11594,DUNDEE,NSW,2370
11595,DUNDURRABIN,NSW,2453
11596,DUNEDOO,NSW,2844
11597,DUNGARUBBA,NSW,2480
11598,DUNGAY,NSW,2484
11599,DUVERNEY,NSW,2849
11600,DUNGOG,NSW,2420
11601,DUNNSTOWN,NSW,2340
11602,DUNKELD,NSW,2795
11603,DUNMORE,NSW,2529
11604,DUNOLLY,NSW,2330
11605,DUNROBIN,NSW,2480
11606,DUNS CREEK,NSW,2321
11607,DUNVILLE LOOP,NSW,2849
11608,DURAL,NSW,2158
11609,DURAL,NSW,2330
11610,DURAL DC,NSW,2158
11611,DURAMANA,NSW,2795
11612,DURANBAH,NSW,2487
11613,NIDDRIE,NSW,2344
11614,DUROBY,NSW,2486
11615,DURRAN DURRA,NSW,2622
11616,DURRAS NORTH,NSW,2536
11617,DURREN DURREN,NSW,2259
11618,DUSODIE,NSW,2420
11619,DUVAL,NSW,2350
11620,DYERS CROSSING,NSW,2429
11621,DYRAABA,NSW,2470
11622,DYRAABA CENTRAL,NSW,2470
11623,DYRAABA CREEK,NSW,2470
11624,MYRNIONG,NSW,2330
11625,EAGLE VALE,NSW,2558
11626,EAGLETON,NSW,2324
11627,ELWOOD,NSW,2206
11628,EAST ALBURY,NSW,2640
11629,EAST ARMIDALE,NSW,2350
11630,EAST BALLINA,NSW,2478
11631,EAST BOWRAL,NSW,2576
11632,EAST BRANXTON,NSW,2335
11633,EAST CORAKI,NSW,2471
11634,EAST CORRIMAL,NSW,2518
11635,EAST GOSFORD,NSW,2250
11636,EAST GRESFORD,NSW,2311
11637,EAST HILLS,NSW,2213
11638,EAST JINDABYNE,NSW,2627
11639,EAST KANGALOON,NSW,2576
11640,EAST KEMPSEY,NSW,2440
11641,ST KILDA EAST,NSW,2071
11642,EAST KURRAJONG,NSW,2758
11643,EAST LINDFIELD,NSW,2070
11644,EAST LISMORE,NSW,2480
11645,EAST LYNNE,NSW,2536
11646,EAST MAITLAND,NSW,2323
11647,EAST RYDE,NSW,2113
11648,PRAHRAN EAST,NSW,2324
11649,EAST TAMWORTH,NSW,2340
11650,EAST WAGGA WAGGA,NSW,2650
11651,EAST WARDELL,NSW,2477
11652,EASTERN CREEK,NSW,2766
11653,EASTERN SUBURBS MC,NSW,1314
11654,EASTERN SUBURBS MC,NSW,2004
11655,EASTGARDENS,NSW,2036
11656,KEW EAST,NSW,2018
11657,HEATHWOOD,NSW,2122
11658,EATONSVILLE,NSW,2460
11659,EBENEZER,NSW,2756
11660,EBOR,NSW,2453
11661,ECCLESTON,NSW,2311
11662,EDDERTON,NSW,2333
11663,EDENHOPE,NSW,2551
11664,EDEN CREEK,NSW,2474
11665,EDENSOR PARK,NSW,2176
11666,EDENVILLE,NSW,2474
11667,EDGECLIFF,NSW,2027
11668,EDGEROI,NSW,2390
11669,EDGEWORTH,NSW,2285
11670,MEREDITH,NSW,2787
11671,EDMONDSON PARK,NSW,2174
11672,EDROM,NSW,2551
11673,EDWARDSTOWN,NSW,2722
11674,EENAWEENA,NSW,2824
11675,EGLINTON,NSW,2795
11676,EIGHTEEN MILE,NSW,2460
11677,ELANDS,NSW,2429
11678,ELANORA HEIGHTS,NSW,2101
11679,NEWCOMB,NSW,2404
11680,ELDERSLIE,NSW,2335
11681,ELDERSLIE,NSW,2570
11682,ELEEBANA,NSW,2282
11683,ELERMORE VALE,NSW,2287
11684,ELIZABETH BAY,NSW,2011
11685,ELIZABETH BEACH,NSW,2428
11686,ELIZABETH HILLS,NSW,2171
11687,ELLALONG,NSW,2325
11688,GELLIBRAND,NSW,2460
11689,ELLANGOWAN,NSW,2470
11690,LANDSBOROUGH,NSW,2446
11691,ELLERSLIE,NSW,2648
11692,ELLERSLIE,NSW,2729
11693,ELLERSTON,NSW,2337
11694,ELLIS LANE,NSW,2570
11695,LONGERENONG,NSW,2831
11696,ELRINGTON,NSW,2325
11697,ELSMORE,NSW,2360
11698,ELTHAM,NSW,2480
11699,ELVINA BAY,NSW,2105
11700,EMERALD BEACH,NSW,2456
11701,EMERALD HILL,NSW,2380
11702,MERLYNSTON,NSW,2770
11703,EMMAVILLE,NSW,2371
11704,EMPIRE BAY,NSW,2257
11705,EMPIRE VALE,NSW,2478
11706,EMU HEIGHTS,NSW,2750
11707,EMU PLAINS,NSW,2750
11708,EMU SWAMP,NSW,2800
11709,ENDRICK,NSW,2622
11710,NEWFIELD,NSW,2136
11711,LYSTERFIELD SOUTH,NSW,2133
11712,ENGADINE,NSW,2233
11713,ENGLORIE PARK,NSW,2560
11714,KENMARE,NSW,2042
11715,ENMORE,NSW,2350
11716,ENNGONIA,NSW,2840
11717,ENVIRONA,NSW,2620
11718,EPPING DC,NSW,1710
11719,EPPING,NSW,2121
11720,NERRING,NSW,2264
11721,EREMERANG,NSW,2877
11722,ERIGOLIA,NSW,2669
11723,ERIN VALE,NSW,2663
11724,ERINA,NSW,2250
11725,ERINA FAIR,NSW,2250
11726,ERINA HEIGHTS,NSW,2260
11727,ERMINGTON,NSW,1700
11728,ERMINGTON,NSW,2115
11729,EROWAL BAY,NSW,2540
11730,ERROWANBANG,NSW,2791
11731,ERSKINE PARK,NSW,2759
11732,ERSKINEVILLE,NSW,2043
11733,ERUDGERE,NSW,2850
11734,ESCHOL,NSW,2830
11735,ESCHOL PARK,NSW,2558
11736,HESSE,NSW,2472
11737,ESSINGTON,NSW,2787
11738,ESSINGTON,NSW,2795
11739,ESTELLA,NSW,2650
11740,ETTALONG BEACH,NSW,2257
11741,ETTAMOGAH,NSW,2640
11742,GAZETTE,NSW,2540
11743,ETTRICK,NSW,2474
11744,EUABALONG,NSW,2877
11745,GEELONG WEST,NSW,2877
11746,EUBERTA,NSW,2650
11747,EUCHAREENA,NSW,2866
11748,EUCUMBENE,NSW,2628
11749,EUGOWRA,NSW,2806
11750,EULAH CREEK,NSW,2390
11751,EULOMOGO,NSW,2830
11752,EUMUNGERIE,NSW,2822
11753,EUMUNGERIE,NSW,2831
11754,EUNANOREENYA,NSW,2650
11755,EUNGAI CREEK,NSW,2441
11756,EUNGAI RAIL,NSW,2441
11757,EUNGELLA,NSW,2484
11758,EUNONOREENYA,NSW,2650
11759,EUREKA,NSW,2480
11760,EURIMBLA,NSW,2867
11761,EURIMBULA,NSW,2867
11762,EURIOWIE,NSW,2880
11763,EUROBODALLA,NSW,2545
11764,EUROKA,NSW,2440
11765,EUROLEY,NSW,2700
11766,EURONGILLY,NSW,2663
11767,EURUNDEREE,NSW,2850
11768,HOUSTON,NSW,2737
11769,EVANS HEAD,NSW,2473
11770,EVANS PLAINS,NSW,2795
11771,INVERLEIGH,NSW,1430
11772,EVELEIGH,NSW,2015
11773,EVIRON,NSW,2484
11774,EWINGAR,NSW,2469
11775,EWINGSDALE,NSW,2481
11776,EXETER,NSW,2579
11777,FAILFORD,NSW,2430
11778,FAIRFIELD,NSW,1860
11779,FAIRFIELD,NSW,2165
11780,FAIRFIELD EAST,NSW,2165
11781,FAIRFIELD HEIGHTS,NSW,2165
11782,FAIRFIELD WEST,NSW,2165
11783,FAIRHOLME,NSW,2871
11784,FAIRLIGHT,NSW,2094
11785,FAIRY HILL,NSW,2470
11786,FAIRY MEADOW,NSW,2519
11787,FAITHFULL,NSW,2700
11788,FALBROOK,NSW,2330
11789,FAWKNER,NSW,2365
11790,FYANS CREEK,NSW,2540
11791,FAR MEADOW,NSW,2535
11792,FARGUNYAH,NSW,2656
11793,FARLEY,NSW,2320
11794,FARMBOROUGH HEIGHTS,NSW,2526
11795,FARNHAM,NSW,2820
11796,FARRANTS HILL,NSW,2484
11797,FARRINGDON,NSW,2622
11798,FASSIFERN,NSW,2283
11799,FAULCONBRIDGE,NSW,2776
11800,FAULKLAND,NSW,2422
11801,FAWCETTS PLAIN,NSW,2474
11802,FEDERAL,NSW,2480
11803,FENNELL BAY,NSW,2283
11804,FERN BAY,NSW,2295
11805,FERNTREE GULLY,NSW,2330
11806,FERNANCES,NSW,2775
11807,FERNANCES CROSSING,NSW,2325
11808,FERNBANK CREEK,NSW,2444
11809,FERNBROOK,NSW,2453
11810,FERNHILL,NSW,2519
11811,FERNLEIGH,NSW,2479
11812,FERNMOUNT,NSW,2454
11813,FERNSIDE,NSW,2480
11814,FERNVALE,NSW,2484
11815,FERODALE,NSW,2318
11816,FIDDLETOWN,NSW,2159
11817,FIFIELD,NSW,2875
11818,FIGTREE,NSW,2525
11819,FINDON CREEK,NSW,2474
11820,FINE FLOWER,NSW,2460
11821,FINGAL BAY,NSW,2315
11822,FINGAL HEAD,NSW,2487
11823,FINLEY,NSW,2713
11824,FIREFLY,NSW,2429
11825,FISHERMANS BAY,NSW,2316
11826,FISHERMANS PARADISE,NSW,2539
11827,FISHERMANS REACH,NSW,2441
11828,FISHERS HILL,NSW,2421
11829,FISHING POINT,NSW,2283
11830,FITZGERALDS MOUNT,NSW,2799
11831,FITZGERALDS VALLEY,NSW,2795
11832,FITZROY FALLS,NSW,2577
11833,FIVE DOCK,NSW,2046
11834,FIVE WAYS,NSW,2873
11835,FLAT TOPS,NSW,2420
11836,FLETCHER,NSW,2287
11837,FLINDERS,NSW,2529
11838,FLORAVILLE,NSW,2280
11839,FLYERS CREEK,NSW,2798
11840,FLYNNS BEACH,NSW,2444
11841,FORREST,NSW,2871
11842,FORBES CREEK,NSW,2621
11843,GREY RIVER,NSW,2446
11844,FORBESDALE,NSW,2422
11845,FORCES,NSW,2890
11846,FORDS BRIDGE,NSW,2840
11847,FORDWICH,NSW,2330
11848,FOREST GLEN,NSW,2157
11849,FOREST GROVE,NSW,2795
11850,FOREST HILL,NSW,2651
11851,FOREST LAND,NSW,2372
11852,LONG FOREST,NSW,2037
11853,PINES FOREST,NSW,2798
11854,MELVILLE FOREST,NSW,2087
11855,FORRESTERS BEACH,NSW,2260
11856,FORSTER,NSW,2428
11857,FORSTER SHOPPING VILLAGE,NSW,2428
11858,FORTIS CREEK,NSW,2460
11859,FOSTERS VALLEY,NSW,2795
11860,FOSTERTON,NSW,2420
11861,FOUNTAINDALE,NSW,2258
11862,FOUR CORNERS,NSW,2716
11863,FOUR MILE CREEK,NSW,2323
11864,FOUR MILE CREEK,NSW,2800
11865,FOWLERS GAP,NSW,2880
11866,FOXGROUND,NSW,2534
11867,FRAZER PARK,NSW,2259
11868,FRAZERS CREEK,NSW,2446
11869,FREDERICKTON,NSW,2440
11870,FREEBURN ISLAND,NSW,2464
11871,FRENCHMANS,NSW,2259
11872,FREEMANS REACH,NSW,2756
11873,FREEMANS WATERHOLE,NSW,2323
11874,FREEMANTLE,NSW,2795
11875,FRENCH PARK,NSW,2655
11876,FRENCHS FOREST,NSW,1639
11877,FRENCHS FOREST,NSW,1640
11878,FRENCHS FOREST,NSW,2086
11879,FRENCHS FOREST EAST,NSW,2086
11880,FRESHWATER,NSW,2096
11881,FROG ROCK,NSW,2850
11882,FROGMORE,NSW,2586
11883,FROGS HOLLOW,NSW,2550
11884,FRYING PAN,NSW,2630
11885,FULLERTON,NSW,2583
11886,FULLERTON COVE,NSW,2318
11887,FURRACABAD,NSW,2370
11888,GABLES,NSW,2765
11889,GADARA,NSW,2720
11890,GALA VALE,NSW,2716
11891,GALAMBINE,NSW,2850
11892,GALONG,NSW,2585
11893,GALORE,NSW,2650
11894,LALOR,NSW,2652
11895,GALSTON,NSW,2159
11896,GAN GAN,NSW,2315
11897,GANBENANG,NSW,2790
11898,GANGARA,NSW,2453
11899,GERANGAMETE,NSW,2422
11900,GANMAIN,NSW,2702
11901,GARAH,NSW,2405
11902,GARANGULA,NSW,2587
11903,GARDEN SUBURB,NSW,2289
11904,GAREMA,NSW,2871
11905,GARIE,NSW,2232
11906,GARLAND,NSW,2797
11907,GARLAND VALLEY,NSW,2330
11908,GAROO,NSW,2340
11909,GARRA,NSW,2866
11910,GARTHOWEN,NSW,2345
11911,GARTHOWEN,NSW,2795
11912,GATESHEAD,NSW,2290
11913,GEARYS FLAT,NSW,2441
11914,GEARYS FLAT,NSW,2446
11915,GEEHI,NSW,2642
11916,GLADSTONE PARK,NSW,2650
11917,GEMALLA,NSW,2795
11918,GEMVILLE,NSW,2836
11919,GENEVA,NSW,2474
11920,GEORGES CREEK,NSW,2365
11921,GEORGES CREEK,NSW,2440
11922,GEORGES HALL,NSW,2198
11923,GEORGES PLAINS,NSW,2795
11924,GEORGETOWN,NSW,2298
11925,GEORGICA,NSW,2480
11926,GEROGERY,NSW,2642
11927,GERRINGONG,NSW,2534
11928,GERROA,NSW,2534
11929,GEURIE,NSW,2818
11930,GEURIE,NSW,2831
11931,GHINNI GHI,NSW,2474
11932,GHINNI GHINNI,NSW,2430
11933,GHOOLENDAADI,NSW,2380
11934,GIANTS CREEK,NSW,2328
11935,GIBBERAGEE,NSW,2469
11936,GIBRALTAR RANGE,NSW,2370
11937,GIDGINBUNG,NSW,2666
11938,GIDLEY,NSW,2340
11939,GILEAD,NSW,2560
11940,GILGAI,NSW,2360
11941,GILGANDRA,NSW,2827
11942,GILGOOMA,NSW,2829
11943,GILGUNNIA,NSW,2835
11944,GILGUNNIA,NSW,2877
11945,GILLENBAH,NSW,2700
11946,GILLETTS RIDGE,NSW,2462
11947,GILLIESTON HEIGHTS,NSW,2321
11948,GILMANDYKE,NSW,2795
11949,GILMORE,NSW,2720
11950,GIN GIN,NSW,2823
11951,GINEROI,NSW,2404
11952,GINGHI,NSW,2849
11953,GINGKIN,NSW,2787
11954,GIRARDS HILL,NSW,2480
11955,GIRILAMBONE,NSW,2831
11956,GIRO,NSW,2422
11957,GIRRAL,NSW,2669
11958,GIRRALONG,NSW,2449
11959,GIRRAWEEN,NSW,2145
11960,GIRVAN,NSW,2425
11961,GLADESVILLE,NSW,1675
11962,GLADESVILLE,NSW,2111
11963,MAIDSTONE,NSW,2440
11964,GLANMIRE,NSW,2795
11965,GLENBRAE,NSW,2037
11966,GLEDSWOOD HILLS,NSW,2557
11967,GLEN ALICE,NSW,2849
11968,GLEN ALLEN,NSW,2631
11969,GLEN ALPINE,NSW,2560
11970,GLEN AYR,NSW,2850
11971,GLEN DAVIS,NSW,2846
11972,GLEN ELGIN,NSW,2370
11973,GLEN FERGUS,NSW,2630
11974,GLEN FERNAIGH,NSW,2453
11975,GLEN INNES,NSW,2370
11976,GLEN MARTIN,NSW,2321
11977,GLEN NEVIS,NSW,2365
11978,GLEN PARK,NSW,2320
11979,GLEN WARD,NSW,2422
11980,GLEN WILLIAM,NSW,2321
11981,GLENBAWN,NSW,2337
11982,GLENBROOK,NSW,2773
11983,GLENGOWER,NSW,2365
11984,GLENDARUEL,NSW,2285
11985,GLENDENNING,NSW,2761
11986,GLENDENNING DC,NSW,2761
11987,GLENDONNELL,NSW,2330
11988,GLENDON BROOK,NSW,2330
11989,GLENDONBROOK,NSW,2330
11990,GLENELG,NSW,2810
11991,GLENELLEN,NSW,2642
11992,GLENERIN,NSW,2583
11993,GLENISLA,NSW,2167
11994,GLENFIELD PARK,NSW,2650
11995,GLENGARRIE,NSW,2486
11996,GLENHAVEN,NSW,2156
11997,GLENIFFER,NSW,2454
11998,GLENMORE,NSW,2570
11999,GLENMORE PARK,NSW,2745
12000,MENZIES CREEK,NSW,2330
12001,GLENNING VALLEY,NSW,2261
12002,GLENORIE,NSW,2157
12003,GLENQUARIE,NSW,2564
12004,GLENQUARRY,NSW,2576
12005,GLENREAGH,NSW,2450
12006,GLENRIDDING,NSW,2330
12007,GLENROCK,NSW,2337
12008,GLENROI,NSW,2800
12009,GLENROY,NSW,2640
12010,GLENROY,NSW,2653
12011,GREYTHORN,NSW,2430
12012,GLENUGIE,NSW,2460
12013,LEOPOLD,NSW,2768
12014,GLENWORTH VALLEY,NSW,2250
12015,GLOSSODIA,NSW,2756
12016,GLOUCESTER,NSW,2422
12017,GLOUCESTER TOPS,NSW,2422
12018,GOARRA,NSW,2232
12019,GOAT ISLAND,NSW,2477
12020,GOBA CREEK,NSW,2586
12021,GOBARRALONG,NSW,2727
12022,GOBBAGOMBALIN,NSW,2650
12023,GOCUP,NSW,2720
12024,GODFREYS CREEK,NSW,2586
12025,GOGELDRIE,NSW,2705
12026,GOL GOL,NSW,2738
12027,GOLDEN GROVE,NSW,2008
12028,GOLLAN,NSW,2820
12029,GOLSPIE,NSW,2580
12030,GONGOLGON,NSW,2839
12031,GONN,NSW,2732
12032,GOOANDRA,NSW,2629
12033,GOOBANG,NSW,2870
12034,GOOBARRAGANDRA,NSW,2720
12035,GOOD FOREST,NSW,2790
12036,GOOD HOPE,NSW,2582
12037,GOODMANS FORD,NSW,2575
12038,GOODNIGHT,NSW,2736
12039,GOODOOGA,NSW,2831
12040,GOODOOGA,NSW,2838
12041,GOODWOOD ISLAND,NSW,2469
12042,GOOGONG,NSW,2620
12043,GOOLGOWI,NSW,2652
12044,GOOLHI,NSW,2379
12045,GOOLMA,NSW,2852
12046,GOOLMANGAR,NSW,2480
12047,GOOLOOGONG,NSW,2805
12048,GOOMBARGANA,NSW,2646
12049,GOONDAH,NSW,2582
12050,GOONELLABAH,NSW,2480
12051,GOONENGERRY,NSW,2482
12052,GOONOO FOREST,NSW,2830
12053,GOONOO GOONOO,NSW,2340
12054,GOONUMBLA,NSW,2870
12055,GOORANGOOLA,NSW,2330
12056,GOORIANAWA,NSW,2396
12057,GORDON,NSW,2072
12058,GORDONVILLE,NSW,2454
12059,GORE HILL,NSW,2065
12060,GORGE CREEK,NSW,2469
12061,GORMANS HILL,NSW,2795
12062,GOROKAN,NSW,2263
12063,GOSFORD,NSW,2250
12064,GOSFORD WEST,NSW,2250
12065,GOSFORTH,NSW,2320
12066,GOSTWYCK,NSW,2358
12067,GOULBURN,NSW,2580
12068,GOULBURN DC,NSW,2580
12069,GOULBURN NORTH,NSW,2580
12070,GOULDSVILLE,NSW,2330
12071,GOWANBRAE,NSW,2795
12072,GOWANG,NSW,2357
12073,GOWRIE,NSW,2330
12074,GOWRIE,NSW,2340
12075,GRABBEN GULLEN,NSW,2583
12076,GRADYS CREEK,NSW,2474
12077,GRAFTON,NSW,2460
12078,GRAFTON WEST,NSW,2460
12079,GRAGIN,NSW,2403
12080,GRAHAMSTOWN,NSW,2729
12081,GRAMPIANS,NSW,2360
12082,GRANTHAM FARM,NSW,2765
12083,GRANTS BEACH,NSW,2445
12084,GRENVILLE,NSW,1830
12085,GRANVILLE,NSW,1831
12086,GRANVILLE,NSW,2142
12087,GRASSMERE,NSW,2570
12088,GRASSY HEAD,NSW,2441
12089,GRATTAI,NSW,2850
12090,GRAVESEND,NSW,2401
12091,GRAWIN OPAL FIELDS,NSW,2832
12092,GRAWLIN,NSW,2871
12093,GRAYS POINT,NSW,2232
12094,GREAT MACKEREL BEACH,NSW,2108
12095,GREAT MARLOW,NSW,2460
12096,GREEN CAPE,NSW,2551
12097,GREENS CREEK,NSW,2338
12098,GREEN FOREST,NSW,2471
12099,GREEN GULLY,NSW,2850
12100,GREEN HILLS,NSW,2323
12101,GREEN HILLS,NSW,2365
12102,GREEN HILLS,NSW,2730
12103,GREEN PIGEON,NSW,2474
12104,GREEN POINT,NSW,2251
12105,GREEN POINT,NSW,2428
12106,GREEN VALLEY,NSW,2168
12107,GREENACRE,NSW,2190
12108,GREENWALD,NSW,2546
12109,GREENDALE,NSW,2550
12110,GREENDALE,NSW,2745
12111,GREENETHORPE,NSW,2809
12112,GREENFIELD PARK,NSW,2176
12113,GREENGROVE,NSW,2250
12114,GREENHILL,NSW,2440
12115,GREENHILLS,NSW,2323
12116,GREENHILLS,NSW,2440
12117,GREENHILLS BEACH,NSW,2230
12118,GREENLANDS,NSW,2330
12119,GREENLANDS,NSW,2631
12120,GREENLEIGH,NSW,2620
12121,GREENMANTLE,NSW,2583
12122,GREENRIDGE,NSW,2471
12123,GREENWELL POINT,NSW,2540
12124,GREENWICH,NSW,2065
12125,GREENWICH PARK,NSW,2580
12126,GREG GREG,NSW,2642
12127,GREGADOO,NSW,2650
12128,GREGORY HILLS,NSW,2557
12129,GREIGS FLAT,NSW,2549
12130,GRENFELL,NSW,2810
12131,GRESFORD,NSW,2311
12132,GRETA,NSW,2334
12133,MAIN LEAD,NSW,2325
12134,GREVILLIA,NSW,2474
12135,GREYSTANES,NSW,2145
12136,GRIFFITH,NSW,2680
12137,GRIFFITH DC,NSW,2680
12138,GRIFFITH EAST,NSW,2680
12139,GROGAN,NSW,2666
12140,GRONG GRONG,NSW,2652
12141,GROSE VALE,NSW,2753
12142,GROSE WOLD,NSW,2753
12143,GROSSES PLAIN,NSW,2627
12144,GROSVENOR PLACE,NSW,1216
12145,GROSVENOR PLACE,NSW,1217
12146,GROSVENOR PLACE,NSW,1218
12147,GROSVENOR PLACE,NSW,1219
12148,GROSVENOR PLACE,NSW,1220
12149,GROWEE,NSW,2849
12150,GRUBBEN,NSW,2658
12151,GUBBATA,NSW,2669
12152,GUERILLA BAY,NSW,2536
12153,GUILDFORD,NSW,2161
12154,GUILDFORD WEST,NSW,2161
12155,GULARGAMBONE,NSW,2828
12156,GULF CREEK,NSW,2347
12157,GULGAMREE,NSW,2850
12158,GULGONG,NSW,2852
12159,GULMARRAD,NSW,2463
12160,GULPA,NSW,2710
12161,GUM FLAT,NSW,2360
12162,GUM SCRUB,NSW,2441
12163,GUMBALIE,NSW,2840
12164,GUMBLE,NSW,2865
12165,GUMLY GUMLY,NSW,2652
12166,GUMMA,NSW,2447
12167,GUNBAR,NSW,2711
12168,GUNDAGAI,NSW,2722
12169,GUNDAMULDA,NSW,2347
12170,GUNDAROO,NSW,2620
12171,GUNDARY,NSW,2580
12172,GUNDERBOOKA,NSW,2840
12173,GUNDERMAN,NSW,2775
12174,GUNDILLION,NSW,2622
12175,GUNDURIMBA,NSW,2480
12176,GUNDY,NSW,2337
12177,GUNGAL,NSW,2333
12178,GUNGALMAN,NSW,2829
12179,GUNGARLIN,NSW,2627
12180,GUNNEDAH,NSW,2380
12181,GUNNEMBENE,NSW,2380
12182,GUNNING,NSW,2581
12183,GUNNING GAP,NSW,2871
12184,GUNNING GAP,NSW,2876
12185,GUNNINGBLAND,NSW,2876
12186,GUNNINGRAH,NSW,2632
12187,GUNTAWANG,NSW,2852
12188,GURLEY,NSW,2398
12189,KURUNJANG,NSW,2787
12190,GURRANANG,NSW,2460
12191,GURRUNDAH,NSW,2581
12192,GUTHEGA,NSW,2624
12193,GUYONG,NSW,2798
12194,GUYRA,NSW,2365
12195,GWABEGAR,NSW,2356
12196,GWANDALAN,NSW,2259
12197,GWYNNEVILLE,NSW,2500
12198,GYMEA,NSW,2227
12199,GYMEA BAY,NSW,2227
12200,Glen InnesLAMBTON,NSW,2299
12201,HABERFIELD,NSW,2045
12202,HACKS FERRY,NSW,2441
12203,HADLEY,NSW,2583
12204,HALEKULANI,NSW,2262
12205,HALFWAY CREEK,NSW,2460
12206,HALLIDAYS POINT,NSW,2430
12207,HALLORAN,NSW,2259
12208,HALLS CREEK,NSW,2346
12209,HALLSVILLE,NSW,2340
12210,HALTON,NSW,2311
12211,HAMBLEDON HILL,NSW,2330
12212,HAMILTON,NSW,2303
12213,HAMILTON DC,NSW,2303
12214,HAWTHORN EAST,NSW,2303
12215,HAWTHORN NORTH,NSW,2292
12216,MELTON SOUTH,NSW,2303
12217,HAMILTON VALLEY,NSW,2641
12218,HAMLYN TERRACE,NSW,2259
12219,HAMMONDVILLE,NSW,2170
12220,HAMPDEN HALL,NSW,2440
12221,HAMPTON,NSW,2790
12222,HANGING ROCK,NSW,2340
12223,HANLEYS CREEK,NSW,2420
12224,HANNAM VALE,NSW,2443
12225,HEYWOOD,NSW,2680
12226,HAPPY VALLEY,NSW,2430
12227,HARBORD,NSW,2096
12228,HARDEN,NSW,2587
12229,HARDYS BAY,NSW,2257
12230,HAREFIELD,NSW,2650
12231,HARGRAVES,NSW,2850
12232,HAROLDS CROSS,NSW,2622
12233,HARPARARY,NSW,2390
12234,HARPERS HILL,NSW,2321
12235,HARRINGTON,NSW,2427
12236,HARRINGTON PARK,NSW,2567
12237,HARRIS PARK,NSW,2150
12238,HARTLEY,NSW,2790
12239,HARTLEY VALE,NSW,2790
12240,HARTWOOD,NSW,2710
12241,HARTYS PLAINS,NSW,2446
12242,HARWOOD,NSW,2465
12243,HASSALL GROVE,NSW,2761
12244,HASSANS WALLS,NSW,2790
12245,HASTINGS POINT,NSW,2489
12246,HAT HEAD,NSW,2440
12247,HATFIELD,NSW,2715
12248,HAVILAH,NSW,2850
12249,HAWKESBURY HEIGHTS,NSW,2777
12250,HAWKS NEST,NSW,2324
12251,HILGAY,NSW,2711
12252,HAY SOUTH,NSW,2711
12253,HAYES GAP,NSW,2850
12254,HAYMARKET,NSW,1208
12255,HAYMARKET,NSW,1236
12256,HAYMARKET,NSW,1237
12257,HAYMARKET,NSW,1238
12258,HAYMARKET,NSW,1239
12259,HAYMARKET,NSW,1240
12260,HAYMARKET,NSW,2000
12261,HAYSTACK,NSW,2469
12262,HAYTERS HILL,NSW,2481
12263,HAYWARDS BAY,NSW,2530
12264,HAZELBROOK,NSW,2779
12265,HAZELGROVE,NSW,2787
12266,HEATHMONT,NSW,2233
12267,HEATHMERE,NSW,2324
12268,HEBDEN,NSW,2330
12269,HEBERSHAM,NSW,2770
12270,HEIDELBERG,NSW,2168
12271,HEDDON GRETA,NSW,2321
12272,HEIFER STATION,NSW,2460
12273,HELENSBURGH,NSW,2508
12274,HENLEY,NSW,2111
12275,HENTY,NSW,2658
12276,HEREFORD HALL,NSW,2622
12277,HERMIDALE,NSW,2831
12278,HERMITAGE FLAT,NSW,2790
12279,HERNANI,NSW,2453
12280,HERONS CREEK,NSW,2439
12281,HERONS CREEK,NSW,2443
12282,HEXHAM,NSW,2322
12283,HICKEYS CREEK,NSW,2440
12284,HIGH RANGE,NSW,2575
12285,HIGHER MACDONALD,NSW,2775
12286,HIGHFIELDS,NSW,2289
12287,HILL END,NSW,2850
12288,HILL PLAIN,NSW,2710
12289,TOWER HILL,NSW,2575
12290,HILL TOP,NSW,2628
12291,HILLDALE,NSW,2420
12292,HILLGROVE,NSW,2350
12293,HILLGROVE,NSW,2650
12294,HILLSBOROUGH,NSW,2290
12295,HILLSBOROUGH,NSW,2320
12296,HILLSDALE,NSW,2036
12297,HILLSIDE,NSW,2157
12298,HILLSTON,NSW,2675
12299,HILLVILLE,NSW,2430
12300,HILLVUE,NSW,2340
12301,HINCHINBROOK,NSW,2168
12302,HINTON,NSW,2321
12303,HMAS ALBATROSS,NSW,2540
12304,HMAS KUTTABUL,NSW,2011
12305,HMAS PENGUIN,NSW,2091
12306,HMAS PLATYPUS,NSW,2060
12307,HMAS RUSHCUTTERS,NSW,2027
12308,HMAS WATERHEN,NSW,2060
12309,HMAS WATSON,NSW,2030
12310,HOBARTVILLE,NSW,2753
12311,HOBBYS YARDS,NSW,2795
12312,HOGARTH RANGE,NSW,2469
12313,HOLBROOK,NSW,2644
12314,HOLGATE,NSW,2250
12315,HOLLISDALE,NSW,2446
12316,HOLLYDEEN,NSW,2328
12317,HOLMESVILLE,NSW,2286
12318,HOLROYD,NSW,2142
12319,HOLSWORTHY,NSW,2173
12320,HOLTS FLAT,NSW,2631
12321,HOME RULE,NSW,2850
12322,HOMEBUSH,NSW,2140
12323,HOMEBUSH BAY,NSW,2127
12324,HOMEBUSH SOUTH,NSW,2140
12325,HOMEBUSH WEST,NSW,2140
12326,HOMELEIGH,NSW,2474
12327,HONEYBUGLE,NSW,2825
12328,HOPEFIELD,NSW,2646
12329,HOPKINS CREEK,NSW,2484
12330,HORNINGSEA PARK,NSW,2171
12331,HORNSBY,NSW,1630
12332,HORNSBY,NSW,2077
12333,HORNSBY HEIGHTS,NSW,2077
12334,HORNSBY WESTFIELD,NSW,1635
12335,HORSE STATION CREEK,NSW,2474
12336,HORSESHOE BEND,NSW,2320
12337,HORSESHOE CREEK,NSW,2474
12338,HORSFIELD BAY,NSW,2256
12339,HORSLEY,NSW,2530
12340,HORSLEY PARK,NSW,2175
12341,HORTON VALLEY,NSW,2347
12342,HOSKINSTOWN,NSW,2621
12343,HOVELLS CREEK,NSW,2794
12344,HOWARDS GRASS,NSW,2480
12345,HOWELL,NSW,2360
12346,HOWES VALLEY,NSW,2330
12347,HOWICK,NSW,2330
12348,HOWLONG,NSW,2643
12349,HOXTON PARK,NSW,2171
12350,HUMULA,NSW,2652
12351,HUNGERFORD,NSW,2840
12352,HUNTER REGION MC,NSW,2310
12353,HUNTERS HILL,NSW,2110
12354,HUNTERS HILL WEST,NSW,2110
12355,HUNTERVIEW,NSW,2330
12356,HUNTINGDON,NSW,2446
12357,HUNTINGWOOD,NSW,2148
12358,HUNTLEY,NSW,2530
12359,HUNTLEY,NSW,2800
12360,HUNTLEYS COVE,NSW,2111
12361,HUNTLEYS POINT,NSW,2111
12362,HUONBROOK,NSW,2482
12363,HURLSTONE PARK,NSW,2193
12364,HURSTVILLE,NSW,1493
12365,HURSTVILLE,NSW,2220
12366,HURSTVILLE BC,NSW,1481
12367,HURSTVILLE GROVE,NSW,2220
12368,HURSTVILLE WESTFIELD,NSW,2220
12369,HUSKISSON,NSW,2540
12370,HYAMS BEACH,NSW,2540
12371,HYDES CREEK,NSW,2454
12372,HYLAND PARK,NSW,2448
12373,HYNDMANS CREEK,NSW,2446
12374,ILARWILL,NSW,2463
12375,ILFORD,NSW,2850
12376,ILLABO,NSW,2590
12377,ILLALONG CREEK,NSW,2584
12378,ILLAROO,NSW,2540
12379,ILLAWONG,NSW,2234
12380,ILUKA,NSW,2466
12381,INDI,NSW,2642
12382,INGEBIRAH,NSW,2627
12383,INGEBYRA,NSW,2627
12384,INGEEGOODBEE,NSW,2627
12385,INGLEBURN,NSW,1890
12386,KINGSBURY,NSW,2565
12387,INGLEBURN MILPO,NSW,2174
12388,INGLESIDE,NSW,2101
12389,INNES VIEW,NSW,2429
12390,INTERNATIONAL MC,NSW,2891
12391,INVERELL,NSW,2360
12392,INVERGORDON,NSW,2422
12393,INVERGOWRIE,NSW,2350
12394,IONA,NSW,2321
12395,IRON GATES,NSW,2473
12396,IRON POT CREEK,NSW,2474
12397,IRONBARK,NSW,2347
12398,IRONMUNGY,NSW,2630
12399,IRVINGTON,NSW,2470
12400,IRYMPLE,NSW,2835
12401,ISABELLA,NSW,2795
12402,ISLINGTON,NSW,2296
12403,IVANHOE EAST,NSW,2878
12404,JACKADGERY,NSW,2460
12405,JACKALASS,NSW,2722
12406,JACKS CREEK,NSW,2390
12407,JACKSONS FLAT,NSW,2469
12408,JACKY BULBIN FLAT,NSW,2463
12409,JACOBS RIVER,NSW,2627
12410,JAGUMBA,NSW,2642
12411,JAGUNGAL WILDERNESS,NSW,2642
12412,JAMBEROO,NSW,2533
12413,JAMES CREEK,NSW,2463
12414,JAMISONTOWN,NSW,2750
12415,JOHANNA,NSW,2226
12416,JASPERS BRUSH,NSW,2535
12417,JAUNTER,NSW,2787
12418,JEIR,NSW,2582
12419,JELLAT JELLAT,NSW,2550
12420,JEMALONG,NSW,2871
12421,JEMBAICUMBENE,NSW,2622
12422,JENNINGS,NSW,4383
12423,NORLANE,NSW,2790
12424,JENOLAN CAVES,NSW,2790
12425,JEOGLA,NSW,2350
12426,JERANGLE,NSW,2630
12427,JEREMADRA,NSW,2536
12428,JEREMY,NSW,2795
12429,JERILDERIE,NSW,2716
12430,JERRABATTCULLA,NSW,2622
12431,JERRABATTGULLA,NSW,2622
12432,JERRABOMBERRA,NSW,2619
12433,JERRARA,NSW,2533
12434,JERRAWA,NSW,2582
12435,JERRAWANGALA,NSW,2540
12436,JERRONG,NSW,2580
12437,JERRYS PLAINS,NSW,2330
12438,JERSEYVILLE,NSW,2431
12439,JESMOND,NSW,2299
12440,KEWELL,NSW,2280
12441,JEWS LAGOON,NSW,2388
12442,JEWS LAGOON,NSW,2397
12443,JIBBON,NSW,2232
12444,JIGGI,NSW,2480
12445,JILLIBY,NSW,2259
12446,MADDINGLEY,NSW,2710
12447,JIMCUMBILLY,NSW,2631
12448,JIMENBUEN,NSW,2628
12449,JIMENBUEN,NSW,2630
12450,JINCUMBILLY,NSW,2631
12451,JINDABYNE,NSW,2627
12452,JINDEN,NSW,2622
12453,JINDERA,NSW,2642
12454,JINGELLIC,NSW,2642
12455,JINGERA,NSW,2622
12456,JOADJA,NSW,2575
12457,JOES BOX,NSW,2469
12458,JOHNS RIVER,NSW,2443
12459,JOLLY NOSE,NSW,2445
12460,JONES BRIDGE,NSW,2720
12461,JOYCES CREEK,NSW,2722
12462,JONES ISLAND,NSW,2430
12463,JOORILAND,NSW,2787
12464,JORDAN SPRINGS,NSW,2747
12465,JUDDS CREEK,NSW,2795
12466,JUNG,NSW,2726
12467,JUNCTION HILL,NSW,2460
12468,JUNCTION POINT,NSW,2583
12469,JUNEE,NSW,2663
12470,JUNEE REEFS,NSW,2666
12471,KANYA,NSW,2870
12472,KAHIBAH,NSW,2290
12473,KAIN,NSW,2622
12474,KAINS FLAT,NSW,2850
12475,NALANGIL,NSW,2454
12476,KALARU,NSW,2550
12477,KALEENTHA,NSW,2800
12478,KALKITE,NSW,2627
12479,KAMARAH,NSW,2665
12480,KAMERUKA,NSW,2550
12481,KANAHOOKA,NSW,2530
12482,KANANGRA,NSW,2787
12483,KANDOS,NSW,2848
12484,KANGALOON,NSW,2576
12485,KANGAROO CREEK,NSW,2460
12486,KANGAROO FLAT,NSW,2846
12487,KANGAROO POINT,NSW,2224
12488,KANGAROO VALLEY,NSW,2577
12489,KANGAROOBIE,NSW,2800
12490,KANGIARA,NSW,2582
12491,KANGY ANGY,NSW,2258
12492,KANIMBLA,NSW,2790
12493,KANOONA,NSW,2550
12494,KANWAL,NSW,2259
12495,KAPOOKA,NSW,2661
12496,KAPUTAR,NSW,2390
12497,KARAAK FLAT,NSW,2429
12498,KARABEAL,NSW,2620
12499,KARANGI,NSW,2450
12500,KAREELA,NSW,2232
12501,KARIONG,NSW,2250
12502,KARS SPRINGS,NSW,2337
12503,KARUAH,NSW,2324
12504,KATOOMBA,NSW,2780
12505,KATOOMBA DC,NSW,2780
12506,KAYUGA,NSW,2333
12507,KEARNS,NSW,2558
12508,KEARSLEY,NSW,2325
12509,KEDUMBA,NSW,2787
12510,KEEPIT,NSW,2340
12511,KEERA,NSW,2404
12512,KEERRONG,NSW,2480
12513,KEINBAH,NSW,2320
12514,KEIRAVILLE,NSW,2500
12515,KEITH HALL,NSW,2478
12516,KELGOOLA,NSW,2849
12517,KELLYS PLAINS,NSW,2350
12518,KELLYVILLE,NSW,2155
12519,KELLYVILLE RIDGE,NSW,2155
12520,KELSO,NSW,2795
12521,KELVIN,NSW,2380
12522,KEMBLA GRANGE,NSW,2526
12523,KEMBLA HEIGHTS,NSW,2526
12524,KEMBLAWARRA,NSW,2505
12525,KEMPS CREEK,NSW,2178
12526,KEMPSEY,NSW,2440
12527,KEMPSEY MSC,NSW,2442
12528,KEMPTON,NSW,2583
12529,KENDALL,NSW,2439
12530,KENEBRI,NSW,2396
12531,KENNAICLE CREEK,NSW,2449
12532,KENSINGTON,NSW,1465
12533,KENSINGTON,NSW,2033
12534,KENTHURST,NSW,2156
12535,KENTLYN,NSW,2560
12536,KENTUCKY,NSW,2354
12537,KENTUCKY SOUTH,NSW,2354
12538,KENYU,NSW,2586
12539,KEREWONG,NSW,2439
12540,KERI KERI,NSW,2711
12541,KERRABEE,NSW,2328
12542,KERRIMUIR,NSW,2835
12543,KERRS CREEK,NSW,2800
12544,KEW,NSW,2439
12545,KEYBARBIN,NSW,2460
12546,KEYBARBIN,NSW,2469
12547,KHANCOBAN,NSW,2642
12548,KHATAMBUHL,NSW,2429
12549,KIA ORA,NSW,2422
12550,KIACATOO,NSW,2877
12551,KILSYTH,NSW,2551
12552,KOALLAH,NSW,2583
12553,KIAMA,NSW,2533
12554,KIAMA DOWNS,NSW,2533
12555,KIAMA HEIGHTS,NSW,2533
12556,KIANDRA,NSW,2629
12557,KIANGA,NSW,2546
12558,KIAR,NSW,2259
12559,KICKABIL,NSW,2830
12560,KIELVALE,NSW,2484
12561,KIKIAMAH,NSW,2594
12562,KIKOIRA,NSW,2669
12563,KILABEN BAY,NSW,2283
12564,KILGIN,NSW,2472
12565,KILGRA,NSW,2474
12566,KILLABAKH,NSW,2429
12567,KILLARA,NSW,2071
12568,KILLARNEY HEIGHTS,NSW,2087
12569,KILLARNEY VALE,NSW,2261
12570,KILLAWARRA,NSW,2429
12571,LILLICUR,NSW,2257
12572,KILLCARE HEIGHTS,NSW,2257
12573,KILLIEKRANKIE,NSW,2449
12574,KILLIMICAT,NSW,2720
12575,KILLINGWORTH,NSW,2278
12576,KILLONGBUTTA,NSW,2795
12577,KIMBRIKI,NSW,2429
12578,KINALUNG,NSW,2880
12579,KINCHELA,NSW,2440
12580,KINCUMBER,NSW,2251
12581,KINCUMBER SOUTH,NSW,2251
12582,KINDEE,NSW,2446
12583,KINDERVALE,NSW,2622
12584,KING CREEK,NSW,2446
12585,KINGFISHER SHORES,NSW,2259
12586,KINGHORNE,NSW,2540
12587,KINGS CREEK,NSW,2429
12588,KINGS CROSS,NSW,1340
12589,KINGS CROSS,NSW,2011
12590,KINGS FOREST,NSW,2487
12591,KINGS HILL,NSW,2324
12592,KINGS LANGLEY,NSW,2147
12593,KINGS PARK,NSW,2148
12594,KINGS PLAINS,NSW,2360
12595,KINGS PLAINS,NSW,2799
12596,KINGS POINT,NSW,2539
12597,KINGSCLIFF,NSW,2487
12598,KINGSDALE,NSW,2580
12599,KINGSDENE,NSW,2118
12600,KINGSFORD,NSW,2032
12601,KINGSGATE,NSW,2370
12602,KINGSGROVE,NSW,1480
12603,KINGSGROVE,NSW,2208
12604,KINGSGROVE DC,NSW,1484
12605,KINGSGROVE DC,NSW,2208
12606,KINGSLAND,NSW,2370
12607,KINGSTOWN,NSW,2358
12608,KINGSVILLE,NSW,2587
12609,KINGSWAY WEST,NSW,2208
12610,KINGSWOOD,NSW,2340
12611,KINGSWOOD,NSW,2550
12612,KINGSWOOD,NSW,2747
12613,KINVARA,NSW,2478
12614,KOLORA,NSW,2539
12615,KIORA,NSW,2537
12616,KIPPARA,NSW,2441
12617,KIPPAXS,NSW,2429
12618,KIPPENDUFF,NSW,2469
12619,KIRKCONNELL,NSW,2795
12620,KIRKHAM,NSW,2570
12621,KIRRAWEE,NSW,2232
12622,KIRRAWEE DC,NSW,2232
12623,KIRRIBILLI,NSW,2061
12624,KITCHENER,NSW,2325
12625,KIWARRAK,NSW,2430
12626,KOROIT,NSW,2346
12627,KNIGHTS HILL,NSW,2577
12628,KNOCKROW,NSW,2479
12629,KNORRIT FLAT,NSW,2424
12630,KNORRIT FOREST,NSW,2424
12631,KOGARAH,NSW,1485
12632,KOGARAH,NSW,2217
12633,KOGARAH BAY,NSW,2217
12634,KOLODONG,NSW,2430
12635,KOLOONA,NSW,2403
12636,KOMUNGLA,NSW,2580
12637,KOOBA,NSW,2680
12638,KOOKABOOKRA,NSW,2370
12639,KOOLEWONG,NSW,2256
12640,KOOLKHAN,NSW,2460
12641,KOONAWARRA,NSW,2530
12642,KOONORIGAN,NSW,2480
12643,KOONYUM RANGE,NSW,2482
12644,KOORAGANG,NSW,2304
12645,KOORAINGHAT,NSW,2430
12646,KOORAWATHA,NSW,2807
12647,KOORINGAL,NSW,2650
12648,KOOROOWI,NSW,2454
12649,KOOTINGAL,NSW,2352
12650,KORALEIGH,NSW,2735
12651,KOREELAH,NSW,2476
12652,KORORA,NSW,2450
12653,KOSCIUSKO,NSW,2624
12654,KOSCIUSKO,NSW,2627
12655,KOSCIUSKO NATIONAL PARK,NSW,2627
12656,KOSCIUSZKO,NSW,2627
12657,KOSCIUSZKO NATIONAL PARK,NSW,2627
12658,KOTARA,NSW,2289
12659,KOTARA EAST,NSW,2305
12660,KOTARA FAIR,NSW,2289
12661,KOTARA SOUTH,NSW,2289
12662,KOWMUNG,NSW,2787
12663,KRAMBACH,NSW,2429
12664,KRAWARREE,NSW,2622
12665,KREMNOS,NSW,2460
12666,KUBURA,NSW,2655
12667,KULNURA,NSW,2250
12668,KULWIN,NSW,2835
12669,KUNAMA,NSW,2730
12670,KUNDABUNG,NSW,2441
12671,KUNDIBAKH,NSW,2429
12672,KUNDLE KUNDLE,NSW,2430
12673,KUNGALA,NSW,2460
12674,KUNGHUR,NSW,2484
12675,KUNGHUR CREEK,NSW,2484
12676,KURMOND,NSW,2757
12677,KURNELL,NSW,2231
12678,KURRABA POINT,NSW,2089
12679,KURRAJONG,NSW,2758
12680,KURRAJONG HEIGHTS,NSW,2758
12681,KURRAJONG HILLS,NSW,2758
12682,KURRI KURRI,NSW,2327
12683,KYALITE,NSW,2715
12684,KYALITE,NSW,2734
12685,KYARRAN,NSW,2460
12686,KYBEYAN,NSW,2631
12687,KYEAMBA,NSW,2650
12688,KYEEMAGH,NSW,2216
12689,KYLE BAY,NSW,2221
12690,KYNNUMBOON,NSW,2484
12691,KYOGLE,NSW,2474
12692,KYWONG,NSW,2700
12693,LA PEROUSE,NSW,2036
12694,LACMALAC,NSW,2720
12695,LADE VALE,NSW,2581
12696,LADYSMITH,NSW,2652
12697,LAFFING WATERS,NSW,2795
12698,LANGI LOGAN,NSW,2583
12699,LAGOON GRASS,NSW,2480
12700,LAGUNA,NSW,2325
12701,LAKE ALBERT,NSW,2650
12702,LAKE BATHURST,NSW,2580
12703,LAKE BREWSTER,NSW,2675
12704,LAKE BURRENDONG,NSW,2820
12705,LAKE CARGELLIGO,NSW,2672
12706,LAKE CATHIE,NSW,2445
12707,LAKE CONJOLA,NSW,2539
12708,LAKE COWAL,NSW,2671
12709,LAKE GEORGE,NSW,2581
12710,LAKE HAVEN,NSW,2263
12711,LAKE HEIGHTS,NSW,2502
12712,LAKE HIAWATHA,NSW,2462
12713,LAKE HUME VILLAGE,NSW,3691
12714,LAKE ILLAWARRA,NSW,2528
12715,LAKE INNES,NSW,2446
12716,MANOR LAKES,NSW,2259
12717,LAKE TABOURIE,NSW,2539
12718,LAKE WYANGAN,NSW,2680
12719,LAKELANDS,NSW,2282
12720,LAKEMBA,NSW,2195
12721,LAKEMBA DC,NSW,2195
12722,LAKESLAND,NSW,2572
12723,LAKEWOOD,NSW,2443
12724,LALALTY,NSW,3644
12725,LALOR PLAZA,NSW,2147
12726,LAMBS VALLEY,NSW,2335
12727,LAMBS VALLEY,NSW,2370
12728,LAMBTON,NSW,2299
12729,LANDERVALE,NSW,2652
12730,LANDERVALE,NSW,2663
12731,LANE COVE,NSW,1595
12732,LANE COVE,NSW,1597
12733,LANE COVE,NSW,2066
12734,LANE COVE DC,NSW,1602
12735,LANE COVE NORTH,NSW,2066
12736,LANE COVE WEST,NSW,2066
12737,LANGLEY VALE,NSW,2426
12738,LANITZA,NSW,2460
12739,LANKEYS CREEK,NSW,2644
12740,LANSDALE,NSW,2873
12741,LANSDOWNE,NSW,2163
12742,LANSDOWNE,NSW,2430
12743,LANSDOWNE FOREST,NSW,2430
12744,LANSVALE,NSW,2166
12745,LAPSTONE,NSW,2773
12746,LARPENT,NSW,2622
12747,LARGS,NSW,2320
12748,LARNOOK,NSW,2480
12749,LARRAS LEE,NSW,2866
12750,LAUGHTONDALE,NSW,2775
12751,LAUREL HILL,NSW,2649
12752,LAURIETON,NSW,2443
12753,LAVADIA,NSW,2462
12754,LAVENDER BAY,NSW,2060
12755,LAVERSTOCK,NSW,2582
12756,LAVINGTON,NSW,2641
12757,LAVINGTON DC,NSW,2640
12758,LAVINGTON DC,NSW,2641
12759,LAWRENCE,NSW,2460
12760,LAWSON,NSW,2783
12761,LEADVILLE,NSW,2844
12762,LECONFIELD,NSW,2335
12763,LEE CREEK,NSW,2849
12764,LEXTON,NSW,2705
12765,LEETS VALE,NSW,2756
12766,LEETS VALE,NSW,2775
12767,LEEVILLE,NSW,2470
12768,LEFEVRES CORNER,NSW,2570
12769,LEGUME,NSW,2476
12770,LEICHHARDT,NSW,2040
12771,LEIGH,NSW,2453
12772,LEIGHWOOD,NSW,2580
12773,LEMINGTON,NSW,2330
12774,LEMON TREE,NSW,2259
12775,LEMON TREE PASSAGE,NSW,2319
12776,LEN WATERS ESTATE,NSW,2171
12777,LENAGHAN,NSW,2322
12778,LENNOX HEAD,NSW,2478
12779,LEONAY,NSW,2750
12780,LEPPINGTON,NSW,2179
12781,LERIDA,NSW,2581
12782,LERIDA,NSW,2835
12783,LETCHWORTH,NSW,2620
12784,LETHBRIDGE PARK,NSW,2770
12785,LEUMEAH,NSW,2560
12786,LEURA,NSW,2780
12787,LEVENSTRATH,NSW,2460
12788,LEWINSBROOK,NSW,2311
12789,LEWIS PONDS,NSW,2800
12790,LEWISHAM,NSW,2049
12791,LEYCESTER,NSW,2480
12792,LIBERTY GROVE,NSW,2138
12793,LIDCOMBE,NSW,1825
12794,LIDCOMBE,NSW,2141
12795,LIDCOMBE NORTH,NSW,2141
12796,LIDDELL,NSW,2333
12797,LIDSDALE,NSW,2790
12798,LIDSTER,NSW,2800
12799,LIGHTHOUSE BEACH,NSW,2444
12800,LIGHTNING RIDGE,NSW,2834
12801,LILLI PILLI,NSW,2229
12802,LILLI PILLI,NSW,2536
12803,LILLIAN ROCK,NSW,2480
12804,LILYDALE,NSW,2460
12805,LILYFIELD,NSW,2040
12806,LILYVALE,NSW,2508
12807,LIMBRI,NSW,2352
12808,LIMEBURNERS CREEK,NSW,2324
12809,LIMEBURNERS CREEK,NSW,2444
12810,LIMEKILNS,NSW,2795
12811,LIMERICK,NSW,2583
12812,LIMESTONE,NSW,2361
12813,LIMPINWOOD,NSW,2484
12814,LINBURN,NSW,2850
12815,LINDEN,NSW,2778
12816,LINDENDALE,NSW,2480
12817,LINDSAY,NSW,2347
12818,LINDESAY CREEK,NSW,2476
12819,LINDFIELD,NSW,2070
12820,LINDFIELD WEST,NSW,2070
12821,LINDIFFERON,NSW,2710
12822,LINLEY POINT,NSW,2066
12823,LIONSVILLE,NSW,2460
12824,LISAROW,NSW,2250
12825,LISMORE,NSW,2480
12826,LISMORE DC,NSW,2480
12827,LISMORE HEIGHTS,NSW,2480
12828,LISTON,NSW,2372
12829,LITHGOW,NSW,2790
12830,LITHGOW DC,NSW,2790
12831,LITTLE BACK CREEK,NSW,2474
12832,LITTLE BAY,NSW,2036
12833,LITTLE BILLABONG,NSW,2644
12834,LITTLE FOREST,NSW,2538
12835,LITTLE HARTLEY,NSW,2790
12836,LITTLE JACKS CREEK,NSW,2339
12837,LITTLE JILLIBY,NSW,2259
12838,LITTLE PELICAN,NSW,2281
12839,LITTLE PLAIN,NSW,2360
12840,LITTLE RIVER,NSW,2720
12841,LITTLE TOPAR,NSW,2880
12842,LITTLE WOBBY,NSW,2256
12843,LITTLETON,NSW,2790
12844,LIVERPOOL,NSW,1871
12845,LIVERPOOL,NSW,2170
12846,LIVERPOOL SOUTH,NSW,2170
12847,LIVERPOOL WESTFIELD,NSW,2170
12848,LLANARTH,NSW,2795
12849,LLANDILO,NSW,2747
12850,LLANGOTHLIN,NSW,2365
12851,LLOYD,NSW,2650
12852,LOADSTONE,NSW,2474
12853,LOCHIEL,NSW,2549
12854,LOCHINVAR,NSW,2321
12855,LOCKHART,NSW,2656
12856,LOCKSLEY,NSW,2795
12857,LOFTUS,NSW,2232
12858,LOFTVILLE,NSW,2480
12859,LOGANS CROSSING,NSW,2439
12860,LOGIE BRAE,NSW,2713
12861,LONDONDERRY,NSW,2753
12862,LONG BEACH,NSW,2536
12863,LONG CREEK,NSW,2850
12864,LONG FLAT,NSW,2446
12865,LONG JETTY,NSW,2261
12866,LONG PLAIN,NSW,2360
12867,LONG PLAIN,NSW,2629
12868,LONG PLAIN,NSW,2630
12869,LONG POINT,NSW,2330
12870,LONG POINT,NSW,2564
12871,LONG POINT,NSW,2800
12872,RED LION,NSW,2097
12873,LONGARM,NSW,2347
12874,LONGREACH,NSW,2540
12875,LONGUEVILLE,NSW,2066
12876,LOOMBAH,NSW,2867
12877,LOOMBERAH,NSW,2340
12878,LORD HOWE ISLAND,NSW,2898
12879,LORDS HILL,NSW,2632
12880,LYONS,NSW,2320
12881,MELBOURNE,NSW,2439
12882,LOST RIVER,NSW,2583
12883,LOSTOCK,NSW,2311
12884,LOUISA CREEK,NSW,2469
12885,LOUTH,NSW,2840
12886,LOUTH PARK,NSW,2320
12887,LOVEDALE,NSW,2325
12888,LOVETT BAY,NSW,2105
12889,LOWANNA,NSW,2450
12890,LOWER ACACIA CREEK,NSW,2476
12891,LOWER BAGO,NSW,2730
12892,LOWER BELFORD,NSW,2335
12893,LOWER BORO,NSW,2580
12894,LOWER BOTTLE CREEK,NSW,2469
12895,LOWER BUCCA,NSW,2450
12896,LOWER COLDSTREAM,NSW,2460
12897,LOWER CREEK,NSW,2440
12898,LOWER DUCK CREEK,NSW,2469
12899,LOWER DYRAABA,NSW,2470
12900,LOWER EUCEMBENE,NSW,2628
12901,LOWER HAWKESBURY,NSW,2775
12902,LOWER LEWIS PONDS,NSW,2800
12903,LOWER MACDONALD,NSW,2775
12904,LOWER MANGROVE,NSW,2250
12905,LOWER PAPPINBARRA,NSW,2446
12906,LOWER PEACOCK,NSW,2469
12907,PRESTON LOWER,NSW,2756
12908,LOWER SOUTHGATE,NSW,2460
12909,LOWER THREDBO,NSW,2627
12910,LOWESDALE,NSW,2646
12911,LOWTHER,NSW,2790
12912,LOXFORD,NSW,2326
12913,LUCAS HEIGHTS,NSW,2234
12914,LUCKNOW,NSW,2800
12915,LUDDENHAM,NSW,2745
12916,LUE,NSW,2850
12917,LUGARNO,NSW,2210
12918,LURNEA,NSW,2170
12919,LUSKINTYRE,NSW,2321
12920,LYNCHS CREEK,NSW,2474
12921,LYNDHURST,NSW,2350
12922,LYNDHURST,NSW,2797
12923,LYNWOOD,NSW,2477
12924,MABINS WELL,NSW,2716
12925,MACARTHUR SQUARE,NSW,2560
12926,MACDONALDS CREEK,NSW,2339
12927,MACKSVILLE,NSW,2447
12928,MACLEAN,NSW,2463
12929,MACMASTERS BEACH,NSW,2251
12930,MACQUARIE CENTRE,NSW,2113
12931,MACQUARIE FIELDS,NSW,2564
12932,MACQUARIE HILLS,NSW,2285
12933,MACQUARIE LINKS,NSW,2565
12934,MACQUARIE MARSHES,NSW,2831
12935,MACQUARIE PARK,NSW,2113
12936,MACQUARIE PASS,NSW,2577
12937,MACQUARIE UNIVERSITY,NSW,2109
12938,MADDENS PLAINS,NSW,2508
12939,MADGWICK,NSW,2350
12940,MAFFRA,NSW,2630
12941,MAGENTA,NSW,2261
12942,MAGOMETON,NSW,2829
12943,MAIANBAR,NSW,2230
12944,MAIMURU,NSW,2594
12945,MAIN ARM,NSW,2482
12946,MAIN CREEK,NSW,2420
12947,MAIRJIMMY,NSW,2716
12948,MAISON DIEU,NSW,2330
12949,MAITLAND,NSW,2320
12950,MAITLAND BAR,NSW,2850
12951,MAITLAND NORTH,NSW,2320
12952,MAITLAND VALE,NSW,2320
12953,MAJORS CREEK,NSW,2622
12954,MALABAR,NSW,2036
12955,MALABUGILMAH,NSW,2460
12956,MALDON,NSW,2571
12957,MALLABULA,NSW,2319
12958,MALLAN,NSW,2734
12959,MALLAN,NSW,3586
12960,MALLANGANEE,NSW,2469
12961,MALLEE,NSW,2738
12962,MALLOWA,NSW,2400
12963,MALONEYS BEACH,NSW,2536
12964,MALUA BAY,NSW,2536
12965,MANAHAN,NSW,2200
12966,MUMBANNAR,NSW,2622
12967,MANARA,NSW,2878
12968,MANCHESTER SQUARE,NSW,2577
12969,MANDAGERY,NSW,2870
12970,MANDALONG,NSW,2264
12971,MANDEMAR,NSW,2575
12972,MANDURAMA,NSW,2792
12973,MEADOW HEIGHTS,NSW,2830
12974,MANGERTON,NSW,2500
12975,MANGOOLA,NSW,2328
12976,MANGOPLAH,NSW,2652
12977,MANGROVE CREEK,NSW,2250
12978,MANGROVE MOUNTAIN,NSW,2250
12979,MANILDRA,NSW,2865
12980,MANILLA,NSW,2346
12981,MANLY,NSW,1655
12982,MANLY,NSW,2095
12983,MANLY EAST,NSW,2095
12984,MANLY VALE,NSW,2093
12985,MANNERING PARK,NSW,2259
12986,MANNING POINT,NSW,2430
12987,MANNUS,NSW,2653
12988,MANOBALAI,NSW,2333
12989,MENTONE,NSW,2582
12990,MYAMYN,NSW,2539
12991,MARAGLE,NSW,2653
12992,MARAYLYA,NSW,2765
12993,MARIBYRNONG,NSW,2148
12994,MARCH,NSW,2800
12995,MARCHMONT,NSW,2582
12996,MARDI,NSW,2259
12997,MARENGO,NSW,2453
12998,MARES RUN,NSW,2422
12999,MARINNA,NSW,2663
13000,MARKS POINT,NSW,2280
13001,MARKWELL,NSW,2423
13002,MARLEE,NSW,2429
13003,MARLEY,NSW,2232
13004,MARLO MERRICAN,NSW,2441
13005,MARLO MERRICAN,NSW,2446
13006,MARLOW,NSW,2775
13007,MARLOWE,NSW,2622
13008,MARMONG POINT,NSW,2284
13009,MAROM CREEK,NSW,2480
13010,MAROOTA,NSW,2756
13011,MAROUBRA,NSW,2035
13012,MAROUBRA SOUTH,NSW,2035
13013,MARRANGAROO,NSW,2790
13014,MARRAR,NSW,2652
13015,MARRICKVILLE,NSW,1475
13016,MARRICKVILLE,NSW,1476
13017,MARRICKVILLE,NSW,2204
13018,MARRICKVILLE METRO,NSW,2204
13019,MARRICKVILLE SOUTH,NSW,2204
13020,MARSDEN PARK,NSW,2765
13021,MARSFIELD,NSW,2122
13022,MARSHALL MOUNT,NSW,2530
13023,MARSHDALE,NSW,2420
13024,MARTHAGUY,NSW,2824
13025,MARTINDALE,NSW,2328
13026,MARTINS CREEK,NSW,2420
13027,MARTINSVILLE,NSW,2265
13028,MARULAN,NSW,2579
13029,MARULAN SOUTH,NSW,2579
13030,MARYLAND,NSW,2287
13031,MARYLAND,NSW,4377
13032,MARYS MOUNT,NSW,2380
13033,MARYVALE,NSW,2820
13034,MARYVILLE,NSW,2293
13035,MASCOT,NSW,1460
13036,MASCOT,NSW,2020
13037,MUNTHAM,NSW,2250
13038,MATHESON,NSW,2370
13039,MATHOURA,NSW,2710
13040,MATONG,NSW,2652
13041,MATRAVILLE,NSW,2036
13042,MAUDE,NSW,2711
13043,MAUDVILLE,NSW,2422
13044,MAULES CREEK,NSW,2382
13045,MAXWELL,NSW,2650
13046,MAYBOLE,NSW,2365
13047,MAYERS FLAT,NSW,2423
13048,MAYFIELD,NSW,2304
13049,MAYFIELD,NSW,2540
13050,MAYFIELD,NSW,2580
13051,MAYFIELD,NSW,2787
13052,MAYFIELD EAST,NSW,2304
13053,MAYFIELD NORTH,NSW,2304
13054,MAYFIELD WEST,NSW,2304
13055,MAYNARDS PLAINS,NSW,2453
13056,MAYRUNG,NSW,2710
13057,MAYS HILL,NSW,2145
13058,MAYVALE,NSW,2347
13059,MCALISTER,NSW,2580
13060,MCCARRS CREEK,NSW,2105
13061,MCCULLYS GAP,NSW,2333
13062,MCDOUGALLS HILL,NSW,2330
13063,MCGRATHS HILL,NSW,2756
13064,MCKEES HILL,NSW,2480
13065,MCKELLARS PARK,NSW,2790
13066,MCLEANS RIDGES,NSW,2480
13067,MCLEODS SHOOT,NSW,2479
13068,MCMAHONS POINT,NSW,2060
13069,MCMAHONS REEF,NSW,2587
13070,MCPHERSONS CROSSING,NSW,2460
13071,MEADOW FLAT,NSW,2795
13072,MEADOWBANK,NSW,2114
13073,MEBBIN,NSW,2484
13074,MEBUL,NSW,2852
13075,MEDLOW BATH,NSW,2780
13076,MEDOWIE,NSW,2318
13077,MEDWAY,NSW,2577
13078,MEDWAY,NSW,2820
13079,MEERMAUL,NSW,2380
13080,MEERSCHAUM VALE,NSW,2477
13081,MEGALONG,NSW,2785
13082,MEGALONG VALLEY,NSW,2785
13083,MEGAN,NSW,2453
13084,MELBERGEN,NSW,2669
13085,MEPUNGA,NSW,2430
13086,MELLONG,NSW,2756
13087,MELLOOL,NSW,2734
13088,MELONBA,NSW,2765
13089,MELROSE PARK,NSW,2114
13090,MELVILLE,NSW,2320
13091,MEMAGONG,NSW,2594
13092,MENAH,NSW,2850
13093,MENAI,NSW,2234
13094,MENAI CENTRAL,NSW,2234
13095,MENANGLE,NSW,2568
13096,MENANGLE PARK,NSW,2563
13097,MENDOORAN,NSW,2842
13098,MENINDEE,NSW,2879
13099,MERAH NORTH,NSW,2388
13100,MEREWETHER,NSW,2291
13101,MEREWETHER HEIGHTS,NSW,2291
13102,MERRIMU,NSW,2548
13103,MERINO,NSW,2537
13104,MERNOT,NSW,2422
13105,MEROO,NSW,2850
13106,MEROO MEADOW,NSW,2540
13107,MEROTHERIE,NSW,2852
13108,MERRIANGAAH,NSW,2632
13109,MERRICUMBENE,NSW,2536
13110,MERRICUMBENE,NSW,2622
13111,MERRIGAL,NSW,2827
13112,MERRILL,NSW,2581
13113,MERRIWA,NSW,2329
13114,MERRIWAGGA,NSW,2652
13115,MERRYGOEN,NSW,2831
13116,MERRYLANDS,NSW,2160
13117,MORELAND WEST,NSW,2160
13118,MERTON VALE,NSW,2646
13119,MERUNGLE HILL,NSW,2705
13120,MERYLA,NSW,2577
13121,METFORD,NSW,2323
13122,METFORD DC,NSW,2323
13123,METHUL,NSW,2701
13124,METZ,NSW,2350
13125,MIAMLEY,NSW,2873
13126,MIANDETTA,NSW,2825
13127,MICALO ISLAND,NSW,2464
13128,MICHELAGO,NSW,2620
13129,MICKIBRI,NSW,2870
13130,MID NORTH COAST MC,NSW,2442
13131,MID NORTH COAST MSC,NSW,2442
13132,MIDDLE ARM,NSW,2580
13133,MIDDLE BROOK,NSW,2337
13134,MIDDLE BROTHER,NSW,2443
13135,MIDDLE CAMP,NSW,2281
13136,MIDDLE CREEK,NSW,2068
13137,MIDDLE DURAL,NSW,2158
13138,MIDDLE FALBROOK,NSW,2330
13139,MIDDLE FLAT,NSW,2630
13140,MIDDLE POCKET,NSW,2483
13141,MIDDLETON GRANGE,NSW,2171
13142,MIDDLINGBANK,NSW,2630
13143,MIDGINBIL,NSW,2484
13144,MIDWAY,NSW,2720
13145,MIHI,NSW,2358
13146,MILA,NSW,2632
13147,MILBRODALE,NSW,2330
13148,MILBRULONG,NSW,2656
13149,MILBY,NSW,2877
13150,MILGUY,NSW,2399
13151,MILKERS FLAT,NSW,2795
13152,MILLAH MURRAH,NSW,2795
13153,MILLBANK,NSW,2440
13154,MILLER,NSW,2168
13155,MILLERS FOREST,NSW,2324
13156,MILLERS POINT,NSW,2000
13157,MILLFIELD,NSW,2325
13158,MILLIE,NSW,2397
13159,MILLINGANDI,NSW,2549
13160,MILLSVILLE,NSW,2850
13161,MILLTHORPE,NSW,2798
13162,MILPARINKA,NSW,2880
13163,MILPERRA,NSW,1891
13164,MILPERRA,NSW,2214
13165,MILROY,NSW,2380
13166,MILROY,NSW,2850
13167,MILSONS ARM,NSW,2325
13168,MILSONS PASSAGE,NSW,2083
13169,MILSONS POINT,NSW,1565
13170,MILSONS POINT,NSW,2061
13171,MILTON,NSW,2538
13172,MILVALE,NSW,2594
13173,MIMOSA,NSW,2666
13174,MINCHINBURY,NSW,2770
13175,MINDARIBBA,NSW,2320
13176,MINGAY,NSW,2727
13177,MINGOOLA,NSW,2372
13178,MINGOOLA,NSW,4380
13179,MINIMBAH,NSW,2312
13180,MINJARY,NSW,2720
13181,MINYIP,NSW,2287
13182,MINNAMURRA,NSW,2533
13183,MINNIE WATER,NSW,2462
13184,MINORE,NSW,2830
13185,MINTO,NSW,2566
13186,MINTO DC,NSW,2566
13187,MINTO HEIGHTS,NSW,2566
13188,MIRADOR,NSW,2548
13189,NIRRANDA,NSW,1490
13190,MIRRANATWA,NSW,2228
13191,MIRANNIE,NSW,2330
13192,MIRRABOOKA,NSW,2264
13193,MURROON,NSW,2665
13194,MISSABOTTI,NSW,2449
13195,MISSENDEN ROAD,NSW,2050
13196,MISSINGHAM,NSW,2480
13197,MITCHELL PARK,NSW,2795
13198,MITCHELLS FLAT,NSW,2330
13199,MITCHELLS ISLAND,NSW,2430
13200,MITTAGONG,NSW,2575
13201,MOAMA,NSW,2731
13202,MODANVILLE,NSW,2480
13203,MOGAREEKA,NSW,2550
13204,MOGENDOURA,NSW,2537
13205,MOGGS SWAMP,NSW,2370
13206,MOGILLA,NSW,2550
13207,MOGO,NSW,2536
13208,MOGO,NSW,2850
13209,MOGO CREEK,NSW,2775
13210,MOGOOD,NSW,2538
13211,MOGRANI,NSW,2422
13212,MOGRANI CREEK,NSW,2422
13213,MOGRIGUY,NSW,2830
13214,MORIAC,NSW,2710
13215,MOLE RIVER,NSW,2372
13216,MOLEVILLE CREEK,NSW,2460
13217,MOLLYAN,NSW,2842
13218,MOLLYMOOK,NSW,2539
13219,MOLLYMOOK BEACH,NSW,2539
13220,MOLONG,NSW,2866
13221,MOONEE VALE,NSW,1658
13222,MONA VALE,NSW,1660
13223,MONA VALE,NSW,2103
13224,MONAK,NSW,2738
13225,MONALTRIE,NSW,2480
13226,MONASH PARK,NSW,2111
13227,MONDAYONG,NSW,2540
13228,MONDROOK,NSW,2430
13229,MONGA,NSW,2622
13230,MONGARLOWE,NSW,2622
13231,MONGOGARIE,NSW,2470
13232,MONIA GAP,NSW,2675
13233,MONIVAE,NSW,2850
13234,MONKERAI,NSW,2415
13235,MONTEAGLE,NSW,2594
13236,MONTECOLLUM,NSW,2482
13237,MONTEFIORES,NSW,2820
13238,MONTMORENCY,NSW,2217
13239,MOORALLA,NSW,2483
13240,MOORABBIN,NSW,2337
13241,MOOGEM,NSW,2370
13242,MOOKERAWA,NSW,2820
13243,MOOKIMA WYBRA,NSW,2469
13244,MOOLARBEN,NSW,2850
13245,MOOLLATTOO,NSW,2540
13246,MOOLPA,NSW,2734
13247,MOOMBOOLDOOL,NSW,2665
13248,MOONA PLAINS,NSW,2354
13249,MOONAHCULLAH,NSW,2710
13250,MOONAN BROOK,NSW,2337
13251,MOONAN FLAT,NSW,2337
13252,MOONBAH,NSW,2627
13253,MOONBI,NSW,2353
13254,MOONBRIA,NSW,2710
13255,MOONEBA,NSW,2440
13256,MOONEE PONDS,NSW,2259
13257,MOONEE BEACH,NSW,2450
13258,MOONEM,NSW,2472
13259,MOONEY MOONEY,NSW,2083
13260,MOONEY MOONEY CREEK,NSW,2250
13261,MOONPAR,NSW,2453
13262,MOORAL CREEK,NSW,2429
13263,MOORARA,NSW,2648
13264,MOORBEL,NSW,2804
13265,MOORE CREEK,NSW,2340
13266,MOORE PARK,NSW,2021
13267,MOOREBANK,NSW,1874
13268,MOOREBANK,NSW,1875
13269,MOOREBANK,NSW,2170
13270,MOORILDA,NSW,2795
13271,MORELAND,NSW,2443
13272,MOORONG,NSW,2650
13273,MOORWATHA,NSW,2640
13274,MOOTAI,NSW,2325
13275,MOPARRABAH,NSW,2440
13276,MOPPY,NSW,2422
13277,MORAGO,NSW,2710
13278,MORANGARELL,NSW,2666
13279,MORANS CROSSING,NSW,2550
13280,MOREE,NSW,2400
13281,MOREE EAST,NSW,2400
13282,MORRISONS,NSW,2264
13283,MORISSET PARK,NSW,2264
13284,MORNING BAY,NSW,2105
13285,MORNING BAY,NSW,2108
13286,MORORO,NSW,2469
13287,MORTCHUP,NSW,2321
13288,MORTDALE,NSW,2223
13289,MORTLAKE,NSW,2137
13290,MOYSTON,NSW,2538
13291,MORTONS CREEK,NSW,2446
13292,MORTS ESTATE,NSW,2790
13293,MORUBEN,NSW,2325
13294,MORUNDAH,NSW,2700
13295,MORUYA,NSW,2537
13296,MORUYA HEADS,NSW,2537
13297,MORVEN,NSW,2370
13298,MORVEN,NSW,2660
13299,MOSMAN,NSW,2088
13300,MOSS VALE,NSW,2577
13301,MOSSGIEL,NSW,2878
13302,MOSSY POINT,NSW,2537
13303,MOTO,NSW,2426
13304,MOTTO FARM,NSW,2324
13305,MOULAMEIN,NSW,2733
13306,MOUNT DORAN,NSW,2729
13307,MOUNT ANNAN,NSW,2567
13308,MOUNT AQUILA,NSW,2820
13309,MOUNT ARTHUR,NSW,2820
13310,MOUNT AUSTIN,NSW,2650
13311,MOUNT BURRELL,NSW,2484
13312,MOUNT COLE,NSW,2079
13313,MOUNT COLLINS,NSW,2794
13314,MOUNT COOPER,NSW,2631
13315,MOUNT CRYSTAL,NSW,2665
13316,MOUNT DARRAGH,NSW,2632
13317,MOUNT DAVID,NSW,2795
13318,MOUNT MERCER,NSW,2320
13319,MOUNT DRUITT,NSW,2770
13320,MOUNT DRUITT VILLAGE,NSW,2770
13321,MOUNT ELLIOT,NSW,2250
13322,MOUNT FAIRY,NSW,2580
13323,MOUNT FOSTER,NSW,2824
13324,MOUNT FROME,NSW,2850
13325,MOUNT GEORGE,NSW,2424
13326,MOUNT GIPPS,NSW,2880
13327,MOUNT HARRIS,NSW,2824
13328,MOUNT HOPE,NSW,2877
13329,MOUNT HOREB,NSW,2729
13330,MOUNT HUNTER,NSW,2570
13331,MOUNT HUTTON,NSW,2290
13332,MOUNT IRVINE,NSW,2786
13333,MOUNT KEIRA,NSW,2500
13334,MOUNT KEMBLA,NSW,2526
13335,MOUNT KINGIMAN,NSW,2539
13336,MOUNT KNOWLES,NSW,2850
13337,MOUNT KURING-GAI,NSW,2080
13338,MOUNT LAMBIE,NSW,2790
13339,MOUNT LEWIS,NSW,2190
13340,MOUNT LEWIS,NSW,2200
13341,MOUNT LINDSEY,NSW,2575
13342,MOUNT MARSDEN,NSW,2849
13343,MOUNT MARSH,NSW,2469
13344,MOUNT MCDONALD,NSW,2793
13345,MOUNT MITCHELL,NSW,2365
13346,MOUNT MURRAY,NSW,2577
13347,MOUNT OLIVE,NSW,2330
13348,MOUNT OLIVE,NSW,2787
13349,MOUNT OUSLEY,NSW,2519
13350,MOUNT PANORAMA,NSW,2795
13351,MOUNT PEERLESS,NSW,2422
13352,MOUNT PLEASANT,NSW,2519
13353,MOUNT PRITCHARD,NSW,2170
13354,MOUNT RAE,NSW,2580
13355,MOUNT RANKIN,NSW,2795
13356,MOUNT RIVERS,NSW,2311
13357,MOUNT RIVERVIEW,NSW,2774
13358,MOUNT ROYAL,NSW,2330
13359,MOUNT RUSSELL,NSW,2360
13360,MOUNT SAINT THOMAS,NSW,2500
13361,MOUNT SEAVIEW,NSW,2446
13362,MOUNT TENANDRA,NSW,2828
13363,MOUNT THORLEY,NSW,2330
13364,MOUNT TOMAH,NSW,2758
13365,MOUNT VERNON,NSW,2178
13366,MOUNT VICTORIA,NSW,2786
13367,MOUNT VIEW,NSW,2325
13368,MOUNT VINCENT,NSW,2323
13369,MOUNT WARNING,NSW,2484
13370,MOUNT WARRIGAL,NSW,2528
13371,MOUNT WERONG,NSW,2787
13372,MOUNT WHITE,NSW,2250
13373,MOUNT WILSON,NSW,2786
13374,MOUNTAIN CREEK,NSW,2644
13375,MOUNTAIN LAGOON,NSW,2758
13376,MOUNTAIN TOP,NSW,2480
13377,MOUNTAIN VIEW,NSW,2460
13378,MOURQUONG,NSW,2648
13379,MOURQUONG,NSW,2739
13380,MOWBRAY PARK,NSW,2571
13381,MOZART,NSW,2787
13382,MUDGEE,NSW,2850
13383,MUGINCOBLE,NSW,2870
13384,MULBRING,NSW,2323
13385,MULDIVA,NSW,2453
13386,MULGOA,NSW,2745
13387,MULGOWRIE,NSW,2583
13388,MULGRAVE,NSW,2756
13389,MULGUTHRIE,NSW,2877
13390,MULI MULI,NSW,2476
13391,MULLA,NSW,2825
13392,MULLA CREEK,NSW,2352
13393,MULLALEY,NSW,2379
13394,MULLAMUDDY,NSW,2850
13395,MULLAWAY,NSW,2456
13396,MULLENGANDRA,NSW,2644
13397,MULLENGUDGERY,NSW,2825
13398,MULLION,NSW,2582
13399,MULLION CREEK,NSW,2800
13400,MULLOON,NSW,2622
13401,MULLUMBIMBY,NSW,2482
13402,MULLUMBIMBY CREEK,NSW,2482
13403,MULWALA,NSW,2647
13404,MULYANDRY,NSW,2871
13405,MUMBIL,NSW,2820
13406,MUMBLEBONE PLAIN,NSW,2824
13407,MUMBULLA MOUNTAIN,NSW,2550
13408,MUMMEL,NSW,2580
13409,MUMMULGUM,NSW,2469
13410,MUNDAMIA,NSW,2540
13411,MUNDARLO,NSW,2729
13412,MUNDEROO,NSW,2653
13413,MUNDONGO,NSW,2720
13414,MUNGAY CREEK,NSW,2440
13415,MUNGERY,NSW,2869
13416,MUNGHORN,NSW,2850
13417,MUNGLE,NSW,2408
13418,MUNGO,NSW,2715
13419,MUNGO BRUSH,NSW,2423
13420,MUNNI,NSW,2420
13421,MUNYABLA,NSW,2658
13422,MUNYANG,NSW,2624
13423,MURTOA,NSW,2864
13424,MURIEL,NSW,2831
13425,MURONBUNG,NSW,2830
13426,MURRAGAMBA,NSW,2850
13427,MURRAH,NSW,2546
13428,MURRAH,NSW,2550
13429,MURRAMI,NSW,2705
13430,MURRAWOMBIE,NSW,2825
13431,MURRAY DOWNS,NSW,2734
13432,MURRAY GORGE,NSW,2642
13433,MURRAY REGION MC,NSW,2708
13434,MURRAYS BEACH,NSW,2281
13435,MURRAYS RUN,NSW,2325
13436,MURRENGENBURG,NSW,2536
13437,MURRENGENBURG,NSW,2622
13438,MURRIN BRIDGE,NSW,2672
13439,MURRINGO,NSW,2586
13440,MURRULEBALE,NSW,2652
13441,MURRUMBEENA,NSW,2582
13442,MURRUMBO,NSW,2849
13443,MURRUMBUCCA,NSW,2630
13444,MURRUMBURRAH,NSW,2587
13445,MURRURUNDI,NSW,2338
13446,MURULLA,NSW,2337
13447,MURWILLUMBAH,NSW,2484
13448,MURWILLUMBAH DC,NSW,2484
13449,MURWILLUMBAH SOUTH,NSW,2484
13450,MUSCLE CREEK,NSW,2333
13451,MUSWELLBROOK,NSW,2333
13452,MUTAWINTJI,NSW,2880
13453,MUTTAMA,NSW,2722
13454,MYALL CREEK,NSW,2403
13455,MYALL LAKE,NSW,2423
13456,MYALL PARK,NSW,2681
13457,MYALLA,NSW,2630
13458,MYLESTOM,NSW,2454
13459,MYLNEFORD,NSW,2460
13460,MYOCUM,NSW,2481
13461,MYOLA,NSW,2540
13462,MYRA VALE,NSW,2577
13463,MYRTLE CREEK,NSW,2469
13464,MYRTLE MOUNTAIN,NSW,2550
13465,MYRTLE PARK,NSW,2713
13466,MYRTLEVILLE,NSW,2580
13467,MYSTERY BAY,NSW,2546
13468,MYUNA BAY,NSW,2264
13469,NABIAC,NSW,2312
13470,NAVARRE,NSW,2734
13471,NADGEE,NSW,2551
13472,NAMBUCCA HEADS,NSW,2448
13473,NAMOI RIVER,NSW,2346
13474,NANA GLEN,NSW,2450
13475,NANAMI,NSW,2806
13476,NANANGROE,NSW,2582
13477,NANARDINE,NSW,2870
13478,NANGUS,NSW,2722
13479,NANIMA,NSW,2582
13480,NANIMA,NSW,2820
13481,NAPIER LANE,NSW,2379
13482,NAPOLEONS,NSW,2795
13483,NARADHAN,NSW,2669
13484,NARARA,NSW,2250
13485,NARELLAN,NSW,2567
13486,NARELLAN DC,NSW,2567
13487,NARELLAN VALE,NSW,2567
13488,NAREMBURN,NSW,2065
13489,NARONE CREEK,NSW,2325
13490,NAROOMA,NSW,2546
13491,NARRABARBA,NSW,2551
13492,NARRABEEN,NSW,2101
13493,NARRABEEN PENINSULA,NSW,2101
13494,NARRABRI,NSW,2390
13495,NARRABRI WEST,NSW,2390
13496,NARRABURRA,NSW,2666
13497,NARRAMBLA,NSW,2800
13498,NARRAN LAKE,NSW,2839
13499,NARRANDERA,NSW,2700
13500,NARRANGULLEN,NSW,2582
13501,NARRAWONG,NSW,2583
13502,NARRAWALLEE,NSW,2539
13503,NARRAWEENA,NSW,2099
13504,NARROMINE,NSW,2821
13505,NARWEE,NSW,2209
13506,NASHDALE,NSW,2800
13507,NASHUA,NSW,2479
13508,NATTAI,NSW,2570
13509,NAUGHTONS GAP,NSW,2470
13510,NEA,NSW,2381
13511,NEATH,NSW,2326
13512,NEBEA,NSW,2829
13513,NEILREX,NSW,2831
13514,NELLIGEN,NSW,2536
13515,NELSON,NSW,2550
13516,NELSON,NSW,2765
13517,NELSON BAY,NSW,2315
13518,NELSONS PLAINS,NSW,2324
13519,NELUNGALOO,NSW,2876
13520,NEMINGHA,NSW,2340
13521,NERICON,NSW,2680
13522,NERINGLA,NSW,2622
13523,NERONG,NSW,2423
13524,NERRINA,NSW,2622
13525,NERRIGUNDAH,NSW,2545
13526,NORTHCOTE,NSW,2549
13527,NEUREA,NSW,2820
13528,NEUTRAL BAY,NSW,2089
13529,NEUTRAL BAY JUNCTION,NSW,2089
13530,NEVER NEVER,NSW,2453
13531,NEVERTIRE,NSW,2826
13532,NEVERTIRE,NSW,2831
13533,NEVILLE,NSW,2799
13534,NEW BERRIMA,NSW,2577
13535,NEW BRIGHTON,NSW,2483
13536,NEW BUILDINGS,NSW,2550
13537,NEW ENGLAND MC,NSW,2348
13538,NEW ITALY,NSW,2472
13539,NEW LAMBTON,NSW,2305
13540,NEW LAMBTON HEIGHTS,NSW,2305
13541,NEW MEXICO,NSW,2346
13542,NEW MOLLYAN,NSW,2842
13543,NOBLE PARK,NSW,2474
13544,NEW VALLEY,NSW,2365
13545,NEWBOLD,NSW,2460
13546,NEWBRIDGE,NSW,2795
13547,NEWCASTLE,NSW,2300
13548,NEWCASTLE EAST,NSW,2300
13549,NEWCASTLE UNIVERSITY,NSW,2308
13550,NEWCASTLE WEST,NSW,2302
13551,NEWEE CREEK,NSW,2447
13552,NEWINGTON,NSW,2127
13553,NEWLYN,NSW,2350
13554,NEWNES,NSW,2790
13555,NEWNES PLATEAU,NSW,2790
13556,NEWPORT,NSW,2106
13557,NEWPORT BEACH,NSW,2106
13558,NEWRYBAR,NSW,2479
13559,NEWSTEAD,NSW,2360
13560,NEWTON BOYD,NSW,2370
13561,NEWTOWN,NSW,2042
13562,NGARIGO,NSW,2627
13563,NIAGARA PARK,NSW,2250
13564,NIANGALA,NSW,2354
13565,NIEMUR,NSW,2733
13566,NIGHTCAP,NSW,2480
13567,NIMBIN,NSW,2480
13568,NIMMITABEL,NSW,2631
13569,NIMMO,NSW,2628
13570,NIMMO,NSW,2630
13571,NIRIMBA FIELDS,NSW,2763
13572,NOBBYS CREEK,NSW,2484
13573,NOGGABRI,NSW,2380
13574,NOMBI,NSW,2379
13575,NOORAT,NSW,2835
13576,NOONBINNA,NSW,2794
13577,NOORONG,NSW,2732
13578,NOOROO,NSW,2415
13579,NORAH HEAD,NSW,2263
13580,NORAVILLE,NSW,2263
13581,NORDS WHARF,NSW,2281
13582,NORFOLK ISLAND,NSW,2899
13583,NORMANHURST,NSW,2076
13584,NORTH ALBURY,NSW,2640
13585,NORTH ARM,NSW,2484
13586,NORTH ARM COVE,NSW,2324
13587,NORTH AVOCA,NSW,2260
13588,NORTH BALGOWLAH,NSW,2093
13589,NORTH BATEMANS BAY,NSW,2536
13590,NORTH BOAMBEE VALLEY,NSW,2450
13591,NORTH BONDI,NSW,2026
13592,NORTH MELBOURNE,NSW,2840
13593,NORTH BROTHER,NSW,2443
13594,NORTH CASINO,NSW,2470
13595,NORTH CURL CURL,NSW,2099
13596,NORTH DORRIGO,NSW,2453
13597,NORTH EPPING,NSW,2121
13598,NORTH GOSFORD,NSW,2250
13599,NORTH HAVEN,NSW,2443
13600,NORTH HILL,NSW,2350
13601,NORTH KELLYVILLE,NSW,2155
13602,NORTH LAMBTON,NSW,2299
13603,NORTH LISMORE,NSW,2480
13604,NORTH MACKSVILLE,NSW,2447
13605,NORTH MACQUARIE,NSW,2527
13606,NORTH MANLY,NSW,2100
13607,NORTH NAROOMA,NSW,2546
13608,NORTH NARRABEEN,NSW,2101
13609,NORTH NOWRA,NSW,2541
13610,NORTH PARRAMATTA,NSW,1750
13611,NORTH PARRAMATTA,NSW,2151
13612,RICHMOND NORTH,NSW,2754
13613,NORTH ROCKS,NSW,2151
13614,NORTH ROTHBURY,NSW,2335
13615,NORTH RYDE,NSW,1670
13616,NORTH RYDE,NSW,2113
13617,NORTH RYDE BC,NSW,1670
13618,NORTH SHORE,NSW,2444
13619,NORTH ST IVES,NSW,2075
13620,NORTH ST MARYS,NSW,2760
13621,NORTH STAR,NSW,2408
13622,NORTH STRATHFIELD,NSW,2137
13623,NORTH SYDNEY,NSW,2055
13624,NORTH SYDNEY,NSW,2059
13625,NORTH SYDNEY,NSW,2060
13626,NORTH SYDNEY SHOPPINGWORLD,NSW,2060
13627,NORTH TAMWORTH,NSW,2340
13628,NORTH TUMBULGUM,NSW,2490
13629,NORTH TURRAMURRA,NSW,2074
13630,NORTH WAGGA WAGGA,NSW,2650
13631,NORTH WAHROONGA,NSW,2076
13632,NORTH WILLOUGHBY,NSW,2068
13633,NORTH WOLLONGONG,NSW,2500
13634,NORTH WOODBURN,NSW,2471
13635,NORTH YALGOGRIN,NSW,2669
13636,NORTH YALGOGRIN,NSW,2671
13637,NORTH YEOVAL,NSW,2820
13638,NORTH YEOVAL,NSW,2868
13639,NORTHANGERA,NSW,2622
13640,NORTHBRIDGE,NSW,1560
13641,NORTHBRIDGE,NSW,2063
13642,NORTHERN SUBURBS MC,NSW,2058
13643,NORTHMEAD,NSW,2152
13644,NORTHWOOD,NSW,2066
13645,NORWAY,NSW,2787
13646,NORWEST,NSW,2153
13647,NOWENDOC,NSW,2354
13648,NOWLEY,NSW,2386
13649,NOWRA,NSW,2541
13650,NOWRA DC,NSW,2541
13651,NOWRA EAST,NSW,2541
13652,NOWRA HILL,NSW,2540
13653,NOWRA NAVAL PO,NSW,2540
13654,NOWRA NORTH,NSW,2541
13655,NUBBA,NSW,2587
13656,NUBINGERIE,NSW,2831
13657,NULKABA,NSW,2325
13658,NULLAMANNA,NSW,2360
13659,ULLINA,NSW,2551
13660,NULLO MOUNTAIN,NSW,2849
13661,NUMBAA,NSW,2540
13662,NUMBER ONE,NSW,2424
13663,NUMBLA VALE,NSW,2628
13664,NUMBUGGA,NSW,2550
13665,NUMERALLA,NSW,2630
13666,NUMINBAH,NSW,2484
13667,NUMULGI,NSW,2480
13668,NUNDERI,NSW,2484
13669,NUNDLE,NSW,2340
13670,NUNGAR,NSW,2629
13671,NUNGATTA,NSW,2551
13672,NUNGATTA,NSW,2632
13673,NUNGATTA SOUTH,NSW,2551
13674,NURENMERENMONG,NSW,2649
13675,NYMAGEE,NSW,2831
13676,NYMBOIDA,NSW,2460
13677,NYNGAN,NSW,2825
13678,NYORA,NSW,2646
13679,NYRANG CREEK,NSW,2804
13680,O'CONNELL,NSW,2795
13681,OAK FLATS,NSW,2529
13682,OAK FLATS DC,NSW,2529
13683,PARKDALE,NSW,2570
13684,OAKEY PARK,NSW,2790
13685,OAKHAMPTON,NSW,2320
13686,OAKHAMPTON HEIGHTS,NSW,2320
13687,OAKHURST,NSW,2761
13688,OAKLANDS,NSW,2646
13689,OAKVILLE,NSW,2765
13690,PARKWOOD,NSW,2360
13691,OAKY PARK,NSW,2790
13692,OALLEN,NSW,2622
13693,OATLANDS,NSW,2117
13694,OATLEY,NSW,2223
13695,OBAN,NSW,2365
13696,OBANVALE,NSW,2330
13697,WERNETH,NSW,2652
13698,OBERNE CREEK,NSW,2650
13699,OBERON,NSW,2787
13700,OMBERSLEY,NSW,2868
13701,OCEAN SHORES,NSW,2483
13702,OCONNELL,NSW,2795
13703,OGUNBIL,NSW,2340
13704,OLD ADAMINABY,NSW,2629
13705,OLD BAR,NSW,2430
13706,OLD BONALBO,NSW,2469
13707,OLD EROWAL BAY,NSW,2540
13708,OLD GREVILLIA,NSW,2474
13709,OLD GUILDFORD,NSW,2161
13710,OLD JUNEE,NSW,2652
13711,OLD KOREELAH,NSW,2476
13712,OLD MILL,NSW,2369
13713,OLD STATION,NSW,2440
13714,OLD TOONGABBIE,NSW,2146
13715,OLINDA,NSW,2849
13716,OLNEY,NSW,2325
13717,OMADALE,NSW,2337
13718,ONE MILE,NSW,2316
13719,ONE TREE,NSW,2711
13720,TOOLONG,NSW,2581
13721,OOMA,NSW,2871
13722,OOTHA,NSW,2875
13723,OPHIR,NSW,2800
13724,ORAMA,NSW,2454
13725,PARK ORCHARDS,NSW,2570
13726,ORANA HEIGHTS,NSW,2830
13727,ORANGE,NSW,2800
13728,ORANGE DC,NSW,2800
13729,ORANGE EAST,NSW,2800
13730,ORANGE GROVE,NSW,2380
13731,ORANGE MOULDER STREET,NSW,2800
13732,RANGEVIEW,NSW,2570
13733,ORANMEIR,NSW,2622
13734,STOCKYARD HILL,NSW,2748
13735,ORIENT POINT,NSW,2540
13736,ORTON PARK,NSW,2795
13737,SCOTSBURN,NSW,2656
13738,OSBORNE PARK,NSW,2066
13739,OSTERLEY,NSW,2324
13740,OSWALD,NSW,2321
13741,STONYFORD,NSW,2508
13742,OURA,NSW,2650
13743,OURIMBAH,NSW,2258
13744,PURNIM,NSW,2640
13745,ROSES GAP,NSW,2337
13746,OXFORD FALLS,NSW,2100
13747,OXLEY,NSW,2711
13748,OXLEY,NSW,2824
13749,OXLEY ISLAND,NSW,2430
13750,OXLEY PARK,NSW,2760
13751,TOOLERN VALE,NSW,2340
13752,OYSTER BAY,NSW,2225
13753,OYSTER COVE,NSW,2318
13754,O’CONNELL,NSW,2795
13755,PACIFIC PALMS,NSW,2428
13756,PACKSADDLE,NSW,2880
13757,PADDINGTON,NSW,2021
13758,PADDYS FLAT,NSW,2469
13759,PADDYS FLAT,NSW,2632
13760,PADDYS RIVER,NSW,2577
13761,PADDYS RIVER,NSW,2653
13762,PADSTOW,NSW,2211
13763,PADSTOW HEIGHTS,NSW,2211
13764,PAGANS FLAT,NSW,2469
13765,PAGES CREEK,NSW,2337
13766,PAGES RIVER,NSW,2338
13767,PAGEWOOD,NSW,2035
13768,PALARANG,NSW,2632
13769,PALERANG,NSW,2622
13770,PALING YARDS,NSW,2580
13771,PALING YARDS,NSW,2795
13772,PALINYEWAH,NSW,2648
13773,PALLAL,NSW,2404
13774,PALLAMALLAWA,NSW,2399
13775,PALM BEACH,NSW,2108
13776,PALM GROVE,NSW,2258
13777,PALMDALE,NSW,2258
13778,PALMERS CHANNEL,NSW,2463
13779,PALMERS ISLAND,NSW,2463
13780,PALMERS OAKY,NSW,2795
13781,PALMVALE,NSW,2484
13782,PALMWOODS,NSW,2482
13783,PALONA,NSW,2232
13784,PAMBULA,NSW,2549
13785,PAMBULA BEACH,NSW,2549
13786,PAMPOOLAH,NSW,2430
13787,PAN BAN,NSW,2648
13788,PANANIA,NSW,2213
13789,PANGEE,NSW,2825
13790,RUPANYUP,NSW,2800
13791,PAPPINBARRA,NSW,2446
13792,PURA PURA,NSW,2648
13793,PARADISE,NSW,2360
13794,PARADISE BEACH,NSW,2107
13795,PARINGI,NSW,2738
13796,PARINGI,NSW,3500
13797,PARKES,NSW,2870
13798,ROXBURGH PARK,NSW,2870
13799,PARKESBOURNE,NSW,2580
13800,PARKLEA,NSW,2768
13801,PARKVILLE,NSW,2337
13802,PARLIAMENT HOUSE,NSW,2000
13803,PARMA,NSW,2540
13804,PARRAMATTA,NSW,1740
13805,PARRAMATTA,NSW,1741
13806,PARRAMATTA,NSW,2123
13807,PARRAMATTA,NSW,2124
13808,PARRAMATTA,NSW,2150
13809,PARRAMATTA WESTFIELD,NSW,2150
13810,PARRAWEENA,NSW,2339
13811,PATCHS BEACH,NSW,2478
13812,PATTERSON,NSW,2421
13813,PATONGA,NSW,2256
13814,PAUPONG,NSW,2628
13815,PAXTON,NSW,2325
13816,PAYNES CROSSING,NSW,2325
13817,PAYNTERS SIDING,NSW,2700
13818,PAYTENS BRIDGE,NSW,2871
13819,PEACOCK CREEK,NSW,2469
13820,PEAK HILL,NSW,2869
13821,PEAK VIEW,NSW,2630
13822,PEAKHURST,NSW,2210
13823,PEAKHURST DC,NSW,2210
13824,PEAKHURST HEIGHTS,NSW,2210
13825,PEARCES CREEK,NSW,2477
13826,PEARL BEACH,NSW,2256
13827,PEATS RIDGE,NSW,2250
13828,PEBBLY BEACH,NSW,2536
13829,PEEL,NSW,2795
13830,PEELWOOD,NSW,2583
13831,PEJAR,NSW,2583
13832,PELAW MAIN,NSW,2327
13833,PELICAN,NSW,2281
13834,PELTON,NSW,2325
13835,PEMBROOKE,NSW,2446
13836,PEMULWUY,NSW,2145
13837,PENARIE,NSW,2715
13838,PENDLE HILL,NSW,2145
13839,PENTLAND HILLS,NSW,1715
13840,PENNANT HILLS,NSW,1771
13841,PENNANT HILLS,NSW,2120
13842,PENRITH,NSW,2750
13843,PLENTY,NSW,2751
13844,PENRITH PLAZA,NSW,2750
13845,PENRITH SOUTH,NSW,2750
13846,PENROSE,NSW,2579
13847,RIPPONHURST,NSW,2222
13848,PEREKERTEN,NSW,2733
13849,PERICOE,NSW,2550
13850,PERISHER VALLEY,NSW,2624
13851,PERRYS CROSSING,NSW,2775
13852,PERTHVILLE,NSW,2795
13853,PETERSHAM,NSW,2049
13854,PETERSHAM NORTH,NSW,2049
13855,PHEASANT GROUND,NSW,2577
13856,PHEASANTS NEST,NSW,2574
13857,PHEGANS BAY,NSW,2256
13858,PHILLIP BAY,NSW,2036
13859,PHOENIX PARK,NSW,2321
13860,PIALLAMORE,NSW,2340
13861,PIALLAWAY,NSW,2342
13862,PIAMBONG,NSW,2850
13863,PICKETTS VALLEY,NSW,2251
13864,PICNIC POINT,NSW,2213
13865,PRINCETOWN,NSW,2571
13866,PIGEONBAH,NSW,2824
13867,PIGGOREET,NSW,2486
13868,PIKAPENE,NSW,2469
13869,PILLAR VALLEY,NSW,2462
13870,POOTILLA,NSW,2388
13871,PILOT WILDERNESS,NSW,2627
13872,PIMLICO,NSW,2478
13873,PIMLICO ISLAND,NSW,2478
13874,PINBEYAN,NSW,2720
13875,PINDAROI,NSW,2361
13876,PINDIMAR,NSW,2324
13877,PINE CAMP,NSW,2648
13878,PINE CLUMP,NSW,2824
13879,PINE CLUMP,NSW,2831
13880,PINE GROVE,NSW,2829
13881,PINE LODGE,NSW,2714
13882,PINE RIDGE,NSW,2343
13883,PINE VALLEY,NSW,2630
13884,PINEY RANGE,NSW,2810
13885,PINKETT,NSW,2370
13886,PINNACLE,NSW,2800
13887,PINNACLE,NSW,2810
13888,PINNACLE SWAMP,NSW,2849
13889,PINNY BEACH,NSW,2281
13890,PIORA,NSW,2470
13891,PIPECLAY,NSW,2446
13892,PIPERS FLAT,NSW,2847
13893,PITLOCHRY,NSW,2422
13894,PITNACREE,NSW,2323
13895,PITT TOWN,NSW,2756
13896,PITT TOWN BOTTOMS,NSW,2756
13897,PLEASANT HILLS,NSW,2658
13898,PLEASURE POINT,NSW,2172
13899,PLUMPTON,NSW,2761
13900,POINT CLARE,NSW,2250
13901,POINT FREDERICK,NSW,2250
13902,POINT PIPER,NSW,2027
13903,POINT WOLSTONCROFT,NSW,2259
13904,POINTER MOUNTAIN,NSW,2539
13905,POKOLBIN,NSW,2320
13906,POLA CREEK,NSW,2440
13907,POLO FLAT,NSW,2630
13908,POMEROY,NSW,2580
13909,POMONAL,NSW,2648
13910,PONTO,NSW,2818
13911,PONTO,NSW,2831
13912,POONCARIE,NSW,2648
13913,PORT FAIRY,NSW,2036
13914,PORT HACKING,NSW,2229
13915,PORT KEMBLA,NSW,2505
13916,PORT MACQUARIE,NSW,2444
13917,PORT MACQUARIE BC,NSW,2444
13918,POWERS CREEK,NSW,2538
13919,PORTERS RETREAT,NSW,2787
13920,PORTLAND WEST,NSW,2847
13921,POSSUM BRUSH,NSW,2430
13922,ROSS CREEK,NSW,2479
13923,POTATO POINT,NSW,2545
13924,POTTERY ESTATE,NSW,2790
13925,POTTS HILL,NSW,2143
13926,POTTS POINT,NSW,1335
13927,POTTS POINT,NSW,2011
13928,POTTSVILLE,NSW,2489
13929,POTTSVILLE BEACH,NSW,2489
13930,PRAIRIEWOOD,NSW,2176
13931,PREMER,NSW,2381
13932,PRESTONS,NSW,2170
13933,PRETTY BEACH,NSW,2257
13934,PRETTY BEACH,NSW,2539
13935,PRETTY GULLY,NSW,2469
13936,PRETTY PINE,NSW,2710
13937,PRIMBEE,NSW,2502
13938,PRIMROSE VALLEY,NSW,2621
13939,PROSPECT,NSW,2148
13940,PROVIDENCE PORTAL,NSW,2629
13941,PRUNEVALE,NSW,2587
13942,PUCAWAN,NSW,2666
13943,PUDDLEDOCK,NSW,2350
13944,PULGANBAR,NSW,2460
13945,PULLABOOKA,NSW,2810
13946,PULLAMING,NSW,2381
13947,PULLETOP,NSW,2650
13948,PUMPENBIL,NSW,2484
13949,PUNCHBOWL,NSW,2196
13950,PUNCHBOWL,NSW,2460
13951,PURFLEET,NSW,2430
13952,PURLEWAUGH,NSW,2357
13953,PUTNEY,NSW,2112
13954,PUTTA BUCCA,NSW,2850
13955,PUTTY,NSW,2330
13956,PYANGLE,NSW,2849
13957,PYES CREEK,NSW,2372
13958,PYMBLE,NSW,2073
13959,PYRAMUL,NSW,2850
13960,PYREE,NSW,2540
13961,SPRINGMOUNT,NSW,2009
13962,QUAAMA,NSW,2550
13963,QUAKERS HILL,NSW,2763
13964,QUAMBONE,NSW,2831
13965,QUANDA,NSW,2828
13966,QUANDARY,NSW,2665
13967,QUANDARY,NSW,2666
13968,QUANDIALLA,NSW,2721
13969,QUEANBEYAN,NSW,2620
13970,QUEANBEYAN DC,NSW,2620
13971,QUEANBEYAN EAST,NSW,2620
13972,QUEANBEYAN WEST,NSW,2620
13973,QUEEN VICTORIA BUILDING,NSW,1226
13974,QUEEN VICTORIA BUILDING,NSW,1227
13975,QUEEN VICTORIA BUILDING,NSW,1228
13976,QUEEN VICTORIA BUILDING,NSW,1229
13977,QUEEN VICTORIA BUILDING,NSW,1230
13978,QUEENS PARK,NSW,2022
13979,QUEENS PINCH,NSW,2850
13980,QUEENSCLIFF,NSW,2096
13981,QUIALIGO,NSW,2580
13982,QUIDONG,NSW,2632
13983,QUIERA,NSW,2622
13984,QUIPOLLY,NSW,2343
13985,QUIRINDI,NSW,2343
13986,QUORROBOLONG,NSW,2325
13987,RABY,NSW,2566
13988,RAGLAN,NSW,2795
13989,RAINBOW FLAT,NSW,2430
13990,RAINBOW REACH,NSW,2440
13991,RALEIGH,NSW,2454
13992,RAMORNIE,NSW,2460
13993,RAMSGATE,NSW,2217
13994,RAMSGATE BEACH,NSW,2217
13995,RAND,NSW,2642
13996,RANDWICK,NSW,2031
13997,RANDWICK DC,NSW,2031
13998,RANGARI,NSW,2380
13999,RANGERS VALLEY,NSW,2370
14000,RANKIN PARK,NSW,2287
14001,RANKINS SPRINGS,NSW,2669
14002,RANNOCK,NSW,2701
14003,RAPPVILLE,NSW,2469
14004,RATHMINES,NSW,2283
14005,RAVENSDALE,NSW,2259
14006,RAVENSWOOD,NSW,2824
14007,RAVENSWORTH,NSW,2330
14008,RAWDON ISLAND,NSW,2446
14009,RAWDON VALE,NSW,2422
14010,RAWORTH,NSW,2321
14011,RAWSONVILLE,NSW,2830
14012,RAYMOND TERRACE,NSW,2324
14013,RAYMOND TERRACE EAST,NSW,2324
14014,RAZORBACK,NSW,2571
14015,REEDY DAM,NSW,2430
14016,RED HILL,NSW,2347
14017,RED HILL,NSW,2720
14018,RED HILL,NSW,2824
14019,RED RANGE,NSW,2370
14020,RED ROCK,NSW,2456
14021,RED ROCKS,NSW,2577
14022,VIEWBANK,NSW,2446
14023,REDBOURNBERRY,NSW,2330
14024,REDDESTONE,NSW,2370
14025,REDFERN,NSW,2016
14026,REDHEAD,NSW,2290
14027,REDLANDS,NSW,2646
14028,REEDY CREEK,NSW,2330
14029,REEDY CREEK,NSW,2849
14030,REEDY SWAMP,NSW,2550
14031,REEFTON,NSW,2666
14032,REGENTS PARK,NSW,2143
14033,REGENTS PARK DC,NSW,2143
14034,REGENTVILLE,NSW,2745
14035,REIDS FLAT,NSW,2586
14036,REIDSDALE,NSW,2622
14037,REIDTOWN,NSW,2519
14038,RENNIE,NSW,2646
14039,RENO,NSW,2722
14040,RENWICK,NSW,2575
14041,REPENTANCE CREEK,NSW,2480
14042,REPTON,NSW,2454
14043,RESERVE CREEK,NSW,2484
14044,RETREAT,NSW,2355
14045,RETREAT,NSW,2713
14046,REVESBY,NSW,2212
14047,REVESBY HEIGHTS,NSW,2212
14048,REVESBY NORTH,NSW,2212
14049,RHINE FALLS,NSW,2630
14050,RHODES,NSW,2138
14051,RICHARDS,NSW,2765
14052,RICHLANDS,NSW,2580
14053,RICHMOND SOUTH,NSW,2753
14054,RICHMOND HILL,NSW,2480
14055,RICHMOND LOWLANDS,NSW,2753
14056,RICHMOND VALE,NSW,2323
14057,RIDGEWAY,NSW,2620
14058,RILEYS HILL,NSW,2472
14059,RINGWOOD NORTH,NSW,2646
14060,RIVERINA MC,NSW,2678
14061,RIVERINA MSC,NSW,2678
14062,RIVERLEA,NSW,2850
14063,RIVERSIDE,NSW,2444
14064,RIVERSTONE,NSW,2765
14065,RIVERTREE,NSW,2372
14066,RIVERVIEW,NSW,2066
14067,RIVERWOOD,NSW,2210
14068,RIXS CREEK,NSW,2330
14069,ROB ROY,NSW,2360
14070,ROBINSON,NSW,2577
14071,ROBIN HILL,NSW,2795
14072,ROCK FLAT,NSW,2630
14073,ROCK FOREST,NSW,2795
14074,ROCK VALLEY,NSW,2480
14075,ROCKDALE,NSW,2216
14076,ROCKDALE DC,NSW,2216
14077,YUROKE,NSW,2795
14078,ROCKLEY MOUNT,NSW,2795
14079,ROCKS CROSSING,NSW,2424
14080,ROCKTON,NSW,2632
14081,ROCKY CREEK,NSW,2371
14082,ROCKY CREEK,NSW,2390
14083,ROCKY GLEN,NSW,2357
14084,ROCKY HALL,NSW,2550
14085,ROCKY PLAIN,NSW,2628
14086,ROCKY POINT,NSW,2259
14087,ROCKY RIVER,NSW,2358
14088,ROCKY RIVER,NSW,2372
14089,RODD POINT,NSW,2046
14090,ROLLANDS PLAINS,NSW,2441
14091,ROOKHURST,NSW,2422
14092,ROOKWOOD,NSW,2141
14093,ROOTY HILL,NSW,2766
14094,ROPERS ROAD,NSW,2395
14095,ROPES CROSSING,NSW,2760
14096,ROSE BAY,NSW,2029
14097,ROSE BAY NORTH,NSW,2030
14098,ROSE VALLEY,NSW,2534
14099,ROSE VALLEY,NSW,2630
14100,ROSEBANK,NSW,2480
14101,ROSEBERG,NSW,2793
14102,ROSEBERRY,NSW,2474
14103,ROSEBERRY CREEK,NSW,2474
14104,ROSEBERY,NSW,1445
14105,ROSEBERY,NSW,2018
14106,SEABROOK,NSW,2320
14107,SMYTHESDALE,NSW,2536
14108,ROSEHILL,NSW,2142
14109,ROSELANDS,NSW,2196
14110,ROSEMEADOW,NSW,2560
14111,ROSEMEATH,NSW,2632
14112,SEVILLE,NSW,2069
14113,SEVILLE EAST,NSW,2069
14114,ROSEWOOD,NSW,2446
14115,SPOTSWOOD,NSW,2652
14116,ROWSLEY,NSW,2580
14117,ROSSGLEN,NSW,2439
14118,ROSSGOLE,NSW,2336
14119,ROSSI,NSW,2621
14120,ROSSMORE,NSW,2557
14121,THORNBURY,NSW,2320
14122,ROTO,NSW,2675
14123,ROUCHEL,NSW,2336
14124,ROUCHEL BROOK,NSW,2336
14125,ROUGHIT,NSW,2330
14126,ROUND CORNER,NSW,2158
14127,ROUND MOUNTAIN,NSW,2484
14128,ROUND SWAMP,NSW,2846
14129,ROUS,NSW,2477
14130,ROUS MILL,NSW,2477
14131,ROUSE HILL,NSW,2155
14132,ROWAN,NSW,2650
14133,ROWENA,NSW,2387
14134,SUTHERLANDS CREEK,NSW,2484
14135,ROYAL EXCHANGE,NSW,1221
14136,ROYAL EXCHANGE,NSW,1222
14137,ROYAL EXCHANGE,NSW,1223
14138,ROYAL EXCHANGE,NSW,1224
14139,ROYAL EXCHANGE,NSW,1225
14140,ROYAL NORTH SHORE HOSPITAL,NSW,2065
14141,ROYALLA,NSW,2620
14142,ROZELLE,NSW,2039
14143,RUBY CREEK,NSW,4380
14144,RUFUS,NSW,2648
14145,RUFUS RIVER,NSW,2648
14146,RUGBY,NSW,2583
14147,RUKENVALE,NSW,2474
14148,RUN-O-WATERS,NSW,2580
14149,RUNNING STREAM,NSW,2850
14150,RUNNYFORD,NSW,2536
14151,RUSE,NSW,2560
14152,RUSHCUTTERS BAY,NSW,2011
14153,RUSHES CREEK,NSW,2346
14154,RUSHFORTH,NSW,2460
14155,RUSSELL LEA,NSW,2046
14156,RUSSELL VALE,NSW,2517
14157,SHELFORD,NSW,2320
14158,RUTHVEN,NSW,2480
14159,RYAN,NSW,2658
14160,RYDAL,NSW,2790
14161,RYDALMERE,NSW,2116
14162,RYDE,NSW,1680
14163,RYDE,NSW,2112
14164,RYE PARK,NSW,2586
14165,RYHOPE,NSW,2283
14166,RYLSTONE,NSW,2849
14167,SACKVILLE,NSW,2756
14168,SACKVILLE NORTH,NSW,2756
14169,SADDLEBACK MOUNTAIN,NSW,2533
14170,SADLEIR,NSW,2168
14171,SAFETY BEACH,NSW,2456
14172,SALAMANDER BAY,NSW,2317
14173,SALISBURY,NSW,2420
14174,SALISBURY PLAINS,NSW,2358
14175,SHAYS FLAT,NSW,2850
14176,SWAN MARSH,NSW,2318
14177,ULLSWATER,NSW,2430
14178,SAN ISIDORE,NSW,2650
14179,SAN REMO,NSW,2262
14180,SANCROX,NSW,2446
14181,SANCTUARY POINT,NSW,2540
14182,SANDBAR,NSW,2428
14183,SANDGATE,NSW,2304
14184,SANDIGO,NSW,2700
14185,SANDILANDS,NSW,2469
14186,WANNON,NSW,2463
14187,SANDRINGHAM,NSW,2219
14188,SANDY BEACH,NSW,2456
14189,SANDY CREEK,NSW,2338
14190,SANDY CREEK,NSW,2835
14191,SANDY CROSSING,NSW,2460
14192,SANDY FLAT,NSW,2372
14193,SANDY GULLY,NSW,2729
14194,SANDY HILL,NSW,2372
14195,SANDY HOLLOW,NSW,2333
14196,SANDY POINT,NSW,2172
14197,YANGERY,NSW,2646
14198,SANS SOUCI,NSW,2219
14199,SAPPHIRE,NSW,2360
14200,SAPPHIRE BEACH,NSW,2450
14201,SARATOGA,NSW,2251
14202,SASSAFRAS,NSW,2622
14203,YARPTURK,NSW,2337
14204,SAUMAREZ,NSW,2350
14205,WAURN PONDS,NSW,2350
14206,SAVERNAKE,NSW,2646
14207,SAWPIT CREEK,NSW,2474
14208,SAWPIT CREEK,NSW,2627
14209,STAWELL,NSW,2452
14210,SAWYERS GULLY,NSW,2326
14211,SCARBOROUGH,NSW,2515
14212,SCHEYVILLE,NSW,2756
14213,SCHOFIELDS,NSW,2762
14214,SCONE,NSW,2337
14215,SCOTCHMANS LEAD,NSW,2454
14216,SCOTIA,NSW,2648
14217,SCOTLAND ISLAND,NSW,2105
14218,SCOTTS CREEK,NSW,2338
14219,SCOTTS FLAT,NSW,2330
14220,SCOTTS HEAD,NSW,2447
14221,SEAFORTH,NSW,2092
14222,STREATHAM,NSW,2324
14223,SEAHAMPTON,NSW,2286
14224,SEAL ROCKS,NSW,2423
14225,SEBASTOPOL,NSW,2666
14226,STUDFIELD,NSW,2330
14227,SEELANDS,NSW,2460
14228,SEFTON,NSW,2162
14229,SEGENHOE,NSW,2337
14230,SETTLEMENT CITY,NSW,2444
14231,SHEEP HILLS,NSW,1730
14232,SOVEREIGN HILL,NSW,2147
14233,SEVEN HILLS MC,NSW,1781
14234,SEVEN HILLS WEST,NSW,2147
14235,SEVEN OAKS,NSW,2440
14236,SEXTONVILLE,NSW,2470
14237,SHADFORTH,NSW,2800
14238,SHALLOW BAY,NSW,2428
14239,SHALLOW RUSH,NSW,2870
14240,STAVELY,NSW,2770
14241,SHANE PARK,NSW,2747
14242,SHANES PARK,NSW,2747
14243,SHANNON BROOK,NSW,2470
14244,SHANNON VALE,NSW,2370
14245,SHANNONDALE,NSW,2460
14246,SHANNONS FLAT,NSW,2630
14247,SHARK CREEK,NSW,2463
14248,SHARPS CREEK,NSW,2729
14249,SHEEDYS GULLY,NSW,2790
14250,SHELL COVE,NSW,2529
14251,SHELLHARBOUR,NSW,2529
14252,SHELLHARBOUR CITY CENTRE,NSW,2529
14253,SHELLHARBOUR SQUARE,NSW,2529
14254,SHELLY BEACH,NSW,2261
14255,SHERWOOD,NSW,2440
14256,SHERWOOD,NSW,2450
14257,SHERWOOD,NSW,2474
14258,SHIRLEY,NSW,2785
14259,SHOAL BAY,NSW,2315
14260,SHOALHAVEN HEADS,NSW,2535
14261,SOLDIERS HILL,NSW,2787
14262,SHORTLAND,NSW,2307
14263,SILENT GROVE,NSW,2372
14264,SILVERDALE,NSW,2752
14265,SILVERTON,NSW,2880
14266,SILVERWATER,NSW,1811
14267,SILVERWATER,NSW,2128
14268,SYLVESTER,NSW,2264
14269,SIMPKINS CREEK,NSW,2469
14270,SINGLETON,NSW,2330
14271,SINGLETON DC,NSW,2330
14272,SINGLETON HEIGHTS,NSW,2330
14273,SINGLETON MILITARY AREA,NSW,2331
14274,SINGLETON MILPO,NSW,2331
14275,SINGLETONS MILL,NSW,2775
14276,SIX MILE FLAT,NSW,2580
14277,SIX MILE SWAMP,NSW,2469
14278,SKENNARS HEAD,NSW,2478
14279,SKILLION FLAT,NSW,2440
14280,SKINNERS SHOOT,NSW,2481
14281,SLEEPY HOLLOW,NSW,2483
14282,SMEATON GRANGE,NSW,2567
14283,SMIGGIN HOLES,NSW,2624
14284,SMITHFIELD,NSW,2164
14285,SMITHFIELD WEST,NSW,2164
14286,SMYTHES CREEK,NSW,2460
14287,SMITHS CREEK,NSW,2474
14288,SMITHS CREEK,NSW,2484
14289,SMITHS LAKE,NSW,2428
14290,SMITHTOWN,NSW,2440
14291,SNAKES PLAIN,NSW,2824
14292,SNOWBALL,NSW,2622
14293,SNOWY PLAIN,NSW,2628
14294,SODWALLS,NSW,2790
14295,SOFALA,NSW,2795
14296,SOLDIERS POINT,NSW,2317
14297,SOMERSBY,NSW,2250
14298,SOMERTON,NSW,2340
14299,SOUDAN HEIGHTS,NSW,2350
14300,SOUTH ALBURY,NSW,2640
14301,SOUTH ARM,NSW,2449
14302,SOUTH ARM,NSW,2460
14303,SOUTH BALLINA,NSW,2478
14304,SOUTH BATHURST,NSW,2795
14305,SOUTH BOWENFELS,NSW,2790
14306,SOUTH BROKEN HILL,NSW,2880
14307,SOUTH COOGEE,NSW,2034
14308,SOUTH DURRAS,NSW,2536
14309,SOUTH EVANS HEAD,NSW,2473
14310,SOUTH GOLDEN BEACH,NSW,2483
14311,SOUTH GRAFTON,NSW,2460
14312,SOUTH KINGSVILLE,NSW,2142
14313,SOUTH GUNDAGAI,NSW,2722
14314,SOUTH GUNDURIMBA,NSW,2480
14315,SOUTH GUYRA,NSW,2365
14316,SOUTH HILL,NSW,2350
14317,SOUTH HURSTVILLE,NSW,2221
14318,SOUTH KEMPSEY,NSW,2440
14319,SOUTH LISMORE,NSW,2480
14320,SOUTH LITTLETON,NSW,2790
14321,SOUTH MAITLAND,NSW,2320
14322,SOUTH MAROOTA,NSW,2756
14323,SOUTH MURWILLUMBAH,NSW,2484
14324,SOUTH NOWRA,NSW,2541
14325,SOUTH PAMBULA,NSW,2549
14326,SOUTH PENRITH,NSW,2750
14327,SOUTH TACOMA,NSW,2259
14328,SOUTH TAMWORTH,NSW,2340
14329,SOUTH YARRA,NSW,2074
14330,SOUTH WENTWORTHVILLE,NSW,2145
14331,SOUTH WEST ROCKS,NSW,2431
14332,SOUTH WINDSOR,NSW,2756
14333,SOUTH WOLUMLA,NSW,2550
14334,SOUTHBANK,NSW,2460
14335,SOUTHERN SUBURBS MC,NSW,1419
14336,SOUTHGATE,NSW,2460
14337,SPEERS POINT,NSW,2284
14338,SPEEWA,NSW,2735
14339,SWAN ISLAND,NSW,2734
14340,SPENCER,NSW,2775
14341,SPICERS CREEK,NSW,2820
14342,SPICKETTS CREEK,NSW,2454
14343,SPIT JUNCTION,NSW,2088
14344,SPLITTERS CREEK,NSW,2640
14345,SPRING CREEK,NSW,2800
14346,SPRING FARM,NSW,2570
14347,SPRING FLAT,NSW,2850
14348,SPRING GROVE,NSW,2470
14349,SPRING HILL,NSW,2500
14350,SPRING HILL,NSW,2800
14351,SPRING MOUNTAIN,NSW,2360
14352,SPRING MOUNTAIN,NSW,2370
14353,SPRING PLAINS,NSW,2388
14354,SPRING RIDGE,NSW,2343
14355,SPRING TERRACE,NSW,2798
14356,SPRING VALLEY,NSW,2580
14357,SPRINGDALLAH,NSW,2666
14358,SPRINGDALE HEIGHTS,NSW,2641
14359,SPRINGFIELD,NSW,2250
14360,SPRINGFIELD,NSW,2630
14361,SPRINGRANGE,NSW,2618
14362,SPRINGSIDE,NSW,2800
14363,SPRINGVALE,NSW,2650
14364,SPRINGVALE SOUTH,NSW,2790
14365,SPRINGWOOD,NSW,2777
14366,ST ALBANS PARK,NSW,2775
14367,ST ANDREWS,NSW,2566
14368,ST CLAIR,NSW,2330
14369,ST CLAIR,NSW,2759
14370,ST FILLANS,NSW,2850
14371,ST GEORGE,NSW,2622
14372,ST GEORGES BASIN,NSW,2540
14373,ST HELENS,NSW,2479
14374,ST HELENS PARK,NSW,2560
14375,ST HUBERTS ISLAND,NSW,2257
14376,ST IVES,NSW,2075
14377,ST IVES CHASE,NSW,2075
14378,ST JOHNS PARK,NSW,2176
14379,ST LEONARDS,NSW,1590
14380,ST LEONARDS,NSW,2065
14381,ST MARYS,NSW,1790
14382,ST MARYS,NSW,2760
14383,ST MARYS EAST,NSW,2760
14384,ST MARYS SOUTH,NSW,2760
14385,ST PATRICKS,NSW,2350
14386,ST PAULS,NSW,2031
14387,ST PETERS,NSW,2044
14388,ST PETERS DC,NSW,2044
14389,STANBOROUGH,NSW,2360
14390,STANBRIDGE,NSW,2705
14391,STANFORD MERTHYR,NSW,2327
14392,STANHOPE,NSW,2335
14393,STANHOPE GARDENS,NSW,2768
14394,TRAVANCORE,NSW,2048
14395,STANNIFER,NSW,2369
14396,STANNUM,NSW,2371
14397,STANWELL PARK,NSW,2508
14398,STANWELL TOPS,NSW,2508
14399,STATE MINE GULLY,NSW,2790
14400,STEAM PLAINS,NSW,2710
14401,STEEPLE FLAT,NSW,2631
14402,STEINBROOK,NSW,2372
14403,STEPHENS CREEK,NSW,2880
14404,STEVE KINGS PLAINS,NSW,2480
14405,STEWARTS BROOK,NSW,2337
14406,STEWARTS MOUNT,NSW,2795
14407,STEWARTS RIVER,NSW,2443
14408,STOCKINBINGAL,NSW,2725
14409,STOCKRINGTON,NSW,2322
14410,STOCKTON,NSW,2295
14411,STOCKYARD CREEK,NSW,2460
14412,STOKERS SIDING,NSW,2484
14413,STONEHENGE,NSW,2370
14414,STONEQUARRY,NSW,2580
14415,STONY CHUTE,NSW,2480
14416,STONY CREEK,NSW,2545
14417,STONY CREEK,NSW,2550
14418,STONY CREEK,NSW,2850
14419,STONY CROSSING,NSW,2734
14420,STOTTS CREEK,NSW,2487
14421,STRATFORD,NSW,2422
14422,STRATHLEA,NSW,2429
14423,STRATHEWEN,NSW,2470
14424,STRATHFIELD,NSW,1819
14425,STRATHFIELD,NSW,2135
14426,STRATHFIELD SOUTH,NSW,2136
14427,STRAWBERRY HILLS,NSW,1420
14428,STRAWBERRY HILLS,NSW,1422
14429,STRAWBERRY HILLS,NSW,1423
14430,STRAWBERRY HILLS,NSW,1424
14431,STRAWBERRY HILLS,NSW,1425
14432,STRAWBERRY HILLS,NSW,1426
14433,STRAWBERRY HILLS,NSW,1427
14434,STRAWBERRY HILLS,NSW,1428
14435,STRAWBERRY HILLS,NSW,1429
14436,STRAWBERRY HILLS,NSW,2012
14437,STRAWBERRY HILLS,NSW,2013
14438,STREAM HILL,NSW,2526
14439,STROUD,NSW,2425
14440,STROUD HILL,NSW,2420
14441,STROUD ROAD,NSW,2415
14442,STUART TOWN,NSW,2820
14443,STUARTS POINT,NSW,2441
14444,STUBBO,NSW,2852
14445,STUD PARK,NSW,2710
14446,SUFFOLK PARK,NSW,2481
14447,SUGARLOAF,NSW,2420
14448,SUMA PARK,NSW,2800
14449,SUMMER HILL,NSW,2130
14450,SUMMER HILL,NSW,2287
14451,SUMMER HILL,NSW,2421
14452,SUMMER HILL,NSW,2800
14453,SUMMER HILL CREEK,NSW,2800
14454,SUMMER ISLAND,NSW,2440
14455,SUMMERLAND POINT,NSW,2259
14456,SUN VALLEY,NSW,2777
14457,SUNNY CORNER,NSW,2454
14458,SUNNY CORNER,NSW,2795
14459,SUNNYSIDE,NSW,2372
14460,SUNSET STRIP,NSW,2879
14461,SUNSHINE WEST,NSW,2264
14462,SUNSHINE BAY,NSW,2536
14463,SUNTOP,NSW,2820
14464,SURF BEACH,NSW,2536
14465,SURFSIDE,NSW,2536
14466,SURRY HILLS,NSW,2010
14467,SUSSEX INLET,NSW,2540
14468,SUTHERLAND,NSW,1499
14469,SUTHERLAND,NSW,2232
14470,SUTTON,NSW,2620
14471,SUTTON FOREST,NSW,2577
14472,SWAN BAY,NSW,2324
14473,SWAN BAY,NSW,2471
14474,SWAN CREEK,NSW,2462
14475,SWAN VALE,NSW,2370
14476,SWANBROOK,NSW,2360
14477,SWANHAVEN,NSW,2540
14478,SWANS CROSSING,NSW,2439
14479,SWANSEA,NSW,2281
14480,SWANSEA HEADS,NSW,2281
14481,SWEETMANS CREEK,NSW,2325
14482,SYDENHAM,NSW,2044
14483,SYDNEY,NSW,1001
14484,SYDNEY,NSW,1002
14485,SYDNEY,NSW,1003
14486,SYDNEY,NSW,1004
14487,SYDNEY,NSW,1005
14488,SYDNEY,NSW,1006
14489,SYDNEY,NSW,1007
14490,SYDNEY,NSW,1008
14491,SYDNEY,NSW,1009
14492,SYDNEY,NSW,1010
14493,SYDNEY,NSW,1020
14494,SYDNEY,NSW,1021
14495,SYDNEY,NSW,1022
14496,SYDNEY,NSW,1023
14497,SYDNEY,NSW,1025
14498,SYDNEY,NSW,1026
14499,SYDNEY,NSW,1027
14500,SYDNEY,NSW,1028
14501,SYDNEY,NSW,1029
14502,SYDNEY,NSW,1030
14503,SYDNEY,NSW,1031
14504,SYDNEY,NSW,1032
14505,SYDNEY,NSW,1033
14506,SYDNEY,NSW,1034
14507,SYDNEY,NSW,1035
14508,SYDNEY,NSW,1036
14509,SYDNEY,NSW,1037
14510,SYDNEY,NSW,1038
14511,SYDNEY,NSW,1039
14512,SYDNEY,NSW,1040
14513,SYDNEY,NSW,1041
14514,SYDNEY,NSW,1042
14515,SYDNEY,NSW,1043
14516,SYDNEY,NSW,1044
14517,SYDNEY,NSW,1045
14518,SYDNEY,NSW,1046
14519,SYDNEY,NSW,1100
14520,SYDNEY,NSW,1101
14521,SYDNEY,NSW,1105
14522,SYDNEY,NSW,1106
14523,SYDNEY,NSW,1107
14524,SYDNEY,NSW,1108
14525,SYDNEY,NSW,1109
14526,SYDNEY,NSW,1110
14527,SYDNEY,NSW,1112
14528,SYDNEY,NSW,1113
14529,SYDNEY,NSW,1114
14530,SYDNEY,NSW,1115
14531,SYDNEY,NSW,1116
14532,SYDNEY,NSW,1117
14533,SYDNEY,NSW,1118
14534,SYDNEY,NSW,1119
14535,SYDNEY,NSW,1120
14536,SYDNEY,NSW,1121
14537,SYDNEY,NSW,1122
14538,SYDNEY,NSW,1123
14539,SYDNEY,NSW,1124
14540,SYDNEY,NSW,1125
14541,SYDNEY,NSW,1126
14542,SYDNEY,NSW,1127
14543,SYDNEY,NSW,1128
14544,SYDNEY,NSW,1129
14545,SYDNEY,NSW,1130
14546,SYDNEY,NSW,1131
14547,SYDNEY,NSW,1132
14548,SYDNEY,NSW,1133
14549,SYDNEY,NSW,1134
14550,SYDNEY,NSW,1135
14551,SYDNEY,NSW,1136
14552,SYDNEY,NSW,1137
14553,SYDNEY,NSW,1138
14554,SYDNEY,NSW,1139
14555,SYDNEY,NSW,1140
14556,SYDNEY,NSW,1141
14557,SYDNEY,NSW,1142
14558,SYDNEY,NSW,1143
14559,SYDNEY,NSW,1144
14560,SYDNEY,NSW,1145
14561,SYDNEY,NSW,1146
14562,SYDNEY,NSW,1147
14563,SYDNEY,NSW,1148
14564,SYDNEY,NSW,1149
14565,SYDNEY,NSW,1150
14566,SYDNEY,NSW,1151
14567,SYDNEY,NSW,1152
14568,SYDNEY,NSW,1153
14569,SYDNEY,NSW,1154
14570,SYDNEY,NSW,1155
14571,SYDNEY,NSW,1156
14572,SYDNEY,NSW,1157
14573,SYDNEY,NSW,1158
14574,SYDNEY,NSW,1159
14575,SYDNEY,NSW,1160
14576,SYDNEY,NSW,1161
14577,SYDNEY,NSW,1162
14578,SYDNEY,NSW,1163
14579,SYDNEY,NSW,1164
14580,SYDNEY,NSW,1165
14581,SYDNEY,NSW,1166
14582,SYDNEY,NSW,1167
14583,SYDNEY,NSW,1168
14584,SYDNEY,NSW,1169
14585,SYDNEY,NSW,1170
14586,SYDNEY,NSW,1171
14587,SYDNEY,NSW,1172
14588,SYDNEY,NSW,1173
14589,SYDNEY,NSW,1174
14590,SYDNEY,NSW,1175
14591,SYDNEY,NSW,1176
14592,SYDNEY,NSW,1177
14593,SYDNEY,NSW,1178
14594,SYDNEY,NSW,1179
14595,SYDNEY,NSW,1180
14596,SYDNEY,NSW,1181
14597,SYDNEY,NSW,1182
14598,SYDNEY,NSW,1183
14599,SYDNEY,NSW,1184
14600,SYDNEY,NSW,1185
14601,SYDNEY,NSW,1186
14602,SYDNEY,NSW,1187
14603,SYDNEY,NSW,1188
14604,SYDNEY,NSW,1189
14605,SYDNEY,NSW,1190
14606,SYDNEY,NSW,1191
14607,SYDNEY,NSW,1192
14608,SYDNEY,NSW,1193
14609,SYDNEY,NSW,1194
14610,SYDNEY,NSW,1195
14611,SYDNEY,NSW,1196
14612,SYDNEY,NSW,1197
14613,SYDNEY,NSW,1198
14614,SYDNEY,NSW,1199
14615,SYDNEY,NSW,1201
14616,SYDNEY,NSW,1202
14617,SYDNEY,NSW,1203
14618,SYDNEY,NSW,1205
14619,SYDNEY,NSW,1207
14620,SYDNEY,NSW,1291
14621,SYDNEY,NSW,1292
14622,SYDNEY,NSW,1293
14623,SYDNEY,NSW,1294
14624,SYDNEY,NSW,1295
14625,SYDNEY,NSW,1296
14626,SYDNEY,NSW,1297
14627,SYDNEY,NSW,1298
14628,SYDNEY,NSW,1299
14629,SYDNEY,NSW,2000
14630,SYDNEY,NSW,2001
14631,SYDNEY DOMESTIC AIRPORT,NSW,2020
14632,SYDNEY GATEWAY FACILITY,NSW,2891
14633,SYDNEY INTERNATIONAL AIRPORT,NSW,2020
14634,SYDNEY MARKETS,NSW,2129
14635,SYDNEY OLYMPIC PARK,NSW,2127
14636,SYDNEY SOUTH,NSW,1231
14637,SYDNEY SOUTH,NSW,1232
14638,SYDNEY SOUTH,NSW,1233
14639,SYDNEY SOUTH,NSW,1234
14640,SYDNEY SOUTH,NSW,1235
14641,SYDNEY SOUTH,NSW,2000
14642,SYLVANIA,NSW,2224
14643,SYLVANIA SOUTHGATE,NSW,2224
14644,SYLVANIA WATERS,NSW,2224
14645,TABBIL CREEK,NSW,2420
14646,TABBIMOBLE,NSW,2472
14647,TABBITA,NSW,2652
14648,TABLE TOP,NSW,2640
14649,TABULAM,NSW,2469
14650,TECOMA,NSW,2259
14651,TACOMA SOUTH,NSW,2259
14652,TAHLEE,NSW,2324
14653,TAHMOOR,NSW,2573
14654,TALARM,NSW,2447
14655,TALAWANTA,NSW,2839
14656,TALBINGO,NSW,2720
14657,TALBRAGAR,NSW,2830
14658,TALLAGANDA,NSW,2581
14659,TALLAWANG,NSW,2852
14660,TALLAWONG,NSW,2762
14661,TALLIMBA,NSW,2669
14662,TALLONG,NSW,2579
14663,TALLOWAL,NSW,2540
14664,TALLOWWOOD RIDGE,NSW,2453
14665,TALLWOOD,NSW,2798
14666,TALLWOODS VILLAGE,NSW,2430
14667,TALMALMO,NSW,2640
14668,TALOFA,NSW,2481
14669,TALOUMBI,NSW,2463
14670,TAMARAMA,NSW,2026
14671,TAMBAN,NSW,2441
14672,TAMBAR SPRINGS,NSW,2381
14673,TAMBAROORA,NSW,2795
14674,TAMBAROORA,NSW,2850
14675,TAMINDA,NSW,2340
14676,TAMWORTH,NSW,2340
14677,TAMWORTH SOUTH,NSW,2340
14678,TANGLEWOOD,NSW,2488
14679,TANGMANGAROO,NSW,2582
14680,TANILBA BAY,NSW,2319
14681,TANJA,NSW,2550
14682,TANYBRYN,NSW,2357
14683,TANNAS MOUNT,NSW,2795
14684,TANTANGARA,NSW,2629
14685,TANTAWANGALO,NSW,2550
14686,TANTONAN,NSW,2731
14687,TAPITALLEE,NSW,2540
14688,TULKARA,NSW,2665
14689,TARADALE,NSW,2653
14690,TARAGO,NSW,2580
14691,TARALGA,NSW,2580
14692,TRUGANINA,NSW,2787
14693,TARBAN,NSW,2372
14694,TARBUCK BAY,NSW,2428
14695,TARCUTTA,NSW,2652
14696,TARRENLEA,NSW,2430
14697,TAREE DC,NSW,2430
14698,WERRIBEE SOUTH,NSW,2430
14699,TAREE WEST,NSW,2430
14700,TAREN POINT,NSW,2229
14701,TARKEETH,NSW,2455
14702,TAROON,NSW,2580
14703,TARRABANDRA,NSW,2722
14704,TARRAGANDA,NSW,2550
14705,TARRAWANNA,NSW,2518
14706,TARRIARO,NSW,2390
14707,TARRONE,NSW,2322
14708,TASCOTT,NSW,2250
14709,TATHAM,NSW,2471
14710,TATHRA,NSW,2550
14711,TATYOON,NSW,2650
14712,TAYLOR SQUARE,NSW,2010
14713,TAYLORS ARM,NSW,2447
14714,TAYLORS BEACH,NSW,2316
14715,TAYLORS LAKES,NSW,2586
14716,TAYLORS POINT,NSW,2107
14717,TEA GARDENS,NSW,2324
14718,TELARAH,NSW,2320
14719,TELEGRAPH POINT,NSW,2441
14720,TELOPEA,NSW,2117
14721,TEMAGOG,NSW,2440
14722,TEMORA,NSW,2666
14723,TEMPLESTOWE,NSW,2044
14724,TEN MILE HOLLOW,NSW,2250
14725,TENAMBIT,NSW,2323
14726,TENANDRA,NSW,2824
14727,TENNYSON,NSW,2754
14728,TENNYSON POINT,NSW,2111
14729,TENT HILL,NSW,2371
14730,TENTERDEN,NSW,2365
14731,TENTERFIELD,NSW,2372
14732,TERALBA,NSW,2284
14733,TERANIA CREEK,NSW,2480
14734,TERARA,NSW,2540
14735,TERIDGERIE,NSW,2829
14736,TERMEIL,NSW,2539
14737,TERRABELLA,NSW,2818
14738,TERRABELLA,NSW,2831
14739,TERRACE CREEK,NSW,2474
14740,TERRAGON,NSW,2484
14741,TERRAMUNGAMINE,NSW,2830
14742,TERRANORA,NSW,2486
14743,TERREEL,NSW,2422
14744,TERREY HILLS,NSW,2084
14745,TERRIGAL,NSW,2260
14746,TERRY HIE HIE,NSW,2400
14747,TEVEN,NSW,2478
14748,TEWINGA,NSW,2449
14749,THALABA,NSW,2397
14750,THALABA,NSW,2583
14751,THALGARRAH,NSW,2350
14752,THARBOGANG,NSW,2680
14753,THE ANGLE,NSW,2620
14754,THE BASIN,NSW,2108
14755,THE BASIN,NSW,2365
14756,THE BIGHT,NSW,2429
14757,THE BRANCH,NSW,2425
14758,THE BROTHERS,NSW,2630
14759,THE CHANNON,NSW,2480
14760,THE DEVILS WILDERNESS,NSW,2758
14761,THE ENTRANCE,NSW,2261
14762,THE ENTRANCE NORTH,NSW,2261
14763,THE FRESHWATER,NSW,2466
14764,THE GAP,NSW,2472
14765,THE GAP,NSW,2650
14766,THE GLEN,NSW,2476
14767,THE GROVE,NSW,2729
14768,THE GULF,NSW,2365
14769,THE GULF,NSW,2371
14770,THE HATCH,NSW,2444
14771,THE HILL,NSW,2300
14772,THE JUNCTION,NSW,2291
14773,THE LAGOON,NSW,2795
14774,THE MARRA,NSW,2831
14775,THE MEADOWS,NSW,2787
14776,THE OAKS,NSW,2570
14777,THE PILLIGA,NSW,2388
14778,THE PINNACLES,NSW,2460
14779,THE POCKET,NSW,2483
14780,THE PONDS,NSW,2769
14781,THE RIDGEWAY,NSW,2620
14782,THE RISK,NSW,2474
14783,THE ROCK,NSW,2655
14784,THE ROCKS,NSW,2000
14785,THE ROCKS,NSW,2795
14786,THE SANDON,NSW,2463
14787,THE SCRUB,NSW,2372
14788,THE SISTERS,NSW,2866
14789,THE SLOPES,NSW,2754
14790,THE TROFFS,NSW,2875
14791,THE UNIVERSITY OF SYDNEY,NSW,2006
14792,THE VALE,NSW,2715
14793,THE WHITEMAN,NSW,2460
14794,THERESA CREEK,NSW,2469
14795,THERESA PARK,NSW,2570
14796,THIRD CREEK,NSW,2583
14797,THIRLDENE,NSW,2347
14798,THIRLMERE,NSW,2572
14799,THIRLOENE,NSW,2347
14800,THIRROUL,NSW,2515
14801,TORQUAY,NSW,2454
14802,THORNLEIGH,NSW,2120
14803,THORNTON,NSW,2322
14804,THREDBO,NSW,2625
14805,THREDBO VILLAGE,NSW,2625
14806,THRUMSTER,NSW,2444
14807,THUDDUNGRA,NSW,2594
14808,THULE,NSW,2732
14809,THUMB CREEK,NSW,2447
14810,THURGOONA,NSW,2640
14811,THYRA,NSW,2731
14812,TIANJARA,NSW,2622
14813,TIBBUC,NSW,2422
14814,TIBOOBURRA,NSW,2880
14815,TICHBORNE,NSW,2870
14816,TICHULAR,NSW,2850
14817,TIGHES HILL,NSW,2297
14818,TIKITERE,NSW,2400
14819,TILBA TILBA,NSW,2546
14820,TILBUSTER,NSW,2350
14821,TILLEGRA,NSW,2420
14822,TILLIGERRY CREEK,NSW,2319
14823,TILPA,NSW,2840
14824,TIMBARRA,NSW,2372
14825,TIMBILLICA,NSW,2551
14826,TIMBUMBURI,NSW,2340
14827,TIMOR,NSW,2338
14828,TINDAREY,NSW,2835
14829,TINDERRY,NSW,2620
14830,TINGHA,NSW,2369
14831,TINGIRA HEIGHTS,NSW,2290
14832,TINONEE,NSW,2430
14833,TINPOT,NSW,2546
14834,TINTENBAR,NSW,2478
14835,TINTINHULL,NSW,2352
14836,TIONA,NSW,2428
14837,TIPPERARY,NSW,2429
14838,TIRI,NSW,2424
14839,TIRRANNAVILLE,NSW,2580
14840,TITAATEE CREEK,NSW,2422
14841,TOCAL,NSW,2421
14842,TOCUMWAL,NSW,2714
14843,TOLBAR,NSW,2629
14844,TOLLAND,NSW,2650
14845,TOLWONG,NSW,2622
14846,TOMAGO,NSW,2322
14847,TOMAKIN,NSW,2537
14848,TOMALLA,NSW,2337
14849,TOMBONG,NSW,2633
14850,TOMBOYE,NSW,2622
14851,TOMERONG,NSW,2540
14852,TOMEWIN,NSW,2484
14853,TOMINGLEY,NSW,2869
14854,TOMKI,NSW,2470
14855,TOMS CREEK,NSW,2446
14856,TONDERBURINE,NSW,2817
14857,TONDERBURINE,NSW,2828
14858,WONGARRA,NSW,2527
14859,TOORONGA,NSW,2864
14860,TOOLEYBUC,NSW,2736
14861,TOOLIJOOA,NSW,2534
14862,TOOLOOM,NSW,2475
14863,TOOLOON,NSW,2829
14864,TOOMA,NSW,2642
14865,TOONGABBIE,NSW,2146
14866,TOONGABBIE EAST,NSW,2146
14867,TOONGI,NSW,2830
14868,TOONUMBAR,NSW,2474
14869,TOORANIE,NSW,2734
14870,TOORAWEENAH,NSW,2817
14871,TOORAWEENAH,NSW,2831
14872,TOORMINA,NSW,2452
14873,TOOROOKA,NSW,2440
14874,TOOTHDALE,NSW,2550
14875,TOOTOOL,NSW,2655
14876,TOOWOON BAY,NSW,2261
14877,TOOYAL,NSW,2701
14878,TOPI TOPI,NSW,2423
14879,TORONTO,NSW,2283
14880,TORRINGTON,NSW,2371
14881,TORRYBURN,NSW,2358
14882,TORRYBURN,NSW,2421
14883,TOTNES VALLEY,NSW,2850
14884,TOTTENHAM,NSW,2873
14885,TOUGA,NSW,2622
14886,TOUKLEY,NSW,2263
14887,TOWAC,NSW,2800
14888,TOWALLUM,NSW,2460
14889,TOWAMBA,NSW,2550
14890,TOWNSEND,NSW,2463
14891,TOWRADGI,NSW,2518
14892,TOWRANG,NSW,2580
14893,TRAJERE,NSW,2806
14894,TRALEE,NSW,2620
14895,TRANGIE,NSW,2823
14896,TREGEAGLE,NSW,2480
14897,TREGEAR,NSW,2770
14898,TYRENDARRA,NSW,2460
14899,TRENTHAM CLIFFS,NSW,2738
14900,TREVALLYN,NSW,2421
14901,TREWILGA,NSW,2869
14902,TRIAMBLE,NSW,2850
14903,TRIANGLE FLAT,NSW,2795
14904,TRIDA,NSW,2878
14905,TROY JUNCTION,NSW,2830
14906,TRUNDLE,NSW,2875
14907,TRUNGLEY HALL,NSW,2666
14908,TRUNKEY,NSW,2795
14909,TRUNKEY CREEK,NSW,2795
14910,TRUSTUMS HILL,NSW,2472
14911,TUBBAMURRA,NSW,2365
14912,TUBBUL,NSW,2594
14913,TUCABIA,NSW,2462
14914,TUCKI TUCKI,NSW,2480
14915,TUCKOMBIL,NSW,2477
14916,TUCKURIMBA,NSW,2480
14917,TUELOGA,NSW,2734
14918,TUENA,NSW,2583
14919,TUGGERAH,NSW,2259
14920,TUGGERAWONG,NSW,2259
14921,TUGRABAKH,NSW,2422
14922,TULLAKOOL,NSW,2732
14923,TULLAMORE,NSW,2874
14924,TULLARWALLA,NSW,2540
14925,TULLERA,NSW,2480
14926,TULLIBIGEAL,NSW,2669
14927,TULLIMBAR,NSW,2527
14928,TULLOONA,NSW,2400
14929,TULLYMORGAN,NSW,2463
14930,TUMBARUMBA,NSW,2653
14931,TUMBI UMBI,NSW,2261
14932,TUMBLONG,NSW,2729
14933,TUMBULGUM,NSW,2490
14934,TUMORRAMA,NSW,2720
14935,TUMUT,NSW,2720
14936,TUMUT PLAINS,NSW,2720
14937,TUNCESTER,NSW,2480
14938,TUNCURRY,NSW,2428
14939,TUNGLEBUNG,NSW,2469
14940,TUNGSTEN,NSW,2371
14941,TUNTABLE CREEK,NSW,2480
14942,TUNTABLE FALLS,NSW,2480
14943,TUPPAL,NSW,2714
14944,TURA BEACH,NSW,2548
14945,TURILL,NSW,2850
14946,TURLINJAH,NSW,2537
14947,TURNERS FLAT,NSW,2440
14948,TURONDALE,NSW,2795
14949,TUROSS,NSW,2630
14950,TUROSS HEAD,NSW,2537
14951,TURRAMURRA,NSW,2074
14952,TURRAWAN,NSW,2390
14953,TURRELLA,NSW,2205
14954,TURVEY PARK,NSW,2650
14955,TWEED HEADS,NSW,2485
14956,TWEED HEADS SOUTH,NSW,2486
14957,TWEED HEADS SOUTH DC,NSW,2486
14958,TWEED HEADS WEST,NSW,2485
14959,TWELVE MILE,NSW,2850
14960,TWELVE MILE CREEK,NSW,2324
14961,TWELVE MILE PEG,NSW,2540
14962,TWENTY FORESTS,NSW,2795
14963,TWIN RIVERS,NSW,2410
14964,TWO MILE FLAT,NSW,2852
14965,TYAGARAH,NSW,2481
14966,TYALGUM,NSW,2484
14967,TYALGUM CREEK,NSW,2484
14968,TYGALGAH,NSW,2484
14969,TYNDALE,NSW,2460
14970,TYRINGHAM,NSW,2453
14971,UARBRY,NSW,2329
14972,UKI,NSW,2484
14973,ULAMAMBRI,NSW,2357
14974,ULAN,NSW,2850
14975,ULLADULLA,NSW,2539
14976,ULLAMALLA,NSW,2850
14977,ULMARRA,NSW,2462
14978,YUULONG,NSW,2450
14979,ULOOLA,NSW,2232
14980,ULTIMO,NSW,2007
14981,UMINA BEACH,NSW,2257
14982,UNANDERRA,NSW,2526
14983,UNANDERRA DC,NSW,2526
14984,UNDERBANK,NSW,2420
14985,UNDERCLIFFE,NSW,2206
14986,UNDERCLIFFE,NSW,4380
14987,UNGARIE,NSW,2669
14988,UNIVERSITY OF NEW ENGLAND,NSW,2351
14989,UNIVERSITY OF WOLLONGONG,NSW,2522
14990,UNSW SYDNEY,NSW,1466
14991,UNSW SYDNEY,NSW,2052
14992,UNUMGAR,NSW,2474
14993,UPPER ALLYN,NSW,2311
14994,UPPER BINGARA,NSW,2404
14995,UPPER BOWMAN,NSW,2422
14996,UPPER BURRINGBAR,NSW,2483
14997,UPPER BYLONG,NSW,2849
14998,UPPER CHICHESTER,NSW,2420
14999,UPPER COLO,NSW,2756
15000,UPPER COOPERS CREEK,NSW,2480
15001,UPPER COOPERS CREEK,NSW,2482
15002,UPPER COPMANHURST,NSW,2460
15003,UPPER CORINDI,NSW,2456
15004,UPPER CRYSTAL CREEK,NSW,2484
15005,UPPER DARTBROOK,NSW,2336
15006,UPPER DUCK CREEK,NSW,2469
15007,UPPER DUROBY,NSW,2486
15008,UPPER EDEN CREEK,NSW,2474
15009,UPPER FINE FLOWER,NSW,2460
15010,UPPER GROWEE,NSW,2849
15011,UPPER HORSESHOE CREEK,NSW,2474
15012,UPPER HORTON,NSW,2347
15013,UPPER KANGAROO RIVER,NSW,2577
15014,UPPER KANGAROO VALLEY,NSW,2577
15015,UPPER KARUAH RIVER,NSW,2415
15016,UPPER LANSDOWNE,NSW,2430
15017,UPPER MACDONALD,NSW,2775
15018,UPPER MAIN ARM,NSW,2482
15019,UPPER MANGROVE,NSW,2250
15020,UPPER MANILLA,NSW,2346
15021,UPPER MONGOGARIE,NSW,2470
15022,UPPER MYALL,NSW,2423
15023,UPPER NILE,NSW,2849
15024,UPPER ORARA,NSW,2450
15025,UPPER PAPPINBARRA,NSW,2446
15026,UPPER ROLLANDS PLAINS,NSW,2441
15027,UPPER ROUCHEL,NSW,2336
15028,UPPER TAYLORS ARM,NSW,2447
15029,UPPER THORA,NSW,2454
15030,UPPER TOOLOOM,NSW,2475
15031,UPPER TURON,NSW,2795
15032,UPPER WILSONS CREEK,NSW,2482
15033,UPPER YARROWITCH,NSW,2354
15034,UPSALLS CREEK,NSW,2439
15035,URALBA,NSW,2477
15036,URALLA,NSW,2358
15037,URANA,NSW,2645
15038,URANGELINE,NSW,2656
15039,URANGELINE EAST,NSW,2656
15040,URANQUINTY,NSW,2652
15041,URAWILKIE,NSW,2829
15042,URBENVILLE,NSW,2475
15043,URIARRA,NSW,2611
15044,URILA,NSW,2620
15045,URISINO,NSW,2840
15046,URLIUP,NSW,2484
15047,UROLY,NSW,2700
15048,URUNGA,NSW,2455
15049,UTUNGUN,NSW,2447
15050,VACY,NSW,2421
15051,VALE OF CLWYDD,NSW,2790
15052,VALENTINE,NSW,2280
15053,VALERY,NSW,2454
15054,VALLA,NSW,2448
15055,VALLA BEACH,NSW,2448
15056,VALLEY HEIGHTS,NSW,2777
15057,YARRAVILLE,NSW,2566
15058,VAUCLUSE,NSW,2030
15059,VERGES CREEK,NSW,2440
15060,WERONA,NSW,2550
15061,VIEWMONT,NSW,2448
15062,VILLAWOOD,NSW,2163
15063,VINCENTIA,NSW,2540
15064,VINEYARD,NSW,2765
15065,VIOLET HILL,NSW,2423
15066,VITTORIA,NSW,2799
15067,VOYAGER POINT,NSW,2172
15068,WADALBA,NSW,2259
15069,WADBILLIGA,NSW,2546
15070,WADEVILLE,NSW,2474
15071,WAGGA WAGGA,NSW,2650
15072,WAGGA WAGGA BC,NSW,2650
15073,WAGGA WAGGA NORTH,NSW,2650
15074,WAGGA WAGGA RAAF,NSW,2651
15075,WAGGA WAGGA SOUTH,NSW,2650
15076,WAGRAGOBILLY,NSW,2722
15077,WAGSTAFFE,NSW,2257
15078,WAHROONGA,NSW,2076
15079,WANTIRNA,NSW,2077
15080,WAITUI,NSW,2443
15081,WAKEFIELD,NSW,2278
15082,WAKELEY,NSW,2176
15083,WAKOOL,NSW,2710
15084,WALANG,NSW,2795
15085,WALBUNDRIE,NSW,2642
15086,WALCHA,NSW,2354
15087,WALCHA ROAD,NSW,2354
15088,WALDEGRAVE,NSW,2800
15089,WALGETT,NSW,2832
15090,WALHALLOW,NSW,2343
15091,WALLA WALLA,NSW,2659
15092,WALLABADAH,NSW,2343
15093,WALLABI POINT,NSW,2430
15094,WALLABY CREEK,NSW,2475
15095,WALLACETOWN,NSW,2650
15096,WALLACIA,NSW,2745
15097,WALLAGA LAKE,NSW,2546
15098,WALLAGA LAKE HEIGHTS,NSW,2546
15099,WALLAGOOT,NSW,2550
15100,WALLALONG,NSW,2320
15101,WALLAMORE,NSW,2340
15102,WALLANBAH,NSW,2422
15103,WALLANGRA,NSW,2360
15104,WALLANTHERY,NSW,2675
15105,WALLARAH,NSW,2259
15106,WALLARINGA,NSW,2420
15107,WALLAROBBA,NSW,2420
15108,WALLAROO,NSW,2324
15109,WILLATOOK,NSW,2618
15110,WALLENDBEEN,NSW,2588
15111,WALLERAWANG,NSW,2845
15112,WALLEROOBIE,NSW,2665
15113,WALLINGAT,NSW,2423
15114,WALLINGAT,NSW,2428
15115,WALLIS LAKE,NSW,2428
15116,WALLSEND,NSW,2287
15117,WALLSEND DC,NSW,2287
15118,WALLSEND SOUTH,NSW,2287
15119,WALMER,NSW,2820
15120,WAMBAN,NSW,2537
15121,WAMBANGALANG,NSW,2830
15122,WAMBERAL,NSW,2260
15123,WAMBOIN,NSW,2620
15124,WARRNAMBOOL,NSW,2795
15125,WAMBROOK,NSW,2630
15126,WAMOON,NSW,2705
15127,WANAARING,NSW,2840
15128,WANDANDIAN,NSW,2540
15129,WANDELLA,NSW,2550
15130,WANDERA,NSW,2360
15131,WANGOOM,NSW,2710
15132,WANDSWORTH,NSW,2365
15133,WANG WAUK,NSW,2423
15134,WANGANELLA,NSW,2710
15135,WANGANUI,NSW,2482
15136,WANGI WANGI,NSW,2267
15137,WANTABADGERY,NSW,2650
15138,WANTAGONG,NSW,2644
15139,WANTIOOL,NSW,2663
15140,WAPENGO,NSW,2550
15141,WAUBRA,NSW,2422
15142,WARRABKOOK,NSW,2304
15143,WARATAH,NSW,2298
15144,WARATAH WEST,NSW,2298
15145,WARBURN,NSW,2680
15146,WARDELL,NSW,2477
15147,WARDROP VALLEY,NSW,2484
15148,WARDS MISTAKE,NSW,2350
15149,WARDS RIVER,NSW,2422
15150,WAREEMBA,NSW,2046
15151,WARGAMBEGAL,NSW,2672
15152,WARIALDA,NSW,2402
15153,WARIALDA RAIL,NSW,2402
15154,WARILLA,NSW,2528
15155,WARKWORTH,NSW,2330
15156,WICKLIFFE,NSW,2866
15157,WARNERS BAY,NSW,2282
15158,WARNERVALE,NSW,2259
15159,WARRABAH,NSW,2346
15160,WARRANDYTE,NSW,2810
15161,WARRAGAI CREEK,NSW,2460
15162,WARRAGAMBA,NSW,2752
15163,WARRAGOON,NSW,2710
15164,WARRAK,NSW,2339
15165,WARRAH CREEK,NSW,2339
15166,WARRAH RIDGE,NSW,2343
15167,WARRAL,NSW,2340
15168,WARRANULLA,NSW,2423
15169,WARRAYURE,NSW,2074
15170,WARRAWIDGEE,NSW,2680
15171,WARRONG,NSW,2502
15172,WARRAZAMBIL CREEK,NSW,2474
15173,WARREGAH ISLAND,NSW,2469
15174,WARRELL CREEK,NSW,2447
15175,WARRENHEIP,NSW,2824
15176,WARRENDINE,NSW,2800
15177,WARRION,NSW,2622
15178,WARRIEWOOD,NSW,2102
15179,WARRIEWOOD DC,NSW,2102
15180,WARRIEWOOD SHOPPING SQUARE,NSW,2102
15181,WARRIGAL,NSW,2825
15182,WARRIMOO,NSW,2774
15183,WARRINGAH MALL,NSW,2100
15184,WARRIWILLAH,NSW,2429
15185,WARROO,NSW,2871
15186,WARRUMBUNGLE,NSW,2828
15187,WARUMBUL,NSW,2229
15188,WARUMBUL,NSW,2232
15189,WARWICK FARM,NSW,2170
15190,WASHPOOL,NSW,2425
15191,WASHPOOL,NSW,2460
15192,WATGANIA,NSW,2325
15193,WATANOBBI,NSW,2259
15194,WATERWAYS,NSW,2233
15195,WATERLOO,NSW,1440
15196,WATERLOO,NSW,1441
15197,WATERLOO,NSW,2017
15198,WATERLOO DC,NSW,2017
15199,WATERSLEIGH,NSW,2540
15200,WATERVIEW,NSW,2460
15201,WATERVIEW HEIGHTS,NSW,2460
15202,WATSONS BAY,NSW,2030
15203,WATSONS CREEK,NSW,2355
15204,WATTAMOLLA,NSW,2232
15205,WATTAMOLLA,NSW,2535
15206,WATTAMONDARA,NSW,2794
15207,WATTLE FLAT,NSW,2795
15208,WATTLE GROVE,NSW,2173
15209,WATTLE PONDS,NSW,2330
15210,WATTLE RIDGE,NSW,2575
15211,WATTLE SPRINGS,NSW,2357
15212,WATTON,NSW,2795
15213,WAUCHOPE,NSW,2446
15214,WAUGORAH,NSW,2711
15215,WAUKIVORY,NSW,2422
15216,WAVERLEY,NSW,2024
15217,WAVERLY,NSW,2337
15218,WAVERTON,NSW,2060
15219,WAY WAY,NSW,2447
15220,WAYO,NSW,2580
15221,WEABONGA,NSW,2340
15222,WEAN,NSW,2382
15223,WEBBERS CREEK,NSW,2421
15224,WEBBS CREEK,NSW,2775
15225,WEDDERBURN,NSW,2560
15226,WEE JASPER,NSW,2582
15227,WEE WAA,NSW,2388
15228,WEEDALLION,NSW,2594
15229,WEERING,NSW,2871
15230,WEEMELAH,NSW,2406
15231,WEETALIBA,NSW,2395
15232,WEETHALLE,NSW,2669
15233,WEILMORINGLE,NSW,2839
15234,WEISMANTELS,NSW,2415
15235,WEJA,NSW,2669
15236,WELAREGANG,NSW,2642
15237,WELBY,NSW,2575
15238,WELLINGROVE,NSW,2370
15239,WELLINGTON,NSW,2820
15240,WELLINGTON VALE,NSW,2371
15241,WELLS CROSSING,NSW,2460
15242,WENDOUREE,NSW,2250
15243,WENTWORTH,NSW,2648
15244,WENTWORTH FALLS,NSW,2782
15245,WENTWORTH POINT,NSW,2127
15246,WENTWORTH PORT,NSW,2177
15247,WENTWORTHVILLE,NSW,2145
15248,WERAI,NSW,2577
15249,WEREBOLDERA,NSW,2720
15250,WERMATONG,NSW,2720
15251,WEROMBI,NSW,2570
15252,WERRI BEACH,NSW,2534
15253,WERRIKIMBE,NSW,2446
15254,WERRINGTON,NSW,2747
15255,WERRINGTON COUNTY,NSW,2747
15256,WERRINGTON DOWNS,NSW,2747
15257,WERRIS CREEK,NSW,2341
15258,WEST ALBURY,NSW,2640
15259,WEST ARMIDALE,NSW,2350
15260,WEST BALLINA,NSW,2478
15261,WEST BATHURST,NSW,2795
15262,WEST BUNGAWALBIN,NSW,2471
15263,WEST CHATSWOOD,NSW,1515
15264,WEST CORAKI,NSW,2471
15265,WEST GOSFORD,NSW,2250
15266,WEST HAVEN,NSW,2443
15267,WEST HOXTON,NSW,2171
15268,WEST KEMPSEY,NSW,2440
15269,WEST NOWRA,NSW,2541
15270,WEST PENNANT HILLS,NSW,2125
15271,WEST PYMBLE,NSW,2073
15272,WEST RYDE,NSW,1685
15273,WEST RYDE,NSW,2114
15274,WEST TAMWORTH,NSW,2340
15275,WEST WALLSEND,NSW,2286
15276,WEST WIANGAREE,NSW,2474
15277,WEST WOLLONGONG,NSW,2500
15278,WEST WYALONG,NSW,2671
15279,WESTBROOK,NSW,2330
15280,WESTBY,NSW,2650
15281,WESTDALE,NSW,2340
15282,WESTDALE,NSW,2650
15283,WESTDALE,NSW,2653
15284,WESTELLA,NSW,2831
15285,WESTGATE,NSW,2048
15286,WESTLEIGH,NSW,2120
15287,WESTMERE,NSW,2145
15288,WESTON,NSW,2326
15289,WESTVILLE,NSW,2794
15290,WESTWOOD,NSW,2729
15291,WETHERILL PARK,NSW,1851
15292,WETHERILL PARK,NSW,2164
15293,WETHERILL PARK BC,NSW,2164
15294,WETHERILL PARK DC,NSW,1851
15295,WETUPPA,NSW,2734
15296,WHALAN,NSW,2770
15297,WHALE BEACH,NSW,2107
15298,WHEELER HEIGHTS,NSW,2097
15299,WHEENY CREEK,NSW,2758
15300,WHEEO,NSW,2583
15301,WHERROL FLAT,NSW,2429
15302,WHIAN WHIAN,NSW,2480
15303,WHIPORIE,NSW,2469
15304,WHITE CLIFFS,NSW,2836
15305,WHITE ROCK,NSW,2795
15306,WHITE TOP,NSW,2675
15307,WHITEBRIDGE,NSW,2290
15308,WHITEMAN CREEK,NSW,2460
15309,WINSLOW,NSW,2404
15310,WHITTINGHAM,NSW,2330
15311,WHITTON,NSW,2705
15312,WHOOTA,NSW,2428
15313,WHYLANDRA CROSSING,NSW,2830
15314,WIABOROUGH,NSW,2580
15315,WIAGDON,NSW,2795
15316,WIANGAREE,NSW,2474
15317,WIARBOROUGH,NSW,2580
15318,WICKHAM,NSW,2293
15319,WIDDEN,NSW,2328
15320,WIDGELLI,NSW,2680
15321,WIDGIEWA,NSW,2700
15322,WILBERFORCE,NSW,2756
15323,WILBETREE,NSW,2850
15324,WILCANNIA,NSW,2836
15325,WILD CATTLE CREEK,NSW,2453
15326,WILDES MEADOW,NSW,2577
15327,WILEY PARK,NSW,2195
15328,WILLOWVALE,NSW,2382
15329,WILLAWARRIN,NSW,2440
15330,WILLBRIGGIE,NSW,2680
15331,WILLI WILLI,NSW,2440
15332,WILLIAMTOWN,NSW,2318
15333,WILLIAMTOWN RAAF,NSW,2314
15334,WILLIE PLOMA,NSW,2722
15335,WILLIGOBUNG,NSW,2653
15336,WILLINA,NSW,2423
15337,WILLMOT,NSW,2770
15338,WILLOUGHBY,NSW,2068
15339,WILLOUGHBY EAST,NSW,2068
15340,WILLOUGHBY NORTH,NSW,2068
15341,WILLOW TREE,NSW,2339
15342,WILLOW VALE,NSW,2534
15343,WILLOW VALE,NSW,2575
15344,WILLSONS DOWNFALL,NSW,2372
15345,WILLURAH,NSW,2710
15346,WILPINJONG,NSW,2850
15347,WILSONS CREEK,NSW,2482
15348,WINTER VALLEY,NSW,2624
15349,WILTON,NSW,2571
15350,WIMBLEDON,NSW,2795
15351,WIMBORNE,NSW,2346
15352,WINBURNDALE,NSW,2795
15353,WINDALE,NSW,2306
15354,WINDANG,NSW,2528
15355,WINDELLA,NSW,2320
15356,WINDELLAMA,NSW,2580
15357,WINDERA,NSW,2800
15358,WINDERMERE,NSW,2321
15359,WINDERMERE PARK,NSW,2264
15360,WINDEYER,NSW,2850
15361,WINDOWIE,NSW,2720
15362,WINDRADYNE,NSW,2795
15363,WINDSOR,NSW,2756
15364,WINDSOR DOWNS,NSW,2756
15365,WINDY,NSW,2343
15366,WINEGROVE,NSW,2460
15367,WINGEEL,NSW,2829
15368,WINGALA,NSW,2099
15369,WINJALLOK,NSW,2579
15370,WINNAP,NSW,2337
15371,WINGHAM,NSW,2429
15372,WINIFRED,NSW,2631
15373,WINMALEE,NSW,2777
15374,WINSTON HILLS,NSW,2153
15375,WINTON,NSW,2344
15376,WIRLINGA,NSW,2640
15377,WIRRABA,NSW,2849
15378,WIRRADGURIE,NSW,2422
15379,WIRRAGULLA,NSW,2420
15380,WIRRIMAH,NSW,2803
15381,WIRRIMBI,NSW,2447
15382,WIRRINYA,NSW,2871
15383,WISEMANS CREEK,NSW,2795
15384,WISEMANS FERRY,NSW,2775
15385,WITTITRIN,NSW,2440
15386,WOERDEN,NSW,2321
15387,WOG WOG,NSW,2550
15388,WOG WOG,NSW,2622
15389,WOKO,NSW,2422
15390,WOLGAN VALLEY,NSW,2790
15391,WOLLANGAMBE,NSW,2790
15392,WOLLAR,NSW,2850
15393,WOLLEMI,NSW,2330
15394,WOLLI CREEK,NSW,2205
15395,WOLLOGORANG,NSW,2581
15396,WOLLOMBI,NSW,2325
15397,WOLLOMOMBI,NSW,2350
15398,WOLLONGBAR,NSW,2477
15399,WOLLONGONG,NSW,2500
15400,WOLLONGONG,NSW,2520
15401,WOLLONGONG DC,NSW,2500
15402,WOLLONGONG NORTH,NSW,2500
15403,WOLLONGONG WEST,NSW,2500
15404,WOLLSTONECRAFT,NSW,2065
15405,WOLLUMBOOLA,NSW,2540
15406,WOLLUN,NSW,2354
15407,WOLUMLA,NSW,2550
15408,WOMBARRA,NSW,2515
15409,WOMBAT,NSW,2587
15410,WOMBAT CREEK,NSW,2460
15411,WOMBEYAN CAVES,NSW,2580
15412,WOMBOOTA,NSW,2731
15413,WOMERAH,NSW,2756
15414,WONBOYN,NSW,2551
15415,WONBOYN LAKE,NSW,2551
15416,WONBOYN NORTH,NSW,2551
15417,WONDABYNE,NSW,2256
15418,WONDALGA,NSW,2729
15419,WONGARBON,NSW,2831
15420,WONGAWILLI,NSW,2530
15421,WONGO CREEK,NSW,2346
15422,WONGWIBINDA,NSW,2350
15423,WOODBERRY,NSW,2322
15424,WOODBINE,NSW,2560
15425,WOODBURN,NSW,2472
15426,WOODBURN,NSW,2538
15427,WOODCROFT,NSW,2767
15428,WOODENBONG,NSW,2476
15429,WOODFORD,NSW,2463
15430,WOODFORD,NSW,2778
15431,WOODFORD ISLAND,NSW,2463
15432,WOODHILL,NSW,2535
15433,WOODHOUSELEE,NSW,2580
15434,WOODLANDS,NSW,2536
15435,WOODLANDS,NSW,2575
15436,WOODLAWN,NSW,2480
15437,WOODPARK,NSW,2164
15438,WOODRISING,NSW,2284
15439,WOODSIDE,NSW,2372
15440,WOODSIDE,NSW,2424
15441,WOODSREEF,NSW,2347
15442,WOODSTOCK,NSW,2360
15443,WOODSTOCK,NSW,2538
15444,WOODSTOCK,NSW,2793
15445,WOODVIEW,NSW,2470
15446,WOODVILLE,NSW,2321
15447,WOODY HEAD,NSW,2466
15448,WOORNDOO,NSW,2354
15449,WOOLGARLO,NSW,2582
15450,WOOLGOOLGA,NSW,2456
15451,WOOLI,NSW,2462
15452,WOOLLAHRA,NSW,1350
15453,WOOLLAHRA,NSW,2025
15454,WOOLLAMIA,NSW,2540
15455,WOOLLOOMOOLOO,NSW,2011
15456,WOOLNERS ARM,NSW,2470
15457,WOOLOMIN,NSW,2340
15458,WOOLOOMA,NSW,2337
15459,WOOLOOWARE,NSW,2230
15460,WOOLOWEYAH,NSW,2464
15461,WOOLWICH,NSW,2110
15462,WOOMARGAMA,NSW,2644
15463,WOOMBAH,NSW,2469
15464,WOONGARRAH,NSW,2259
15465,WOONONA,NSW,2517
15466,WOONONA EAST,NSW,2517
15467,WOOROOWOOLGAN,NSW,2470
15468,WOOTTON,NSW,2423
15469,WOOYUNG,NSW,2483
15470,WORLD SQUARE,NSW,2002
15471,WORLDS END,NSW,2850
15472,WORONORA,NSW,2232
15473,WORONORA DAM,NSW,2508
15474,WORONORA HEIGHTS,NSW,2233
15475,WORRIGEE,NSW,2540
15476,WORROWING HEIGHTS,NSW,2540
15477,WOWAGIN,NSW,2580
15478,WOY WOY,NSW,2256
15479,WOY WOY BAY,NSW,2256
15480,WRATHALL,NSW,2642
15481,WRIGHTS BEACH,NSW,2540
15482,WRIGHTS CREEK,NSW,2775
15483,WUULUMAN,NSW,2820
15484,WYALONG,NSW,2671
15485,WYAN,NSW,2469
15486,WYANBENE,NSW,2622
15487,WYELANGTA,NSW,2821
15488,WYANGALA,NSW,2808
15489,WYANGLE,NSW,2720
15490,WYBONG,NSW,2333
15491,WYBUNG,NSW,2259
15492,WYEE,NSW,2259
15493,WYEE POINT,NSW,2259
15494,WYLIE CREEK,NSW,2372
15495,WYLIES FLAT,NSW,2330
15496,WYMAH,NSW,2640
15497,WYNDHAM VALE,NSW,2550
15498,YEODENE,NSW,2474
15499,WYOMING,NSW,2250
15500,WYONG,NSW,2259
15501,WYONG CREEK,NSW,2259
15502,WYONGAH,NSW,2259
15503,WYRALLAH,NSW,2480
15504,YABBRA,NSW,2469
15505,YADBORO,NSW,2539
15506,YADDRA,NSW,2669
15507,YAGON,NSW,2423
15508,YAGOONA,NSW,2199
15509,YAGOONA WEST,NSW,2199
15510,YALBRAITH,NSW,2580
15511,YALLAH,NSW,2530
15512,YALLAKOOL,NSW,2710
15513,YALLAMBIE,NSW,2325
15514,YALLAROI,NSW,2408
15515,YALWAL,NSW,2540
15516,YAMBUK,NSW,2464
15517,YAMBULLA,NSW,2550
15518,YANCO,NSW,2703
15519,YANDERRA,NSW,2574
15520,YANGA,NSW,2711
15521,YANKEES CREEK,NSW,2550
15522,YANNAWAH,NSW,2594
15523,YANNERGEE,NSW,2343
15524,YANTABULLA,NSW,2840
15525,YAOUK,NSW,2629
15526,YARARA,NSW,2644
15527,YARRA,NSW,2580
15528,YARRABANDAI,NSW,2875
15529,YARRABIN,NSW,2850
15530,YARRAGAL,NSW,2820
15531,YARRAGONG,NSW,2871
15532,YARRAGRIN,NSW,2842
15533,YARRAGUNDRY,NSW,2650
15534,YARRAHAPINNI,NSW,2441
15535,YARRAMALONG,NSW,2259
15536,YARRAMBAT,NSW,2343
15537,YARRAMAN,NSW,2400
15538,YARRAMUNDI,NSW,2753
15539,YARRANBELLA,NSW,2447
15540,YARRANGOBILLY,NSW,2720
15541,YARRAS,NSW,2446
15542,YARRAS,NSW,2795
15543,YARRATT FOREST,NSW,2429
15544,YARRAVEL,NSW,2440
15545,YARRAWA,NSW,2328
15546,YARRAWARRAH,NSW,2233
15547,YARRAWONGA,NSW,2850
15548,YARRAWONGA PARK,NSW,2264
15549,YARRIE LAKE,NSW,2388
15550,YARTO,NSW,2620
15551,YARROWFORD,NSW,2370
15552,YARROWITCH,NSW,2354
15553,YARROWYCK,NSW,2358
15554,YARRUNGA,NSW,2577
15555,YASS,NSW,2582
15556,YASS RIVER,NSW,2582
15557,YATHELLA,NSW,2650
15558,YATTALUNGA,NSW,2251
15559,YATTE YATTAH,NSW,2539
15560,YAVEN CREEK,NSW,2729
15561,YEARINAN,NSW,2357
15562,YELGUN,NSW,2483
15563,YELLOW DAM,NSW,2371
15564,YELLOW PINCH,NSW,2548
15565,YELLOW ROCK,NSW,2527
15566,YELLOW ROCK,NSW,2777
15567,YENABILLI,NSW,2232
15568,YENDON,NSW,2681
15569,YEO,NSW,2325
15570,YENGO NATIONAL PARK,NSW,2325
15571,YENNORA,NSW,2161
15572,YEOVAL,NSW,2868
15573,YERONG CREEK,NSW,2642
15574,YERRANDERIE,NSW,2787
15575,YERRINBOOL,NSW,2575
15576,YERRIYONG,NSW,2540
15577,YESSABAH,NSW,2440
15578,YETHERA,NSW,2874
15579,YETHOLME,NSW,2795
15580,YETMAN,NSW,2410
15581,YIPPIN CREEK,NSW,2446
15582,YOOGALI,NSW,2680
15583,YORKLEA,NSW,2470
15584,YOSEMITE,NSW,2780
15585,YOUNG,NSW,2594
15586,YOWIE BAY,NSW,2228
15587,YOWRIE,NSW,2550
15588,YULLUNDRY,NSW,2867
15589,YULUMA,NSW,2645
15590,YURAYGIR,NSW,2464
15591,ZARA,NSW,2484
15592,ZETLAND,NSW,2017
20001,ABBEYARD,VIC,3737
20002,ABBOTSFORD,VIC,3067
20003,ABECKETT STREET,VIC,8006
20004,ABERFELDIE,VIC,3040
20005,ABERFELDY,VIC,3825
20006,ACHERON,VIC,3714
20007,ADA,VIC,3833
20008,ADAMS ESTATE,VIC,3984
20009,ADDINGTON,VIC,3352
20010,ADELAIDE LEAD,VIC,3465
20011,AGNES,VIC,3962
20012,AILSA,VIC,3393
20013,AINTREE,VIC,3336
20014,AIRE VALLEY,VIC,3237
20015,AIREYS INLET,VIC,3231
20016,AIRLY,VIC,3851
20017,AIRPORT WEST,VIC,3042
20018,ALBACUTYA,VIC,3424
20019,ALBANVALE,VIC,3021
20020,ALBERT PARK,VIC,3206
20021,ALBERTON,VIC,3971
20022,ALBERTON WEST,VIC,3971
20023,ALBION,VIC,3020
20024,ALEXANDRA,VIC,3714
20025,ALFREDTON,VIC,3350
20026,ALLAMBEE,VIC,3823
20027,ALLAMBEE RESERVE,VIC,3871
20028,ALLAMBEE SOUTH,VIC,3871
20029,ALLANS FLAT,VIC,3691
20030,ALLANSFORD,VIC,3277
20031,ALLENDALE,VIC,3364
20032,ALLESTREE,VIC,3305
20033,ALMA,VIC,3465
20034,ALMONDS,VIC,3727
20035,ALMURTA,VIC,3979
20036,ALPHINGTON,VIC,3078
20037,ALTONA,VIC,3018
20038,ALTONA EAST,VIC,3025
20039,ALTONA GATE,VIC,3025
20040,ALTONA MEADOWS,VIC,3028
20041,ALTONA NORTH,VIC,3025
20042,ALVIE,VIC,3249
20043,AMHERST,VIC,3371
20044,AMOR,VIC,3825
20045,AMPHITHEATRE,VIC,3377
20046,AMPHITHEATRE,VIC,3468
20047,ANAKIE,VIC,3213
20048,ANAKIE,VIC,3221
20049,ANCONA,VIC,3715
20050,ANDERSON,VIC,3995
20051,ANGIP,VIC,3393
20052,ANGLERS REST,VIC,3898
20053,ANGLESEA,VIC,3230
20054,ANNUELLO,VIC,3549
20055,ANTWERP,VIC,3414
20056,APOLLO BAY,VIC,3233
20057,APPIN,VIC,3579
20058,APPIN PARK,VIC,3677
20059,APPIN SOUTH,VIC,3579
20060,APSLEY,VIC,3319
20061,ARAPILES,VIC,3409
20062,ARARAT,VIC,3377
20063,ARARAT EAST,VIC,3377
20064,ARAWATA,VIC,3951
20065,ARBUCKLE,VIC,3858
20066,ARCADIA,VIC,3631
20067,ARCADIA SOUTH,VIC,3631
20068,ARCHDALE,VIC,3475
20069,ARCHDALE JUNCTION,VIC,3475
20070,ARCHERTON,VIC,3723
20071,ARCHIES CREEK,VIC,3995
20072,ARDEER,VIC,3022
20073,ARDMONA,VIC,3629
20074,AREEGRA,VIC,3480
20075,ARGYLE,VIC,3523
20076,ARMADALE,VIC,3143
20077,ARMADALE NORTH,VIC,3143
20078,ARMSTRONG,VIC,3377
20079,ARMSTRONG CREEK,VIC,3217
20080,ARNOLD,VIC,3551
20081,ARNOLD WEST,VIC,3551
20082,ARTHURS CREEK,VIC,3099
20083,ARTHURS SEAT,VIC,3936
20084,ASCOT,VIC,3364
20085,ASCOT,VIC,3551
20086,ASCOT VALE,VIC,3032
20087,ASHBOURNE,VIC,3442
20088,ASHBURTON,VIC,3147
20089,ASHWOOD,VIC,3147
20090,ASPENDALE,VIC,3195
20091,ASPENDALE GARDENS,VIC,3195
20092,ATHLONE,VIC,3818
20093,ATTWOOD,VIC,3049
20094,AUBREY,VIC,3393
20095,AUBURN,VIC,3123
20096,AUBURN SOUTH,VIC,3122
20097,AUCHMORE,VIC,3570
20098,AVALON,VIC,3212
20099,AVENEL,VIC,3664
20100,AVOCA,VIC,3467
20101,AVON PLAINS,VIC,3477
20102,AVON PLAINS,VIC,3478
20103,AVONDALE HEIGHTS,VIC,3034
20104,AVONMORE,VIC,3559
20105,AVONSLEIGH,VIC,3782
20106,AXE CREEK,VIC,3551
20107,AXEDALE,VIC,3551
20108,AYRFORD,VIC,3268
20109,BAARMUTHA,VIC,3747
20110,BACCHUS MARSH,VIC,3340
20111,BADDAGINNIE,VIC,3670
20112,BADGER CREEK,VIC,3777
20113,BAEL BAEL,VIC,3579
20114,BAGSHOT,VIC,3551
20115,BAGSHOT NORTH,VIC,3551
20116,BAHGALLAH,VIC,3312
20117,BAILIESTON,VIC,3608
20118,BAIRNSDALE,VIC,3875
20119,BAKERY HILL,VIC,3350
20120,BAKERY HILL,VIC,3354
20121,BALACLAVA,VIC,3183
20122,BALD HILLS,VIC,3364
20123,BALD ROCK,VIC,3575
20124,BALINTORE,VIC,3249
20125,BALLAN,VIC,3342
20126,BALLANGEICH,VIC,3279
20127,BALLAPUR,VIC,3483
20128,BALLARAT,VIC,3350
20129,BALLARAT,VIC,3353
20130,BALLARAT CENTRAL,VIC,3350
20131,BALLARAT EAST,VIC,3350
20132,BALLARAT MC,VIC,3354
20133,BALLARAT NORTH,VIC,3350
20134,BALLARAT ROADSIDE DELIVERY,VIC,3352
20135,BALLARAT WEST,VIC,3350
20136,BALLENDELLA,VIC,3561
20137,BALLIANG,VIC,3340
20138,BALLIANG EAST,VIC,3340
20139,BALLYROGAN,VIC,3375
20140,BALMATTUM,VIC,3666
20141,BALMORAL,VIC,3407
20142,BALNARRING,VIC,3926
20143,BALNARRING BEACH,VIC,3926
20144,BALOOK,VIC,3971
20145,BALWYN,VIC,3103
20146,BALWYN EAST,VIC,3103
20147,BALWYN NORTH,VIC,3104
20148,BAMAWM,VIC,3561
20149,BAMAWM EXTENSION,VIC,3561
20150,BAMAWM EXTENSION,VIC,3564
20151,BAMBRA,VIC,3241
20152,BAMGANIE,VIC,3333
20153,BANDIANA,VIC,3691
20154,BANDIANA,VIC,3694
20155,BANDIANA MILPO,VIC,3694
20156,BANGERANG,VIC,3393
20157,BANGHOLME,VIC,3175
20158,BANKSIA PENINSULA,VIC,3875
20159,BANNERTON,VIC,3549
20160,BANNOCKBURN,VIC,3331
20161,BANYAN,VIC,3485
20162,BANYENA,VIC,3388
20163,BANYENONG,VIC,3480
20164,BANYULE,VIC,3084
20165,BARANDUDA,VIC,3691
20166,BAREENA,VIC,3220
20167,BARFOLD,VIC,3444
20168,BARINGHUP,VIC,3463
20169,BARINGHUP WEST,VIC,3463
20170,BARJARG,VIC,3723
20171,BARKERS CREEK,VIC,3451
20172,BARKLY,VIC,3381
20173,BARKLY,VIC,3384
20174,BARKSTEAD,VIC,3352
20175,BARKSTEAD,VIC,3364
20176,BARMAH,VIC,3639
20177,BARNADOWN,VIC,3557
20178,BARNAWARTHA,VIC,3688
20179,BARNAWARTHA NORTH,VIC,3688
20180,BARNAWARTHA NORTH,VIC,3691
20181,BAROMI,VIC,3871
20182,BAROMI,VIC,3971
20183,BARONGAROOK,VIC,3249
20184,BARONGAROOK WEST,VIC,3249
20185,BARRABOOL,VIC,3221
20186,BARRAKEE,VIC,3525
20187,BARRAMUNGA,VIC,3249
20188,BARRAPORT,VIC,3537
20189,BARRAPORT WEST,VIC,3537
20190,BARRYS REEF,VIC,3458
20191,BARUNAH PARK,VIC,3329
20192,BARUNAH PLAINS,VIC,3329
20193,BARWIDGEE,VIC,3737
20194,BARWITE,VIC,3722
20195,BARWON DOWNS,VIC,3243
20196,BARWON HEADS,VIC,3227
20197,BASALT,VIC,3460
20198,BASS,VIC,3991
20199,BATESFORD,VIC,3213
20200,BATESFORD,VIC,3221
20201,BATHUMI,VIC,3730
20202,BATMAN,VIC,3058
20203,BAW BAW,VIC,3833
20204,BAW BAW VILLAGE,VIC,3833
20205,BAXTER,VIC,3911
20206,BAYINDEEN,VIC,3375
20207,BAYLES,VIC,3981
20208,BAYNTON,VIC,3444
20209,BAYNTON EAST,VIC,3444
20210,BAYSWATER,VIC,3153
20211,BAYSWATER NORTH,VIC,3153
20212,BEACONSFIELD,VIC,3807
20213,BEACONSFIELD UPPER,VIC,3808
20214,BEALIBA,VIC,3475
20215,BEARII,VIC,3641
20216,BEARS LAGOON,VIC,3517
20217,BEAUCHAMP,VIC,3579
20218,BEAUCHAMP,VIC,3581
20219,BEAUFORT,VIC,3373
20220,BEAUMARIS,VIC,3193
20221,BEAZLEYS BRIDGE,VIC,3477
20222,BEAZLEYS BRIDGE,VIC,3478
20223,BEDFORD ROAD,VIC,3135
20224,BEEAC,VIC,3251
20225,BEECH FOREST,VIC,3237
20226,BEECHWORTH,VIC,3747
20227,BEENAK,VIC,3139
20228,BELGRAVE,VIC,3160
20229,BELGRAVE HEIGHTS,VIC,3160
20230,BELGRAVE SOUTH,VIC,3160
20231,BELL BIRD CREEK,VIC,3889
20232,BELL PARK,VIC,3215
20233,BELL POST HILL,VIC,3215
20234,BELLARINE,VIC,3221
20235,BELLARINE,VIC,3223
20236,BELLBIRD CREEK,VIC,3889
20237,BELLBRAE,VIC,3228
20238,BELLBRIDGE,VIC,3691
20239,BELLELLEN,VIC,3380
20240,BELLELLEN,VIC,3381
20241,BELLFIELD,VIC,3081
20242,BELLFIELD,VIC,3381
20243,BELLS BEACH,VIC,3228
20244,BELLVIEW,VIC,3945
20245,BELMONT,VIC,3216
20246,BELVEDERE PARK,VIC,3198
20247,BEMM RIVER,VIC,3889
20248,BEN NEVIS,VIC,3377
20249,BENA,VIC,3946
20250,BENALLA,VIC,3671
20251,BENALLA,VIC,3672
20252,BENALLA,VIC,3673
20253,BENALLA WEST,VIC,3672
20254,BENAMBRA,VIC,3900
20255,BENARCH,VIC,3630
20256,BENAYEO,VIC,3319
20257,BEND OF ISLANDS,VIC,3097
20258,BENDIGO,VIC,3550
20259,BENDIGO,VIC,3552
20260,BENDIGO DC,VIC,3554
20261,BENDIGO FORWARD,VIC,3551
20262,BENDIGO SOUTH,VIC,3550
20263,BENDOC,VIC,3888
20264,BENGWORDEN,VIC,3875
20265,BENJEROOP,VIC,3579
20266,BENLOCH,VIC,3435
20267,BENNETTSWOOD,VIC,3125
20268,BENNISON,VIC,3960
20269,BENTLEIGH,VIC,3204
20270,BENTLEIGH EAST,VIC,3165
20271,BENWERRIN,VIC,3235
20272,BEREMBOKE,VIC,3342
20273,BERRAMBOOL,VIC,3379
20274,BERRIMAL,VIC,3518
20275,BERRIMAL WEST,VIC,3478
20276,BERRINGA,VIC,3351
20277,BERRINGAMA,VIC,3691
20278,BERRIWILLOCK,VIC,3531
20279,BERRYBANK,VIC,3323
20280,BERRYS CREEK,VIC,3953
20281,BERWICK,VIC,3806
20282,BESSIEBELLE,VIC,3304
20283,BET BET,VIC,3472
20284,BETE BOLONG,VIC,3888
20285,BETE BOLONG NORTH,VIC,3888
20286,BETHANGA,VIC,3691
20287,BETLEY,VIC,3472
20288,BEULAH,VIC,3395
20289,BEVERFORD,VIC,3590
20290,BEVERIDGE,VIC,3753
20291,BIG DESERT,VIC,3490
20292,BIG HILL,VIC,3231
20293,BIG HILL,VIC,3232
20294,BIG HILL,VIC,3555
20295,BIG PATS CREEK,VIC,3799
20296,BIGGARA,VIC,3707
20297,BILLABONG,VIC,3858
20298,BIMBOURIE,VIC,3533
20299,BINDI,VIC,3896
20300,BINGINWARRI,VIC,3966
20301,BINGO,VIC,3898
20302,BINGO MUNJIE,VIC,3898
20303,BIRCHIP,VIC,3483
20304,BIRCHIP WEST,VIC,3483
20305,BIRDWOODTON,VIC,3505
20306,BIRREGURRA,VIC,3242
20307,BITTERN,VIC,3918
20308,BLACK HILL,VIC,3350
20309,BLACK RANGE,VIC,3381
20310,BLACK ROCK,VIC,3193
20311,BLACK ROCK NORTH,VIC,3193
20312,BLACKBURN,VIC,3130
20313,BLACKBURN NORTH,VIC,3130
20314,BLACKBURN SOUTH,VIC,3130
20315,BLACKHEATH,VIC,3401
20316,BLACKWARRY,VIC,3844
20317,BLACKWOOD,VIC,3458
20318,BLACKWOOD FOREST,VIC,3992
20319,BLAIRGOWRIE,VIC,3942
20320,BLAKEVILLE,VIC,3342
20321,BLAMPIED,VIC,3364
20322,BLIND BIGHT,VIC,3980
20323,BLOWHARD,VIC,3352
20324,BO PEEP,VIC,3351
20325,BOBINAWARRAH,VIC,3678
20326,BOCHARA,VIC,3301
20327,BOGONG,VIC,3699
20328,BOHO,VIC,3669
20329,BOHO SOUTH,VIC,3669
20330,BOIGBEAT,VIC,3531
20331,BOINKA,VIC,3490
20332,BOISDALE,VIC,3860
20333,BOLANGUM,VIC,3381
20334,BOLANGUM,VIC,3387
20335,BOLINDA,VIC,3432
20336,BOLTON,VIC,3546
20337,BOLWARRA,VIC,3305
20338,BOLWARRAH,VIC,3352
20339,BONA VISTA,VIC,3820
20340,BONANG,VIC,3888
20341,BONBEACH,VIC,3196
20342,BONEGILLA,VIC,3691
20343,BONEO,VIC,3939
20344,BONN,VIC,3561
20345,BONNIE BROOK,VIC,3335
20346,BONNIE DOON,VIC,3720
20347,BONSHAW,VIC,3352
20348,BONSHAW,VIC,3356
20349,BOOKAAR,VIC,3260
20350,BOOLA,VIC,3825
20351,BOOLARONG,VIC,3960
20352,BOOLARRA,VIC,3870
20353,BOOLARRA SOUTH,VIC,3870
20354,BOOLE POOLE,VIC,3880
20355,BOOLITE,VIC,3392
20356,BOOLITE,VIC,3480
20357,BOOMAHNOOMOONAH,VIC,3728
20358,BOONAH,VIC,3235
20359,BOORAN ROAD PO,VIC,3163
20360,BOORCAN,VIC,3265
20361,BOORHAMAN,VIC,3678
20362,BOORHAMAN EAST,VIC,3678
20363,BOORHAMAN NORTH,VIC,3685
20364,BOOROLITE,VIC,3723
20365,BOOROOL,VIC,3953
20366,BOORT,VIC,3537
20367,BOOSEY,VIC,3730
20368,BORALMA,VIC,3682
20369,BORNES HILL,VIC,3379
20370,BORONIA,VIC,3155
20371,BORUNG,VIC,3518
20372,BOSTOCKS CREEK,VIC,3260
20373,BOTANIC RIDGE,VIC,3977
20374,BOUNDARY BEND,VIC,3599
20375,BOWENVALE,VIC,3465
20376,BOWEYA,VIC,3675
20377,BOWEYA NORTH,VIC,3675
20378,BOWMANS FOREST,VIC,3735
20379,BOWSER,VIC,3678
20380,BOX HILL,VIC,3128
20381,BOX HILL CENTRAL,VIC,3128
20382,BOX HILL NORTH,VIC,3129
20383,BOX HILL SOUTH,VIC,3128
20384,BOXWOOD,VIC,3725
20385,BRADFORD,VIC,3463
20386,BRADVALE,VIC,3361
20387,BRAESIDE,VIC,3195
20388,BRANDITT,VIC,3630
20389,BRANDITT,VIC,3631
20390,BRANDON PARK,VIC,3150
20391,BRANDY CREEK,VIC,3821
20392,BRANXHOLME,VIC,3302
20393,BRAVINGTON,VIC,3821
20394,BRAYBROOK,VIC,3019
20395,BRAYBROOK NORTH,VIC,3019
20396,BREAKAWAY CREEK,VIC,3303
20397,BREAKWATER,VIC,3219
20398,BREAMLEA,VIC,3227
20399,BRENANAH,VIC,3517
20400,BRENTFORD SQUARE,VIC,3131
20401,BREWSTER,VIC,3352
20402,BRIAGOLONG,VIC,3860
20403,BRIAR HILL,VIC,3088
20404,BRIDGE CREEK,VIC,3723
20405,BRIDGE INN,VIC,3380
20406,BRIDGEWATER,VIC,3516
20407,BRIDGEWATER NORTH,VIC,3516
20408,BRIDGEWATER ON LODDON,VIC,3516
20409,BRIGHT,VIC,3741
20410,BRIGHTON,VIC,3186
20411,BRIGHTON EAST,VIC,3187
20412,BRIGHTON NORTH,VIC,3186
20413,BRIGHTON ROAD,VIC,3184
20414,BRIM,VIC,3391
20415,BRIMBOAL,VIC,3312
20416,BRIMIN,VIC,3685
20417,BRIMPAEN,VIC,3400
20418,BRIMPAEN,VIC,3401
20419,BRINGALBERT,VIC,3319
20420,BRIT BRIT,VIC,3315
20421,BROADFORD,VIC,3658
20422,BROADLANDS,VIC,3875
20423,BROADMEADOWS,VIC,3047
20424,BROADWATER,VIC,3301
20425,BRODRIBB RIVER,VIC,3888
20426,BROKEN CREEK,VIC,3673
20427,BROMLEY,VIC,3472
20428,BROOKFIELD,VIC,3338
20429,BROOKLYN,VIC,3012
20430,BROOKVILLE,VIC,3896
20431,BROOMFIELD,VIC,3364
20432,BROUGHTON,VIC,3418
20433,BROWN HILL,VIC,3350
20434,BROWNS PLAINS,VIC,3685
20435,BRUARONG,VIC,3749
20436,BRUCES CREEK,VIC,3757
20437,BRUCKNELL,VIC,3268
20438,BRUMBY,VIC,3885
20439,BRUNSWICK,VIC,3056
20440,BRUNSWICK EAST,VIC,3057
20441,BRUNSWICK LOWER,VIC,3056
20442,BRUNSWICK NORTH,VIC,3056
20443,BRUNSWICK SOUTH,VIC,3055
20444,BRUNSWICK WEST,VIC,3055
20445,BRUTHEN,VIC,3885
20446,BUANGOR,VIC,3375
20447,BUCHAN,VIC,3885
20448,BUCHAN SOUTH,VIC,3885
20449,BUCKLAND,VIC,3740
20450,BUCKLEY,VIC,3240
20451,BUCKLEY SWAMP,VIC,3301
20452,BUCKRABANYULE,VIC,3525
20453,BUDGEE BUDGEE,VIC,3862
20454,BUDGEREE,VIC,3870
20455,BUDGEREE EAST,VIC,3870
20456,BUDGERUM EAST,VIC,3579
20457,BUFFALO,VIC,3958
20458,BUFFALO CREEK,VIC,3958
20459,BUFFALO RIVER,VIC,3737
20460,BULART,VIC,3314
20461,BULDAH,VIC,3890
20462,BULGA,VIC,3586
20463,BULGANA,VIC,3377
20464,BULLA,VIC,3428
20465,BULLABUL,VIC,3517
20466,BULLAHARRE,VIC,3266
20467,BULLAROOK,VIC,3352
20468,BULLARTO,VIC,3461
20469,BULLARTO SOUTH,VIC,3461
20470,BULLEEN,VIC,3105
20471,BULLEEN SOUTH,VIC,3105
20472,BULLENGAROOK,VIC,3437
20473,BULLIOH,VIC,3700
20474,BULLUMWAAL,VIC,3875
20475,BULN BULN,VIC,3821
20476,BULN BULN EAST,VIC,3821
20477,BUMBERRAH,VIC,3902
20478,BUNBARTHA,VIC,3634
20479,BUNDALAGUAH,VIC,3851
20480,BUNDALONG,VIC,3730
20481,BUNDALONG SOUTH,VIC,3730
20482,BUNDARA,VIC,3898
20483,BUNDING,VIC,3342
20484,BUNDOORA,VIC,3083
20485,BUNG BONG,VIC,3465
20486,BUNGADOR,VIC,3260
20487,BUNGAL,VIC,3334
20488,BUNGALALLY,VIC,3401
20489,BUNGAREE,VIC,3352
20490,BUNGEET,VIC,3726
20491,BUNGEET WEST,VIC,3726
20492,BUNGIL,VIC,3691
20493,BUNGULUKE,VIC,3527
20494,BUNINYONG,VIC,3357
20495,BUNKERS HILL,VIC,3352
20496,BUNYIP,VIC,3815
20497,BUNYIP NORTH,VIC,3815
20498,BURAGWONDUC,VIC,3858
20499,BURKES BRIDGE,VIC,3568
20500,BURKES FLAT,VIC,3475
20501,BURNBANK,VIC,3371
20502,BURNEWANG,VIC,3558
20503,BURNLEY,VIC,3121
20504,BURNLEY NORTH,VIC,3121
20505,BURNSIDE,VIC,3023
20506,BURNSIDE HEIGHTS,VIC,3023
20507,BURRAMBOOT,VIC,3559
20508,BURRAMINE,VIC,3730
20509,BURRAMINE SOUTH,VIC,3730
20510,BURROWYE,VIC,3709
20511,BURRUMBEET,VIC,3352
20512,BURWOOD,VIC,3125
20513,BURWOOD EAST,VIC,3151
20514,BURWOOD HEIGHTS,VIC,3151
20515,BUSHFIELD,VIC,3281
20516,BUSHY PARK,VIC,3860
20517,BUTCHERS RIDGE,VIC,3885
20518,BUXTON,VIC,3711
20519,BYADUK,VIC,3301
20520,BYADUK NORTH,VIC,3300
20521,BYAWATHA,VIC,3678
20522,BYLANDS,VIC,3762
20523,BYRNESIDE,VIC,3617
20524,CABANANDRA,VIC,3888
20525,CABARITA,VIC,3505
20526,CABBAGE TREE,VIC,3364
20527,CABBAGE TREE CREEK,VIC,3889
20528,CADELLO,VIC,3442
20529,CAIRNLEA,VIC,3023
20530,CALDER PARK,VIC,3037
20531,CALDERMEADE,VIC,3984
20532,CALIFORNIA GULLY,VIC,3556
20533,CALIVIL,VIC,3573
20534,CALLAWADDA,VIC,3381
20535,CALLAWADDA,VIC,3387
20536,CALLIGNEE,VIC,3844
20537,CALLIGNEE NORTH,VIC,3844
20538,CALLIGNEE SOUTH,VIC,3844
20539,CALROSSIE,VIC,3971
20540,CALULU,VIC,3875
20541,CAMBARVILLE,VIC,3779
20542,CAMBERWELL,VIC,3124
20543,CAMBERWELL EAST,VIC,3126
20544,CAMBERWELL NORTH,VIC,3124
20545,CAMBERWELL SOUTH,VIC,3124
20546,CAMBERWELL WEST,VIC,3124
20547,CAMBRIAN HILL,VIC,3352
20548,CAMPASPE WEST,VIC,3564
20549,CAMPBELLFIELD,VIC,3061
20550,CAMPBELLS BRIDGE,VIC,3381
20551,CAMPBELLS BRIDGE,VIC,3387
20552,CAMPBELLS CREEK,VIC,3451
20553,CAMPBELLS FOREST,VIC,3556
20554,CAMPBELLTOWN,VIC,3364
20555,CAMPERDOWN,VIC,3260
20556,CANADIAN,VIC,3350
20557,CANARY ISLAND,VIC,3537
20558,CANIAMBO,VIC,3630
20559,CANN RIVER,VIC,3890
20560,CANNIE,VIC,3540
20561,CANNONS CREEK,VIC,3977
20562,CANNUM,VIC,3393
20563,CANTERBURY,VIC,3126
20564,CAPE BRIDGEWATER,VIC,3305
20565,CAPE CLEAR,VIC,3351
20566,CAPE CONRAN,VIC,3888
20567,CAPE OTWAY,VIC,3233
20568,CAPE PATERSON,VIC,3995
20569,CAPE SCHANCK,VIC,3939
20570,CAPE WOOLAMAI,VIC,3925
20571,CAPEL SOUND,VIC,3940
20572,CAPELS CROSSING,VIC,3579
20573,CARAG CARAG,VIC,3623
20574,CARALULUP,VIC,3371
20575,CARAMUT,VIC,3274
20576,CARAPOOEE,VIC,3477
20577,CARAPOOEE,VIC,3478
20578,CARAPOOEE WEST,VIC,3477
20579,CARAPOOEE WEST,VIC,3478
20580,CARAPOOK,VIC,3312
20581,CARBOOR,VIC,3678
20582,CARDIGAN,VIC,3352
20583,CARDIGAN VILLAGE,VIC,3352
20584,CARDINIA,VIC,3978
20585,CARDROSS,VIC,3496
20586,CARGERIE,VIC,3334
20587,CARINA,VIC,3512
20588,CARINGAL,VIC,3825
20589,CARISBROOK,VIC,3464
20590,CARLISLE RIVER,VIC,3239
20591,CARLSRUHE,VIC,3442
20592,CARLTON,VIC,3053
20593,CARLTON NORTH,VIC,3054
20594,CARLTON SOUTH,VIC,3053
20595,CARLYLE,VIC,3685
20596,CARLYLE,VIC,3687
20597,CARNEGIE,VIC,3163
20598,CARNGHAM,VIC,3351
20599,CAROLINE SPRINGS,VIC,3023
20600,CARPENDEIT,VIC,3260
20601,CARRAJUNG,VIC,3844
20602,CARRAJUNG LOWER,VIC,3844
20603,CARRAJUNG SOUTH,VIC,3844
20604,CARRAJUNG SOUTH,VIC,3874
20605,CARRANBALLAC,VIC,3361
20606,CARRON,VIC,3480
20607,CARRUM,VIC,3197
20608,CARRUM DOWNS,VIC,3201
20609,CARWARP,VIC,3494
20610,CASHMORE,VIC,3305
20611,CASSILIS,VIC,3898
20612,CASTELLA,VIC,3777
20613,CASTERTON,VIC,3311
20614,CASTLE CREEK,VIC,3691
20615,CASTLE DONNINGTON,VIC,3585
20616,CASTLEBURN,VIC,3862
20617,CASTLEMAINE,VIC,3450
20618,CATANI,VIC,3981
20619,CATHCART,VIC,3377
20620,CATHKIN,VIC,3714
20621,CATUMNAL,VIC,3537
20622,CAULFIELD,VIC,3162
20623,CAULFIELD EAST,VIC,3145
20624,CAULFIELD JUNCTION,VIC,3161
20625,CAULFIELD NORTH,VIC,3161
20626,CAULFIELD SOUTH,VIC,3162
20627,CAVEAT,VIC,3660
20628,CAVENDISH,VIC,3314
20629,CENTRAL PARK,VIC,3145
20630,CERES,VIC,3221
20631,CHADSTONE,VIC,3148
20632,CHADSTONE CENTRE,VIC,3148
20633,CHANDLERS CREEK,VIC,3890
20634,CHAPEL FLAT,VIC,3352
20635,CHAPEL STREET NORTH,VIC,3141
20636,CHAPPLE VALE,VIC,3239
20637,CHARAM,VIC,3318
20638,CHARLEMONT,VIC,3217
20639,CHARLEROI,VIC,3695
20640,CHARLTON,VIC,3525
20641,CHARTWELL,VIC,3030
20642,CHATSWORTH,VIC,3379
20643,CHELSEA,VIC,3196
20644,CHELSEA HEIGHTS,VIC,3196
20645,CHELTENHAM,VIC,3192
20646,CHELTENHAM EAST,VIC,3192
20647,CHELTENHAM NORTH,VIC,3192
20648,CHEPSTOWE,VIC,3351
20649,CHEROKEE,VIC,3434
20650,CHERRILONG,VIC,3874
20651,CHERRYPOOL,VIC,3401
20652,CHESHUNT,VIC,3678
20653,CHESHUNT SOUTH,VIC,3678
20654,CHESNEY VALE,VIC,3725
20655,CHETWYND,VIC,3312
20656,CHEWTON,VIC,3451
20657,CHEWTON BUSHLANDS,VIC,3451
20658,CHILDERS,VIC,3824
20659,CHILLINGOLLAH,VIC,3585
20660,CHILTERN,VIC,3683
20661,CHILTERN VALLEY,VIC,3683
20662,CHINANGIN,VIC,3544
20663,CHINKAPOOK,VIC,3546
20664,CHINTIN,VIC,3756
20665,CHIRNSIDE PARK,VIC,3116
20666,CHIRRIP,VIC,3525
20667,CHOCOLYN,VIC,3260
20668,CHRISTIES,VIC,3962
20669,CHRISTMAS HILLS,VIC,3775
20670,CHUM CREEK,VIC,3777
20671,CHURCHILL,VIC,3842
20672,CHURCHILL ISLAND,VIC,3925
20673,CHUTE,VIC,3373
20674,CLARENDON,VIC,3352
20675,CLARETOWN,VIC,3352
20676,CLARINDA,VIC,3169
20677,CLARKEFIELD,VIC,3430
20678,CLARKES HILL,VIC,3352
20679,CLAYTON,VIC,3168
20680,CLAYTON SOUTH,VIC,3169
20681,CLEAR LAKE,VIC,3401
20682,CLEAR LAKE,VIC,3409
20683,CLEMATIS,VIC,3782
20684,CLIFTON CREEK,VIC,3875
20685,CLIFTON HILL,VIC,3068
20686,CLIFTON SPRINGS,VIC,3222
20687,CLONBINANE,VIC,3658
20688,CLOVER FLAT,VIC,3315
20689,CLOVERLEA,VIC,3822
20690,CLUB TERRACE,VIC,3889
20691,CLUNES,VIC,3370
20692,CLYDE,VIC,3978
20693,CLYDE NORTH,VIC,3978
20694,CLYDEBANK,VIC,3851
20695,CLYDESDALE,VIC,3461
20696,COALVILLE,VIC,3825
20697,COATESVILLE,VIC,3165
20698,COBAINS,VIC,3851
20699,COBAW,VIC,3442
20700,COBBANNAH,VIC,3862
20701,COBBERAS,VIC,3900
20702,COBBLEBANK,VIC,3338
20703,COBDEN,VIC,3266
20704,COBRAM,VIC,3643
20705,COBRAM,VIC,3644
20706,COBRAM EAST,VIC,3644
20707,COBRICO,VIC,3266
20708,COBUNGRA,VIC,3898
20709,COBURG,VIC,3058
20710,COBURG NORTH,VIC,3058
20711,COCAMBA,VIC,3546
20712,COCHRANES CREEK,VIC,3475
20713,COCKATOO,VIC,3781
20714,COCOROC,VIC,3030
20715,CODRINGTON,VIC,3285
20716,COGHILLS CREEK,VIC,3364
20717,COHUNA,VIC,3568
20718,COIMADAI,VIC,3340
20719,COKUM,VIC,3542
20720,COLAC,VIC,3250
20721,COLAC COLAC,VIC,3707
20722,COLAC EAST,VIC,3250
20723,COLAC WEST,VIC,3250
20724,COLBINABBIN,VIC,3559
20725,COLBROOK,VIC,3342
20726,COLDSTREAM,VIC,3770
20727,COLERAINE,VIC,3315
20728,COLIGNAN,VIC,3494
20729,COLLINGWOOD,VIC,3066
20730,COLLINGWOOD NORTH,VIC,3066
20731,COLLINS STREET EAST,VIC,8003
20732,COLLINS STREET WEST,VIC,8007
20733,COLLIVER,VIC,3630
20734,COMBIENBAR,VIC,3889
20735,COMET HILL,VIC,3556
20736,CONCONGELLA,VIC,3381
20737,CONCONGELLA,VIC,3384
20738,CONDAH,VIC,3303
20739,CONDAH SWAMP,VIC,3286
20740,CONDAH SWAMP,VIC,3303
20741,CONGUPNA,VIC,3633
20742,CONNANGORACH,VIC,3401
20743,CONNEWARRE,VIC,3227
20744,CONNEWIRRICOO,VIC,3318
20745,COOJAR,VIC,3315
20746,COOLAROO,VIC,3048
20747,COOMA,VIC,3616
20748,COOMBOONA,VIC,3629
20749,COOMOORA,VIC,3461
20750,COONGULLA,VIC,3860
20751,COONOOER BRIDGE,VIC,3477
20752,COONOOER BRIDGE,VIC,3478
20753,COONOOER WEST,VIC,3477
20754,COONOOER WEST,VIC,3478
20755,COOPERS CREEK,VIC,3825
20756,COORIEMUNGLE,VIC,3268
20757,COPE COPE,VIC,3480
20758,CORA LYNN,VIC,3814
20759,CORACK,VIC,3480
20760,CORACK EAST,VIC,3480
20761,CORAGULAC,VIC,3249
20762,CORAL BANK,VIC,3691
20763,CORINDHAP,VIC,3352
20764,CORINELLA,VIC,3984
20765,CORIO,VIC,3214
20766,CORNDALE,VIC,3311
20767,CORNELIA CREEK,VIC,3622
20768,CORNELLA,VIC,3551
20769,CORNISHTOWN,VIC,3683
20770,CORONET BAY,VIC,3984
20771,COROP,VIC,3559
20772,COROP WEST,VIC,3558
20773,COROROOKE,VIC,3254
20774,CORRINGLE,VIC,3888
20775,CORRYONG,VIC,3707
20776,CORUNNUN,VIC,3249
20777,COSGROVE,VIC,3631
20778,COSGROVE SOUTH,VIC,3631
20779,COSTERFIELD,VIC,3523
20780,COTHAM,VIC,3101
20781,COTSWOLD,VIC,3465
20782,COTTLES BRIDGE,VIC,3099
20783,COWA,VIC,3862
20784,COWANGIE,VIC,3506
20785,COWES,VIC,3922
20786,COWLEYS CREEK,VIC,3268
20787,COWWARR,VIC,3857
20788,CRAIGIE,VIC,3465
20789,CRAIGIEBURN,VIC,3064
20790,CRANBOURNE,VIC,3977
20791,CRANBOURNE EAST,VIC,3977
20792,CRANBOURNE NORTH,VIC,3977
20793,CRANBOURNE SOUTH,VIC,3977
20794,CRANBOURNE WEST,VIC,3977
20795,CREEK JUNCTION,VIC,3669
20796,CREEK VIEW,VIC,3551
20797,CREEK VIEW,VIC,3558
20798,CREIGHTON,VIC,3666
20799,CREIGHTONS CREEK,VIC,3666
20800,CREMORNE,VIC,3121
20801,CRESSY,VIC,3322
20802,CRESWICK,VIC,3363
20803,CRESWICK NORTH,VIC,3363
20804,CRIB POINT,VIC,3919
20805,CROMER,VIC,3193
20806,CROOKAYAN,VIC,3858
20807,CROOKED RIVER,VIC,3862
20808,CROSS KEYS,VIC,3041
20809,CROSS ROADS,VIC,3373
20810,CROSSLEY,VIC,3283
20811,CROSSOVER,VIC,3821
20812,CROWLANDS,VIC,3377
20813,CROXTON EAST,VIC,3301
20814,CROYDON,VIC,3136
20815,CROYDON HILLS,VIC,3136
20816,CROYDON NORTH,VIC,3136
20817,CROYDON SOUTH,VIC,3136
20818,CRYMELON,VIC,3393
20819,CRYSTAL CREEK,VIC,3714
20820,CUDGEE,VIC,3265
20821,CUDGEWA,VIC,3705
20822,CULGOA,VIC,3530
20823,CULLA,VIC,3315
20824,CULLEN,VIC,3568
20825,CULLULLERAINE,VIC,3496
20826,CUNDARE,VIC,3251
20827,CUNDARE NORTH,VIC,3251
20828,CURDIE VALE,VIC,3268
20829,CURDIES RIVER,VIC,3268
20830,CURDIEVALE,VIC,3268
20831,CURLEWIS,VIC,3222
20832,CURYO,VIC,3483
20833,DADSWELLS BRIDGE,VIC,3385
20834,DAHLEN,VIC,3401
20835,DAISY HILL,VIC,3465
20836,DALES CREEK,VIC,3341
20837,DALLAS,VIC,3047
20838,DALMORE,VIC,3981
20839,DALTONS BRIDGE,VIC,3568
20840,DALYENONG,VIC,3477
20841,DALYSTON,VIC,3992
20842,DANDENONG,VIC,3175
20843,DANDENONG,VIC,8785
20844,DANDENONG EAST,VIC,3175
20845,DANDENONG NORTH,VIC,3175
20846,DANDENONG SOUTH,VIC,3164
20847,DANDENONG SOUTH,VIC,3175
20848,DANDENONG SOUTH,VIC,8785
20849,DANDONGADALE,VIC,3737
20850,DARGO,VIC,3862
20851,DARKBONEE,VIC,3478
20852,DARLEY,VIC,3340
20853,DARLIMURLA,VIC,3871
20854,DARLING,VIC,3145
20855,DARLING SOUTH,VIC,3145
20856,DARLINGTON,VIC,3271
20857,DARNUM,VIC,3822
20858,DARRAWEIT GUIM,VIC,3756
20859,DARRIMAN,VIC,3851
20860,DARTMOOR,VIC,3304
20861,DARTMOUTH,VIC,3701
20862,DAWSON,VIC,3858
20863,DAYLESFORD,VIC,3460
20864,DEAKIN UNIVERSITY,VIC,3217
20865,DEAN,VIC,3352
20866,DEAN,VIC,3363
20867,DEANS MARSH,VIC,3235
20868,DEANSIDE,VIC,3336
20869,DEDDICK VALLEY,VIC,3888
20870,DEDERANG,VIC,3691
20871,DEEP LEAD,VIC,3381
20872,DEEP LEAD,VIC,3385
20873,DEEPDENE,VIC,3103
20874,DEEPDENE DC,VIC,3103
20875,DEER PARK,VIC,3023
20876,DEER PARK EAST,VIC,3022
20877,DEER PARK NORTH,VIC,3023
20878,DELACOMBE,VIC,3356
20879,DELAHEY,VIC,3037
20880,DELATITE,VIC,3723
20881,DELBURN,VIC,3871
20882,DELEGATE RIVER,VIC,3888
20883,DELEGATE RIVER EAST,VIC,3888
20884,DELLICKNORA,VIC,3888
20885,DENDY,VIC,3186
20886,DENICULL CREEK,VIC,3377
20887,DENISON,VIC,3858
20888,DENNINGTON,VIC,3280
20889,DENVER,VIC,3461
20890,DEPTFORD,VIC,3875
20891,DERBY,VIC,3516
20892,DEREEL,VIC,3352
20893,DERGHOLM,VIC,3312
20894,DERRIMUT,VIC,3026
20895,DERRINAL,VIC,3523
20896,DERRINALLUM,VIC,3325
20897,DEVENISH,VIC,3726
20898,DEVILS RIVER,VIC,3714
20899,DEVON MEADOWS,VIC,3977
20900,DEVON NORTH,VIC,3971
20901,DEWHURST,VIC,3808
20902,DHURRINGILE,VIC,3610
20903,DIAMOND CREEK,VIC,3089
20904,DIAMOND HILL,VIC,3550
20905,DIGBY,VIC,3309
20906,DIGGERS REST,VIC,3427
20907,DIGGORA,VIC,3561
20908,DIGGORA WEST,VIC,3561
20909,DIMBOOLA,VIC,3414
20910,DINGEE,VIC,3571
20911,DINGLEY VILLAGE,VIC,3172
20912,DINGWALL,VIC,3579
20913,DINNER PLAIN,VIC,3898
20914,DIXIE,VIC,3265
20915,DIXONS CREEK,VIC,3775
20916,DOBIE,VIC,3377
20917,DOCKER,VIC,3678
20918,DOCKERS PLAINS,VIC,3678
20919,DOCKLANDS,VIC,3008
20920,DOCKLANDS,VIC,8012
20921,DOCTORS FLAT,VIC,3895
20922,DOLLAR,VIC,3871
20923,DOMAIN ROAD PO,VIC,3141
20924,DON VALLEY,VIC,3139
20925,DONALD,VIC,3480
20926,DONCASTER,VIC,3108
20927,DONCASTER EAST,VIC,3109
20928,DONCASTER HEIGHTS,VIC,3109
20929,DONNYBROOK,VIC,3064
20930,DONVALE,VIC,3111
20931,DOOBOOBETIC,VIC,3478
20932,DOOEN,VIC,3401
20933,DOOKIE,VIC,3646
20934,DOOKIE COLLEGE,VIC,3647
20935,DOREEN,VIC,3754
20936,DORODONG,VIC,3312
20937,DOUBLE BRIDGES,VIC,3893
20938,DOUGLAS,VIC,3401
20939,DOUGLAS,VIC,3409
20940,DOVETON,VIC,3177
20941,DREEITE,VIC,3249
20942,DREEITE SOUTH,VIC,3249
20943,DRIFFIELD,VIC,3840
20944,DRIK DRIK,VIC,3304
20945,DROMANA,VIC,3936
20946,DROPMORE,VIC,3660
20947,DROUIN,VIC,3818
20948,DROUIN EAST,VIC,3818
20949,DROUIN SOUTH,VIC,3818
20950,DROUIN WEST,VIC,3818
20951,DRUMANURE,VIC,3636
20952,DRUMBORG,VIC,3304
20953,DRUMCONDRA,VIC,3215
20954,DRUMMARTIN,VIC,3570
20955,DRUMMOND,VIC,3461
20956,DRUMMOND NORTH,VIC,3446
20957,DRUNG,VIC,3401
20958,DRY DIGGINGS,VIC,3461
20959,DRYSDALE,VIC,3222
20960,DUCHEMBEGARRA,VIC,3409
20961,DUGAYS BRIDGE,VIC,3685
20962,DUMBALK,VIC,3956
20963,DUMBALK NORTH,VIC,3956
20964,DUMOSA,VIC,3527
20965,DUNACH,VIC,3371
20966,DUNDONNELL,VIC,3271
20967,DUNEARN,VIC,3175
20968,DUNKELD,VIC,3294
20969,DUNKIRK,VIC,3630
20970,DUNLUCE,VIC,3472
20971,DUNNEWORTHY,VIC,3377
20972,DUNNSTOWN,VIC,3352
20973,DUNOLLY,VIC,3472
20974,DUNROBIN,VIC,3312
20975,DURDIDWARRAH,VIC,3342
20976,DURHAM LEAD,VIC,3352
20977,DURHAM OX,VIC,3576
20978,DUTSON,VIC,3851
20979,DUTSON DOWNS,VIC,3851
20980,DUTTON WAY,VIC,3305
20981,DUVERNEY,VIC,3323
20982,DYSART,VIC,3660
20983,EAGLE POINT,VIC,3878
20984,EAGLEHAWK,VIC,3556
20985,EAGLEHAWK NORTH,VIC,3556
20986,EAGLEMONT,VIC,3084
20987,EARLSTON,VIC,3669
20988,EAST BAIRNSDALE,VIC,3875
20989,EAST BENDIGO,VIC,3550
20990,EAST GEELONG,VIC,3219
20991,EAST MELBOURNE,VIC,3002
20992,EAST MELBOURNE,VIC,8002
20993,EAST SALE,VIC,3852
20994,EAST SALE RAAF,VIC,3852
20995,EAST WANGARATTA,VIC,3678
20996,EAST WARBURTON,VIC,3799
20997,EAST YEOBURN,VIC,3579
20998,EASTERN VIEW,VIC,3231
20999,EASTVILLE,VIC,3463
21000,EASTWOOD,VIC,3875
21001,EBDEN,VIC,3691
21002,ECHUCA,VIC,3564
21003,ECHUCA EAST,VIC,3564
21004,ECHUCA SOUTH,VIC,3564
21005,ECHUCA VILLAGE,VIC,3564
21006,ECHUCA WEST,VIC,3564
21007,ECKLIN SOUTH,VIC,3265
21008,EDDINGTON,VIC,3472
21009,EDEN PARK,VIC,3757
21010,EDENHOPE,VIC,3318
21011,EDGECOMBE,VIC,3444
21012,EDI,VIC,3678
21013,EDI UPPER,VIC,3678
21014,EDITHVALE,VIC,3196
21015,EGANSTOWN,VIC,3461
21016,EILDON,VIC,3713
21017,ELAINE,VIC,3334
21018,ELBERTON,VIC,3478
21019,ELDORADO,VIC,3746
21020,ELEVATED PLAINS,VIC,3461
21021,ELINGAMITE,VIC,3266
21022,ELINGAMITE NORTH,VIC,3266
21023,ELIZABETH ISLAND,VIC,3921
21024,ELLASWOOD,VIC,3875
21025,ELLERSLIE,VIC,3265
21026,ELLIMINYT,VIC,3250
21027,ELLINBANK,VIC,3821
21028,ELMHURST,VIC,3469
21029,ELMORE,VIC,3558
21030,ELPHINSTONE,VIC,3448
21031,ELSTERNWICK,VIC,3185
21032,ELTHAM,VIC,3095
21033,ELTHAM NORTH,VIC,3095
21034,ELWOOD,VIC,3184
21035,EMERALD,VIC,3782
21036,EMU,VIC,3475
21037,EMU CREEK,VIC,3551
21038,EMU FLAT,VIC,3522
21039,ENDEAVOUR HILLS,VIC,3802
21040,ENFIELD,VIC,3352
21041,ENGLEFIELD,VIC,3407
21042,ENOCHS POINT,VIC,3723
21043,ENSAY,VIC,3895
21044,ENSAY NORTH,VIC,3895
21045,EPPALOCK,VIC,3551
21046,EPPING,VIC,3076
21047,EPPING DC,VIC,3076
21048,EPSOM,VIC,3551
21049,ERCILDOUNE,VIC,3352
21050,ERICA,VIC,3825
21051,ERRINUNDRA,VIC,3889
21052,ESKDALE,VIC,3701
21053,ESMOND,VIC,3730
21054,ESSENDON,VIC,3040
21055,ESSENDON FIELDS,VIC,3041
21056,ESSENDON NORTH,VIC,3041
21057,ESSENDON WEST,VIC,3040
21058,EUMEMMERRING,VIC,3177
21059,EURACK,VIC,3251
21060,EUREKA,VIC,3350
21061,EUROA,VIC,3666
21062,EUROBIN,VIC,3739
21063,EVANSFORD,VIC,3371
21064,EVERSLEY,VIC,3377
21065,EVERTON,VIC,3678
21066,EVERTON UPPER,VIC,3678
21067,EXFORD,VIC,3338
21068,EYNESBURY,VIC,3338
21069,FAIRBANK,VIC,3951
21070,FAIRFIELD,VIC,3078
21071,FAIRHAVEN,VIC,3231
21072,FAIRLEY,VIC,3579
21073,FAIRY DELL,VIC,3561
21074,FAIRY DELL,VIC,3875
21075,FALLS CREEK,VIC,3699
21076,FARADAY,VIC,3451
21077,FAWCETT,VIC,3714
21078,FAWKNER,VIC,3060
21079,FAWKNER EAST,VIC,3060
21080,FAWKNER NORTH,VIC,3060
21081,FENTONS CREEK,VIC,3518
21082,FERGUSON,VIC,3237
21083,FERN HILL,VIC,3458
21084,FERNBANK,VIC,3864
21085,FERNDALE,VIC,3821
21086,FERNIHURST,VIC,3518
21087,FERNSHAW,VIC,3778
21088,FERNTREE GULLY,VIC,3156
21089,FERNVALE,VIC,3701
21090,FERNY CREEK,VIC,3786
21091,FIELDSTONE,VIC,3024
21092,FIERY FLAT,VIC,3518
21093,FINGAL,VIC,3939
21094,FISH CREEK,VIC,3959
21095,FISH POINT,VIC,3585
21096,FISKVILLE,VIC,3342
21097,FITZROY,VIC,3065
21098,FITZROY NORTH,VIC,3068
21099,FIVE WAYS,VIC,3977
21100,FLAGGY CREEK,VIC,3875
21101,FLAGSTAFF,VIC,3465
21102,FLAMINGO BEACH,VIC,3851
21103,FLEMINGTON,VIC,3031
21104,FLINDERS,VIC,3929
21105,FLINDERS LANE,VIC,8009
21106,FLINDERS NAVAL DEPOT,VIC,3920
21107,FLORA HILL,VIC,3550
21108,FLOWERDALE,VIC,3658
21109,FLOWERDALE,VIC,3717
21110,FLYNN,VIC,3844
21111,FLYNNS CREEK,VIC,3844
21112,FOOTSCRAY,VIC,3011
21113,FORBES,VIC,3764
21114,FOREST HILL,VIC,3131
21115,FORGE CREEK,VIC,3875
21116,FORREST,VIC,3236
21117,FOSTER,VIC,3960
21118,FOSTER NORTH,VIC,3960
21119,FOSTERVILLE,VIC,3557
21120,FOUNTAIN GATE,VIC,3805
21121,FOXHOW,VIC,3323
21122,FRAMLINGHAM,VIC,3265
21123,FRAMLINGHAM EAST,VIC,3265
21124,FRANKLINFORD,VIC,3461
21125,FRANKSTON,VIC,3199
21126,FRANKSTON EAST,VIC,3199
21127,FRANKSTON HEIGHTS,VIC,3199
21128,FRANKSTON NORTH,VIC,3200
21129,FRANKSTON SOUTH,VIC,3199
21130,FRASER RISE,VIC,3336
21131,FREEBURGH,VIC,3741
21132,FRENCH ISLAND,VIC,3921
21133,FRENCHMANS,VIC,3384
21134,FRESHWATER CREEK,VIC,3216
21135,FRESHWATER CREEK,VIC,3217
21136,FRYERSTOWN,VIC,3451
21137,FULHAM,VIC,3851
21138,FUMINA,VIC,3825
21139,FUMINA SOUTH,VIC,3825
21140,FYANS CREEK,VIC,3381
21141,FYANSFORD,VIC,3218
21142,FYANSFORD,VIC,3221
21143,GAFFNEYS CREEK,VIC,3723
21144,GAINSBOROUGH,VIC,3822
21145,GANNAWARRA,VIC,3568
21146,GAPSTED,VIC,3737
21147,GARDEN CITY,VIC,3207
21148,GARDENVALE,VIC,3185
21149,GARFIELD,VIC,3814
21150,GARFIELD NORTH,VIC,3814
21151,GARIBALDI,VIC,3352
21152,GARVOC,VIC,3265
21153,GATEWAY ISLAND,VIC,3691
21154,GATUM,VIC,3407
21155,GAZETTE,VIC,3289
21156,GEELONG,VIC,3220
21157,GEELONG MC,VIC,3221
21158,GEELONG NORTH,VIC,3215
21159,GEELONG WEST,VIC,3218
21160,GELANTIPY,VIC,3885
21161,GELLIBRAND,VIC,3239
21162,GELLIBRAND LOWER,VIC,3237
21163,GELLIONDALE,VIC,3971
21164,GEMBROOK,VIC,3783
21165,GENOA,VIC,3891
21166,GENTLE ANNIE,VIC,3833
21167,GEORGES CREEK,VIC,3700
21168,GERAHMIN,VIC,3546
21169,GERANG GERUNG,VIC,3418
21170,GERANGAMETE,VIC,3243
21171,GERANGAMETE,VIC,3249
21172,GERMANIA,VIC,3381
21173,GERMANIA,VIC,3387
21174,GERMANTOWN,VIC,3741
21175,GERRIGERRUP,VIC,3289
21176,GHERANG,VIC,3240
21177,GHERINGHAP,VIC,3331
21178,GHIN GHIN,VIC,3717
21179,GIFFARD,VIC,3850
21180,GIFFARD,VIC,3851
21181,GIFFARD WEST,VIC,3851
21182,GIL GIL,VIC,3480
21183,GILBERTON,VIC,3072
21184,GILDEROY,VIC,3797
21185,GILLIESTON,VIC,3616
21186,GILLUM,VIC,3858
21187,GIPPSLAND MC,VIC,3841
21188,GIPSY POINT,VIC,3891
21189,GIRGARRE,VIC,3624
21190,GIRGARRE EAST,VIC,3616
21191,GISBORNE,VIC,3437
21192,GISBORNE SOUTH,VIC,3437
21193,GLADFIELD,VIC,3575
21194,GLADSTONE PARK,VIC,3043
21195,GLADYSDALE,VIC,3797
21196,GLEN ALVIE,VIC,3979
21197,GLEN CREEK,VIC,3691
21198,GLEN FALLOCH,VIC,3858
21199,GLEN FORBES,VIC,3990
21200,GLEN HUNTLY,VIC,3163
21201,GLEN IRIS,VIC,3146
21202,GLEN PARK,VIC,3352
21203,GLEN VALLEY,VIC,3898
21204,GLEN WAVERLEY,VIC,3150
21205,GLEN WILLS,VIC,3898
21206,GLENAIRE,VIC,3238
21207,GLENALADALE,VIC,3864
21208,GLENALBYN,VIC,3517
21209,GLENAROUA,VIC,3764
21210,GLENBRAE,VIC,3352
21211,GLENBURN,VIC,3717
21212,GLENDARUEL,VIC,3363
21213,GLENDONALD,VIC,3364
21214,GLENDONNELL,VIC,3364
21215,GLENFALLOCH,VIC,3858
21216,GLENFERRIE SOUTH,VIC,3122
21217,GLENFYNE,VIC,3266
21218,GLENGALA,VIC,3020
21219,GLENGARRY,VIC,3854
21220,GLENGARRY NORTH,VIC,3854
21221,GLENGARRY WEST,VIC,3854
21222,GLENGOWER,VIC,3370
21223,GLENHOPE,VIC,3444
21224,GLENHOPE EAST,VIC,3522
21225,GLENISLA,VIC,3314
21226,GLENLEE,VIC,3418
21227,GLENLOFTY,VIC,3469
21228,GLENLOGIE,VIC,3469
21229,GLENLOTH,VIC,3527
21230,GLENLOTH EAST,VIC,3527
21231,GLENLUCE,VIC,3451
21232,GLENLYON,VIC,3461
21233,GLENMAGGIE,VIC,3858
21234,GLENMORE,VIC,3340
21235,GLENORCHY,VIC,3385
21236,GLENORMISTON,VIC,3265
21237,GLENORMISTON NORTH,VIC,3265
21238,GLENORMISTON SOUTH,VIC,3265
21239,GLENPATRICK,VIC,3469
21240,GLENROWAN,VIC,3675
21241,GLENROWAN WEST,VIC,3675
21242,GLENROY,VIC,3046
21243,GLENTHOMPSON,VIC,3293
21244,GLOMAR BEACH,VIC,3851
21245,GNARWARRE,VIC,3221
21246,GNOTUK,VIC,3260
21247,GOBARUP,VIC,3559
21248,GOBUR,VIC,3719
21249,GOLDEN BEACH,VIC,3851
21250,GOLDEN GULLY,VIC,3555
21251,GOLDEN POINT,VIC,3350
21252,GOLDEN POINT,VIC,3451
21253,GOLDEN POINT,VIC,3465
21254,GOLDEN SQUARE,VIC,3555
21255,GOLDIE,VIC,3435
21256,GOLDSBOROUGH,VIC,3472
21257,GONG GONG,VIC,3352
21258,GONN CROSSING,VIC,3579
21259,GOOMALIBEE,VIC,3673
21260,GOON NURE,VIC,3875
21261,GOONGERAH,VIC,3888
21262,GOORAM,VIC,3666
21263,GOORAMADDA,VIC,3685
21264,GOORAMBAT,VIC,3725
21265,GOORNONG,VIC,3557
21266,GOOROC,VIC,3477
21267,GOOROC,VIC,3478
21268,GORAE,VIC,3305
21269,GORAE WEST,VIC,3305
21270,GORDON,VIC,3345
21271,GORMANDALE,VIC,3873
21272,GOROKE,VIC,3412
21273,GOSCHEN,VIC,3585
21274,GOUGHS BAY,VIC,3723
21275,GOULBURN WEIR,VIC,3608
21276,GOWANBRAE,VIC,3043
21277,GOWANFORD,VIC,3544
21278,GOWANGARDIE,VIC,3669
21279,GOWAR EAST,VIC,3477
21280,GOWAR EAST,VIC,3478
21281,GOWER,VIC,3451
21282,GOWER,VIC,3463
21283,GRAHAMVALE,VIC,3631
21284,GRAMPIANS,VIC,3314
21285,GRAND RIDGE,VIC,3870
21286,GRAND RIDGE,VIC,3962
21287,GRANGEFIELDS,VIC,3335
21288,GRANITE FLAT,VIC,3525
21289,GRANITE FLAT,VIC,3701
21290,GRANITE ROCK,VIC,3875
21291,GRANTVILLE,VIC,3984
21292,GRANYA,VIC,3701
21293,GRASS FLAT,VIC,3409
21294,GRASSDALE,VIC,3302
21295,GRASSMERE,VIC,3281
21296,GRASSY SPUR,VIC,3957
21297,GRAYS BRIDGE,VIC,3477
21298,GRAYTOWN,VIC,3608
21299,GRE GRE,VIC,3477
21300,GRE GRE,VIC,3478
21301,GRE GRE NORTH,VIC,3477
21302,GRE GRE NORTH,VIC,3478
21303,GRE GRE SOUTH,VIC,3477
21304,GRE GRE SOUTH,VIC,3478
21305,GREAT SOUTHERN,VIC,3685
21306,GREAT WESTERN,VIC,3374
21307,GREAT WESTERN,VIC,3377
21308,GREDGWIN,VIC,3537
21309,GREEN GULLY,VIC,3462
21310,GREEN LAKE,VIC,3401
21311,GREENDALE,VIC,3341
21312,GREENHILL,VIC,3444
21313,GREENS CREEK,VIC,3381
21314,GREENS CREEK,VIC,3387
21315,GREENSBOROUGH,VIC,3088
21316,GREENVALE,VIC,3059
21317,GREENWALD,VIC,3304
21318,GRENVILLE,VIC,3352
21319,GRETA,VIC,3675
21320,GRETA SOUTH,VIC,3675
21321,GRETA WEST,VIC,3675
21322,GREY RIVER,VIC,3221
21323,GREY RIVER,VIC,3234
21324,GREYTHORN,VIC,3104
21325,GRINGEGALGONA,VIC,3315
21326,GRITJURK,VIC,3315
21327,GROVEDALE,VIC,3216
21328,GROVEDALE EAST,VIC,3216
21329,GRUYERE,VIC,3770
21330,GUILDFORD,VIC,3451
21331,GUNBOWER,VIC,3566
21332,GUNDOWRING,VIC,3691
21333,GUNYAH,VIC,3960
21334,GUTHRIDGE,VIC,3850
21335,GUYS FOREST,VIC,3709
21336,GUYS HILL,VIC,3807
21337,GYMBOWEN,VIC,3401
21338,HADDON,VIC,3351
21339,HADFIELD,VIC,3046
21340,HALLAM,VIC,3803
21341,HALLORA,VIC,3818
21342,HALLS GAP,VIC,3381
21343,HALLSTON,VIC,3953
21344,HAMILTON,VIC,3300
21345,HAMLYN HEIGHTS,VIC,3215
21346,HAMPTON,VIC,3188
21347,HAMPTON EAST,VIC,3188
21348,HAMPTON NORTH,VIC,3188
21349,HAMPTON PARK,VIC,3976
21350,HANGING ROCK,VIC,3442
21351,HANSONVILLE,VIC,3675
21352,HAPPY VALLEY,VIC,3351
21353,HAPPY VALLEY,VIC,3360
21354,HAPPY VALLEY,VIC,3549
21355,HARCOURT,VIC,3453
21356,HARCOURT NORTH,VIC,3453
21357,HARKAWAY,VIC,3806
21358,HARKNESS,VIC,3337
21359,HARMERS HAVEN,VIC,3995
21360,HARRIETVILLE,VIC,3741
21361,HARROW,VIC,3317
21362,HARSTON,VIC,3616
21363,HARTWELL,VIC,3124
21364,HASTINGS,VIC,3915
21365,HATTAH,VIC,3501
21366,HAVELOCK,VIC,3465
21367,HAVEN,VIC,3401
21368,HAVILAH,VIC,3737
21369,HAVILLAH,VIC,3737
21370,HAWKESDALE,VIC,3287
21371,HAWKHURST,VIC,3862
21372,HAWKSBURN,VIC,3142
21373,HAWTHORN,VIC,3122
21374,HAWTHORN EAST,VIC,3123
21375,HAWTHORN NORTH,VIC,3122
21376,HAWTHORN WEST,VIC,3122
21377,HAYDENS BOG,VIC,3888
21378,HAZEL PARK,VIC,3966
21379,HAZELDENE,VIC,3658
21380,HAZELWOOD,VIC,3840
21381,HAZELWOOD NORTH,VIC,3840
21382,HAZELWOOD SOUTH,VIC,3840
21383,HEALESVILLE,VIC,3777
21384,HEALESVILLE MAIN STREET,VIC,3777
21385,HEALESVILLE POST SHOP,VIC,3777
21386,HEATH FIELD,VIC,3311
21387,HEATH HILL,VIC,3981
21388,HEATHCOTE,VIC,3523
21389,HEATHCOTE JUNCTION,VIC,3758
21390,HEATHCOTE SOUTH,VIC,3523
21391,HEATHERTON,VIC,3202
21392,HEATHMERE,VIC,3305
21393,HEATHMONT,VIC,3135
21394,HEATHWOOD,VIC,3134
21395,HEDLEY,VIC,3967
21396,HEIDELBERG,VIC,3084
21397,HEIDELBERG HEIGHTS,VIC,3081
21398,HEIDELBERG RGH,VIC,3081
21399,HEIDELBERG WEST,VIC,3081
21400,HENSLEY PARK,VIC,3301
21401,HENTY,VIC,3312
21402,HEPBURN,VIC,3461
21403,HEPBURN SPRINGS,VIC,3461
21404,HERNE HILL,VIC,3218
21405,HERNES OAK,VIC,3825
21406,HESKET,VIC,3442
21407,HESSE,VIC,3321
21408,HEXHAM,VIC,3273
21409,HEYFIELD,VIC,3858
21410,HEYTESBURY LOWER,VIC,3268
21411,HEYWOOD,VIC,3304
21412,HIAMDALE,VIC,3847
21413,HIAWATHA,VIC,3971
21414,HICKSBOROUGH,VIC,3995
21415,HIDDEN VALLEY,VIC,3756
21416,HIGH CAMP,VIC,3764
21417,HIGHETT,VIC,3190
21418,HIGHLANDS,VIC,3660
21419,HIGHPOINT CITY,VIC,3032
21420,HIGHTON,VIC,3216
21421,HILGAY,VIC,3315
21422,HILL END,VIC,3825
21423,HILLCREST,VIC,3351
21424,HILLDENE,VIC,3660
21425,HILLSIDE,VIC,3037
21426,HILLSIDE,VIC,3875
21427,HINNOMUNJIE,VIC,3898
21428,HMAS CERBERUS,VIC,3920
21429,HODDLE,VIC,3959
21430,HODDLES CREEK,VIC,3139
21431,HOLLANDS LANDING,VIC,3862
21432,HOLLANDS LANDING,VIC,3875
21433,HOLMESGLEN,VIC,3148
21434,HOMEBUSH,VIC,3465
21435,HOMERTON,VIC,3304
21436,HOMEWOOD,VIC,3717
21437,HOPETOUN,VIC,3396
21438,HOPETOUN GARDENS,VIC,3162
21439,HOPETOUN PARK,VIC,3340
21440,HOPEVALE,VIC,3396
21441,HOPPERS CROSSING,VIC,3029
21442,HORDERN VALE,VIC,3238
21443,HORFIELD,VIC,3567
21444,HORSHAM,VIC,3400
21445,HORSHAM,VIC,3401
21446,HORSHAM,VIC,3402
21447,HORSHAM WEST,VIC,3400
21448,HOTHAM HEIGHTS,VIC,3741
21449,HOTHAM HILL,VIC,3051
21450,HOTSPUR,VIC,3303
21451,HOUSTON,VIC,3128
21452,HOWES CREEK,VIC,3723
21453,HOWITT PLAINS,VIC,3858
21454,HOWQUA,VIC,3723
21455,HOWQUA HILLS,VIC,3723
21456,HOWQUA INLET,VIC,3723
21457,HUGHESDALE,VIC,3166
21458,HUME WEIR,VIC,3691
21459,HUMEVALE,VIC,3757
21460,HUNTER,VIC,3558
21461,HUNTERSTON,VIC,3971
21462,HUNTINGDALE,VIC,3166
21463,HUNTLY,VIC,3551
21464,HUNTLY NORTH,VIC,3551
21465,HUON,VIC,3695
21466,HUON CREEK,VIC,3691
21467,HURDLE FLAT,VIC,3747
21468,HURSTBRIDGE,VIC,3099
21469,ICY CREEK,VIC,3833
21470,IGUANA CREEK,VIC,3875
21471,ILLABAROOK,VIC,3351
21472,ILLAWARRA,VIC,3381
21473,ILLOWA,VIC,3282
21474,INDENTED HEAD,VIC,3223
21475,INDIGO,VIC,3683
21476,INDIGO UPPER,VIC,3688
21477,INDIGO VALLEY,VIC,3688
21478,INGLEWOOD,VIC,3517
21479,INGLISTON,VIC,3342
21480,INKERMAN,VIC,3472
21481,INVERGORDON,VIC,3636
21482,INVERGORDON SOUTH,VIC,3634
21483,INVERLEIGH,VIC,3321
21484,INVERLOCH,VIC,3996
21485,INVERMAY,VIC,3352
21486,INVERMAY PARK,VIC,3350
21487,IONA,VIC,3815
21488,IRAAK,VIC,3494
21489,IRISHTOWN,VIC,3451
21490,IRONBARK,VIC,3550
21491,IRREWARRA,VIC,3249
21492,IRREWILLIPE,VIC,3249
21493,IRREWILLIPE EAST,VIC,3249
21494,IRYMPLE,VIC,3498
21495,IVANHOE,VIC,3079
21496,IVANHOE EAST,VIC,3079
21497,IVANHOE NORTH,VIC,3079
21498,JACANA,VIC,3047
21499,JACK RIVER,VIC,3971
21500,JACKASS FLAT,VIC,3556
21501,JACOB CREEK,VIC,3825
21502,JALLAKIN,VIC,3318
21503,JALLUKUR,VIC,3377
21504,JALLUMBA,VIC,3401
21505,JAM JERRUP,VIC,3984
21506,JAMIESON,VIC,3723
21507,JAN JUC,VIC,3228
21508,JANCOURT,VIC,3266
21509,JANCOURT EAST,VIC,3266
21510,JARKLIN,VIC,3517
21511,JARRAHMOND,VIC,3888
21512,JARVIS CREEK,VIC,3700
21513,JEERALANG,VIC,3840
21514,JEERALANG JUNCTION,VIC,3840
21515,JEETHO,VIC,3945
21516,JEFFCOTT,VIC,3480
21517,JEFFCOTT,VIC,3525
21518,JEFFCOTT NORTH,VIC,3480
21519,JEFFCOTT NORTH,VIC,3525
21520,JEPARIT,VIC,3423
21521,JERICHO,VIC,3825
21522,JERUK,VIC,3527
21523,JIL JIL,VIC,3483
21524,JILPANGER,VIC,3401
21525,JILPANGER,VIC,3409
21526,JINDIVICK,VIC,3818
21527,JOEL JOEL,VIC,3381
21528,JOEL JOEL,VIC,3384
21529,JOEL SOUTH,VIC,3381
21530,JOEL SOUTH,VIC,3384
21531,JOHANNA,VIC,3238
21532,JOHNSONVILLE,VIC,3902
21533,JOHNSTONES HILL,VIC,3870
21534,JORDANVILLE,VIC,3148
21535,JOYCES CREEK,VIC,3364
21536,JOYCES CREEK,VIC,3462
21537,JUMBUK,VIC,3869
21538,JUMBUNNA,VIC,3951
21539,JUNCTION VILLAGE,VIC,3977
21540,JUNG,VIC,3399
21541,JUNG,VIC,3401
21542,JUNGABURRA,VIC,3575
21543,JUNORTOUN,VIC,3551
21544,KAARIMBA,VIC,3635
21545,KADNOOK,VIC,3318
21546,KALIMNA,VIC,3909
21547,KALIMNA WEST,VIC,3909
21548,KALKALLO,VIC,3064
21549,KALKEE,VIC,3401
21550,KALLISTA,VIC,3791
21551,KALORAMA,VIC,3766
21552,KALPIENUNG,VIC,3529
21553,KAMAROOKA,VIC,3570
21554,KAMAROOKA NORTH,VIC,3571
21555,KANAGULK,VIC,3401
21556,KANCOONA,VIC,3691
21557,KANCOONA SOUTH,VIC,3691
21558,KANGAROO FLAT,VIC,3555
21559,KANGAROO GROUND,VIC,3097
21560,KANIVA,VIC,3419
21561,KANUMBRA,VIC,3719
21562,KANYA,VIC,3381
21563,KANYA,VIC,3387
21564,KANYAPELLA,VIC,3564
21565,KARABEAL,VIC,3294
21566,KARDELLA,VIC,3951
21567,KARDELLA SOUTH,VIC,3950
21568,KARIAH,VIC,3260
21569,KARINGAL,VIC,3199
21570,KARINGAL CENTRE,VIC,3199
21571,KARNAK,VIC,3401
21572,KARRAMOMUS,VIC,3631
21573,KARYRIE,VIC,3483
21574,KATAMATITE,VIC,3649
21575,KATAMATITE EAST,VIC,3649
21576,KATANDRA,VIC,3634
21577,KATANDRA WEST,VIC,3634
21578,KATUNGA,VIC,3640
21579,KAWARREN,VIC,3249
21580,KEALBA,VIC,3021
21581,KEELY,VIC,3568
21582,KEILOR,VIC,3036
21583,KEILOR DOWNS,VIC,3038
21584,KEILOR EAST,VIC,3033
21585,KEILOR LODGE,VIC,3038
21586,KEILOR NORTH,VIC,3036
21587,KEILOR PARK,VIC,3042
21588,KELLALAC,VIC,3393
21589,KELVIN VIEW,VIC,3666
21590,KENLEY,VIC,3597
21591,KENMARE,VIC,3395
21592,KENNEDYS CREEK,VIC,3239
21593,KENNETT RIVER,VIC,3221
21594,KENNETT RIVER,VIC,3234
21595,KENNINGTON,VIC,3550
21596,KENSINGTON,VIC,3031
21597,KEON PARK,VIC,3073
21598,KERANG,VIC,3579
21599,KERANG EAST,VIC,3579
21600,KERGUNYAH,VIC,3691
21601,KERGUNYAH SOUTH,VIC,3691
21602,KERNOT,VIC,3979
21603,KERRIE,VIC,3434
21604,KERRIMUIR,VIC,3129
21605,KERRISDALE,VIC,3660
21606,KEVINGTON,VIC,3723
21607,KEW,VIC,3101
21608,KEW EAST,VIC,3102
21609,KEWELL,VIC,3390
21610,KEYSBOROUGH,VIC,3173
21611,KIALLA,VIC,3631
21612,KIALLA EAST,VIC,3631
21613,KIALLA WEST,VIC,3631
21614,KIATA,VIC,3418
21615,KIEWA,VIC,3691
21616,KILCUNDA,VIC,3995
21617,KILFEERA,VIC,3673
21618,KILLARA,VIC,3312
21619,KILLARA,VIC,3691
21620,KILLARNEY,VIC,3283
21621,KILLAWARRA,VIC,3678
21622,KILLINGWORTH,VIC,3717
21623,KILMANY,VIC,3851
21624,KILMORE,VIC,3764
21625,KILMORE EAST,VIC,3764
21626,KILSYTH,VIC,3137
21627,KILSYTH SOUTH,VIC,3137
21628,KIMBOLTON,VIC,3551
21629,KING VALLEY,VIC,3678
21630,KINGLAKE,VIC,3763
21631,KINGLAKE CENTRAL,VIC,3757
21632,KINGLAKE WEST,VIC,3757
21633,KINGOWER,VIC,3517
21634,KINGS PARK,VIC,3021
21635,KINGSBURY,VIC,3083
21636,KINGSTON,VIC,3364
21637,KINGSVILLE,VIC,3012
21638,KINGSVILLE WEST,VIC,3012
21639,KINNABULLA,VIC,3483
21640,KINYPANIAL,VIC,3520
21641,KIRKSTALL,VIC,3283
21642,KIRWANS BRIDGE,VIC,3608
21643,KITHBROOK,VIC,3666
21644,KNEBSWORTH,VIC,3286
21645,KNOCKWOOD,VIC,3723
21646,KNOWSLEY,VIC,3523
21647,KNOX CITY CENTRE,VIC,3152
21648,KNOXFIELD,VIC,3180
21649,KOALLAH,VIC,3260
21650,KOBYBOYN,VIC,3660
21651,KOETONG,VIC,3704
21652,KOLORA,VIC,3265
21653,KONGWAK,VIC,3951
21654,KONONGWOOTONG,VIC,3315
21655,KOO WEE RUP,VIC,3981
21656,KOO WEE RUP NORTH,VIC,3981
21657,KOOLOONONG,VIC,3597
21658,KOONDA,VIC,3669
21659,KOONDROOK,VIC,3580
21660,KOONOOMOO,VIC,3644
21661,KOONWARRA,VIC,3954
21662,KOOREH,VIC,3477
21663,KOOREH,VIC,3478
21664,KOORLONG,VIC,3501
21665,KOORNALLA,VIC,3844
21666,KOOROOCHEANG,VIC,3364
21667,KOOROOL,VIC,3860
21668,KOOROOMAN,VIC,3953
21669,KOOYONG,VIC,3144
21670,KORIELLA,VIC,3714
21671,KOROBEIT,VIC,3341
21672,KOROIT,VIC,3282
21673,KORONG VALE,VIC,3520
21674,KOROOP,VIC,3579
21675,KORRINE,VIC,3979
21676,KORUMBURRA,VIC,3950
21677,KORUMBURRA SOUTH,VIC,3950
21678,KORWEINGUBOORA,VIC,3461
21679,KOTTA,VIC,3565
21680,KOTUPNA,VIC,3638
21681,KOYUGA,VIC,3622
21682,KOYUGA SOUTH,VIC,3621
21683,KROWERA,VIC,3945
21684,KULWIN,VIC,3490
21685,KUNAT,VIC,3585
21686,KUNYUNG,VIC,3930
21687,KURRACA,VIC,3518
21688,KURRACA WEST,VIC,3518
21689,KURTING,VIC,3517
21690,KURUNJANG,VIC,3337
21691,KY VALLEY,VIC,3621
21692,KY WEST,VIC,3621
21693,KYABRAM,VIC,3619
21694,KYABRAM,VIC,3620
21695,KYABRAM SOUTH,VIC,3620
21696,KYNETON,VIC,3444
21697,KYNETON SOUTH,VIC,3444
21698,KYVALLEY,VIC,3621
21699,LA TROBE UNIVERSITY,VIC,3083
21700,LA TROBE UNIVERSITY,VIC,3086
21701,LAANECOORIE,VIC,3463
21702,LAANG,VIC,3265
21703,LABERTOUCHE,VIC,3816
21704,LABURNUM,VIC,3130
21705,LACEBY,VIC,3678
21706,LADYS PASS,VIC,3523
21707,LAEN,VIC,3480
21708,LAEN EAST,VIC,3480
21709,LAEN NORTH,VIC,3480
21710,LAH,VIC,3393
21711,LAHARUM,VIC,3401
21712,LAKE BOGA,VIC,3584
21713,LAKE BOLAC,VIC,3351
21714,LAKE BULOKE,VIC,3480
21715,LAKE BUNGA,VIC,3909
21716,LAKE CHARM,VIC,3581
21717,LAKE CONDAH,VIC,3303
21718,LAKE EILDON,VIC,3713
21719,LAKE EPPALOCK,VIC,3551
21720,LAKE FYANS,VIC,3381
21721,LAKE GARDENS,VIC,3355
21722,LAKE GOLDSMITH,VIC,3373
21723,LAKE HINDMARSH,VIC,3423
21724,LAKE LONSDALE,VIC,3381
21725,LAKE MARMAL,VIC,3525
21726,LAKE MERAN,VIC,3579
21727,LAKE MOKOAN,VIC,3673
21728,LAKE MOODEMERE,VIC,3685
21729,LAKE MUNDI,VIC,3312
21730,LAKE POWELL,VIC,3597
21731,LAKE ROWAN,VIC,3727
21732,LAKE TYERS,VIC,3887
21733,LAKE TYERS BEACH,VIC,3909
21734,LAKE TYRRELL,VIC,3533
21735,LAKE WELLINGTON,VIC,3851
21736,LAKE WENDOUREE,VIC,3350
21737,LAKE WONGAN,VIC,3373
21738,LAKES ENTRANCE,VIC,3909
21739,LAL LAL,VIC,3352
21740,LALBERT,VIC,3542
21741,LALOR,VIC,3075
21742,LALOR PLAZA,VIC,3075
21743,LAMPLOUGH,VIC,3352
21744,LANCASTER,VIC,3620
21745,LANCE CREEK,VIC,3995
21746,LANCEFIELD,VIC,3435
21747,LANDSBOROUGH,VIC,3384
21748,LANDSBOROUGH WEST,VIC,3384
21749,LANG LANG,VIC,3984
21750,LANG LANG EAST,VIC,3984
21751,LANGDONS HILL,VIC,3363
21752,LANGI KAL KAL,VIC,3352
21753,LANGI LOGAN,VIC,3377
21754,LANGKOOP,VIC,3318
21755,LANGLEY,VIC,3444
21756,LANGSBOROUGH,VIC,3971
21757,LANGWARRIN,VIC,3910
21758,LANGWARRIN SOUTH,VIC,3911
21759,LANSELL PLAZA,VIC,3555
21760,LARA,VIC,3212
21761,LARDNER,VIC,3821
21762,LARPENT,VIC,3249
21763,LARRALEA,VIC,3325
21764,LASCELLES,VIC,3487
21765,LAUNCHING PLACE,VIC,3139
21766,LAURISTON,VIC,3444
21767,LAVERS HILL,VIC,3238
21768,LAVERTON,VIC,3028
21769,LAVERTON NORTH,VIC,3026
21770,LAVERTON RAAF,VIC,3027
21771,LAW COURTS,VIC,8010
21772,LAWLER,VIC,3480
21773,LAWLOIT,VIC,3418
21774,LAWRENCE,VIC,3364
21775,LEAGHUR,VIC,3537
21776,LEARMONTH,VIC,3352
21777,LEDCOURT,VIC,3385
21778,LEICHARDT,VIC,3516
21779,LEIGH CREEK,VIC,3352
21780,LEITCHVILLE,VIC,3567
21781,LEMNOS,VIC,3631
21782,LENEVA,VIC,3691
21783,LEONARDS HILL,VIC,3461
21784,LEONGATHA,VIC,3953
21785,LEONGATHA NORTH,VIC,3953
21786,LEONGATHA SOUTH,VIC,3953
21787,LEOPOLD,VIC,3224
21788,LERDERDERG,VIC,3458
21789,LESLIE MANOR,VIC,3260
21790,LETHBRIDGE,VIC,3332
21791,LEXTON,VIC,3352
21792,LICOLA,VIC,3858
21793,LICOLA NORTH,VIC,3858
21794,LILLICO,VIC,3820
21795,LILLICUR,VIC,3371
21796,LILLIMUR,VIC,3420
21797,LILLIPUT,VIC,3682
21798,LILYDALE,VIC,3140
21799,LIMA,VIC,3673
21800,LIMA EAST,VIC,3673
21801,LIMA SOUTH,VIC,3673
21802,LIMESTONE,VIC,3717
21803,LIMONITE,VIC,3871
21804,LINDENOW,VIC,3865
21805,LINDENOW SOUTH,VIC,3875
21806,LINDSAY,VIC,3312
21807,LINDSAY POINT,VIC,3496
21808,LINGA,VIC,3509
21809,LINTON,VIC,3360
21810,LIPAROO,VIC,3549
21811,LISMORE,VIC,3324
21812,LITCHFIELD,VIC,3480
21813,LITTLE DESERT,VIC,3418
21814,LITTLE HAMPTON,VIC,3458
21815,LITTLE LONSDALE STREET,VIC,8011
21816,LITTLE RIVER,VIC,3211
21817,LLANELLY,VIC,3551
21818,LLOWALONG,VIC,3862
21819,LOCH,VIC,3945
21820,LOCH SPORT,VIC,3851
21821,LOCH VALLEY,VIC,3833
21822,LOCHEND,VIC,3888
21823,LOCKINGTON,VIC,3563
21824,LOCKSLEY,VIC,3665
21825,LOCKWOOD,VIC,3551
21826,LOCKWOOD SOUTH,VIC,3551
21827,LODDON VALE,VIC,3575
21828,LOGAN,VIC,3475
21829,LONDRIGAN,VIC,3678
21830,LONE PINE,VIC,3691
21831,LONG FOREST,VIC,3340
21832,LONG GULLY,VIC,3550
21833,LONGERENONG,VIC,3399
21834,LONGERENONG,VIC,3401
21835,LONGFORD,VIC,3851
21836,LONGLEA,VIC,3551
21837,LONGWARRY,VIC,3816
21838,LONGWARRY NORTH,VIC,3816
21839,LONGWOOD,VIC,3665
21840,LONGWOOD EAST,VIC,3666
21841,LORNE,VIC,3232
21842,LORQUON,VIC,3418
21843,LOVELY BANKS,VIC,3213
21844,LOVELY BANKS,VIC,3221
21845,LOWER MOIRA,VIC,3639
21846,LOWER NORTON,VIC,3401
21847,LOWER PLENTY,VIC,3093
21848,LOY YANG,VIC,3844
21849,LUBECK,VIC,3381
21850,LUBECK,VIC,3385
21851,LUCAS,VIC,3350
21852,LUCKNOW,VIC,3875
21853,LUCYVALE,VIC,3691
21854,LURG,VIC,3673
21855,LYAL,VIC,3444
21856,LYGON STREET NORTH,VIC,3057
21857,LYNBROOK,VIC,3975
21858,LYNDALE,VIC,3559
21859,LYNDHURST,VIC,3975
21860,LYONS,VIC,3304
21861,LYONVILLE,VIC,3461
21862,LYSTERFIELD,VIC,3156
21863,LYSTERFIELD SOUTH,VIC,3156
21864,MACARTHUR,VIC,3286
21865,MACCLESFIELD,VIC,3782
21866,MACEDON,VIC,3440
21867,MACKS CREEK,VIC,3971
21868,MACLEOD,VIC,3085
21869,MACLEOD WEST,VIC,3085
21870,MACORNA,VIC,3579
21871,MACORNA NORTH,VIC,3568
21872,MACS COVE,VIC,3723
21873,MADALYA,VIC,3971
21874,MADDINGLEY,VIC,3340
21875,MAFEKING,VIC,3379
21876,MAFFRA,VIC,3860
21877,MAFFRA WEST UPPER,VIC,3859
21878,MAGPIE,VIC,3352
21879,MAIDEN GULLY,VIC,3551
21880,MAIDSTONE,VIC,3012
21881,MAILER FLAT,VIC,3275
21882,MAILORS FLAT,VIC,3275
21883,MAIN LEAD,VIC,3373
21884,MAIN RIDGE,VIC,3928
21885,MAINDAMPLE,VIC,3723
21886,MAINTONGOON,VIC,3714
21887,MAJOR PLAINS,VIC,3725
21888,MAJORCA,VIC,3465
21889,MALDON,VIC,3463
21890,MALLACOOTA,VIC,3892
21891,MALMSBURY,VIC,3446
21892,MALVERN,VIC,3144
21893,MALVERN EAST,VIC,3145
21894,MALVERN NORTH,VIC,3144
21895,MAMBOURIN,VIC,3024
21896,MANANGATANG,VIC,3546
21897,MANDURANG,VIC,3551
21898,MANDURANG SOUTH,VIC,3551
21899,MANGALORE,VIC,3663
21900,MANIFOLD HEIGHTS,VIC,3218
21901,MANNERIM,VIC,3222
21902,MANNIBADAR,VIC,3360
21903,MANNS BEACH,VIC,3971
21904,MANOR LAKES,VIC,3024
21905,MANORINA,VIC,3889
21906,MANSFIELD,VIC,3722
21907,MANSFIELD,VIC,3724
21908,MARAMINGO CREEK,VIC,3891
21909,MARCUS HILL,VIC,3222
21910,MARDAN,VIC,3953
21911,MARENGO,VIC,3233
21912,MARIBYRNONG,VIC,3032
21913,MARIONVALE,VIC,3634
21914,MARKWOOD,VIC,3678
21915,MARLBED,VIC,3483
21916,MARLO,VIC,3888
21917,MARNOO,VIC,3387
21918,MARNOO EAST,VIC,3477
21919,MARNOO WEST,VIC,3387
21920,MARONG,VIC,3515
21921,MAROONA,VIC,3377
21922,MARRAWEENEY,VIC,3669
21923,MARSHALL,VIC,3216
21924,MARTHAVALE,VIC,3875
21925,MARTINS CREEK,VIC,3888
21926,MARUNGI,VIC,3634
21927,MARYBOROUGH,VIC,3465
21928,MARYKNOLL,VIC,3812
21929,MARYSVILLE,VIC,3779
21930,MARYVALE,VIC,3840
21931,MASSEY,VIC,3482
21932,MATLOCK,VIC,3723
21933,MAUDE,VIC,3331
21934,MAYREEF,VIC,3559
21935,MCCRAE,VIC,3938
21936,MCEVOYS,VIC,3564
21937,MCINTYRE,VIC,3472
21938,MCKENZIE CREEK,VIC,3401
21939,MCKENZIE HILL,VIC,3451
21940,MCKINNON,VIC,3204
21941,MCLOUGHLINS BEACH,VIC,3874
21942,MCMAHONS CREEK,VIC,3799
21943,MCMILLANS,VIC,3568
21944,MEAD,VIC,3568
21945,MEADOW CREEK,VIC,3678
21946,MEADOW HEIGHTS,VIC,3048
21947,MEATIAN,VIC,3585
21948,MEDLYN,VIC,3478
21949,MEENIYAN,VIC,3956
21950,MEEREEK,VIC,3318
21951,MEERING WEST,VIC,3579
21952,MEERLIEU,VIC,3862
21953,MELBOURNE,VIC,3000
21954,MELBOURNE,VIC,3001
21955,MELBOURNE,VIC,3004
21956,MELBOURNE,VIC,8001
21957,MELBOURNE,VIC,8045
21958,MELBOURNE,VIC,8051
21959,MELBOURNE,VIC,8066
21960,MELBOURNE,VIC,8069
21961,MELBOURNE,VIC,8070
21962,MELBOURNE,VIC,8071
21963,MELBOURNE,VIC,8102
21964,MELBOURNE,VIC,8107
21965,MELBOURNE,VIC,8111
21966,MELBOURNE,VIC,8120
21967,MELBOURNE,VIC,8205
21968,MELBOURNE,VIC,8383
21969,MELBOURNE AIRPORT,VIC,3045
21970,MELBOURNE UNIVERSITY,VIC,3052
21971,MELTON,VIC,3337
21972,MELTON SOUTH,VIC,3338
21973,MELTON WEST,VIC,3337
21974,MELVILLE FOREST,VIC,3315
21975,MELWOOD,VIC,3875
21976,MENA PARK,VIC,3373
21977,MENTONE,VIC,3194
21978,MENTONE EAST,VIC,3194
21979,MENZIES CREEK,VIC,3159
21980,MEPUNGA,VIC,3277
21981,MEPUNGA EAST,VIC,3277
21982,MEPUNGA WEST,VIC,3277
21983,MERBEIN,VIC,3505
21984,MERBEIN SOUTH,VIC,3505
21985,MERBEIN WEST,VIC,3505
21986,MEREDITH,VIC,3333
21987,MERINGUR,VIC,3496
21988,MERINO,VIC,3310
21989,MERLYNSTON,VIC,3058
21990,MERNDA,VIC,3754
21991,MERRIANG,VIC,3737
21992,MERRIANG SOUTH,VIC,3737
21993,MERRICKS,VIC,3916
21994,MERRICKS BEACH,VIC,3926
21995,MERRICKS NORTH,VIC,3926
21996,MERRIGUM,VIC,3618
21997,MERRIJIG,VIC,3723
21998,MERRIJIG,VIC,3875
21999,MERRIMU,VIC,3340
22000,MERRINEE,VIC,3496
22001,MERTON,VIC,3715
22002,METCALFE,VIC,3448
22003,METCALFE EAST,VIC,3444
22004,METUNG,VIC,3904
22005,MEWBURN PARK,VIC,3859
22006,MIA MIA,VIC,3444
22007,MICKLEHAM,VIC,3064
22008,MID VALLEY,VIC,3840
22009,MIDDLE CAMBERWELL,VIC,3124
22010,MIDDLE CREEK,VIC,3375
22011,MIDDLE PARK,VIC,3206
22012,MIDDLE TARWIN,VIC,3956
22013,MIEPOLL,VIC,3666
22014,MIGA LAKE,VIC,3401
22015,MIGA LAKE,VIC,3409
22016,MILAWA,VIC,3678
22017,MILDURA,VIC,3500
22018,MILDURA,VIC,3502
22019,MILDURA CENTRE PLAZA,VIC,3501
22020,MILDURA EAST,VIC,3500
22021,MILDURA SOUTH,VIC,3501
22022,MILDURA WEST,VIC,3500
22023,MILL PARK,VIC,3082
22024,MILLBROOK,VIC,3352
22025,MILLGROVE,VIC,3799
22026,MILLOO,VIC,3572
22027,MILLTOWN,VIC,3304
22028,MILNES BRIDGE,VIC,3579
22029,MINCHA,VIC,3575
22030,MINCHA WEST,VIC,3568
22031,MINERS REST,VIC,3352
22032,MINGAY,VIC,3324
22033,MINHAMITE,VIC,3287
22034,MINIMAY,VIC,3413
22035,MININERA,VIC,3351
22036,MINJAH,VIC,3276
22037,MINJAH,VIC,3280
22038,MINMINDIE,VIC,3537
22039,MINTO,VIC,3551
22040,MINYIP,VIC,3392
22041,MIOWERA,VIC,3862
22042,MIRALIE,VIC,3596
22043,MIRAM,VIC,3415
22044,MIRBOO,VIC,3871
22045,MIRBOO EAST,VIC,3870
22046,MIRBOO NORTH,VIC,3871
22047,MIRBOO SOUTH,VIC,3956
22048,MIRIMBAH,VIC,3722
22049,MIRRANATWA,VIC,3294
22050,MITCHAM,VIC,3132
22051,MITCHAM NORTH,VIC,3132
22052,MITCHELL PARK,VIC,3352
22053,MITCHELL PARK,VIC,3355
22054,MITCHELLS HILL,VIC,3478
22055,MITCHELLSTOWN,VIC,3608
22056,MITIAMO,VIC,3573
22057,MITRE,VIC,3401
22058,MITRE,VIC,3409
22059,MITTA MITTA,VIC,3701
22060,MITTYACK,VIC,3490
22061,MITTYACK,VIC,3533
22062,MOCKINYA,VIC,3401
22063,MODELLA,VIC,3816
22064,MODEWARRE,VIC,3240
22065,MOE,VIC,3825
22066,MOE SOUTH,VIC,3825
22067,MOGGS CREEK,VIC,3231
22068,MOGLONEMBY,VIC,3666
22069,MOKEPILLY,VIC,3380
22070,MOKEPILLY,VIC,3381
22071,MOLESWORTH,VIC,3718
22072,MOLIAGUL,VIC,3472
22073,MOLKA,VIC,3666
22074,MOLLONGGHIP,VIC,3352
22075,MOLOGA,VIC,3575
22076,MOLYULLAH,VIC,3673
22077,MONASH UNIVERSITY,VIC,3800
22078,MONBULK,VIC,3793
22079,MONEGEETTA,VIC,3433
22080,MONGANS BRIDGE,VIC,3691
22081,MONOMAK,VIC,3860
22082,MONOMEITH,VIC,3984
22083,MONT ALBERT,VIC,3127
22084,MONT ALBERT NORTH,VIC,3129
22085,MONTGOMERY,VIC,3851
22086,MONTMORENCY,VIC,3094
22087,MONTROSE,VIC,3765
22088,MOOLAP,VIC,3221
22089,MOOLAP,VIC,3224
22090,MOOLERR,VIC,3477
22091,MOOLERR,VIC,3478
22092,MOOLORT,VIC,3465
22093,MOONAMBEL,VIC,3478
22094,MOONDARRA,VIC,3825
22095,MOONEE PONDS,VIC,3039
22096,MOONEE VALE,VIC,3055
22097,MOONLIGHT FLAT,VIC,3450
22098,MOONLIGHT FLAT,VIC,3465
22099,MOORA,VIC,3612
22100,MOORABBIN,VIC,3189
22101,MOORABBIN AIRPORT,VIC,3194
22102,MOORABBIN EAST,VIC,3189
22103,MOORABOOL,VIC,3213
22104,MOORABOOL,VIC,3221
22105,MOORALLA,VIC,3314
22106,MOORILIM,VIC,3610
22107,MOORMBOOL WEST,VIC,3523
22108,MOORNAPA,VIC,3862
22109,MOORNGAG,VIC,3673
22110,MOOROODUC,VIC,3933
22111,MOOROOLBARK,VIC,3138
22112,MOOROOPNA,VIC,3629
22113,MOOROOPNA NORTH,VIC,3629
22114,MOOROOPNA NORTH WEST,VIC,3616
22115,MORANDING,VIC,3764
22116,MORANG SOUTH,VIC,3752
22117,MORDIALLOC,VIC,3195
22118,MORDIALLOC NORTH,VIC,3195
22119,MORELAND,VIC,3058
22120,MORELAND WEST,VIC,3055
22121,MORGIANA,VIC,3301
22122,MORIAC,VIC,3240
22123,MORNINGTON,VIC,3931
22124,MOROKA,VIC,3860
22125,MORRISONS,VIC,3334
22126,MORRL MORRL,VIC,3381
22127,MORRL MORRL,VIC,3387
22128,MORTCHUP,VIC,3351
22129,MORTLAKE,VIC,3272
22130,MORTON PLAINS,VIC,3482
22131,MORWELL,VIC,3840
22132,MORWELL EAST,VIC,3840
22133,MORWELL UPPER,VIC,3840
22134,MOSQUITO CREEK,VIC,3551
22135,MOSSIFACE,VIC,3885
22136,MOUNT ALFRED,VIC,3691
22137,MOUNT ALFRED,VIC,3709
22138,MOUNT BEAUTY,VIC,3699
22139,MOUNT BECKWORTH,VIC,3363
22140,MOUNT BEST,VIC,3960
22141,MOUNT BOLTON,VIC,3352
22142,MOUNT BRUNO,VIC,3675
22143,MOUNT BUFFALO,VIC,3740
22144,MOUNT BULLER,VIC,3723
22145,MOUNT BURNETT,VIC,3781
22146,MOUNT BUTE,VIC,3324
22147,MOUNT CAMEL,VIC,3523
22148,MOUNT CAMERON,VIC,3370
22149,MOUNT CLEAR,VIC,3350
22150,MOUNT COLE,VIC,3377
22151,MOUNT COLE CREEK,VIC,3377
22152,MOUNT COTTRELL,VIC,3024
22153,MOUNT DANDENONG,VIC,3767
22154,MOUNT DORAN,VIC,3334
22155,MOUNT DRYDEN,VIC,3381
22156,MOUNT DUNEED,VIC,3216
22157,MOUNT DUNEED,VIC,3217
22158,MOUNT ECCLES,VIC,3953
22159,MOUNT ECCLES SOUTH,VIC,3953
22160,MOUNT EGERTON,VIC,3352
22161,MOUNT ELIZA,VIC,3930
22162,MOUNT EMU,VIC,3351
22163,MOUNT EVELYN,VIC,3796
22164,MOUNT FRANKLIN,VIC,3461
22165,MOUNT GLASGOW,VIC,3371
22166,MOUNT HELEN,VIC,3350
22167,MOUNT HOOGHLY,VIC,3472
22168,MOUNT HOTHAM,VIC,3741
22169,MOUNT LONARCH,VIC,3377
22170,MOUNT LONARCH,VIC,3468
22171,MOUNT MACEDON,VIC,3441
22172,MOUNT MAJOR,VIC,3646
22173,MOUNT MARTHA,VIC,3934
22174,MOUNT MERCER,VIC,3352
22175,MOUNT MITCHELL,VIC,3352
22176,MOUNT MORIAC,VIC,3240
22177,MOUNT NAPIER,VIC,3301
22178,MOUNT PLEASANT,VIC,3350
22179,MOUNT PROSPECT,VIC,3364
22180,MOUNT RICHMOND,VIC,3305
22181,MOUNT ROWAN,VIC,3352
22182,MOUNT SABINE,VIC,3236
22183,MOUNT SCOBIE,VIC,3620
22184,MOUNT SLIDE,VIC,3763
22185,MOUNT TASSIE,VIC,3844
22186,MOUNT TAYLOR,VIC,3875
22187,MOUNT TOOLEBEWONG,VIC,3777
22188,MOUNT WALLACE,VIC,3342
22189,MOUNT WAVERLEY,VIC,3149
22190,MOUNTAIN BAY,VIC,3723
22191,MOUNTAIN GATE,VIC,3156
22192,MOUNTAIN VIEW,VIC,3988
22193,MOUTAJUP,VIC,3294
22194,MOYARRA,VIC,3951
22195,MOYHU,VIC,3732
22196,MOYREISK,VIC,3467
22197,MOYREISK,VIC,3477
22198,MOYSTON,VIC,3377
22199,MT BAW BAW,VIC,3833
22200,MUCKATAH,VIC,3644
22201,MUCKLEFORD,VIC,3451
22202,MUCKLEFORD SOUTH,VIC,3462
22203,MUDGEGONGA,VIC,3737
22204,MULGRAVE,VIC,3170
22205,MUMBANNAR,VIC,3304
22206,MUNDOONA,VIC,3635
22207,MUNRO,VIC,3862
22208,MUNTHAM,VIC,3312
22209,MUNTHAM,VIC,3315
22210,MURCHISON,VIC,3610
22211,MURCHISON EAST,VIC,3610
22212,MURCHISON NORTH,VIC,3610
22213,MURGHEBOLUC,VIC,3218
22214,MURGHEBOLUC,VIC,3221
22215,MURMUNGEE,VIC,3747
22216,MURNUNGIN,VIC,3544
22217,MURPHYS CREEK,VIC,3551
22218,MURRA WARRA,VIC,3401
22219,MURRABIT,VIC,3579
22220,MURRABIT WEST,VIC,3579
22221,MURRAWEE,VIC,3586
22222,MURRAY LOCK NO 9,VIC,3496
22223,MURRAY-SUNSET,VIC,3490
22224,MURRAYDALE,VIC,3586
22225,MURRAYVILLE,VIC,3512
22226,MURRINDAL,VIC,3885
22227,MURRINDINDI,VIC,3717
22228,MURROON,VIC,3243
22229,MURRUMBEENA,VIC,3163
22230,MURTOA,VIC,3390
22231,MUSK,VIC,3461
22232,MUSK VALE,VIC,3461
22233,MUSKERRY,VIC,3557
22234,MUSKERRY EAST,VIC,3557
22235,MYALL,VIC,3533
22236,MYALL,VIC,3579
22237,MYAMYN,VIC,3304
22238,MYERS FLAT,VIC,3556
22239,MYOLA,VIC,3551
22240,MYOLA EAST,VIC,3551
22241,MYRNIONG,VIC,3341
22242,MYRRHEE,VIC,3732
22243,MYRTLE CREEK,VIC,3444
22244,MYRTLE CREEK,VIC,3551
22245,MYRTLEBANK,VIC,3851
22246,MYRTLEFORD,VIC,3736
22247,MYRTLEFORD,VIC,3737
22248,MYSIA,VIC,3518
22249,MYSTIC PARK,VIC,3579
22250,MYWEE,VIC,3641
22251,NAGAMBIE,VIC,3608
22252,NALANGIL,VIC,3249
22253,NALINGA,VIC,3646
22254,NAMBROK,VIC,3847
22255,NANDALY,VIC,3533
22256,NANGANA,VIC,3781
22257,NANGEELA,VIC,3312
22258,NANGILOC,VIC,3494
22259,NANNEELLA,VIC,3561
22260,NAP NAP MARRA,VIC,3860
22261,NAPOLEONS,VIC,3352
22262,NAR NAR GOON,VIC,3812
22263,NAR NAR GOON NORTH,VIC,3812
22264,NARBETHONG,VIC,3778
22265,NAREEB,VIC,3293
22266,NAREEN,VIC,3315
22267,NAREEWILLOCK,VIC,3525
22268,NARIEL VALLEY,VIC,3705
22269,NARIEL VALLEY,VIC,3707
22270,NARING,VIC,3636
22271,NARINGAL,VIC,3277
22272,NARINGAL EAST,VIC,3277
22273,NAROGHID,VIC,3266
22274,NARRACAN,VIC,3824
22275,NARRAPORT,VIC,3483
22276,NARRAPUMELAP SOUTH,VIC,3293
22277,NARRAWONG,VIC,3285
22278,NARRE WARREN,VIC,3805
22279,NARRE WARREN EAST,VIC,3804
22280,NARRE WARREN NORTH,VIC,3804
22281,NARRE WARREN SOUTH,VIC,3805
22282,NARRUNG,VIC,3597
22283,NATHALIA,VIC,3638
22284,NATIMUK,VIC,3409
22285,NATTE YALLOCK,VIC,3465
22286,NATYA,VIC,3597
22287,NAVARRE,VIC,3384
22288,NAVIGATORS,VIC,3352
22289,NAYOOK,VIC,3821
22290,NAYOOK,VIC,3832
22291,NEDS CORNER,VIC,3496
22292,NEEREMAN,VIC,3463
22293,NEERIM,VIC,3831
22294,NEERIM EAST,VIC,3831
22295,NEERIM JUNCTION,VIC,3821
22296,NEERIM JUNCTION,VIC,3832
22297,NEERIM NORTH,VIC,3821
22298,NEERIM NORTH,VIC,3832
22299,NEERIM SOUTH,VIC,3831
22300,NEILBOROUGH,VIC,3570
22301,NELSE,VIC,3699
22302,NELSON,VIC,3292
22303,NERRENA,VIC,3953
22304,NERRIN NERRIN,VIC,3351
22305,NERRINA,VIC,3350
22306,NERRING,VIC,3373
22307,NETHERBY,VIC,3418
22308,NEUARPURR,VIC,3413
22309,NEW GISBORNE,VIC,3438
22310,NEWBOROUGH,VIC,3825
22311,NEWBOROUGH EAST,VIC,3825
22312,NEWBRIDGE,VIC,3551
22313,NEWBURY,VIC,3458
22314,NEWCOMB,VIC,3219
22315,NEWFIELD,VIC,3268
22316,NEWHAM,VIC,3442
22317,NEWHAVEN,VIC,3925
22318,NEWINGTON,VIC,3350
22319,NEWLANDS ARM,VIC,3875
22320,NEWLYN,VIC,3364
22321,NEWLYN NORTH,VIC,3364
22322,NEWMERELLA,VIC,3886
22323,NEWPORT,VIC,3015
22324,NEWRY,VIC,3859
22325,NEWSTEAD,VIC,3462
22326,NEWTOWN,VIC,3220
22327,NEWTOWN,VIC,3351
22328,NHILL,VIC,3418
22329,NICHOLS POINT,VIC,3501
22330,NICHOLSON,VIC,3882
22331,NIDDRIE,VIC,3042
22332,NIDDRIE NORTH,VIC,3042
22333,NILLAHCOOTIE,VIC,3723
22334,NILMA,VIC,3821
22335,NILMA NORTH,VIC,3821
22336,NINDA,VIC,3533
22337,NINE MILE,VIC,3518
22338,NINTINGBOOL,VIC,3351
22339,NINYEUNOOK,VIC,3527
22340,NINYEUNOOK,VIC,3540
22341,NIRRANDA,VIC,3268
22342,NIRRANDA EAST,VIC,3268
22343,NIRRANDA SOUTH,VIC,3268
22344,NOBLE PARK,VIC,3174
22345,NOBLE PARK EAST,VIC,3174
22346,NOBLE PARK NORTH,VIC,3174
22347,NOOJEE,VIC,3833
22348,NOORAT,VIC,3265
22349,NOORAT EAST,VIC,3265
22350,NOORINBEE,VIC,3890
22351,NOORINBEE NORTH,VIC,3890
22352,NORADJUHA,VIC,3401
22353,NORADJUHA,VIC,3409
22354,NORLANE,VIC,3214
22355,NORMANVILLE,VIC,3579
22356,NORONG,VIC,3682
22357,NORONG CENTRAL,VIC,3685
22358,NORTH BENDIGO,VIC,3550
22359,NORTH BLACKWOOD,VIC,3458
22360,NORTH GEELONG,VIC,3215
22361,NORTH MELBOURNE,VIC,3051
22362,NORTH POLE,VIC,9999
22363,NORTH ROAD,VIC,3187
22364,NORTH SHORE,VIC,3214
22365,NORTH WANGARATTA,VIC,3678
22366,NORTH WARRANDYTE,VIC,3113
22367,NORTH WONTHAGGI,VIC,3995
22368,NORTHCOTE,VIC,3070
22369,NORTHCOTE SOUTH,VIC,3070
22370,NORTHLAND CENTRE,VIC,3072
22371,NORTHWOOD,VIC,3660
22372,NORVAL,VIC,3377
22373,NOTTING HILL,VIC,3168
22374,NOWA NOWA,VIC,3887
22375,NOWHERE CREEK,VIC,3469
22376,NOWIE,VIC,3585
22377,NUG NUG,VIC,3737
22378,NUGGETTY,VIC,3463
22379,NULLA VALE,VIC,3435
22380,NULLAWARRE,VIC,3268
22381,NULLAWARRE EAST,VIC,3268
22382,NULLAWARRE NORTH,VIC,3268
22383,NULLAWIL,VIC,3529
22384,NUMURKAH,VIC,3636
22385,NUNAWADING,VIC,3131
22386,NUNGURNER,VIC,3909
22387,NUNNIONG,VIC,3896
22388,NUNTIN,VIC,3860
22389,NURCOUNG,VIC,3401
22390,NURRABIEL,VIC,3401
22391,NURRAN,VIC,3888
22392,NUTFIELD,VIC,3099
22393,NYAH,VIC,3594
22394,NYAH WEST,VIC,3595
22395,NYARRIN,VIC,3533
22396,NYERIMILANG,VIC,3909
22397,NYORA,VIC,3987
22398,NYRRABY,VIC,3585
22399,OAK PARK,VIC,3046
22400,OAKLANDS JUNCTION,VIC,3063
22401,OAKLEIGH,VIC,3166
22402,OAKLEIGH EAST,VIC,3166
22403,OAKLEIGH SOUTH,VIC,3167
22404,OAKVALE,VIC,3540
22405,OCEAN GRANGE,VIC,3880
22406,OCEAN GROVE,VIC,3226
22407,OFFICER,VIC,3809
22408,OFFICER SOUTH,VIC,3809
22409,OLD TALLANGATTA,VIC,3701
22410,OLINDA,VIC,3788
22411,OMBERSLEY,VIC,3241
22412,OMEO,VIC,3898
22413,OMEO VALLEY,VIC,3888
22414,OMEO VALLEY,VIC,3898
22415,ONDIT,VIC,3249
22416,ORBOST,VIC,3888
22417,ORFORD,VIC,3284
22418,ORMOND,VIC,3204
22419,ORRVALE,VIC,3631
22420,OSBORNES FLAT,VIC,3691
22421,OUTTRIM,VIC,3951
22422,OUYEN,VIC,3490
22423,OVENS,VIC,3738
22424,OXLEY,VIC,3678
22425,OXLEY FLATS,VIC,3678
22426,OZENKADNOOK,VIC,3413
22427,PAARATTE,VIC,3268
22428,PAINSWICK,VIC,3551
22429,PAKENHAM,VIC,3810
22430,PAKENHAM SOUTH,VIC,3810
22431,PAKENHAM UPPER,VIC,3810
22432,PANITYA,VIC,3512
22433,PANMURE,VIC,3265
22434,PANTON HILL,VIC,3759
22435,PARADISE,VIC,3381
22436,PARADISE,VIC,3477
22437,PARADISE BEACH,VIC,3851
22438,PARAPARAP,VIC,3240
22439,PARK ORCHARDS,VIC,3114
22440,PARKDALE,VIC,3195
22441,PARKVILLE,VIC,3052
22442,PARKWOOD,VIC,3315
22443,PARWAN,VIC,3340
22444,PASCHENDALE,VIC,3315
22445,PASCOE VALE,VIC,3044
22446,PASCOE VALE SOUTH,VIC,3044
22447,PASTORIA,VIC,3444
22448,PASTORIA EAST,VIC,3444
22449,PATCHEWOLLOCK,VIC,3491
22450,PATHO,VIC,3564
22451,PATHO WEST,VIC,3564
22452,PATTERSON,VIC,3204
22453,PATTERSON LAKES,VIC,3197
22454,PATYAH,VIC,3318
22455,PAYNESVILLE,VIC,3880
22456,PEARCEDALE,VIC,3912
22457,PEARSONDALE,VIC,3851
22458,PEECHELBA,VIC,3678
22459,PEECHELBA EAST,VIC,3678
22460,PELLUEBLA,VIC,3727
22461,PENNYROYAL,VIC,3235
22462,PENSHURST,VIC,3289
22463,PENTAL ISLAND,VIC,3586
22464,PENTLAND HILLS,VIC,3341
22465,PERCYDALE,VIC,3478
22466,PERKINS REEF,VIC,3463
22467,PERONNE,VIC,3413
22468,PERRY BRIDGE,VIC,3862
22469,PETERBOROUGH,VIC,3270
22470,PETTICOAT CREEK,VIC,3233
22471,PHEASANT CREEK,VIC,3757
22472,PIANGIL,VIC,3597
22473,PIAVELLA,VIC,3572
22474,PICOLA,VIC,3639
22475,PICOLA WEST,VIC,3639
22476,PIEDMONT,VIC,3833
22477,PIER MILAN,VIC,3533
22478,PIGEON PONDS,VIC,3407
22479,PIGGOREET,VIC,3351
22480,PILCHERS BRIDGE,VIC,3551
22481,PIMPINIO,VIC,3401
22482,PINE GROVE,VIC,3573
22483,PINE GROVE EAST,VIC,3573
22484,PINE LODGE,VIC,3631
22485,PINE MOUNTAIN,VIC,3709
22486,PINE VIEW,VIC,3579
22487,PINES FOREST,VIC,3200
22488,PINEWOOD,VIC,3149
22489,PIONEER BAY,VIC,3984
22490,PIPERS CREEK,VIC,3444
22491,PIRA,VIC,3585
22492,PIRIES,VIC,3723
22493,PIRRON YALLOCK,VIC,3249
22494,PITFIELD,VIC,3351
22495,PITTONG,VIC,3360
22496,PLENTY,VIC,3090
22497,PLUMPTON,VIC,3037
22498,PLUMPTON,VIC,3335
22499,PLUMPTON,VIC,3427
22500,POINT COOK,VIC,3030
22501,POINT LEO,VIC,3916
22502,POINT LONSDALE,VIC,3225
22503,POINT WILSON,VIC,3212
22504,POLISBET,VIC,3585
22505,POMBORNEIT,VIC,3260
22506,POMBORNEIT EAST,VIC,3249
22507,POMBORNEIT NORTH,VIC,3260
22508,POMONAL,VIC,3381
22509,POMPAPIEL,VIC,3571
22510,POOLAIJELO,VIC,3312
22511,POOTILLA,VIC,3352
22512,POOWONG,VIC,3988
22513,POOWONG EAST,VIC,3988
22514,POOWONG NORTH,VIC,3988
22515,PORCUPINE FLAT,VIC,3463
22516,PORCUPINE RIDGE,VIC,3461
22517,POREPUNKAH,VIC,3740
22518,PORT ALBERT,VIC,3971
22519,PORT CAMPBELL,VIC,3269
22520,PORT FAIRY,VIC,3284
22521,PORT FRANKLIN,VIC,3964
22522,PORT MELBOURNE,VIC,3207
22523,PORT WELSHPOOL,VIC,3965
22524,PORTARLINGTON,VIC,3223
22525,PORTLAND,VIC,3305
22526,PORTLAND NORTH,VIC,3305
22527,PORTLAND WEST,VIC,3305
22528,PORTSEA,VIC,3944
22529,POUND CREEK,VIC,3996
22530,POWELLTOWN,VIC,3797
22531,POWERS CREEK,VIC,3312
22532,POWLETT PLAINS,VIC,3517
22533,POWLETT RIVER,VIC,3995
22534,PRAHRAN,VIC,3181
22535,PRAHRAN EAST,VIC,3181
22536,PRAIRIE,VIC,3572
22537,PRANJIP,VIC,3665
22538,PRANJIP,VIC,3666
22539,PRENTICE NORTH,VIC,3685
22540,PRESTON,VIC,3072
22541,PRESTON LOWER,VIC,3072
22542,PRESTON SOUTH,VIC,3072
22543,PRESTON WEST,VIC,3072
22544,PRINCES HILL,VIC,3054
22545,PRINCETOWN,VIC,3269
22546,PUCKAPUNYAL,VIC,3662
22547,PUCKAPUNYAL MILPO,VIC,3662
22548,PURA PURA,VIC,3271
22549,PURALKA,VIC,3311
22550,PURDEET,VIC,3289
22551,PURNIM,VIC,3278
22552,PURNIM WEST,VIC,3278
22553,PYALONG,VIC,3521
22554,PYRAMID HILL,VIC,3575
22555,QUAMBATOOK,VIC,3540
22556,QUANDONG,VIC,3030
22557,QUANTONG,VIC,3401
22558,QUARRY HILL,VIC,3550
22559,QUEENSCLIFF,VIC,3225
22560,QUEENSFERRY,VIC,3984
22561,RAGLAN,VIC,3373
22562,RAINBOW,VIC,3424
22563,RANCEBY,VIC,3951
22564,RANGEVIEW,VIC,3132
22565,RATHSCAR,VIC,3465
22566,RATHSCAR WEST,VIC,3465
22567,RAVENHALL,VIC,3023
22568,RAVENSWOOD,VIC,3453
22569,RAVENSWOOD SOUTH,VIC,3453
22570,RAWSON,VIC,3825
22571,RAYMOND ISLAND,VIC,3880
22572,RAYWOOD,VIC,3570
22573,RED BLUFF,VIC,3695
22574,RED CLIFFS,VIC,3496
22575,RED HILL,VIC,3937
22576,RED HILL SOUTH,VIC,3937
22577,RED LION,VIC,3371
22578,REDAN,VIC,3350
22579,REDBANK,VIC,3477
22580,REDCASTLE,VIC,3523
22581,REDESDALE,VIC,3444
22582,REEDY CREEK,VIC,3658
22583,REEDY CREEK,VIC,3895
22584,REEDY DAM,VIC,3395
22585,REEDY DAM,VIC,3483
22586,REEDY FLAT,VIC,3895
22587,REEDY LAKE,VIC,3579
22588,REEFTON,VIC,3799
22589,REGENT WEST,VIC,3072
22590,REMLAW,VIC,3401
22591,RESEARCH,VIC,3095
22592,RESERVOIR,VIC,3073
22593,RESERVOIR EAST,VIC,3073
22594,RESERVOIR NORTH,VIC,3073
22595,RESERVOIR SOUTH,VIC,3073
22596,REYNARD,VIC,3858
22597,RHEOLA,VIC,3517
22598,RHYLL,VIC,3923
22599,RHYMNEY,VIC,3377
22600,RIACHELLA,VIC,3385
22601,RICH AVON,VIC,3480
22602,RICH AVON EAST,VIC,3480
22603,RICH AVON WEST,VIC,3480
22604,RICHMOND,VIC,3121
22605,RICHMOND EAST,VIC,3121
22606,RICHMOND NORTH,VIC,3121
22607,RICHMOND PLAINS,VIC,3518
22608,RICHMOND SOUTH,VIC,3121
22609,RIDDELLS CREEK,VIC,3431
22610,RIGGS CREEK,VIC,3666
22611,RINGWOOD,VIC,3134
22612,RINGWOOD EAST,VIC,3135
22613,RINGWOOD NORTH,VIC,3134
22614,RIPPLEBROOK,VIC,3818
22615,RIPPLESIDE,VIC,3215
22616,RIPPONHURST,VIC,3286
22617,RIPPONLEA,VIC,3185
22618,RIVERSIDE,VIC,3401
22619,RIVERSLEA,VIC,3860
22620,ROBERTSONS BEACH,VIC,3971
22621,ROBINSON,VIC,3019
22622,ROBINVALE,VIC,3549
22623,ROBINVALE IRRIGATION DISTRICT SECTION B,VIC,3549
22624,ROBINVALE IRRIGATION DISTRICT SECTION C,VIC,3549
22625,ROBINVALE IRRIGATION DISTRICT SECTION D,VIC,3549
22626,ROBINVALE IRRIGATION DISTRICT SECTION E,VIC,3549
22627,ROCHESTER,VIC,3561
22628,ROCHESTER WEST,VIC,3561
22629,ROCHFORD,VIC,3442
22630,ROCKBANK,VIC,3335
22631,ROCKLANDS,VIC,3401
22632,ROCKLYN,VIC,3364
22633,ROCKY POINT,VIC,3377
22634,RODBOROUGH,VIC,3465
22635,ROKEBY,VIC,3821
22636,ROKEWOOD,VIC,3330
22637,ROKEWOOD JUNCTION,VIC,3351
22638,ROMSEY,VIC,3434
22639,ROSANNA,VIC,3084
22640,ROSE RIVER,VIC,3678
22641,ROSEBERY,VIC,3395
22642,ROSEBROOK,VIC,3285
22643,ROSEBUD,VIC,3939
22644,ROSEBUD PLAZA,VIC,3939
22645,ROSEBUD WEST,VIC,3940
22646,ROSEDALE,VIC,3847
22647,ROSES GAP,VIC,3385
22648,ROSEWHITE,VIC,3737
22649,ROSLYNMEAD,VIC,3564
22650,ROSS CREEK,VIC,3351
22651,ROSSBRIDGE,VIC,3377
22652,ROSTRON,VIC,3381
22653,ROSTRON,VIC,3477
22654,ROWSLEY,VIC,3340
22655,ROWVILLE,VIC,3178
22656,ROXBURGH PARK,VIC,3064
22657,ROYAL MELBOURNE HOSPITAL,VIC,3050
22658,RUBICON,VIC,3712
22659,RUBY,VIC,3953
22660,RUFFY,VIC,3666
22661,RUMBUG,VIC,3960
22662,RUNNING CREEK,VIC,3691
22663,RUNNYMEDE,VIC,3558
22664,RUNNYMEDE,VIC,3559
22665,RUPANYUP,VIC,3388
22666,RUSHWORTH,VIC,3612
22667,RUSSELLS BRIDGE,VIC,3331
22668,RUTHERGLEN,VIC,3685
22669,RYANS,VIC,3875
22670,RYANSTON,VIC,3992
22671,RYE,VIC,3941
22672,RYTHDALE,VIC,3810
22673,SAFETY BEACH,VIC,3936
22674,SAILORS FALLS,VIC,3461
22675,SAILORS GULLY,VIC,3556
22676,SAILORS HILL,VIC,3461
22677,SAINT HELENA,VIC,3088
22678,SALE,VIC,3850
22679,SALE,VIC,3853
22680,SALE EAST RAAF,VIC,3852
22681,SALE NORTH,VIC,3850
22682,SALISBURY WEST,VIC,3517
22683,SAMARIA,VIC,3673
22684,SAN REMO,VIC,3925
22685,SANDFORD,VIC,3312
22686,SANDHILL LAKE,VIC,3579
22687,SANDHURST,VIC,3977
22688,SANDHURST EAST,VIC,3550
22689,SANDON,VIC,3462
22690,SANDOWN VILLAGE,VIC,3171
22691,SANDRINGHAM,VIC,3191
22692,SANDY CREEK,VIC,3695
22693,SANDY POINT,VIC,3959
22694,SARGOOD,VIC,3858
22695,SARSFIELD,VIC,3875
22696,SASSAFRAS,VIC,3787
22697,SASSAFRAS GULLY,VIC,3787
22698,SAWMILL SETTLEMENT,VIC,3723
22699,SCARSDALE,VIC,3351
22700,SCORESBY,VIC,3179
22701,SCORESBY BC,VIC,3176
22702,SCOTCHMANS LEAD,VIC,3352
22703,SCOTSBURN,VIC,3352
22704,SCOTSMANS LEAD,VIC,3357
22705,SCOTTS CREEK,VIC,3267
22706,SEA LAKE,VIC,3533
22707,SEABROOK,VIC,3028
22708,SEACOMBE,VIC,3851
22709,SEAFORD,VIC,3198
22710,SEAHOLME,VIC,3018
22711,SEASPRAY,VIC,3851
22712,SEATON,VIC,3858
22713,SEAVIEW,VIC,3821
22714,SEBASTIAN,VIC,3556
22715,SEBASTOPOL,VIC,3356
22716,SEDDON,VIC,3011
22717,SEDDON WEST,VIC,3011
22718,SEDGWICK,VIC,3551
22719,SELBY,VIC,3159
22720,SELWYN,VIC,3737
22721,SEPARATION CREEK,VIC,3221
22722,SEPARATION CREEK,VIC,3234
22723,SERPENTINE,VIC,3517
22724,SERVICETON,VIC,3420
22725,SEVILLE,VIC,3139
22726,SEVILLE EAST,VIC,3139
22727,SEYMOUR,VIC,3660
22728,SEYMOUR,VIC,3661
22729,SEYMOUR SOUTH,VIC,3660
22730,SHADY CREEK,VIC,3821
22731,SHALLOW INLET,VIC,3960
22732,SHANNONVALE,VIC,3898
22733,SHAYS FLAT,VIC,3377
22734,SHAYS FLAT,VIC,3384
22735,SHE OAKS,VIC,3331
22736,SHEANS CREEK,VIC,3666
22737,SHEEP HILLS,VIC,3392
22738,SHELBOURNE,VIC,3463
22739,SHELBOURNE,VIC,3515
22740,SHELFORD,VIC,3329
22741,SHELLEY,VIC,3701
22742,SHEPHERDS FLAT,VIC,3461
22743,SHEPPARTON,VIC,3630
22744,SHEPPARTON,VIC,3632
22745,SHEPPARTON EAST,VIC,3631
22746,SHEPPARTON NORTH,VIC,3631
22747,SHEPPARTON SOUTH,VIC,3630
22748,SHERBROOKE,VIC,3789
22749,SHIRLEY,VIC,3373
22750,SHOREHAM,VIC,3916
22751,SIDONIA,VIC,3444
22752,SILVAN,VIC,3795
22753,SILVER CREEK,VIC,3747
22754,SILVERLEAVES,VIC,3922
22755,SIMMIE,VIC,3564
22756,SIMPSON,VIC,3266
22757,SIMPSONS CREEK,VIC,3888
22758,SIMSON,VIC,3465
22759,SKENES CREEK,VIC,3233
22760,SKENES CREEK NORTH,VIC,3233
22761,SKIBO,VIC,3260
22762,SKINNERS FLAT,VIC,3518
22763,SKIPTON,VIC,3361
22764,SKYE,VIC,3977
22765,SLATY CREEK,VIC,3477
22766,SLATY CREEK,VIC,3478
22767,SMEATON,VIC,3364
22768,SMITHS BEACH,VIC,3922
22769,SMITHS GULLY,VIC,3760
22770,SMOKEY TOWN,VIC,3364
22771,SMOKEYTOWN,VIC,3364
22772,SMOKO,VIC,3741
22773,SMYTHES CREEK,VIC,3351
22774,SMYTHESDALE,VIC,3351
22775,SNAKE ISLAND,VIC,3971
22776,SNAKE VALLEY,VIC,3351
22777,SOLDIERS HILL,VIC,3350
22778,SOMERS,VIC,3927
22779,SOMERTON,VIC,3062
22780,SOMERTON PARK,VIC,3851
22781,SOMERVILLE,VIC,3912
22782,SORRENTO,VIC,3943
22783,SOUTH DUDLEY,VIC,3995
22784,SOUTH GEELONG,VIC,3220
22785,SOUTH KINGSVILLE,VIC,3015
22786,SOUTH KINYPANIAL,VIC,3520
22787,SOUTH MELBOURNE,VIC,3205
22788,SOUTH MELBOURNE DC,VIC,3205
22789,SOUTH MORANG,VIC,3752
22790,SOUTH PURRUMBETE,VIC,3260
22791,SOUTH WHARF,VIC,3006
22792,SOUTH YARRA,VIC,3141
22793,SOUTHBANK,VIC,3006
22794,SOUTHERN CROSS,VIC,3283
22795,SOUTHLAND CENTRE,VIC,3192
22796,SOVEREIGN HILL,VIC,3350
22797,SPARGO CREEK,VIC,3461
22798,SPECIMEN HILL,VIC,3555
22799,SPEED,VIC,3488
22800,SPEEWA,VIC,3585
22801,SPOTSWOOD,VIC,3015
22802,SPRING GULLY,VIC,3550
22803,SPRING HILL,VIC,3444
22804,SPRINGBANK,VIC,3352
22805,SPRINGDALLAH,VIC,3351
22806,SPRINGFIELD,VIC,3434
22807,SPRINGFIELD,VIC,3531
22808,SPRINGFIELD,VIC,3544
22809,SPRINGHURST,VIC,3682
22810,SPRINGMOUNT,VIC,3364
22811,SPRINGVALE,VIC,3171
22812,SPRINGVALE SOUTH,VIC,3172
22813,ST ALBANS,VIC,3021
22814,ST ALBANS PARK,VIC,3219
22815,ST ANDREWS,VIC,3761
22816,ST ANDREWS BEACH,VIC,3941
22817,ST ARNAUD,VIC,3478
22818,ST ARNAUD EAST,VIC,3477
22819,ST ARNAUD EAST,VIC,3478
22820,ST ARNAUD NORTH,VIC,3477
22821,ST ARNAUD NORTH,VIC,3478
22822,ST CLAIR,VIC,3995
22823,ST GERMAINS,VIC,3620
22824,ST HELENA,VIC,3088
22825,ST HELENS,VIC,3285
22826,ST HELENS PLAINS,VIC,3400
22827,ST HELENS PLAINS,VIC,3401
22828,ST HELIER,VIC,3989
22829,ST JAMES,VIC,3727
22830,ST KILDA,VIC,3182
22831,ST KILDA EAST,VIC,3183
22832,ST KILDA ROAD,VIC,8004
22833,ST KILDA ROAD CENTRAL,VIC,3004
22834,ST KILDA ROAD CENTRAL,VIC,8008
22835,ST KILDA ROAD MELBOURNE,VIC,3004
22836,ST KILDA SOUTH,VIC,3182
22837,ST KILDA WEST,VIC,3182
22838,ST LEONARDS,VIC,3223
22839,STACEYS BRIDGE,VIC,3971
22840,STAFFORDSHIRE REEF,VIC,3351
22841,STAGHORN FLAT,VIC,3691
22842,STANHOPE,VIC,3623
22843,STANHOPE SOUTH,VIC,3623
22844,STANLEY,VIC,3747
22845,STAUGHTON VALE,VIC,3221
22846,STAUGHTON VALE,VIC,3340
22847,STAVELY,VIC,3379
22848,STAWELL,VIC,3380
22849,STAWELL WEST,VIC,3380
22850,STEELS CREEK,VIC,3775
22851,STEIGLITZ,VIC,3331
22852,STEWARTON,VIC,3725
22853,STIRLING,VIC,3893
22854,STOCKDALE,VIC,3862
22855,STOCKYARD HILL,VIC,3373
22856,STONEHAVEN,VIC,3218
22857,STONEHAVEN,VIC,3221
22858,STONELEIGH,VIC,3373
22859,STONY CREEK,VIC,3371
22860,STONY CREEK,VIC,3957
22861,STONYFORD,VIC,3260
22862,STRADBROKE,VIC,3851
22863,STRADBROKE PARK,VIC,3103
22864,STRANGWAYS,VIC,3461
22865,STRATEN,VIC,3533
22866,STRATFORD,VIC,3862
22867,STRATH CREEK,VIC,3658
22868,STRATHALLAN,VIC,3622
22869,STRATHBOGIE,VIC,3666
22870,STRATHDALE,VIC,3550
22871,STRATHDOWNIE,VIC,3312
22872,STRATHEWEN,VIC,3099
22873,STRATHFIELDSAYE,VIC,3551
22874,STRATHKELLAR,VIC,3301
22875,STRATHLEA,VIC,3364
22876,STRATHMERTON,VIC,3641
22877,STRATHMORE,VIC,3041
22878,STRATHMORE HEIGHTS,VIC,3041
22879,STRATHTULLOH,VIC,3338
22880,STREATHAM,VIC,3351
22881,STRZELECKI,VIC,3950
22882,STUART MILL,VIC,3477
22883,STUART MILL,VIC,3478
22884,STUDFIELD,VIC,3152
22885,SUGARLOAF,VIC,3221
22886,SUGARLOAF,VIC,3234
22887,SUGARLOAF CREEK,VIC,3658
22888,SUGARLOAF CREEK,VIC,3659
22889,SUGGAN BUGGAN,VIC,3885
22890,SULKY,VIC,3352
22891,SUMMERFIELD,VIC,3570
22892,SUMMERLANDS,VIC,3922
22893,SUMNER,VIC,3057
22894,SUNBURY,VIC,3429
22895,SUNDAY CREEK,VIC,3658
22896,SUNDERLAND BAY,VIC,3922
22897,SUNNYCLIFFS,VIC,3496
22898,SUNSET STRIP,VIC,3922
22899,SUNSHINE,VIC,3020
22900,SUNSHINE NORTH,VIC,3020
22901,SUNSHINE WEST,VIC,3020
22902,SUNSHINE WEST,VIC,8438
22903,SUNSHINE WEST,VIC,8511
22904,SURF BEACH,VIC,3922
22905,SURREY HILLS,VIC,3127
22906,SURREY HILLS NORTH,VIC,3127
22907,SURREY HILLS SOUTH,VIC,3125
22908,SUTHERLAND,VIC,3477
22909,SUTHERLAND,VIC,3478
22910,SUTHERLANDS CREEK,VIC,3331
22911,SUTTON,VIC,3530
22912,SUTTON GRANGE,VIC,3448
22913,SWAN BAY,VIC,3225
22914,SWAN HILL,VIC,3585
22915,SWAN HILL PIONEER,VIC,3585
22916,SWAN HILL WEST,VIC,3585
22917,SWAN ISLAND,VIC,3225
22918,SWAN MARSH,VIC,3249
22919,SWAN REACH,VIC,3903
22920,SWANPOOL,VIC,3673
22921,SWANWATER,VIC,3477
22922,SWANWATER,VIC,3478
22923,SWANWATER WEST,VIC,3480
22924,SWIFTS CREEK,VIC,3896
22925,SYDENHAM,VIC,3037
22926,SYLVATERRE,VIC,3575
22927,SYLVESTER,VIC,3072
22928,SYNDAL,VIC,3149
22929,TABBERABBERA,VIC,3875
22930,TABILK,VIC,3607
22931,TABOR,VIC,3289
22932,TAGGERTY,VIC,3714
22933,TAHARA,VIC,3301
22934,TAHARA BRIDGE,VIC,3315
22935,TAHARA WEST,VIC,3310
22936,TALBOT,VIC,3371
22937,TALGARNO,VIC,3691
22938,TALLANDOON,VIC,3701
22939,TALLANGATTA,VIC,3700
22940,TALLANGATTA EAST,VIC,3700
22941,TALLANGATTA SOUTH,VIC,3701
22942,TALLANGATTA VALLEY,VIC,3701
22943,TALLAROOK,VIC,3659
22944,TALLYGAROOPNA,VIC,3634
22945,TAMBO CROSSING,VIC,3893
22946,TAMBO UPPER,VIC,3885
22947,TAMBOON,VIC,3890
22948,TAMBORITHA,VIC,3858
22949,TAMINICK,VIC,3675
22950,TAMLEUGH,VIC,3669
22951,TAMLEUGH NORTH,VIC,3669
22952,TAMLEUGH WEST,VIC,3631
22953,TANDAROOK,VIC,3260
22954,TANDARRA,VIC,3571
22955,TANGAMBALANGA,VIC,3691
22956,TANJIL,VIC,3825
22957,TANJIL BREN,VIC,3833
22958,TANJIL SOUTH,VIC,3825
22959,TANKERTON,VIC,3921
22960,TANTARABOO,VIC,3764
22961,TANWOOD,VIC,3478
22962,TANYBRYN,VIC,3249
22963,TARADALE,VIC,3447
22964,TARAGO,VIC,3818
22965,TARCOMBE,VIC,3666
22966,TARILTA,VIC,3451
22967,TARIPTA,VIC,3620
22968,TARNAGULLA,VIC,3551
22969,TARNEIT,VIC,3029
22970,TARNOOK,VIC,3670
22971,TAROON,VIC,3265
22972,TARRA VALLEY,VIC,3971
22973,TARRANYURK,VIC,3414
22974,TARRAVILLE,VIC,3971
22975,TARRAWARRA,VIC,3775
22976,TARRAWINGEE,VIC,3678
22977,TARRAYOUKYAN,VIC,3315
22978,TARRENGOWER,VIC,3463
22979,TARRENLEA,VIC,3315
22980,TARRINGTON,VIC,3301
22981,TARRONE,VIC,3283
22982,TARWIN,VIC,3956
22983,TARWIN EAST,VIC,3871
22984,TARWIN LOWER,VIC,3956
22985,TATONG,VIC,3673
22986,TATURA,VIC,3616
22987,TATURA EAST,VIC,3616
22988,TATYOON,VIC,3378
22989,TAWONGA,VIC,3697
22990,TAWONGA SOUTH,VIC,3698
22991,TAYLOR BAY,VIC,3713
22992,TAYLORS HILL,VIC,3037
22993,TAYLORS LAKES,VIC,3038
22994,TEAL POINT,VIC,3579
22995,TECOMA,VIC,3160
22996,TEDDYWADDY,VIC,3525
22997,TEDDYWADDY,VIC,3527
22998,TEDDYWADDY WEST,VIC,3525
22999,TEDDYWADDY WEST,VIC,3527
23000,TEESDALE,VIC,3328
23001,TELANGATUK EAST,VIC,3401
23002,TELFORD,VIC,3730
23003,TELOPEA DOWNS,VIC,3420
23004,TEMPLESTOWE,VIC,3106
23005,TEMPLESTOWE LOWER,VIC,3107
23006,TEMPY,VIC,3489
23007,TENBY POINT,VIC,3984
23008,TENNYSON,VIC,3572
23009,TERANG,VIC,3264
23010,TERIP TERIP,VIC,3719
23011,TERRAPPEE,VIC,3525
23012,TERRICK TERRICK,VIC,3575
23013,TERRICK TERRICK EAST,VIC,3573
23014,TESBURY,VIC,3260
23015,TETOORA ROAD,VIC,3821
23016,THALIA,VIC,3527
23017,THALLOO,VIC,3825
23018,THALOO,VIC,3825
23019,THE BASIN,VIC,3154
23020,THE COVE,VIC,3268
23021,THE FINGERBOARD,VIC,3864
23022,THE GURDIES,VIC,3984
23023,THE HEART,VIC,3851
23024,THE HONEYSUCKLES,VIC,3851
23025,THE PATCH,VIC,3792
23026,THE PINES,VIC,3109
23027,THE SETTLEMENT,VIC,3561
23028,THE SISTERS,VIC,3265
23029,THOLOGOLONG,VIC,3691
23030,THOMASTOWN,VIC,3074
23031,THOMSON,VIC,3219
23032,THOMSON,VIC,3825
23033,THOONA,VIC,3726
23034,THORNBURY,VIC,3071
23035,THORNHILL PARK,VIC,3335
23036,THORNTON,VIC,3712
23037,THORPDALE,VIC,3835
23038,THORPDALE SOUTH,VIC,3824
23039,THOWGLA VALLEY,VIC,3707
23040,THREE BRIDGES,VIC,3797
23041,TIDAL RIVER,VIC,3960
23042,TIMBARRA,VIC,3885
23043,TIMBOON,VIC,3268
23044,TIMBOON WEST,VIC,3268
23045,TIMMERING,VIC,3561
23046,TIMOR,VIC,3465
23047,TIMOR WEST,VIC,3465
23048,TINAMBA,VIC,3859
23049,TINAMBA WEST,VIC,3859
23050,TINTALDRA,VIC,3708
23051,TITTYBONG,VIC,3542
23052,TITYBONG,VIC,3542
23053,TOL TOL,VIC,3549
23054,TOLMIE,VIC,3723
23055,TOM GROGGIN,VIC,3707
23056,TONGALA,VIC,3621
23057,TONGHI CREEK,VIC,3890
23058,TONGIO,VIC,3896
23059,TONIMBUK,VIC,3815
23060,TOOAN,VIC,3401
23061,TOOAN,VIC,3409
23062,TOOBORAC,VIC,3522
23063,TOOLAMBA,VIC,3614
23064,TOOLAMBA WEST,VIC,3614
23065,TOOLAMBA WEST,VIC,3616
23066,TOOLANGI,VIC,3777
23067,TOOLERN VALE,VIC,3337
23068,TOOLLEEN,VIC,3551
23069,TOOLOME,VIC,3860
23070,TOOLONDO,VIC,3401
23071,TOOLONG,VIC,3285
23072,TOOMBON,VIC,3825
23073,TOONGABBIE,VIC,3856
23074,TOORA,VIC,3962
23075,TOORA NORTH,VIC,3962
23076,TOORADIN,VIC,3980
23077,TOORAK,VIC,3142
23078,TOORLOO ARM,VIC,3909
23079,TOORONGA,VIC,3146
23080,TOORONGO,VIC,3833
23081,TOOTGAROOK,VIC,3941
23082,TORQUAY,VIC,3228
23083,TORRITA,VIC,3490
23084,TORRUMBARRY,VIC,3562
23085,TORWOOD,VIC,3821
23086,TOSTAREE,VIC,3888
23087,TOTTENHAM,VIC,3012
23088,TOTTINGTON,VIC,3477
23089,TOTTINGTON,VIC,3478
23090,TOURELLO,VIC,3363
23091,TOWAN,VIC,3596
23092,TOWANINNY,VIC,3527
23093,TOWANINNY SOUTH,VIC,3527
23094,TOWER HILL,VIC,3283
23095,TOWONG,VIC,3707
23096,TOWONG UPPER,VIC,3707
23097,TRAFALGAR,VIC,3824
23098,TRAFALGAR EAST,VIC,3824
23099,TRAFALGAR SOUTH,VIC,3824
23100,TRAGOWEL,VIC,3579
23101,TRARALGON,VIC,3844
23102,TRARALGON EAST,VIC,3844
23103,TRARALGON SOUTH,VIC,3844
23104,TRAVANCORE,VIC,3032
23105,TRAWALLA,VIC,3373
23106,TRAWOOL,VIC,3660
23107,TRAYNORS LAGOON,VIC,3477
23108,TRAYNORS LAGOON,VIC,3478
23109,TREMONT,VIC,3785
23110,TRENTHAM,VIC,3458
23111,TRENTHAM EAST,VIC,3458
23112,TRESCO,VIC,3583
23113,TRESCO WEST,VIC,3584
23114,TRIDA,VIC,3953
23115,TRUGANINA,VIC,3029
23116,TUBBUT,VIC,3888
23117,TUERONG,VIC,3915
23118,TULKARA,VIC,3384
23119,TULKARA,VIC,3478
23120,TULLAMARINE,VIC,3043
23121,TUNGAMAH,VIC,3728
23122,TUNSTALL SQUARE PO,VIC,3109
23123,TUROAR,VIC,3546
23124,TURRIFF,VIC,3488
23125,TURRIFF EAST,VIC,3488
23126,TURTONS CREEK,VIC,3960
23127,TUTYE,VIC,3490
23128,TYAAK,VIC,3658
23129,TYABB,VIC,3913
23130,TYENNA,VIC,3533
23131,TYERS,VIC,3844
23132,TYLDEN,VIC,3444
23133,TYLDEN SOUTH,VIC,3444
23134,TYNONG,VIC,3813
23135,TYNONG NORTH,VIC,3813
23136,TYNTYNDER,VIC,3586
23137,TYNTYNDER SOUTH,VIC,3586
23138,TYRENDARRA,VIC,3285
23139,TYRENDARRA EAST,VIC,3285
23140,TYRRELL,VIC,3533
23141,TYRRELL DOWNS,VIC,3533
23142,TYSONS REEF,VIC,3550
23143,ULLINA,VIC,3364
23144,ULLINA,VIC,3370
23145,ULLSWATER,VIC,3318
23146,ULTIMA,VIC,3544
23147,ULTIMA EAST,VIC,3544
23148,ULTIMA EAST,VIC,3586
23149,ULUPNA,VIC,3641
23150,UNDERA,VIC,3629
23151,UNDERBOOL,VIC,3509
23152,UNIVERSITY OF MELBOURNE,VIC,3010
23153,UPLANDS,VIC,3900
23154,UPOTIPOTPON,VIC,3669
23155,UPOTIPOTPON,VIC,3673
23156,UPPER FERNTREE GULLY,VIC,3156
23157,UPPER GUNDOWRING,VIC,3691
23158,UPPER LURG,VIC,3673
23159,UPPER PLENTY,VIC,3756
23160,UPPER RYANS CREEK,VIC,3673
23161,UPTON HILL,VIC,3664
23162,UPWEY,VIC,3158
23163,VALENCIA CREEK,VIC,3860
23164,VASEY,VIC,3407
23165,VAUGHAN,VIC,3451
23166,VECTIS,VIC,3401
23167,VENTNOR,VIC,3922
23168,VENUS BAY,VIC,3956
23169,VERMONT,VIC,3133
23170,VERMONT SOUTH,VIC,3133
23171,VERVALE,VIC,3814
23172,VESPER,VIC,3833
23173,VICTORIA GARDENS,VIC,3121
23174,VICTORIA POINT,VIC,3294
23175,VICTORIA VALLEY,VIC,3294
23176,VIEWBANK,VIC,3084
23177,VINIFERA,VIC,3591
23178,VIOLET TOWN,VIC,3669
23179,VITE VITE,VIC,3325
23180,VITE VITE NORTH,VIC,3325
23181,W TREE,VIC,3885
23182,WAAIA,VIC,3637
23183,WAANYARRA,VIC,3551
23184,WAARRE,VIC,3269
23185,WABONGA,VIC,3678
23186,WAGGARANDALL,VIC,3646
23187,WAGGARANDALL,VIC,3727
23188,WAHGUNYAH,VIC,3687
23189,WAHRING,VIC,3608
23190,WAIL,VIC,3401
23191,WAIREWA,VIC,3887
23192,WAITCHIE,VIC,3544
23193,WAL WAL,VIC,3381
23194,WAL WAL,VIC,3385
23195,WALDARA,VIC,3678
23196,WALHALLA,VIC,3825
23197,WALHALLA EAST,VIC,3825
23198,WALKERVILLE,VIC,3956
23199,WALKERVILLE NORTH,VIC,3956
23200,WALKERVILLE SOUTH,VIC,3956
23201,WALLACE,VIC,3352
23202,WALLACEDALE,VIC,3303
23203,WALLAGARAUGH,VIC,3891
23204,WALLALOO,VIC,3381
23205,WALLALOO,VIC,3387
23206,WALLALOO EAST,VIC,3381
23207,WALLALOO EAST,VIC,3387
23208,WALLAN,VIC,3756
23209,WALLAN EAST,VIC,3756
23210,WALLINDUC,VIC,3351
23211,WALLINGTON,VIC,3221
23212,WALLINGTON,VIC,3222
23213,WALLUP,VIC,3401
23214,WALMER,VIC,3463
23215,WALPA,VIC,3875
23216,WALPEUP,VIC,3507
23217,WALWA,VIC,3709
23218,WANALTA,VIC,3612
23219,WANDANA HEIGHTS,VIC,3216
23220,WANDELLA,VIC,3579
23221,WANDILIGONG,VIC,3744
23222,WANDIN EAST,VIC,3139
23223,WANDIN NORTH,VIC,3139
23224,WANDO BRIDGE,VIC,3312
23225,WANDO VALE,VIC,3312
23226,WANDONG,VIC,3758
23227,WANDOWN,VIC,3549
23228,WANGANDARY,VIC,3678
23229,WANGARABELL,VIC,3891
23230,WANGARATTA,VIC,3676
23231,WANGARATTA,VIC,3677
23232,WANGARATTA FORWARD,VIC,3678
23233,WANGARATTA SOUTH,VIC,3678
23234,WANGARATTA WEST,VIC,3677
23235,WANGIE,VIC,3530
23236,WANGOOM,VIC,3279
23237,WANNON,VIC,3301
23238,WANTIRNA,VIC,3152
23239,WANTIRNA SOUTH,VIC,3152
23240,WARANGA,VIC,3612
23241,WARANGA,VIC,3616
23242,WARANGA SHORES,VIC,3612
23243,WARATAH BAY,VIC,3959
23244,WARATAH NORTH,VIC,3959
23245,WARBURTON,VIC,3799
23246,WAREEK,VIC,3465
23247,WARGAN,VIC,3505
23248,WARMUR,VIC,3482
23249,WARNCOORT,VIC,3243
23250,WARNE,VIC,3530
23251,WARNEET,VIC,3980
23252,WARRABKOOK,VIC,3286
23253,WARRACKNABEAL,VIC,3393
23254,WARRAGUL,VIC,3820
23255,WARRAGUL SOUTH,VIC,3821
23256,WARRAGUL WEST,VIC,3821
23257,WARRAK,VIC,3377
23258,WARRANDYTE,VIC,3113
23259,WARRANDYTE SOUTH,VIC,3134
23260,WARRANWOOD,VIC,3134
23261,WARRAYURE,VIC,3301
23262,WARRENBAYNE,VIC,3670
23263,WARRENHEIP,VIC,3352
23264,WARRENMANG,VIC,3478
23265,WARRION,VIC,3249
23266,WARRNAMBOOL,VIC,3280
23267,WARRNAMBOOL EAST,VIC,3280
23268,WARRNAMBOOL WEST,VIC,3280
23269,WARROCK,VIC,3312
23270,WARRONG,VIC,3283
23271,WARTOOK,VIC,3400
23272,WARTOOK,VIC,3401
23273,WATCHEM,VIC,3482
23274,WATCHEM WEST,VIC,3482
23275,WATCHUPGA,VIC,3485
23276,WATERFORD,VIC,3862
23277,WATERFORD PARK,VIC,3658
23278,WATERGARDENS,VIC,3038
23279,WATERHOLES,VIC,3875
23280,WATERLOO,VIC,3373
23281,WATERWAYS,VIC,3195
23282,WATGANIA,VIC,3379
23283,WATSONIA,VIC,3087
23284,WATSONIA NORTH,VIC,3087
23285,WATSONS CREEK,VIC,3097
23286,WATTLE BANK,VIC,3995
23287,WATTLE CREEK,VIC,3384
23288,WATTLE FLAT,VIC,3352
23289,WATTLE GLEN,VIC,3096
23290,WATTLE HILL,VIC,3237
23291,WATTLE PARK,VIC,3128
23292,WATTLETREE ROAD PO,VIC,3145
23293,WATTVILLE,VIC,3646
23294,WAUBRA,VIC,3352
23295,WAURN PONDS,VIC,3216
23296,WAVERLEY GARDENS,VIC,3170
23297,WAYGARA,VIC,3888
23298,WEATHERBOARD,VIC,3352
23299,WEDDERBURN,VIC,3518
23300,WEDDERBURN JUNCTION,VIC,3518
23301,WEE WEE RUP,VIC,3568
23302,WEEAPROINAH,VIC,3237
23303,WEERAGUA,VIC,3890
23304,WEERING,VIC,3251
23305,WEERITE,VIC,3260
23306,WEHLA,VIC,3518
23307,WEIR VIEWS,VIC,3338
23308,WELLSFORD,VIC,3551
23309,WELSHMANS REEF,VIC,3462
23310,WELSHPOOL,VIC,3966
23311,WEMEN,VIC,3549
23312,WENDOUREE,VIC,3355
23313,WENDOUREE VILLAGE,VIC,3355
23314,WENSLEYDALE,VIC,3241
23315,WENTWORTH,VIC,3875
23316,WERE STREET PO,VIC,3186
23317,WERNETH,VIC,3352
23318,WERONA,VIC,3364
23319,WERRIBEE,VIC,3030
23320,WERRIBEE SOUTH,VIC,3030
23321,WERRIMULL,VIC,3496
23322,WESBURN,VIC,3799
23323,WEST BENDIGO,VIC,3550
23324,WEST CREEK,VIC,3992
23325,WEST FOOTSCRAY,VIC,3012
23326,WEST MELBOURNE,VIC,3003
23327,WEST WODONGA,VIC,3690
23328,WESTBURY,VIC,3825
23329,WESTBY,VIC,3579
23330,WESTMEADOWS,VIC,3049
23331,WESTMERE,VIC,3351
23332,WHANREGARWEN,VIC,3714
23333,WHARPARILLA,VIC,3564
23334,WHEATSHEAF,VIC,3461
23335,WHEELERS HILL,VIC,3150
23336,WHIPSTICK,VIC,3556
23337,WHIRILY,VIC,3483
23338,WHITE HILLS,VIC,3550
23339,WHITEHEADS CREEK,VIC,3660
23340,WHITELAW,VIC,3950
23341,WHITFIELD,VIC,3733
23342,WHITLANDS,VIC,3678
23343,WHITTINGTON,VIC,3219
23344,WHITTLESEA,VIC,3757
23345,WHOOREL,VIC,3243
23346,WHOROULY,VIC,3735
23347,WHOROULY EAST,VIC,3735
23348,WHOROULY SOUTH,VIC,3735
23349,WHROO,VIC,3612
23350,WICKLIFFE,VIC,3379
23351,WILBY,VIC,3728
23352,WILD DOG VALLEY,VIC,3953
23353,WILDWOOD,VIC,3429
23354,WILKUR,VIC,3393
23355,WILLANGIE,VIC,3485
23356,WILLATOOK,VIC,3283
23357,WILLAURA,VIC,3379
23358,WILLAURA NORTH,VIC,3379
23359,WILLENABRINA,VIC,3393
23360,WILLIAMS LANDING,VIC,3027
23361,WILLIAMS RAAF,VIC,3027
23362,WILLIAMSTOWN,VIC,3016
23363,WILLIAMSTOWN NORTH,VIC,3016
23364,WILLOW GROVE,VIC,3825
23365,WILLOWMAVIN,VIC,3764
23366,WILLOWVALE,VIC,3360
23367,WILLUNG,VIC,3847
23368,WILLUNG SOUTH,VIC,3844
23369,WILLUNG SOUTH,VIC,3847
23370,WILSONS HILL,VIC,3515
23371,WILSONS PROMONTORY,VIC,3960
23372,WIMBLEDON HEIGHTS,VIC,3922
23373,WINCHELSEA,VIC,3241
23374,WINCHELSEA SOUTH,VIC,3241
23375,WINDERMERE,VIC,3352
23376,WINDSOR,VIC,3181
23377,WINGAN RIVER,VIC,3891
23378,WINGEEL,VIC,3321
23379,WINJALLOK,VIC,3380
23380,WINJALLOK,VIC,3477
23381,WINLATON,VIC,3585
23382,WINNAMBOOL,VIC,3546
23383,WINNAP,VIC,3304
23384,WINNINDOO,VIC,3858
23385,WINSLOW,VIC,3281
23386,WINTER VALLEY,VIC,3358
23387,WINTON,VIC,3673
23388,WINTON NORTH,VIC,3673
23389,WIRRATE,VIC,3608
23390,WISELEIGH,VIC,3885
23391,WISHART,VIC,3189
23392,WODONGA,VIC,3689
23393,WODONGA,VIC,3690
23394,WODONGA FORWARD,VIC,3691
23395,WODONGA PLAZA,VIC,3690
23396,WOLLERT,VIC,3750
23397,WOMBAT CREEK,VIC,3888
23398,WOMBELANO,VIC,3401
23399,WOMBELANO,VIC,3409
23400,WON WRON,VIC,3971
23401,WONGA,VIC,3960
23402,WONGA PARK,VIC,3115
23403,WONGARRA,VIC,3221
23404,WONGARRA,VIC,3234
23405,WONGUNGARRA,VIC,3862
23406,WONNANGATTA,VIC,3737
23407,WONTHAGGI,VIC,3995
23408,WONWONDAH,VIC,3401
23409,WONWONDAH EAST,VIC,3400
23410,WONWONDAH SOUTH,VIC,3400
23411,WONYIP,VIC,3962
23412,WOOD WOOD,VIC,3596
23413,WOODBROOK,VIC,3451
23414,WOODEND,VIC,3442
23415,WOODEND NORTH,VIC,3442
23416,WOODFIELD,VIC,3715
23417,WOODFORD,VIC,3281
23418,WOODGLEN,VIC,3875
23419,WOODHOUSE,VIC,3294
23420,WOODLEIGH,VIC,3945
23421,WOODS POINT,VIC,3723
23422,WOODSIDE,VIC,3874
23423,WOODSIDE BEACH,VIC,3874
23424,WOODSIDE NORTH,VIC,3874
23425,WOODSTOCK,VIC,3751
23426,WOODSTOCK ON LODDON,VIC,3551
23427,WOODSTOCK WEST,VIC,3463
23428,WOODVALE,VIC,3556
23429,WOOHLPOOER,VIC,3314
23430,WOOL WOOL,VIC,3249
23431,WOOLAMAI,VIC,3995
23432,WOOLENOOK,VIC,3860
23433,WOOLSHED,VIC,3747
23434,WOOLSHED FLAT,VIC,3518
23435,WOOLSTHORPE,VIC,3276
23436,WOOMELANG,VIC,3485
23437,WOORAGEE,VIC,3747
23438,WOORARRA,VIC,3962
23439,WOORARRA EAST,VIC,3962
23440,WOORARRA WEST,VIC,3960
23441,WOOREEN,VIC,3953
23442,WOORI YALLOCK,VIC,3139
23443,WOORINEN,VIC,3589
23444,WOORINEN NORTH,VIC,3589
23445,WOORINEN SOUTH,VIC,3588
23446,WOORNDOO,VIC,3272
23447,WOOROONOOK,VIC,3525
23448,WOOSANG,VIC,3518
23449,WOOTONG VALE,VIC,3315
23450,WORLD TRADE CENTRE,VIC,3005
23451,WORLD TRADE CENTRE,VIC,8005
23452,WORROWING,VIC,3858
23453,WRATHUNG,VIC,3860
23454,WRIXON,VIC,3860
23455,WROXHAM,VIC,3891
23456,WUK WUK,VIC,3875
23457,WULGULMERANG,VIC,3885
23458,WULGULMERANG EAST,VIC,3885
23459,WULGULMERANG WEST,VIC,3885
23460,WUNGHNU,VIC,3635
23461,WURDIBOLUC,VIC,3241
23462,WURRUK,VIC,3850
23463,WY YUNG,VIC,3875
23464,WYCHEPROOF,VIC,3527
23465,WYCHEPROOF SOUTH,VIC,3527
23466,WYCHITELLA,VIC,3525
23467,WYCHITELLA NORTH,VIC,3525
23468,WYE RIVER,VIC,3221
23469,WYE RIVER,VIC,3234
23470,WYELANGTA,VIC,3237
23471,WYNDHAM VALE,VIC,3024
23472,WYUNA,VIC,3620
23473,WYUNA EAST,VIC,3620
23474,YAAPEET,VIC,3424
23475,YABBA NORTH,VIC,3646
23476,YABBA SOUTH,VIC,3646
23477,YACKANDANDAH,VIC,3749
23478,YALCA,VIC,3637
23479,YALLA-Y-POORA,VIC,3378
23480,YALLAMBIE,VIC,3085
23481,YALLOOK,VIC,3571
23482,YALLOURN,VIC,3825
23483,YALLOURN NORTH,VIC,3825
23484,YALMY,VIC,3885
23485,YAMBUK,VIC,3285
23486,YAMBUNA,VIC,3621
23487,YAN YEAN,VIC,3755
23488,YANAC,VIC,3418
23489,YANAKIE,VIC,3960
23490,YANDO,VIC,3537
23491,YANDOIT,VIC,3461
23492,YANDOIT HILLS,VIC,3461
23493,YANGERY,VIC,3283
23494,YANGOURA,VIC,3858
23495,YANNATHAN,VIC,3981
23496,YAPEEN,VIC,3451
23497,YARCK,VIC,3719
23498,YARPTURK,VIC,3283
23499,YARRA GLEN,VIC,3775
23500,YARRA JUNCTION,VIC,3797
23501,YARRABERB,VIC,3516
23502,YARRAGON,VIC,3823
23503,YARRAGON SOUTH,VIC,3823
23504,YARRAM,VIC,3971
23505,YARRAMBAT,VIC,3091
23506,YARRAVILLE,VIC,3013
23507,YARRAVILLE WEST,VIC,3013
23508,YARRAWALLA,VIC,3575
23509,YARRAWONGA,VIC,3730
23510,YARRAWONGA SOUTH,VIC,3730
23511,YARROWEE,VIC,3357
23512,YARROWEYAH,VIC,3644
23513,YARRUNGA,VIC,3415
23514,YARRUNGA,VIC,3677
23515,YARTO,VIC,3396
23516,YATCHAW,VIC,3301
23517,YAWONG HILLS,VIC,3478
23518,YEA,VIC,3717
23519,YELLINGBO,VIC,3139
23520,YELTA,VIC,3505
23521,YENDON,VIC,3352
23522,YEO,VIC,3249
23523,YEODENE,VIC,3249
23524,YERING,VIC,3770
23525,YEUNGROON,VIC,3525
23526,YEUNGROON EAST,VIC,3525
23527,YIELIMA,VIC,3638
23528,YINNAR,VIC,3869
23529,YINNAR SOUTH,VIC,3869
23530,YORK PLAINS,VIC,3477
23531,YOUANMITE,VIC,3646
23532,YOUARANG,VIC,3728
23533,YULECART,VIC,3301
23534,YUNDOOL,VIC,3727
23535,YUROKE,VIC,3063
23536,YUULONG,VIC,3237
23537,ZEERUST,VIC,3634
23538,ZUMSTEINS,VIC,3401
30001,ABBEYWOOD,QLD,4613
30002,ABBOTSFORD,QLD,4670
30003,ABERCORN,QLD,4627
30004,ABERGOWRIE,QLD,4850
30005,ABINGDON DOWNS,QLD,4871
30006,ABINGDON DOWNS,QLD,4892
30007,ABINGTON,QLD,4660
30008,ACACIA RIDGE,QLD,4110
30009,ACACIA RIDGE BC,QLD,4110
30010,ACACIA RIDGE DC,QLD,4110
30011,ACLAND,QLD,4401
30012,ADARE,QLD,4343
30013,ADAVALE,QLD,4474
30014,ADELAIDE PARK,QLD,4703
30015,ADVANCETOWN,QLD,4211
30016,AEROGLEN,QLD,4870
30017,AGNES WATER,QLD,4677
30018,AIRDMILLAN,QLD,4807
30019,AIRLIE BEACH,QLD,4802
30020,AIRVILLE,QLD,4807
30021,AITKENVALE,QLD,4814
30022,AITKENVALE BC,QLD,4814
30023,ALABAMA HILL,QLD,4820
30024,ALBANY CREEK,QLD,4035
30025,ALBERTA,QLD,4702
30026,ALBERTON,QLD,4207
30027,ALBINIA,QLD,4722
30028,ALBION,QLD,4010
30029,ALBION,QLD,4822
30030,ALBION BC,QLD,4010
30031,ALBION DC,QLD,4010
30032,ALDERLEY,QLD,4051
30033,ALDERSHOT,QLD,4650
30034,ALDOGA,QLD,4694
30035,ALEXANDRA,QLD,4740
30036,ALEXANDRA HEADLAND,QLD,4572
30037,ALEXANDRA HILLS,QLD,4161
30038,ALEXANDRIA,QLD,4825
30039,ALGESTER,QLD,4115
30040,ALICE CREEK,QLD,4610
30041,ALICE RIVER,QLD,4817
30042,ALLAN,QLD,4370
30043,ALLANDALE,QLD,4310
30044,ALLENSTOWN,QLD,4700
30045,ALLENVIEW,QLD,4285
30046,ALLIGATOR CREEK,QLD,4740
30047,ALLIGATOR CREEK,QLD,4816
30048,ALLINGHAM,QLD,4850
30049,ALLORA,QLD,4362
30050,ALLOWAY,QLD,4670
30051,ALMADEN,QLD,4871
30052,ALOOMBA,QLD,4871
30053,ALPHA,QLD,4724
30054,ALPURRURULAM,QLD,4825
30055,ALROY,QLD,4825
30056,ALSACE,QLD,4702
30057,ALTANDI,QLD,4109
30058,ALTON DOWNS,QLD,4702
30059,ALVA,QLD,4807
30060,AMAMOOR,QLD,4570
30061,AMAMOOR CREEK,QLD,4570
30062,AMAROO,QLD,4829
30063,AMBER,QLD,4871
30064,AMBERLEY,QLD,4306
30065,AMBROSE,QLD,4695
30066,AMBY,QLD,4462
30067,AMIENS,QLD,4352
30068,AMIENS,QLD,4380
30069,AMITY,QLD,4183
30070,AMITY POINT,QLD,4183
30071,ANAKIE,QLD,4702
30072,ANAKIE SIDING,QLD,4702
30073,ANDERGROVE,QLD,4740
30074,ANDERLEIGH,QLD,4570
30075,ANDROMACHE,QLD,4800
30076,ANDURAMBA,QLD,4355
30077,ANGELLALA,QLD,4455
30078,ANGLERS PARADISE,QLD,4216
30079,ANNANDALE,QLD,4814
30080,ANNERLEY,QLD,4103
30081,ANNERLEY DC,QLD,4103
30082,ANSTEAD,QLD,4070
30083,ANTHONY,QLD,4310
30084,ANTHONYS LAGOON,QLD,4825
30085,ANTIGUA,QLD,4650
30086,APPLE TREE CREEK,QLD,4660
30087,APPLETHORPE,QLD,4378
30088,ARALUEN,QLD,4570
30089,ARAMAC,QLD,4726
30090,ARAMARA,QLD,4620
30091,ARANA HILLS,QLD,4054
30092,ARANBANGA,QLD,4625
30093,ARATULA,QLD,4309
30094,ARBOUIN,QLD,4892
30095,ARCADIA,QLD,4819
30096,ARCADIA BAY,QLD,4819
30097,ARCADIA VALLEY,QLD,4454
30098,ARCHER RIVER,QLD,4892
30099,ARCHERFIELD,QLD,4108
30100,ARCHERFIELD BC,QLD,4108
30101,ARCTURUS,QLD,4702
30102,ARGOON,QLD,4702
30103,ARGYLL,QLD,4721
30104,ARKENDEITH,QLD,4806
30105,ARMSTRONG BEACH,QLD,4737
30106,ARMSTRONG CREEK,QLD,4520
30107,AROONA,QLD,4551
30108,ARRIGA,QLD,4880
30109,ARUNDEL,QLD,4214
30110,ARUNDEL BC,QLD,4214
30111,ARUNDEL DC,QLD,4214
30112,ASCOT,QLD,4007
30113,ASCOT,QLD,4359
30114,ASHFIELD,QLD,4670
30115,ASHGROVE,QLD,4060
30116,ASHGROVE EAST,QLD,4060
30117,ASHGROVE WEST,QLD,4060
30118,ASHMORE,QLD,4214
30119,ASHMORE CITY,QLD,4214
30120,ASHWELL,QLD,4340
30121,ASPLEY,QLD,4034
30122,ATHERTON,QLD,4883
30123,ATHOL,QLD,4350
30124,ATKINSONS DAM,QLD,4311
30125,AUBIGNY,QLD,4401
30126,AUBINVILLE,QLD,4650
30127,AUBURN,QLD,4413
30128,AUCHENFLOWER,QLD,4066
30129,AUGATHELLA,QLD,4477
30130,AUGUSTINE HEIGHTS,QLD,4300
30131,AUGUSTUS DOWNS,QLD,4830
30132,AURUKUN,QLD,4871
30133,AURUKUN,QLD,4892
30134,AUSTINVILLE,QLD,4213
30135,AUSTRALIA FAIR,QLD,4215
30136,AVENELL HEIGHTS,QLD,4670
30137,AVOCA,QLD,4670
30138,AVOCA VALE,QLD,4306
30139,AVOCA VALE,QLD,4314
30140,AVONDALE,QLD,4670
30141,AYR,QLD,4807
30142,AYTON,QLD,4895
30143,BABINDA,QLD,4861
30144,BACK PLAINS,QLD,4361
30145,BADDOW,QLD,4650
30146,BADU ISLAND,QLD,4875
30147,BAFFLE CREEK,QLD,4674
30148,BAFFLE WEST,QLD,4454
30149,BAHRS SCRUB,QLD,4207
30150,BAILEY CREEK,QLD,4873
30151,BAJOOL,QLD,4699
30152,BAKERS BEND,QLD,4470
30153,BAKERS CREEK,QLD,4740
30154,BAKING BOARD,QLD,4413
30155,BALBERRA,QLD,4740
30156,BALCOMBA,QLD,4702
30157,BALD HILLS,QLD,4036
30158,BALD KNOB,QLD,4552
30159,BALFES CREEK,QLD,4820
30160,BALGAL BEACH,QLD,4816
30161,BALGOWAN,QLD,4401
30162,BALINGOOL,QLD,4510
30163,BALL BAY,QLD,4741
30164,BALLANDEAN,QLD,4382
30165,BALLARD,QLD,4352
30166,BALLAROO,QLD,4455
30167,BALLOGIE,QLD,4610
30168,BALLYMORE,QLD,4059
30169,BALMORAL,QLD,4171
30170,BALMORAL RIDGE,QLD,4552
30171,BALNAGOWAN,QLD,4740
30172,BAMAGA,QLD,4876
30173,BAMBAROO,QLD,4850
30174,BAMBOO,QLD,4873
30175,BAMBOO CREEK,QLD,4860
30176,BAN BAN,QLD,4625
30177,BAN BAN SPRINGS,QLD,4625
30178,BANANA,QLD,4702
30179,BANCROFT,QLD,4630
30180,BANGALEE,QLD,4703
30181,BANKS CREEK,QLD,4306
30182,BANKS ISLAND,QLD,4875
30183,BANKS POCKET,QLD,4570
30184,BANKSIA BEACH,QLD,4507
30185,BANNOCKBURN,QLD,4207
30186,BANOON,QLD,4109
30187,BANYA,QLD,4551
30188,BANYO,QLD,4014
30189,BAPAUME,QLD,4352
30190,BARAKULA,QLD,4413
30191,BARALABA,QLD,4702
30192,BARAMBAH,QLD,4601
30193,BARCALDINE,QLD,4725
30194,BARCALDINE DOWNS,QLD,4725
30195,BARDON,QLD,4065
30196,BARDON WEST,QLD,4065
30197,BAREE,QLD,4714
30198,BARELLAN POINT,QLD,4306
30199,BARGARA,QLD,4670
30200,BARGUNYAH,QLD,4465
30201,BARGUNYAH,QLD,4488
30202,BARINGA,QLD,4551
30203,BARKER CREEK FLAT,QLD,4615
30204,BARKLY,QLD,4825
30205,BARLIL,QLD,4605
30206,BARLOWS HILL,QLD,4703
30207,BARLYNE,QLD,4625
30208,BARMARYEE,QLD,4703
30209,BARMOYA,QLD,4703
30210,BARMUNDU,QLD,4680
30211,BARNARD,QLD,4702
30212,BARNEY POINT,QLD,4680
30213,BARNEY VIEW,QLD,4287
30214,BAROON POCKET,QLD,4552
30215,BAROONA,QLD,4064
30216,BAROONDAH,QLD,4420
30217,BARRAMORNIE,QLD,4416
30218,BARRATTA,QLD,4809
30219,BARRINE,QLD,4872
30220,BARRINGHA,QLD,4816
30221,BARRINGUN,QLD,4490
30222,BARRON,QLD,4878
30223,BARRON GORGE,QLD,4870
30224,BARTLE FRERE,QLD,4861
30225,BARWIDGI,QLD,4872
30226,BASALT,QLD,4820
30227,BASILISK,QLD,4871
30228,BASIN POCKET,QLD,4305
30229,BATTERY HILL,QLD,4551
30230,BAUHINIA,QLD,4718
30231,BAUPLE,QLD,4650
30232,BAUPLE FOREST,QLD,4650
30233,BAYFIELD,QLD,4703
30234,BAYRICK,QLD,4478
30235,BAYVIEW HEIGHTS,QLD,4868
30236,BEACH HOLM,QLD,4818
30237,BEACHMERE,QLD,4510
30238,BEACONSFIELD,QLD,4740
30239,BEATRICE,QLD,4886
30240,BEAUDESERT,QLD,4285
30241,BEAUFORT,QLD,4724
30242,BEAVER ROCK,QLD,4650
30243,BEDOURIE,QLD,4829
30244,BEEBO,QLD,4385
30245,BEECHER,QLD,4680
30246,BEECHMONT,QLD,4211
30247,BEELBEE,QLD,4405
30248,BEELBI CREEK,QLD,4659
30249,BEENAAM VALLEY,QLD,4570
30250,BEENLEIGH,QLD,4207
30251,BEERBURRUM,QLD,4517
30252,BEERON,QLD,4626
30253,BEERWAH,QLD,4519
30254,BEGONIA,QLD,4487
30255,BEILBA,QLD,4454
30256,BELCONG,QLD,4723
30257,BELGIAN GARDENS,QLD,4810
30258,BELIVAH,QLD,4207
30259,BELL,QLD,4408
30260,BELLA CREEK,QLD,4570
30261,BELLARA,QLD,4507
30262,BELLBIRD PARK,QLD,4300
30263,BELLBOWRIE,QLD,4070
30264,BELLENDEN KER,QLD,4871
30265,BELLEVUE,QLD,4892
30266,BELLFIELD,QLD,4822
30267,BELLHAVEN,QLD,4306
30268,BELLI PARK,QLD,4562
30269,BELLMERE,QLD,4510
30270,BELLS BRIDGE,QLD,4570
30271,BELLS CREEK,QLD,4551
30272,BELLTHORPE,QLD,4514
30273,BELMONT,QLD,4153
30274,BELMONT HEIGHTS,QLD,4153
30275,BELMUNDA,QLD,4740
30276,BELVEDERE,QLD,4860
30277,BELYANDO,QLD,4721
30278,BEMERSIDE,QLD,4850
30279,BENAIR,QLD,4610
30280,BENARABY,QLD,4680
30281,BENARKIN,QLD,4306
30282,BENARKIN,QLD,4314
30283,BENARKIN NORTH,QLD,4306
30284,BENARKIN NORTH,QLD,4314
30285,BENHOLME,QLD,4754
30286,BENOBBLE,QLD,4275
30287,BENOWA,QLD,4217
30288,BENTLEY PARK,QLD,4869
30289,BERAJONDO,QLD,4674
30290,BERAT,QLD,4362
30291,BERGEN,QLD,4353
30292,BERRINBA,QLD,4117
30293,BERSERKER,QLD,4701
30294,BETHANIA,QLD,4205
30295,BIARRA,QLD,4313
30296,BIBOOHRA,QLD,4880
30297,BIDDADDABA,QLD,4275
30298,BIDDESTON,QLD,4401
30299,BIDWILL,QLD,4650
30300,BIG TUAN,QLD,4650
30301,BIGGENDEN,QLD,4621
30302,BIGGERA WATERS,QLD,4216
30303,BILINGA,QLD,4225
30304,BILLA BILLA,QLD,4390
30305,BILOELA,QLD,4715
30306,BILWON,QLD,4880
30307,BILYANA,QLD,4854
30308,BINBEE,QLD,4805
30309,BINDEBANGO,QLD,4488
30310,BINGEGANG,QLD,4702
30311,BINGIL BAY,QLD,4852
30312,BINJOUR,QLD,4625
30313,BINNA BURRA,QLD,4211
30314,BIRDSVILLE,QLD,4482
30315,BIRKALLA,QLD,4854
30316,BIRKDALE,QLD,4159
30317,BIRNAM,QLD,4285
30318,BIRNAM,QLD,4352
30319,BIRTINYA,QLD,4575
30320,BLACK DUCK CREEK,QLD,4343
30321,BLACK JACK,QLD,4820
30322,BLACK MOUNTAIN,QLD,4563
30323,BLACK RIVER,QLD,4818
30324,BLACK SNAKE,QLD,4600
30325,BLACKALL,QLD,4472
30326,BLACKBULL,QLD,4871
30327,BLACKBUTT,QLD,4306
30328,BLACKBUTT,QLD,4314
30329,BLACKBUTT NORTH,QLD,4306
30330,BLACKBUTT NORTH,QLD,4314
30331,BLACKBUTT SOUTH,QLD,4306
30332,BLACKBUTT SOUTH,QLD,4314
30333,BLACKDOWN,QLD,4702
30334,BLACKROCK,QLD,4850
30335,BLACKS BEACH,QLD,4740
30336,BLACKSOIL,QLD,4306
30337,BLACKSTONE,QLD,4304
30338,BLACKSWAMP,QLD,4413
30339,BLACKWALL,QLD,4306
30340,BLACKWATER,QLD,4717
30341,BLAIRMORE,QLD,4625
30342,BLANCHVIEW,QLD,4352
30343,BLANTYRE,QLD,4310
30344,BLAXLAND,QLD,4405
30345,BLENHEIM,QLD,4341
30346,BLI BLI,QLD,4560
30347,BLOOMFIELD,QLD,4895
30348,BLOOMFLEET,QLD,4275
30349,BLOOMSBURY,QLD,4799
30350,BLUE HILLS,QLD,4818
30351,BLUE MOUNTAIN,QLD,4737
30352,BLUE MOUNTAIN HEIGHTS,QLD,4350
30353,BLUEWATER,QLD,4818
30354,BLUEWATER PARK,QLD,4818
30355,BLUFF,QLD,4702
30356,BLYTHDALE,QLD,4455
30357,BOATMAN,QLD,4468
30358,BOGANDILLA,QLD,4425
30359,BOGANTUNGAN,QLD,4702
30360,BOGIE,QLD,4805
30361,BOHLE,QLD,4818
30362,BOHLE PLAINS,QLD,4817
30363,BOIGU,QLD,4875
30364,BOIGU ISLAND,QLD,4875
30365,BOKARINA,QLD,4575
30366,BOLLIER,QLD,4570
30367,BOLLON,QLD,4488
30368,BOLWARRA,QLD,4871
30369,BOMBEETA,QLD,4871
30370,BON ACCORD,QLD,4625
30371,BOND UNIVERSITY,QLD,4229
30372,BONDOOLA,QLD,4703
30373,BONGAREE,QLD,4507
30374,BONGEEN,QLD,4356
30375,BONNIE DOON,QLD,4873
30376,BONOGIN,QLD,4213
30377,BONSHAW,QLD,4385
30378,BONY MOUNTAIN,QLD,4370
30379,BOODUA,QLD,4401
30380,BOOGAN,QLD,4871
30381,BOOIE,QLD,4610
30382,BOOLBOONDA,QLD,4671
30383,BOOLBURRA,QLD,4702
30384,BOOMPA,QLD,4621
30385,BOONAH,QLD,4310
30386,BOONARA,QLD,4601
30387,BOONARGA,QLD,4413
30388,BOONDALL,QLD,4034
30389,BOONDANDILLA,QLD,4406
30390,BOONDOOMA,QLD,4613
30391,BOONENNE,QLD,4610
30392,BOONOOROO,QLD,4650
30393,BOONOOROO PLAINS,QLD,4650
30394,BOORAL,QLD,4655
30395,BOOROOBIN,QLD,4552
30396,BOORTKOI,QLD,4415
30397,BOOUBYJAN,QLD,4601
30398,BOOVAL,QLD,4304
30399,BOOVAL BC,QLD,4304
30400,BOOVAL DC,QLD,4304
30401,BOOVAL FAIR,QLD,4304
30402,BOOYAL,QLD,4671
30403,BORALLON,QLD,4306
30404,BOREEN,QLD,4565
30405,BOREEN POINT,QLD,4565
30406,BORONIA HEIGHTS,QLD,4124
30407,BOROREN,QLD,4678
30408,BOULDER CREEK,QLD,4714
30409,BOULDERCOMBE,QLD,4702
30410,BOULIA,QLD,4829
30411,BOWEN,QLD,4805
30412,BOWEN BRIDGE,QLD,4006
30413,BOWEN HILLS,QLD,4006
30414,BOWENVILLE,QLD,4404
30415,BOYKAMBIL,QLD,4212
30416,BOYLAND,QLD,4275
30417,BOYNE ISLAND,QLD,4680
30418,BOYNE VALLEY,QLD,4680
30419,BOYNEDALE,QLD,4680
30420,BOYNESIDE,QLD,4610
30421,BOYNEWOOD,QLD,4626
30422,BRACALBA,QLD,4512
30423,BRACEWELL,QLD,4695
30424,BRACKEN RIDGE,QLD,4017
30425,BRAEMAR FOREST,QLD,4405
30426,BRAEMEADOWS,QLD,4850
30427,BRAEMORE,QLD,4313
30428,BRAMPTON ISLAND,QLD,4741
30429,BRAMSTON BEACH,QLD,4871
30430,BRANCH CREEK,QLD,4625
30431,BRANCHVIEW,QLD,4352
30432,BRANDON,QLD,4808
30433,BRANDY CREEK,QLD,4800
30434,BRANYAN,QLD,4670
30435,BRASSALL,QLD,4305
30436,BRASSALL HEIGHTS,QLD,4305
30437,BRAY PARK,QLD,4500
30438,BREADALBANE,QLD,4800
30439,BREAKAWAY,QLD,4825
30440,BREAKFAST CREEK,QLD,4010
30441,BREDDAN,QLD,4820
30442,BREMER,QLD,4305
30443,BRENDALE,QLD,4500
30444,BRENDALE BC,QLD,4500
30445,BRENDALE DC,QLD,4500
30446,BRIBIE ISLAND,QLD,4507
30447,BRIBIE ISLAND DC,QLD,4507
30448,BRIBIE ISLAND NORTH,QLD,4507
30449,BRIDGEMAN DOWNS,QLD,4035
30450,BRIDGES,QLD,4561
30451,BRIGALOW,QLD,4412
30452,BRIGHTLY,QLD,4741
30453,BRIGHTON,QLD,4017
30454,BRIGHTON EVENTIDE,QLD,4017
30455,BRIGHTON NATHAN STREET,QLD,4017
30456,BRIGHTVIEW,QLD,4311
30457,BRIGOODA,QLD,4613
30458,BRINGALILY,QLD,4357
30459,BRINSMEAD,QLD,4870
30460,BRISBANE,QLD,4000
30461,BRISBANE,QLD,4001
30462,BRISBANE,QLD,9000
30463,BRISBANE,QLD,9001
30464,BRISBANE,QLD,9002
30465,BRISBANE,QLD,9005
30466,BRISBANE,QLD,9007
30467,BRISBANE,QLD,9009
30468,BRISBANE,QLD,9010
30469,BRISBANE,QLD,9013
30470,BRISBANE,QLD,9015
30471,BRISBANE ADELAIDE STREET,QLD,4000
30472,BRISBANE AIRPORT,QLD,4007
30473,BRISBANE AIRPORT,QLD,4008
30474,BRISBANE ALBERT STREET BC,QLD,4002
30475,BRISBANE CITY,QLD,4000
30476,BRISBANE CITY DC,QLD,4000
30477,BRISBANE EXHIBITION,QLD,4006
30478,BRISBANE GPO,QLD,4000
30479,BRISBANE MARKET,QLD,4106
30480,BRISBANE-CITY,QLD,4000
30481,BRISK BAY,QLD,4805
30482,BRIXTON,QLD,4730
30483,BROADBEACH,QLD,4218
30484,BROADBEACH WATERS,QLD,4218
30485,BROADMERE,QLD,4420
30486,BROADWATER,QLD,4380
30487,BROADWATER,QLD,4405
30488,BROKEN RIVER,QLD,4757
30489,BROMELTON,QLD,4285
30490,BROOKFIELD,QLD,4069
30491,BROOKHILL,QLD,4816
30492,BROOKLANDS,QLD,4615
30493,BROOKSIDE CENTRE,QLD,4053
30494,BROOKSTEAD,QLD,4364
30495,BROOKWATER,QLD,4300
30496,BROOLOO,QLD,4570
30497,BROOWEENA,QLD,4620
30498,BROUGHTON,QLD,4820
30499,BROVINIA,QLD,4626
30500,BROWNS PLAINS,QLD,4118
30501,BROWNS PLAINS BC,QLD,4118
30502,BROWNSLEIGH,QLD,4118
30503,BROXBURN,QLD,4356
30504,BRUNETTE DOWNS,QLD,4825
30505,BRUSH CREEK,QLD,4387
30506,BRYDEN,QLD,4312
30507,BRYMAROO,QLD,4403
30508,BUARABA,QLD,4311
30509,BUARABA SOUTH,QLD,4311
30510,BUCASIA,QLD,4750
30511,BUCCA,QLD,4670
30512,BUCCAN,QLD,4207
30513,BUCHAN POINT,QLD,4879
30514,BUCHANAN,QLD,4816
30515,BUCKINGHAM,QLD,4825
30516,BUCKLAND,QLD,4722
30517,BUDDINA,QLD,4575
30518,BUDERIM,QLD,4556
30519,BUDGEE,QLD,4359
30520,BUILYAN,QLD,4680
30521,BUKALI,QLD,4630
30522,BULGUN,QLD,4854
30523,BULIMBA,QLD,4171
30524,BULLAWARRA,QLD,4492
30525,BULLCAMP,QLD,4615
30526,BULLERINGA,QLD,4871
30527,BULLI CREEK,QLD,4357
30528,BULLOO DOWNS,QLD,4492
30529,BULLYARD,QLD,4671
30530,BULWER,QLD,4025
30531,BULWER ISLAND,QLD,4008
30532,BUNBURRA,QLD,4310
30533,BUNDABERG,QLD,4670
30534,BUNDABERG CENTRAL,QLD,4670
30535,BUNDABERG DC,QLD,4670
30536,BUNDABERG EAST,QLD,4670
30537,BUNDABERG NORTH,QLD,4670
30538,BUNDABERG SOUTH,QLD,4670
30539,BUNDABERG WEST,QLD,4670
30540,BUNDALL,QLD,4217
30541,BUNDALL BC,QLD,4217
30542,BUNDALL DC,QLD,4217
30543,BUNDAMBA,QLD,4304
30544,BUNDI,QLD,4419
30545,BUNDOORA,QLD,4723
30546,BUNGABAN,QLD,4419
30547,BUNGADOO,QLD,4671
30548,BUNGALOW,QLD,4870
30549,BUNGEWORGORAI,QLD,4455
30550,BUNGIL,QLD,4455
30551,BUNGUNDARRA,QLD,4703
30552,BUNGUNYA,QLD,4494
30553,BUNJURGEN,QLD,4310
30554,BUNYA,QLD,4055
30555,BUNYA CREEK,QLD,4655
30556,BUNYA MOUNTAINS,QLD,4405
30557,BURANDA,QLD,4102
30558,BURBANK,QLD,4156
30559,BURDELL,QLD,4818
30560,BURGOWAN,QLD,4659
30561,BURKETOWN,QLD,4830
30562,BURLEIGH,QLD,4822
30563,BURLEIGH BC,QLD,4220
30564,BURLEIGH DC,QLD,4220
30565,BURLEIGH HEADS,QLD,4220
30566,BURLEIGH TOWN,QLD,4220
30567,BURLEIGH WATERS,QLD,4220
30568,BURNCLUITH,QLD,4413
30569,BURNETT CREEK,QLD,4310
30570,BURNETT DOWNS,QLD,4670
30571,BURNETT HEADS,QLD,4670
30572,BURNSIDE,QLD,4208
30573,BURNSIDE,QLD,4560
30574,BURPENGARY,QLD,4505
30575,BURPENGARY DC,QLD,4505
30576,BURPENGARY EAST,QLD,4505
30577,BURRA BURRI,QLD,4410
30578,BURRAR ISLET,QLD,4875
30579,BURRUM,QLD,4659
30580,BURRUM HEADS,QLD,4659
30581,BURRUM RIVER,QLD,4659
30582,BURRUM TOWN,QLD,4659
30583,BURTON,QLD,4742
30584,BURUA,QLD,4680
30585,BUSHLAND BEACH,QLD,4818
30586,BUSHLEY,QLD,4702
30587,BUSHY PARK,QLD,4825
30588,BUTCHERS CREEK,QLD,4885
30589,BUXTON,QLD,4660
30590,BYBERA,QLD,4387
30591,BYEE,QLD,4605
30592,BYELLEE,QLD,4680
30593,BYFIELD,QLD,4703
30594,BYMOUNT,QLD,4455
30595,BYRNESTOWN,QLD,4625
30596,CABARLAH,QLD,4352
30597,CABBAGE TREE POINT,QLD,4207
30598,CABOOLTURE,QLD,4510
30599,CABOOLTURE BC,QLD,4510
30600,CABOOLTURE SOUTH,QLD,4510
30601,CABOONBAH,QLD,4312
30602,CADARGA,QLD,4413
30603,CAFFEY,QLD,4343
30604,CAINBABLE,QLD,4285
30605,CAIRDBEIGN,QLD,4722
30606,CAIRNS,QLD,4870
30607,CAIRNS CENTRAL,QLD,4870
30608,CAIRNS CITY,QLD,4870
30609,CAIRNS DC,QLD,4870
30610,CAIRNS MC,QLD,4870
30611,CAIRNS MC,QLD,4872
30612,CAIRNS MCLEOD STREET,QLD,4870
30613,CAIRNS NORTH,QLD,4870
30614,CAIRNS ORCHID PLAZA,QLD,4870
30615,CALAMVALE,QLD,4116
30616,CALAVOS,QLD,4670
30617,CALCIUM,QLD,4816
30618,CALDERVALE,QLD,4478
30619,CALEN,QLD,4798
30620,CALGOA,QLD,4570
30621,CALICO CREEK,QLD,4570
30622,CALINGUNEE,QLD,4390
30623,CALLANDOON,QLD,4390
30624,CALLEMONDAH,QLD,4680
30625,CALLIDE,QLD,4715
30626,CALLIOPE,QLD,4680
30627,CALOUNDRA,QLD,4551
30628,CALOUNDRA BC,QLD,4551
30629,CALOUNDRA DC,QLD,4551
30630,CALOUNDRA WEST,QLD,4551
30631,CALVERT,QLD,4340
30632,CAMBOON,QLD,4719
30633,CAMBOOYA,QLD,4358
30634,CAMBRIDGE,QLD,4822
30635,CAMBROON,QLD,4552
30636,CAMEBY,QLD,4413
30637,CAMERON CORNER,QLD,4492
30638,CAMIRA,QLD,4300
30639,CAMOOLA,QLD,4730
30640,CAMOOWEAL,QLD,4828
30641,CAMP CREEK,QLD,4871
30642,CAMP HILL,QLD,4152
30643,CAMP MOUNTAIN,QLD,4520
30644,CAMPASPE,QLD,4820
30645,CAMPBELL CREEK,QLD,4625
30646,CAMPBELLS POCKET,QLD,4521
30647,CAMPWIN BEACH,QLD,4737
30648,CANAGA,QLD,4413
30649,CANAL CREEK,QLD,4702
30650,CANELAND,QLD,4740
30651,CANIA,QLD,4630
30652,CANINA,QLD,4570
30653,CANNINDAH,QLD,4630
30654,CANNING CREEK,QLD,4357
30655,CANNINGVALE,QLD,4370
30656,CANNON CREEK,QLD,4310
30657,CANNON CREEK,QLD,4380
30658,CANNON HILL,QLD,4170
30659,CANNON VALLEY,QLD,4800
30660,CANNONVALE,QLD,4802
30661,CANOONA,QLD,4702
30662,CANOWINDRA,QLD,4209
30663,CANUNGRA,QLD,4275
30664,CAPALABA,QLD,4157
30665,CAPALABA BC,QLD,4157
30666,CAPALABA DC,QLD,4157
30667,CAPALABA WEST,QLD,4157
30668,CAPE CLEVELAND,QLD,4810
30669,CAPE CONWAY,QLD,4800
30670,CAPE GLOUCESTER,QLD,4800
30671,CAPE HILLSBOROUGH,QLD,4740
30672,CAPE MORETON,QLD,4025
30673,CAPE TRIBULATION,QLD,4873
30674,CAPELLA,QLD,4723
30675,CAPTAIN CREEK,QLD,4677
30676,CAPTAINS MOUNTAIN,QLD,4357
30677,CARAVONICA,QLD,4878
30678,CARBINE CREEK,QLD,4723
30679,CARBROOK,QLD,4130
30680,CARDSTONE,QLD,4854
30681,CARDWELL,QLD,4849
30682,CARINA,QLD,4152
30683,CARINA HEIGHTS,QLD,4152
30684,CARINA NORTH,QLD,4152
30685,CARINDALE,QLD,4152
30686,CARMILA,QLD,4739
30687,CARMOO,QLD,4852
30688,CARNARVON PARK,QLD,4702
30689,CARNEYS CREEK,QLD,4310
30690,CAROLE PARK,QLD,4300
30691,CAROLINE CROSSING,QLD,4477
30692,CARPENDALE,QLD,4344
30693,CARPENTARIA,QLD,4823
30694,CARRANDOTTA,QLD,4825
30695,CARRARA,QLD,4211
30696,CARRINGTON,QLD,4350
30697,CARRINGTON,QLD,4883
30698,CARRUCHAN,QLD,4816
30699,CARSELDINE,QLD,4034
30700,CARSTAIRS,QLD,4806
30701,CARTERS RIDGE,QLD,4563
30702,CASHMERE,QLD,4500
30703,CASHS CROSSING,QLD,4035
30704,CASSOWARY,QLD,4873
30705,CASTAWAYS BEACH,QLD,4567
30706,CASTLE CREEK,QLD,4715
30707,CASTLE HILL,QLD,4810
30708,CATTLE CREEK,QLD,4407
30709,CATTLE CREEK,QLD,4626
30710,CAUSEWAY LAKE,QLD,4703
30711,CAWARRAL,QLD,4702
30712,CAWDOR,QLD,4352
30713,CECIL PLAINS,QLD,4407
30714,CEDAR CREEK,QLD,4207
30715,CEDAR CREEK,QLD,4520
30716,CEDAR GROVE,QLD,4285
30717,CEDAR POCKET,QLD,4570
30718,CEDAR VALE,QLD,4285
30719,CEDARTON,QLD,4514
30720,CEMENT MILLS,QLD,4352
30721,CENTENARY HEIGHTS,QLD,4350
30722,CENTENARY PARK,QLD,4869
30723,CENTRAL PLAZA,QLD,4001
30724,CENTRAL QUEENSLAND MC,QLD,4702
30725,CENTRAL QUEENSLAND UNIVERSITY,QLD,4701
30726,CERATODUS,QLD,4627
30727,CHAHPINGAH,QLD,4610
30728,CHAMBERS FLAT,QLD,4133
30729,CHANCES PLAIN,QLD,4413
30730,CHANCES PLAINS,QLD,4413
30731,CHANDLER,QLD,4155
30732,CHAPEL HILL,QLD,4069
30733,CHARLESTOWN,QLD,4608
30734,CHARLEVILLE,QLD,4470
30735,CHARLTON,QLD,4350
30736,CHARLWOOD,QLD,4309
30737,CHARTERS TOWERS,QLD,4820
30738,CHARTERS TOWERS CITY,QLD,4820
30739,CHATSWOOD HILLS,QLD,4127
30740,CHATSWORTH,QLD,4570
30741,CHEEPIE,QLD,4475
30742,CHEESEBOROUGH,QLD,4702
30743,CHELMER,QLD,4068
30744,CHELMSFORD,QLD,4606
30745,CHELONA,QLD,4740
30746,CHELTENHAM,QLD,4627
30747,CHERBOURG,QLD,4605
30748,CHERMSIDE,QLD,4032
30749,CHERMSIDE BC,QLD,4032
30750,CHERMSIDE CENTRE,QLD,4032
30751,CHERMSIDE SOUTH,QLD,4032
30752,CHERMSIDE WEST,QLD,4032
30753,CHERRY CREEK,QLD,4306
30754,CHERRY CREEK,QLD,4314
30755,CHERRY GULLY,QLD,4370
30756,CHERWELL,QLD,4660
30757,CHEVALLUM,QLD,4555
30758,CHEVRON ISLAND,QLD,4217
30759,CHEWKO,QLD,4880
30760,CHILDERS,QLD,4660
30761,CHILLAGOE,QLD,4871
30762,CHINCHILLA,QLD,4413
30763,CHINGHEE CREEK,QLD,4285
30764,CHIRN PARK,QLD,4215
30765,CHIRNSIDE,QLD,4723
30766,CHORREGON,QLD,4730
30767,CHRISTMAS CREEK,QLD,4285
30768,CHURCHABLE,QLD,4311
30769,CHURCHILL,QLD,4305
30770,CHUWAR,QLD,4306
30771,CINNABAR,QLD,4600
30772,CITY EAST,QLD,4002
30773,CLAGIRABA,QLD,4211
30774,CLAIRVIEW,QLD,4741
30775,CLARA CREEK,QLD,4468
30776,CLARAVILLE,QLD,4871
30777,CLARE,QLD,4807
30778,CLAREDALE,QLD,4807
30779,CLARENDON,QLD,4311
30780,CLARKE CREEK,QLD,4705
30781,CLAVERTON,QLD,4471
30782,CLAYFIELD,QLD,4011
30783,CLEAR ISLAND WATERS,QLD,4226
30784,CLEAR MOUNTAIN,QLD,4500
30785,CLEMANT,QLD,4816
30786,CLERMONT,QLD,4721
30787,CLEVELAND,QLD,4163
30788,CLEVELAND DC,QLD,4163
30789,CLIFFORD,QLD,4427
30790,CLIFFORD GARDENS,QLD,4350
30791,CLIFTON,QLD,4361
30792,CLIFTON BEACH,QLD,4879
30793,CLIFTON HILL,QLD,4105
30794,CLINTON,QLD,4680
30795,CLINTONVALE,QLD,4370
30796,CLONCURRY,QLD,4824
30797,CLONTARF,QLD,4019
30798,CLONTARF,QLD,4357
30799,CLONTARF BEACH,QLD,4019
30800,CLONTARF DC,QLD,4019
30801,CLOSEBURN,QLD,4520
30802,CLOYNA,QLD,4605
30803,CLUDEN,QLD,4811
30804,CLUMBER,QLD,4309
30805,CLUMP POINT,QLD,4852
30806,COAL CREEK,QLD,4312
30807,COALBANK,QLD,4352
30808,COALFALLS,QLD,4305
30809,COALSTOUN LAKES,QLD,4621
30810,COBBS HILL,QLD,4605
30811,COBRABALL,QLD,4703
30812,COCKATOO,QLD,4419
30813,COCONUT ISLAND,QLD,4875
30814,COCONUTS,QLD,4860
30815,COEN,QLD,4871
30816,COEN,QLD,4892
30817,COES CREEK,QLD,4560
30818,COLES CREEK,QLD,4570
30819,COLEVALE,QLD,4808
30820,COLEYVILLE,QLD,4307
30821,COLINTON,QLD,4306
30822,COLINTON,QLD,4314
30823,COLLAROY,QLD,4707
30824,COLLEGE VIEW,QLD,4343
30825,COLLINGWOOD PARK,QLD,4301
30826,COLLINSVILLE,QLD,4804
30827,COLMSLIE,QLD,4170
30828,COLOSSEUM,QLD,4677
30829,COLSTON PARK,QLD,4737
30830,COLUMBIA,QLD,4820
30831,COLUMBOOLA,QLD,4415
30832,COMET,QLD,4702
30833,COMMISSIONERS FLAT,QLD,4514
30834,COMO,QLD,4571
30835,COMOON LOOP,QLD,4858
30836,CONA CREEK,QLD,4722
30837,CONDAMINE,QLD,4416
30838,CONDAMINE FARMS,QLD,4357
30839,CONDAMINE PLAINS,QLD,4352
30840,CONDON,QLD,4815
30841,CONINGSBY,QLD,4740
30842,CONJUBOY,QLD,4871
30843,CONONDALE,QLD,4552
30844,CONSUELO,QLD,4702
30845,CONWAY,QLD,4800
30846,CONWAY BEACH,QLD,4800
30847,COOCHIEMUDLO ISLAND,QLD,4184
30848,COOCHIN,QLD,4310
30849,COOCHIN CREEK,QLD,4519
30850,COOEE BAY,QLD,4703
30851,COOEEIMBARDI,QLD,4313
30852,COOKTOWN,QLD,4895
30853,COOLABINE,QLD,4574
30854,COOLABUNIA,QLD,4610
30855,COOLADDI,QLD,4479
30856,COOLANA,QLD,4311
30857,COOLANGATTA,QLD,4225
30858,COOLBIE,QLD,4850
30859,COOLMUNDA,QLD,4387
30860,COOLOOLA,QLD,4580
30861,COOLOOLA COVE,QLD,4580
30862,COOLOOLABIN,QLD,4560
30863,COOLUM BEACH,QLD,4573
30864,COOMBABAH,QLD,4216
30865,COOMERA,QLD,4209
30866,COOMINGLAH,QLD,4630
30867,COOMINGLAH FOREST,QLD,4630
30868,COOMINYA,QLD,4311
30869,COOMOO,QLD,4702
30870,COOMRITH,QLD,4422
30871,COOMRITH,QLD,4423
30872,COONAMBULA,QLD,4626
30873,COONARR,QLD,4670
30874,COONDOO,QLD,4570
30875,COONGOOLA,QLD,4490
30876,COOPERS PLAINS,QLD,4108
30877,COORADA,QLD,4420
30878,COORAN,QLD,4569
30879,COORANGA,QLD,4408
30880,COORANGA NORTH,QLD,4408
30881,COOROIBAH,QLD,4565
30882,COOROO LANDS,QLD,4860
30883,COOROOMAN,QLD,4702
30884,COOROY,QLD,4563
30885,COOROY MOUNTAIN,QLD,4563
30886,COORPAROO,QLD,4151
30887,COORPAROO BC,QLD,4151
30888,COORPAROO DC,QLD,4151
30889,COORUMBA,QLD,4860
30890,COORUMBENE,QLD,4702
30891,COOTHARABA,QLD,4565
30892,COOWONGA,QLD,4702
30893,COOYA BEACH,QLD,4873
30894,COOYAR,QLD,4402
30895,COPPABELLA,QLD,4741
30896,COQUETTE POINT,QLD,4860
30897,CORAL COVE,QLD,4670
30898,CORAL SEA,QLD,4740
30899,CORALIE,QLD,4871
30900,CORBOULD PARK,QLD,4551
30901,CORDALBA,QLD,4660
30902,CORDELIA,QLD,4850
30903,CORELLA,QLD,4570
30904,CORFIELD,QLD,4733
30905,CORINDA,QLD,4075
30906,CORINGA,QLD,4621
30907,CORNDALE,QLD,4610
30908,CORNUBIA,QLD,4130
30909,CORNWALL,QLD,4455
30910,CORYMBIA,QLD,4513
30911,COSGROVE,QLD,4818
30912,COTHERSTONE,QLD,4723
30913,COTSWOLD HILLS,QLD,4350
30914,COTTON TREE,QLD,4558
30915,COTTONVALE,QLD,4375
30916,COULSON,QLD,4310
30917,COVERTY,QLD,4613
30918,COW BAY,QLD,4873
30919,COWAN COWAN,QLD,4025
30920,COWLEY,QLD,4871
30921,COWLEY BEACH,QLD,4871
30922,COWLEY CREEK,QLD,4871
30923,CRACOW,QLD,4719
30924,CRAIGLIE,QLD,4877
30925,CRAIGNISH,QLD,4655
30926,CRAIGSLEA,QLD,4032
30927,CRANBROOK,QLD,4814
30928,CRANLEY,QLD,4350
30929,CRAWFORD,QLD,4610
30930,CREDITON,QLD,4757
30931,CREMORNE,QLD,4740
30932,CRESSBROOK,QLD,4313
30933,CRESSBROOK CREEK,QLD,4355
30934,CRESTMEAD,QLD,4132
30935,CRESTMEAD DC,QLD,4132
30936,CRIMEA,QLD,4816
30937,CRINUM,QLD,4723
30938,CROFTBY,QLD,4310
30939,CROHAMHURST,QLD,4519
30940,CROMARTY,QLD,4809
30941,CROSSDALE,QLD,4312
30942,CROSSROADS,QLD,4413
30943,CROWLEY VALE,QLD,4342
30944,CROWNTHORPE,QLD,4605
30945,CROWS NEST,QLD,4355
30946,CROYDON,QLD,4871
30947,CRYNA,QLD,4285
30948,CRYSTAL BROOK,QLD,4800
30949,CRYSTAL CREEK,QLD,4816
30950,CRYSTAL WATERS,QLD,4552
30951,CRYSTALBROOK,QLD,4871
30952,CULLINANE,QLD,4860
30953,CUNGULLA,QLD,4816
30954,CUNNAMULLA,QLD,4490
30955,CUNNINGHAM,QLD,4370
30956,CURRA,QLD,4570
30957,CURRAJAH,QLD,4871
30958,CURRAJONG,QLD,4812
30959,CURRAMORE,QLD,4552
30960,CURRIGEE,QLD,4216
30961,CURRIMUNDI,QLD,4551
30962,CURRUMBIN,QLD,4223
30963,CURRUMBIN DC,QLD,4223
30964,CURRUMBIN VALLEY,QLD,4223
30965,CURRUMBIN WATERS,QLD,4223
30966,CURTIS ISLAND,QLD,4680
30967,CUSHNIE,QLD,4608
30968,CUTELLA,QLD,4352
30969,CUTTABURRA,QLD,4490
30970,CYNTHIA,QLD,4627
30971,CYPRESS GARDENS,QLD,4218
30972,CYPRESS GARDENS,QLD,4357
30973,D'AGUILAR,QLD,4514
30974,DAANDINE,QLD,4405
30975,DAGMAR,QLD,4873
30976,DAGUN,QLD,4570
30977,DAINTREE,QLD,4873
30978,DAISY HILL,QLD,4127
30979,DAJARRA,QLD,4825
30980,DAKABIN,QLD,4503
30981,DAKENBA,QLD,4715
30982,DALBEG,QLD,4807
30983,DALBY,QLD,4405
30984,DALCOUTH,QLD,4380
30985,DALGA,QLD,4630
30986,DALLARNIL,QLD,4621
30987,DALMA,QLD,4702
30988,DALRYMPLE CREEK,QLD,4850
30989,DALRYMPLE HEIGHTS,QLD,4757
30990,DALVEEN,QLD,4374
30991,DALWOGAN,QLD,4415
30992,DALWOGON,QLD,4415
30993,DALYSFORD,QLD,4671
30994,DAMASCUS,QLD,4671
30995,DAMPER CREEK,QLD,4849
30996,DANBULLA,QLD,4872
30997,DANDEROO,QLD,4370
30998,DANGORE,QLD,4610
30999,DARADGEE,QLD,4860
31000,DARGAL ROAD,QLD,4455
31001,DARLING HEIGHTS,QLD,4350
31002,DARLINGTON,QLD,4285
31003,DARNLEY ISLAND,QLD,4875
31004,DARR CREEK,QLD,4410
31005,DARRA,QLD,4076
31006,DARTS CREEK,QLD,4695
31007,DAUAN ISLAND,QLD,4875
31008,DAVESON,QLD,4855
31009,DAYBORO,QLD,4521
31010,DAYDREAM ISLAND,QLD,4741
31011,DAYMAR,QLD,4497
31012,DEAGON,QLD,4017
31013,DECEPTION BAY,QLD,4508
31014,DEDIN,QLD,4873
31015,DEEBING HEIGHTS,QLD,4306
31016,DEEP CREEK,QLD,4625
31017,DEEPWATER,QLD,4674
31018,DEERAGUN,QLD,4818
31019,DEERAL,QLD,4871
31020,DEGARRA,QLD,4895
31021,DEGILBO,QLD,4621
31022,DELAN,QLD,4671
31023,DELANEYS CREEK,QLD,4514
31024,DELTA,QLD,4805
31025,DEPOT HILL,QLD,4700
31026,DERRI DERRA,QLD,4626
31027,DERRYMORE,QLD,4352
31028,DESAILLY,QLD,4871
31029,DEUCHAR,QLD,4362
31030,DEVEREUX CREEK,QLD,4753
31031,DEVON PARK,QLD,4401
31032,DEVONCOURT STATION,QLD,4824
31033,DIAMANTINA LAKES,QLD,4735
31034,DIAMOND HEAD,QLD,4551
31035,DIAMOND VALLEY,QLD,4553
31036,DIAMONDVALE,QLD,4380
31037,DIAMONDY,QLD,4410
31038,DICKY BEACH,QLD,4551
31039,DIDCOT,QLD,4621
31040,DIDDILLIBAH,QLD,4559
31041,DIGLUM,QLD,4680
31042,DIMBULAH,QLD,4872
31043,DINGO,QLD,4702
31044,DINGO BEACH,QLD,4800
31045,DINGO POCKET,QLD,4854
31046,DINMORE,QLD,4303
31047,DIRNBIR,QLD,4625
31048,DIRRANBANDI,QLD,4486
31049,DITTMER,QLD,4800
31050,DIWAN,QLD,4873
31051,DIXALEA,QLD,4702
31052,DIXIE,QLD,4892
31053,DJARAWONG,QLD,4854
31054,DJIRU,QLD,4852
31055,DJUAN,QLD,4352
31056,DOBOY,QLD,4174
31057,DOCTOR CREEK,QLD,4352
31058,DOHLES ROCKS,QLD,4503
31059,DOLPHIN HEADS,QLD,4740
31060,DOMVILLE,QLD,4357
31061,DONNYBROOK,QLD,4510
31062,DOOLANDELLA,QLD,4077
31063,DOOLBI,QLD,4660
31064,DOOMADGEE,QLD,4830
31065,DOOMBEN,QLD,4007
31066,DOONAN,QLD,4562
31067,DOONGUL,QLD,4620
31068,DORRINGTON,QLD,4060
31069,DOTSWOOD,QLD,4820
31070,DOUGHBOY,QLD,4671
31071,DOUGLAS,QLD,4354
31072,DOUGLAS,QLD,4814
31073,DOWAR ISLET,QLD,4875
31074,DOWN RIVER,QLD,4806
31075,DOWNSFIELD,QLD,4570
31076,DOWS CREEK,QLD,4754
31077,DRAPER,QLD,4520
31078,DRAYTON,QLD,4350
31079,DRAYTON NORTH,QLD,4350
31080,DREWVALE,QLD,4116
31081,DRILLHAM,QLD,4424
31082,DRILLHAM SOUTH,QLD,4424
31083,DRINAN,QLD,4671
31084,DROMEDARY,QLD,4718
31085,DRUMMONDSLOPE,QLD,4724
31086,DUARINGA,QLD,4712
31087,DUCHESS,QLD,4825
31088,DUCKINWILLA,QLD,4650
31089,DUCKLO,QLD,4405
31090,DUGANDAN,QLD,4310
31091,DUINGAL,QLD,4671
31092,DULACCA,QLD,4425
31093,DULONG,QLD,4560
31094,DULULU,QLD,4702
31095,DUMBLETON,QLD,4740
31096,DUMGREE,QLD,4715
31097,DUMPY CREEK,QLD,4702
31098,DUNDARRAH,QLD,4625
31099,DUNDAS,QLD,4306
31100,DUNDATHU,QLD,4650
31101,DUNDOWRAN,QLD,4655
31102,DUNDOWRAN BEACH,QLD,4655
31103,DUNDULA,QLD,4740
31104,DUNDULA CREEK,QLD,4702
31105,DUNK,QLD,4852
31106,DUNKELD,QLD,4465
31107,DUNMORA,QLD,4650
31108,DUNMORE,QLD,4407
31109,DUNNROCK,QLD,4740
31110,DUNROBIN,QLD,4728
31111,DUNWICH,QLD,4183
31112,DURACK,QLD,4077
31113,DURAH,QLD,4413
31114,DURHAM,QLD,4492
31115,DURHAM DOWNS,QLD,4454
31116,DURONG,QLD,4610
31117,DURONG SOUTH,QLD,4610
31118,DUTTON PARK,QLD,4102
31119,DUTTON RIVER,QLD,4821
31120,DYKEHEAD,QLD,4626
31121,DYNEVOR,QLD,4492
31122,DYSART,QLD,4745
31123,D’AGUILAR,QLD,4514
31124,EAGLE FARM,QLD,4009
31125,EAGLE FARM BC,QLD,4009
31126,EAGLE HEIGHTS,QLD,4271
31127,EAGLE JUNCTION,QLD,4011
31128,EAGLEBY,QLD,4207
31129,EAGLEFIELD,QLD,4742
31130,EARLVILLE,QLD,4870
31131,EARLVILLE BC,QLD,4870
31132,EAST BARRON,QLD,4883
31133,EAST BRISBANE,QLD,4169
31134,EAST COOYAR,QLD,4353
31135,EAST CREEK,QLD,4871
31136,EAST DEEP CREEK,QLD,4570
31137,EAST END,QLD,4695
31138,EAST FELUGA,QLD,4854
31139,EAST GREENMOUNT,QLD,4359
31140,EAST HALDON,QLD,4343
31141,EAST INNISFAIL,QLD,4860
31142,EAST IPSWICH,QLD,4305
31143,EAST MACKAY,QLD,4740
31144,EAST NANANGO,QLD,4615
31145,EAST PALMERSTON,QLD,4860
31146,EAST RUSSELL,QLD,4861
31147,EAST TOOWOOMBA,QLD,4350
31148,EAST TRINITY,QLD,4871
31149,EASTERN HEIGHTS,QLD,4305
31150,EASTLAKE,QLD,4350
31151,EATON,QLD,4860
31152,EATONS HILL,QLD,4037
31153,EBBW VALE,QLD,4304
31154,EBENEZER,QLD,4340
31155,EDENS LANDING,QLD,4207
31156,EDGE HILL,QLD,4870
31157,EDMONTON,QLD,4869
31158,EDWARD RIVER,QLD,4871
31159,EDWARD RIVER,QLD,4892
31160,EERWAH VALE,QLD,4562
31161,EGYPT,QLD,4344
31162,EIDSVOLD,QLD,4627
31163,EIDSVOLD EAST,QLD,4627
31164,EIDSVOLD WEST,QLD,4627
31165,EIGHT MILE CREEK,QLD,4807
31166,EIGHT MILE PLAINS,QLD,4113
31167,EILDON HILL,QLD,4030
31168,EIMEO,QLD,4740
31169,EINASLEIGH,QLD,4871
31170,EKIBIN,QLD,4121
31171,EL ARISH,QLD,4855
31172,ELAMAN CREEK,QLD,4552
31173,ELANORA,QLD,4221
31174,ELBOW VALLEY,QLD,4370
31175,ELECTRA,QLD,4670
31176,ELGIN,QLD,4721
31177,ELGIN VALE,QLD,4615
31178,ELI WATERS,QLD,4655
31179,ELIMBAH,QLD,4516
31180,ELLANGOWAN,QLD,4361
31181,ELLEN GROVE,QLD,4078
31182,ELLERBECK,QLD,4816
31183,ELLESMERE,QLD,4610
31184,ELLINJAA,QLD,4886
31185,ELLINTHORP,QLD,4362
31186,ELLIOTT,QLD,4670
31187,ELLIOTT HEADS,QLD,4670
31188,ELLIS BEACH,QLD,4879
31189,ELPHINSTONE,QLD,4361
31190,ELPHINSTONE,QLD,4742
31191,EMERALD,QLD,4720
31192,EMU CREEK,QLD,4355
31193,EMU PARK,QLD,4710
31194,EMU VALE,QLD,4371
31195,ENGLAND CREEK,QLD,4306
31196,ENOGGERA,QLD,4051
31197,ENOGGERA RESERVOIR,QLD,4520
31198,EPSOM,QLD,4741
31199,ERAKALA,QLD,4740
31200,ERLANDO BEACH,QLD,4800
31201,ERNESTINA,QLD,4730
31202,EROBIN,QLD,4160
31203,EROMANGA,QLD,4480
31204,ERUB,QLD,4875
31205,ERUB ISLAND,QLD,4875
31206,ESK,QLD,4312
31207,ESKDALE,QLD,4312
31208,ESMERALDA,QLD,4871
31209,ETNA CREEK,QLD,4702
31210,ETON,QLD,4741
31211,ETON NORTH,QLD,4741
31212,ETTY BAY,QLD,4858
31213,EUBENANGEE,QLD,4860
31214,EUDLO,QLD,4554
31215,EUKEY,QLD,4380
31216,EULEILAH,QLD,4674
31217,EULO,QLD,4491
31218,EUMAMURRIN,QLD,4455
31219,EUMUNDI,QLD,4562
31220,EUNGELLA,QLD,4757
31221,EUNGELLA DAM,QLD,4757
31222,EUNGELLA HINTERLAND,QLD,4741
31223,EURAMO,QLD,4854
31224,EUREKA,QLD,4660
31225,EURELLA,QLD,4462
31226,EURIMBULA,QLD,4677
31227,EUROMBAH,QLD,4420
31228,EURONG,QLD,4581
31229,EUTHULLA,QLD,4455
31230,EVANS LANDING,QLD,4874
31231,EVANSLEA,QLD,4356
31232,EVELYN,QLD,4888
31233,EVERGREEN,QLD,4352
31234,EVERTON HILLS,QLD,4053
31235,EVERTON PARK,QLD,4053
31236,FAIRDALE,QLD,4606
31237,FAIRFIELD,QLD,4103
31238,FAIRFIELD GARDENS,QLD,4103
31239,FAIRNEY VIEW,QLD,4306
31240,FAIRY BOWER,QLD,4700
31241,FAIRYLAND,QLD,4413
31242,FAIRYMEAD,QLD,4670
31243,FARLEIGH,QLD,4741
31244,FARNBOROUGH,QLD,4703
31245,FARNSFIELD,QLD,4660
31246,FARRARS CREEK,QLD,4481
31247,FASSIFERN,QLD,4309
31248,FASSIFERN VALLEY,QLD,4309
31249,FEDERAL,QLD,4568
31250,FELTON,QLD,4358
31251,FELTON EAST,QLD,4358
31252,FELTON SOUTH,QLD,4358
31253,FELUGA,QLD,4854
31254,FERNEY,QLD,4650
31255,FERNLEES,QLD,4702
31256,FERNVALE,QLD,4306
31257,FERNY GLEN,QLD,4275
31258,FERNY GROVE,QLD,4055
31259,FERNY HILLS,QLD,4055
31260,FERNY HILLS DC,QLD,4055
31261,FICKS CROSSING,QLD,4606
31262,FIELDING,QLD,4825
31263,FIFTEEN MILE,QLD,4352
31264,FIG TREE POCKET,QLD,4069
31265,FINCH HATTON,QLD,4756
31266,FINLAY VALE,QLD,4873
31267,FINLAYVALE,QLD,4873
31268,FINNIE,QLD,4350
31269,FISHER,QLD,4825
31270,FISHERMANS POCKET,QLD,4570
31271,FISHERY FALLS,QLD,4871
31272,FITZGERALD CREEK,QLD,4860
31273,FITZGIBBON,QLD,4018
31274,FITZROY ISLAND,QLD,4871
31275,FLAGGY ROCK,QLD,4741
31276,FLAGSTONE,QLD,4280
31277,FLAGSTONE CREEK,QLD,4344
31278,FLAMETREE,QLD,4802
31279,FLAXTON,QLD,4560
31280,FLETCHER,QLD,4381
31281,FLETCHER CREEK,QLD,4714
31282,FLEURBAIX,QLD,4375
31283,FLINDERS LAKES,QLD,4285
31284,FLINDERS VIEW,QLD,4305
31285,FLINTON,QLD,4422
31286,FLORENCE BAY,QLD,4819
31287,FLORIDA GARDENS,QLD,4218
31288,FLYING FISH POINT,QLD,4860
31289,FLYING FOX,QLD,4275
31290,FORDSDALE,QLD,4343
31291,FORESHORES,QLD,4678
31292,FOREST CREEK,QLD,4873
31293,FOREST GLADE,QLD,4306
31294,FOREST GLEN,QLD,4556
31295,FOREST HILL,QLD,4342
31296,FOREST LAKE,QLD,4078
31297,FOREST RIDGE,QLD,4357
31298,FOREST SPRINGS,QLD,4362
31299,FORESTDALE,QLD,4118
31300,FORESTHOME,QLD,4850
31301,FORESTVALE,QLD,4465
31302,FORK LAGOONS,QLD,4723
31303,FORMARTIN,QLD,4404
31304,FORREST BEACH,QLD,4850
31305,FORSAYTH,QLD,4871
31306,FORTITUDE VALLEY,QLD,4006
31307,FORTITUDE VALLEY BC,QLD,4006
31308,FORTY MILE,QLD,4872
31309,FOSSILBROOK,QLD,4871
31310,FOULDEN,QLD,4740
31311,FOUR MILE BEACH,QLD,4871
31312,FOUR WAYS,QLD,4824
31313,FOXDALE,QLD,4800
31314,FRANKFIELD,QLD,4721
31315,FRASER ISLAND,QLD,4581
31316,FRAZERVIEW,QLD,4309
31317,FREDERICKSFIELD,QLD,4806
31318,FREESTONE,QLD,4370
31319,FRENCHES CREEK,QLD,4310
31320,FRENCHS FOREST,QLD,4502
31321,FRENCHVILLE,QLD,4701
31322,FRESHWATER,QLD,4870
31323,FRESHWATER POINT,QLD,4737
31324,FRIDAY POCKET,QLD,4855
31325,FRUITGROVE,QLD,4113
31326,FULHAM,QLD,4313
31327,GADGARRA,QLD,4884
31328,GAETA,QLD,4671
31329,GAGALBA,QLD,4551
31330,GAILES,QLD,4300
31331,GAINSFORD,QLD,4702
31332,GAIRLOCH,QLD,4850
31333,GALILEE,QLD,4726
31334,GALLOWAYS HILL,QLD,4171
31335,GAMBOOLA,QLD,4892
31336,GANGALIDDA,QLD,4830
31337,GARBUTT,QLD,4814
31338,GARBUTT BC,QLD,4814
31339,GARBUTT EAST,QLD,4814
31340,GARFIELD,QLD,4728
31341,GARGETT,QLD,4741
31342,GARNANT,QLD,4702
31343,GARNERS BEACH,QLD,4852
31344,GARRADUNGA,QLD,4860
31345,GARRAWALT,QLD,4850
31346,GATTON,QLD,4343
31347,GATTON COLLEGE,QLD,4345
31348,GAVEN,QLD,4211
31349,GAYNDAH,QLD,4625
31350,GAYTHORNE,QLD,4051
31351,GEEBUNG,QLD,4034
31352,GEHAM,QLD,4352
31353,GEMFIELDS,QLD,4702
31354,GEMINI MOUNTAINS,QLD,4721
31355,GENAVEN,QLD,4355
31356,GEORGE STREET,QLD,4003
31357,GEORGETOWN,QLD,4871
31358,GEORGINA,QLD,4825
31359,GERMAN CREEK,QLD,4746
31360,GERMANTOWN,QLD,4871
31361,GHEERULLA,QLD,4574
31362,GHINGHINDA,QLD,4420
31363,GHOST HILL,QLD,4655
31364,GIDYA,QLD,4824
31365,GIGOOMGAN,QLD,4620
31366,GILBERT RIVER,QLD,4871
31367,GILBERTON,QLD,4208
31368,GILBERTON,QLD,4871
31369,GILLA,QLD,4314
31370,GILLDORA,QLD,4570
31371,GILSTON,QLD,4211
31372,GIN GIN,QLD,4671
31373,GINDIE,QLD,4702
31374,GINDORAN,QLD,4676
31375,GINOONDAN,QLD,4625
31376,GIRRAWEEN,QLD,4382
31377,GIRU,QLD,4809
31378,GIVELDA,QLD,4670
31379,GLADFIELD,QLD,4370
31380,GLADSTONE,QLD,4680
31381,GLADSTONE BC,QLD,4680
31382,GLADSTONE CENTRAL,QLD,4680
31383,GLADSTONE DC,QLD,4680
31384,GLADSTONE HARBOUR,QLD,4680
31385,GLADSTONE SOUTH,QLD,4680
31386,GLAMORGAN VALE,QLD,4306
31387,GLAN DEVON,QLD,4615
31388,GLANMIRE,QLD,4570
31389,GLASS HOUSE MOUNTAINS,QLD,4518
31390,GLASTONBURY,QLD,4570
31391,GLEBE,QLD,4420
31392,GLEN ALLYN,QLD,4885
31393,GLEN APLIN,QLD,4381
31394,GLEN BOUGHTON,QLD,4871
31395,GLEN CAIRN,QLD,4342
31396,GLEN ECHO,QLD,4570
31397,GLEN EDEN,QLD,4680
31398,GLEN ESK,QLD,4312
31399,GLEN ISLA,QLD,4800
31400,GLEN KEDRON,QLD,4031
31401,GLEN NIVEN,QLD,4377
31402,GLEN RUSSELL,QLD,4880
31403,GLEN RUTH,QLD,4872
31404,GLENARBON,QLD,4385
31405,GLENAUBYN,QLD,4424
31406,GLENAVEN,QLD,4355
31407,GLENBAR,QLD,4620
31408,GLENCOE,QLD,4352
31409,GLENDALE,QLD,4711
31410,GLENDEN,QLD,4743
31411,GLENDORF,QLD,4650
31412,GLENEAGLE,QLD,4285
31413,GLENELLA,QLD,4740
31414,GLENFERN,QLD,4515
31415,GLENFOREST,QLD,4670
31416,GLENGALLAN,QLD,4370
31417,GLENHAUGHTON,QLD,4420
31418,GLENHAVEN,QLD,4355
31419,GLENLEE,QLD,4711
31420,GLENLEIGH,QLD,4630
31421,GLENLOGAN,QLD,4280
31422,GLENLYON,QLD,4380
31423,GLENMORAL,QLD,4719
31424,GLENMORGAN,QLD,4423
31425,GLENNIE HEIGHTS,QLD,4370
31426,GLENORCHY,QLD,4650
31427,GLENORE GROVE,QLD,4342
31428,GLENRAE,QLD,4626
31429,GLENROCK,QLD,4605
31430,GLENROY,QLD,4702
31431,GLENVALE,QLD,4350
31432,GLENVALE PARK,QLD,4350
31433,GLENVIEW,QLD,4553
31434,GLENWOOD,QLD,4570
31435,GODWIN BEACH,QLD,4511
31436,GOGANGO,QLD,4702
31437,GOLD COAST MC,QLD,4217
31438,GOLD COAST MC,QLD,9726
31439,GOLDEN BEACH,QLD,4551
31440,GOLDEN FLEECE,QLD,4621
31441,GOLDFIELDS,QLD,4380
31442,GOLDSBOROUGH,QLD,4865
31443,GOOBURRUM,QLD,4670
31444,GOOD NIGHT,QLD,4671
31445,GOODAR,QLD,4390
31446,GOODGER,QLD,4610
31447,GOODNA,QLD,4300
31448,GOODNA DC,QLD,4300
31449,GOODNA EAST,QLD,4300
31450,GOODWOOD,QLD,4660
31451,GOOGA CREEK,QLD,4306
31452,GOOGA CREEK,QLD,4314
31453,GOOLBOO,QLD,4856
31454,GOOLMAN,QLD,4306
31455,GOOMALLY,QLD,4702
31456,GOOMBI,QLD,4413
31457,GOOMBOORIAN,QLD,4570
31458,GOOMBUNGEE,QLD,4354
31459,GOOMBURRA,QLD,4362
31460,GOOMERI,QLD,4601
31461,GOOMERIBONG,QLD,4601
31462,GOONDI,QLD,4860
31463,GOONDI BEND,QLD,4860
31464,GOONDI HILL,QLD,4860
31465,GOONDIWINDI,QLD,4390
31466,GOORGANGA CREEK,QLD,4800
31467,GOORGANGA PLAINS,QLD,4800
31468,GOOROOLBA,QLD,4625
31469,GOOTCHIE,QLD,4650
31470,GOOVIGEN,QLD,4702
31471,GOOWARRA,QLD,4702
31472,GORANBA,QLD,4421
31473,GORDON PARK,QLD,4031
31474,GORDONBROOK,QLD,4610
31475,GORDONSTONE,QLD,4702
31476,GORDONVALE,QLD,4865
31477,GORE,QLD,4352
31478,GOWRIE,QLD,4350
31479,GOWRIE JUNCTION,QLD,4352
31480,GOWRIE LITTLE PLAIN,QLD,4352
31481,GOWRIE MOUNTAIN,QLD,4350
31482,GOWRIE STATION,QLD,4470
31483,GRACEMERE,QLD,4702
31484,GRACEVILLE,QLD,4075
31485,GRACEVILLE EAST,QLD,4075
31486,GRAHAMS CREEK,QLD,4650
31487,GRANADILLA,QLD,4855
31488,GRAND SECRET,QLD,4820
31489,GRANDCHESTER,QLD,4340
31490,GRANGE,QLD,4051
31491,GRANITE VALE,QLD,4815
31492,GRANTHAM,QLD,4347
31493,GRANVILLE,QLD,4650
31494,GRAPE TREE,QLD,4352
31495,GRAPETREE,QLD,4352
31496,GRASSDALE,QLD,4405
31497,GRASSTREE,QLD,4737
31498,GRASSTREE BEACH,QLD,4740
31499,GRAYS GATE,QLD,4357
31500,GREAT KEPPEL ISLAND,QLD,4700
31501,GREAT SANDY STRAIT,QLD,4655
31502,GREEN HILL,QLD,4865
31503,GREEN ISLAND,QLD,4871
31504,GREENBANK,QLD,4124
31505,GREENLAKE,QLD,4701
31506,GREENLANDS,QLD,4380
31507,GREENMOUNT,QLD,4225
31508,GREENMOUNT,QLD,4359
31509,GREENMOUNT,QLD,4751
31510,GREENMOUNT EAST,QLD,4359
31511,GREENS CREEK,QLD,4570
31512,GREENSLOPES,QLD,4120
31513,GREENSTONE,QLD,4513
31514,GREENSWAMP,QLD,4413
31515,GREENUP,QLD,4387
31516,GREENVALE,QLD,4816
31517,GREENVIEW,QLD,4606
31518,GREENWOOD,QLD,4401
31519,GREENWOOD VILLAGE,QLD,4301
31520,GREGORS CREEK,QLD,4313
31521,GREGORY,QLD,4830
31522,GREGORY DOWNS,QLD,4830
31523,GREGORY RIVER,QLD,4660
31524,GREGORY RIVER,QLD,4800
31525,GREYCLIFFE,QLD,4715
31526,GREYMARE,QLD,4370
31527,GRIFFIN,QLD,4503
31528,GRIFFITH UNIVERSITY,QLD,4111
31529,GRIFFITH UNIVERSITY,QLD,4222
31530,GROGANVILLE,QLD,4892
31531,GROOMSVILLE,QLD,4352
31532,GROPER CREEK,QLD,4806
31533,GROPER CREEK RESERVE,QLD,4806
31534,GROSMONT,QLD,4419
31535,GROSVENOR,QLD,4627
31536,GROVELY,QLD,4054
31537,GUANABA,QLD,4210
31538,GUIJAR ISLET,QLD,4875
31539,GULLIVER,QLD,4812
31540,GULNGAI,QLD,4855
31541,GULUGUBA,QLD,4418
31542,GUMDALE,QLD,4154
31543,GUMLOW,QLD,4815
31544,GUMLU,QLD,4805
31545,GUNALDA,QLD,4570
31546,GUNDIAH,QLD,4650
31547,GUNGALOON,QLD,4620
31548,GUNNAWARRA,QLD,4872
31549,GUNNEWIN,QLD,4455
31550,GUNPOWDER,QLD,4825
31551,GUNUNA,QLD,4871
31552,GUNUNA,QLD,4892
31553,GUNYARRA,QLD,4800
31554,GURGEENA,QLD,4626
31555,GURULMUNDI,QLD,4415
31556,GUTHALUNGRA,QLD,4805
31557,GWAMBEGWINE,QLD,4420
31558,GYMPIE,QLD,4570
31559,GYMPIE DC,QLD,4570
31560,HABANA,QLD,4740
31561,HADEN,QLD,4353
31562,HAIGSLEA,QLD,4306
31563,HAIL CREEK,QLD,4742
31564,HALF TIDE BEACH,QLD,4740
31565,HALFWAY CREEK,QLD,4208
31566,HALIDAY BAY,QLD,4740
31567,HALIFAX,QLD,4850
31568,HALLIFORD,QLD,4406
31569,HALY CREEK,QLD,4610
31570,HAMILTON,QLD,4007
31571,HAMILTON CENTRAL,QLD,4007
31572,HAMILTON CREEK,QLD,4714
31573,HAMILTON ISLAND,QLD,4803
31574,HAMILTON PLAINS,QLD,4800
31575,HAMPDEN,QLD,4741
31576,HAMPTON,QLD,4352
31577,HANNAFORD,QLD,4406
31578,HAPPY VALLEY,QLD,4655
31579,HAPPY VALLEY,QLD,4825
31580,HARLAXTON,QLD,4350
31581,HARLIN,QLD,4306
31582,HARLIN,QLD,4314
31583,HARPER CREEK,QLD,4552
31584,HARRAMI,QLD,4630
31585,HARRIET,QLD,4625
31586,HARRISTOWN,QLD,4350
31587,HARRISVILLE,QLD,4307
31588,HATTON VALE,QLD,4341
31589,HAWKINS CREEK,QLD,4850
31590,HAWKWOOD,QLD,4626
31591,HAWTHORNE,QLD,4171
31592,HAY POINT,QLD,4740
31593,HAYMAN ISLAND,QLD,4801
31594,HAZELDEAN,QLD,4515
31595,HAZLEDEAN,QLD,4741
31596,HEADINGTON HILL,QLD,4361
31597,HEALY,QLD,4825
31598,HEATHWOOD,QLD,4110
31599,HEATHWOOD DF,QLD,4110
31600,HEATLEY,QLD,4814
31601,HEBEL,QLD,4486
31602,HELENS HILL,QLD,4850
31603,HELENSVALE,QLD,4212
31604,HELENSVALE TOWN CENTRE,QLD,4212
31605,HELENVALE,QLD,4871
31606,HELENVALE,QLD,4895
31607,HELIDON,QLD,4344
31608,HELIDON SPA,QLD,4344
31609,HEMMANT,QLD,4174
31610,HENDON,QLD,4362
31611,HENDRA,QLD,4011
31612,HERBERTON,QLD,4887
31613,HERITAGE PARK,QLD,4118
31614,HERMIT PARK,QLD,4812
31615,HERON ISLAND,QLD,4680
31616,HERSTON,QLD,4006
31617,HERVEY BAY,QLD,4655
31618,HERVEY BAY DC,QLD,4655
31619,HERVEY RANGE,QLD,4817
31620,HETHERINGTON,QLD,4680
31621,HIBERNIA,QLD,4723
31622,HIDDEN VALLEY,QLD,4703
31623,HIDDEN VALLEY,QLD,4816
31624,HIDEAWAY BAY,QLD,4800
31625,HIGHBURY,QLD,4892
31626,HIGHFIELDS,QLD,4352
31627,HIGHGATE HILL,QLD,4101
31628,HIGHGROVE,QLD,4352
31629,HIGHLAND PARK,QLD,4211
31630,HIGHLAND PLAINS,QLD,4401
31631,HIGHLAND PLAINS,QLD,4454
31632,HIGHVALE,QLD,4520
31633,HIGHWORTH,QLD,4560
31634,HILLCREST,QLD,4118
31635,HILLCREST HEIGHTS,QLD,4650
31636,HILLVIEW,QLD,4285
31637,HINCHINBROOK,QLD,4849
31638,HIRSTGLEN,QLD,4359
31639,HIVESVILLE,QLD,4612
31640,HOBARTVILLE,QLD,4724
31641,HODGLEIGH,QLD,4610
31642,HODGSON,QLD,4455
31643,HODGSON VALE,QLD,4352
31644,HOLLAND PARK,QLD,4121
31645,HOLLAND PARK EAST,QLD,4121
31646,HOLLAND PARK WEST,QLD,4121
31647,HOLLOWAYS BEACH,QLD,4878
31648,HOLLYWELL,QLD,4216
31649,HOLMVIEW,QLD,4207
31650,HOLROYD RIVER,QLD,4892
31651,HOLTS HILL,QLD,4306
31652,HOME HILL,QLD,4806
31653,HOMEBUSH,QLD,4740
31654,HOMESTEAD,QLD,4816
31655,HOOK ISLAND,QLD,4741
31656,HOOKSWOOD,QLD,4415
31657,HOPE ISLAND,QLD,4212
31658,HOPE VALE,QLD,4895
31659,HOPELAND,QLD,4413
31660,HORN,QLD,4875
31661,HORN ISLAND,QLD,4875
31662,HORNET BANK,QLD,4420
31663,HORSE CAMP,QLD,4671
31664,HORSE CREEK,QLD,4714
31665,HORSESHOE BAY,QLD,4819
31666,HORSESHOE LAGOON,QLD,4809
31667,HORTON,QLD,4660
31668,HOWARD,QLD,4659
31669,HOWITT,QLD,4890
31670,HOYA,QLD,4310
31671,HUDSON,QLD,4860
31672,HUGHENDEN,QLD,4821
31673,HULL HEADS,QLD,4854
31674,HUMBOLDT,QLD,4702
31675,HUMEBURN,QLD,4490
31676,HUMPHERY,QLD,4625
31677,HUMPYBONG,QLD,4019
31678,HUNCHY,QLD,4555
31679,HUNGERFORD,QLD,4493
31680,HURRICANE,QLD,4871
31681,HUTTON CREEK,QLD,4454
31682,HUXLEY,QLD,4660
31683,HYDE PARK,QLD,4812
31684,HYDE PARK CASTLETOWN,QLD,4812
31685,IAMA,QLD,4875
31686,IAMA ISLAND,QLD,4875
31687,IDALIA,QLD,4811
31688,IDERAWAY,QLD,4625
31689,ILBILBIE,QLD,4738
31690,ILBOGAN,QLD,4285
31691,ILFRACOMBE,QLD,4727
31692,ILKLEY,QLD,4554
31693,ILLINBAH,QLD,4275
31694,IMAGE FLAT,QLD,4560
31695,IMBIL,QLD,4570
31696,INALA,QLD,4077
31697,INALA EAST,QLD,4077
31698,INALA HEIGHTS,QLD,4077
31699,INALA WEST,QLD,4077
31700,INDOOROOPILLY,QLD,4068
31701,INDOOROOPILLY CENTRE,QLD,4068
31702,INGHAM,QLD,4850
31703,INGLESIDE,QLD,4228
31704,INGLESTONE,QLD,4422
31705,INGLEWOOD,QLD,4387
31706,INGOLDSBY,QLD,4343
31707,INJINOO,QLD,4876
31708,INJUNE,QLD,4454
31709,INKERMAN,QLD,4806
31710,INNES,QLD,4818
31711,INNES PARK,QLD,4670
31712,INNISFAIL,QLD,4860
31713,INNISFAIL ESTATE,QLD,4860
31714,INNISPLAIN,QLD,4285
31715,INNOT HOT SPRINGS,QLD,4872
31716,INSKIP,QLD,4581
31717,INSKIP POINT,QLD,4581
31718,INVERLAW,QLD,4610
31719,INVERNESS,QLD,4703
31720,IPSWICH,QLD,4305
31721,IREDALE,QLD,4344
31722,IREDALE,QLD,4352
31723,IRON RANGE,QLD,4892
31724,IRONBARK,QLD,4306
31725,IRONGATE,QLD,4356
31726,IRONPOT,QLD,4610
31727,IRONPOT,QLD,4701
31728,IRONSIDE,QLD,4067
31729,IRVINEBANK,QLD,4887
31730,IRVINGDALE,QLD,4404
31731,ISIS CENTRAL,QLD,4660
31732,ISIS CENTRAL MILL,QLD,4660
31733,ISIS RIVER,QLD,4660
31734,ISISFORD,QLD,4731
31735,ISLA,QLD,4719
31736,ISLAND PLANTATION,QLD,4650
31737,ISLE OF CAPRI,QLD,4217
31738,ITHACA,QLD,4059
31739,IVERAGH,QLD,4680
31740,IVORY CREEK,QLD,4313
31741,JACKSON,QLD,4426
31742,JACKSON NORTH,QLD,4426
31743,JACKSON SOUTH,QLD,4426
31744,JACOBS WELL,QLD,4208
31745,JAFFA,QLD,4855
31746,JAGGAN,QLD,4885
31747,JAMBIN,QLD,4702
31748,JAMBOREE HEIGHTS,QLD,4074
31749,JAMES COOK UNIVERSITY,QLD,4811
31750,JANDOWAE,QLD,4410
31751,JAPOONVALE,QLD,4856
31752,JARDINE,QLD,4702
31753,JARDINE RIVER,QLD,4874
31754,JARRA CREEK,QLD,4854
31755,JARVISFIELD,QLD,4807
31756,JEEBROPILLY,QLD,4340
31757,JELLINBAH,QLD,4702
31758,JENSEN,QLD,4818
31759,JERICHO,QLD,4728
31760,JERONA,QLD,4809
31761,JERVIS ISLAND,QLD,4875
31762,JIMBOOMBA,QLD,4280
31763,JIMBOUR,QLD,4406
31764,JIMBOUR EAST,QLD,4406
31765,JIMBOUR WEST,QLD,4406
31766,JIMNA,QLD,4515
31767,JINDALEE,QLD,4074
31768,JINGHI,QLD,4410
31769,JOBS GATE,QLD,4490
31770,JOHNSONS HILL,QLD,4714
31771,JOHNSTOWN,QLD,4615
31772,JOLLYS LOOKOUT,QLD,4520
31773,JONDARYAN,QLD,4403
31774,JONES GULLY,QLD,4355
31775,JONES HILL,QLD,4570
31776,JOSEPHVILLE,QLD,4285
31777,JOSKELEIGH,QLD,4702
31778,JOYNER,QLD,4500
31779,JUBILEE,QLD,4065
31780,JUBILEE HEIGHTS,QLD,4860
31781,JUBILEE POCKET,QLD,4802
31782,JULAGO,QLD,4816
31783,JULATTEN,QLD,4871
31784,JULIA CREEK,QLD,4823
31785,JUNABEE,QLD,4370
31786,JUNCTION VIEW,QLD,4343
31787,JUNDAH,QLD,4736
31788,K'GARI,QLD,4581
31789,KABAN,QLD,4888
31790,KABRA,QLD,4702
31791,KAGARU,QLD,4285
31792,KAIMKILLENBUN,QLD,4406
31793,KAIRABAH,QLD,4207
31794,KAIRI,QLD,4872
31795,KALAMIA,QLD,4807
31796,KALAPA,QLD,4702
31797,KALARKA,QLD,4741
31798,KALBAR,QLD,4309
31799,KALINGA,QLD,4030
31800,KALKA,QLD,4701
31801,KALKADOON,QLD,4825
31802,KALKIE,QLD,4670
31803,KALLANGUR,QLD,4503
31804,KALPOWAR,QLD,4630
31805,KALUNGA,QLD,4887
31806,KAMERUNGA,QLD,4870
31807,KAMMA,QLD,4865
31808,KANDANGA,QLD,4570
31809,KANDANGA CREEK,QLD,4570
31810,KANGAROO POINT,QLD,4169
31811,KANIGAN,QLD,4570
31812,KANIMBLA,QLD,4870
31813,KAPALDO,QLD,4630
31814,KARALEE,QLD,4306
31815,KARANA DOWNS,QLD,4306
31816,KARARA,QLD,4352
31817,KARAWATHA,QLD,4117
31818,KARRABIN,QLD,4306
31819,KARRAGARRA ISLAND,QLD,4184
31820,KARRON,QLD,4871
31821,KARUMBA,QLD,4891
31822,KAWANA,QLD,4701
31823,KAWANA WATERS,QLD,4575
31824,KAWL KAWL,QLD,4612
31825,KAWUNGAN,QLD,4655
31826,KEARNEYS SPRING,QLD,4350
31827,KEDRON,QLD,4031
31828,KEDRON UPPER,QLD,4055
31829,KEEBAH,QLD,4806
31830,KEEBRA PARK,QLD,4215
31831,KELSEY CREEK,QLD,4800
31832,KELSO,QLD,4815
31833,KELVIN GROVE,QLD,4059
31834,KELVIN GROVE BC,QLD,4059
31835,KELVIN GROVE DC,QLD,4059
31836,KELVINHAUGH,QLD,4401
31837,KEMMIS,QLD,4742
31838,KEMP BEACH,QLD,4703
31839,KENILWORTH,QLD,4574
31840,KENMORE,QLD,4069
31841,KENMORE DC,QLD,4069
31842,KENMORE EAST,QLD,4069
31843,KENMORE HILLS,QLD,4069
31844,KENNEDY,QLD,4816
31845,KENSINGTON,QLD,4670
31846,KENSINGTON GROVE,QLD,4341
31847,KENTS LAGOON,QLD,4309
31848,KENTS POCKET,QLD,4310
31849,KENTVILLE,QLD,4341
31850,KEPERRA,QLD,4054
31851,KEPNOCK,QLD,4670
31852,KEPPEL SANDS,QLD,4702
31853,KERIRI ISLAND,QLD,4875
31854,KERRY,QLD,4285
31855,KERRYDALE,QLD,4226
31856,KEWARRA BEACH,QLD,4879
31857,KEYSLAND,QLD,4612
31858,KHOLO,QLD,4306
31859,KHOSH BULDUK,QLD,4723
31860,KIA ORA,QLD,4570
31861,KIAMBA,QLD,4560
31862,KIANGA,QLD,4718
31863,KIDAMAN CREEK,QLD,4574
31864,KIDSTON,QLD,4871
31865,KIELS MOUNTAIN,QLD,4559
31866,KILBIRNIE,QLD,4354
31867,KILCOY,QLD,4515
31868,KILCUMMIN,QLD,4721
31869,KILKIVAN,QLD,4600
31870,KILLALOE,QLD,4877
31871,KILLARNEY,QLD,4373
31872,KILMOREY FALLS,QLD,4465
31873,KIMBERLEY,QLD,4873
31874,KIMBERLEY PARK,QLD,4128
31875,KIN KIN,QLD,4571
31876,KIN KORA,QLD,4680
31877,KINBOMBI,QLD,4601
31878,KINCHANT DAM,QLD,4741
31879,KINCORA,QLD,4356
31880,KINDON,QLD,4390
31881,KING SCRUB,QLD,4521
31882,KINGAHAM,QLD,4515
31883,KINGAROY,QLD,4610
31884,KINGAROY DC,QLD,4610
31885,KINGFISHER BAY,QLD,4655
31886,KINGFISHER BAY RESORT,QLD,4655
31887,KINGS BEACH,QLD,4551
31888,KINGS CREEK,QLD,4361
31889,KINGS SIDING,QLD,4401
31890,KINGSHOLME,QLD,4208
31891,KINGSTHORPE,QLD,4400
31892,KINGSTON,QLD,4114
31893,KINKA BEACH,QLD,4703
31894,KINKUNA,QLD,4670
31895,KINLEYMORE,QLD,4613
31896,KINNOUL,QLD,4420
31897,KIOMA,QLD,4498
31898,KIPPA-RING,QLD,4021
31899,KIRKNIE,QLD,4806
31900,KIRKWOOD,QLD,4680
31901,KIRRA,QLD,4225
31902,KIRRAMA,QLD,4872
31903,KIRWAN,QLD,4817
31904,KITOBA,QLD,4605
31905,KLEINTON,QLD,4352
31906,KNAPP CREEK,QLD,4285
31907,KOAH,QLD,4871
31908,KOAH,QLD,4881
31909,KOBBLE CREEK,QLD,4520
31910,KOGAN,QLD,4406
31911,KOKOTUNGO,QLD,4702
31912,KOLONGA,QLD,4671
31913,KOOMBOOLOOMBA,QLD,4872
31914,KOONGAL,QLD,4701
31915,KOORALBYN,QLD,4285
31916,KOORALGIN,QLD,4402
31917,KOORINGAL,QLD,4025
31918,KOOROOMOOL,QLD,4854
31919,KOOROONGARRA,QLD,4357
31920,KOUMALA,QLD,4738
31921,KOWANYAMA,QLD,4871
31922,KOWANYAMA,QLD,4892
31923,KOWBI,QLD,4660
31924,KOWGURAN,QLD,4415
31925,KOWROWA,QLD,4872
31926,KRAGRA,QLD,4413
31927,KUBIN,QLD,4875
31928,KUBIN VILLAGE,QLD,4875
31929,KULANGOOR,QLD,4560
31930,KULGUN,QLD,4309
31931,KULLOGUM,QLD,4660
31932,KULPI,QLD,4352
31933,KULUIN,QLD,4558
31934,KUMBARILLA,QLD,4405
31935,KUMBIA,QLD,4610
31936,KUNDA PARK,QLD,4556
31937,KUNIOON,QLD,4615
31938,KUNWARARA,QLD,4702
31939,KUPUNN,QLD,4405
31940,KURABY,QLD,4112
31941,KURANDA,QLD,4872
31942,KURANDA,QLD,4881
31943,KUREELPA,QLD,4560
31944,KUREEN,QLD,4885
31945,KURIDALA,QLD,4824
31946,KURRIMINE BEACH,QLD,4871
31947,KURROWAH,QLD,4352
31948,KURUMBUL,QLD,4388
31949,KURWONGBAH,QLD,4503
31950,KUTTABUL,QLD,4741
31951,KYBONG,QLD,4570
31952,KYNUNA,QLD,4823
31953,KYOOMBA,QLD,4380
31954,LABRADOR,QLD,4215
31955,LACEYS CREEK,QLD,4521
31956,LAGLAN,QLD,4721
31957,LAGOON POCKET,QLD,4570
31958,LAGUNA QUAYS,QLD,4800
31959,LAIDLEY,QLD,4341
31960,LAIDLEY CREEK WEST,QLD,4341
31961,LAIDLEY HEIGHTS,QLD,4341
31962,LAIDLEY NORTH,QLD,4341
31963,LAIDLEY SOUTH,QLD,4341
31964,LAKE BARRINE,QLD,4884
31965,LAKE BORUMBA,QLD,4570
31966,LAKE CLARENDON,QLD,4343
31967,LAKE COOTHARABA,QLD,4565
31968,LAKE EACHAM,QLD,4884
31969,LAKE MACDONALD,QLD,4563
31970,LAKE MANCHESTER,QLD,4306
31971,LAKE MARY,QLD,4703
31972,LAKE MONDURAN,QLD,4671
31973,LAKE MOOGERAH,QLD,4310
31974,LAKE MORRIS,QLD,4870
31975,LAKE PLACID,QLD,4878
31976,LAKE PROSERPINE,QLD,4800
31977,LAKE TINAROO,QLD,4872
31978,LAKE WIVENHOE,QLD,4311
31979,LAKEFIELD,QLD,4892
31980,LAKELAND,QLD,4871
31981,LAKELAND DOWNS,QLD,4871
31982,LAKES CREEK,QLD,4701
31983,LAKESIDE,QLD,4621
31984,LAKESIDE ESTATE,QLD,4872
31985,LAMB ISLAND,QLD,4184
31986,LAMB RANGE,QLD,4870
31987,LAMINGTON,QLD,4285
31988,LAMINGTON NATIONAL PARK,QLD,4275
31989,LAMMERMOOR,QLD,4703
31990,LAMMERMOOR BEACH,QLD,4703
31991,LANDERS SHOOT,QLD,4555
31992,LANDSBOROUGH,QLD,4550
31993,LANEFIELD,QLD,4340
31994,LANGLANDS,QLD,4410
31995,LANGLEY,QLD,4630
31996,LANGLO,QLD,4470
31997,LANGSHAW,QLD,4570
31998,LANNERCOST,QLD,4850
31999,LANSDOWNE,QLD,4478
32000,LANSKEY,QLD,4825
32001,LARAPINTA,QLD,4110
32002,LARAVALE,QLD,4285
32003,LARK HILL,QLD,4306
32004,LATIMER,QLD,4211
32005,LAURA,QLD,4871
32006,LAURA,QLD,4892
32007,LAVARACK BARRACKS,QLD,4813
32008,LAVELLE,QLD,4357
32009,LAWES,QLD,4343
32010,LAWGI DAWES,QLD,4716
32011,LAWN HILL,QLD,4825
32012,LAWNTON,QLD,4501
32013,LEAFDALE,QLD,4606
32014,LEFTHAND BRANCH,QLD,4343
32015,LEICHHARDT,QLD,4305
32016,LEMONTREE,QLD,4357
32017,LESLIE,QLD,4370
32018,LESLIE DAM,QLD,4370
32019,LETHEBROOK,QLD,4800
32020,LEYBURN,QLD,4365
32021,LEYDENS HILL,QLD,4714
32022,LILYDALE,QLD,4344
32023,LILYVALE,QLD,4352
32024,LILYVALE,QLD,4723
32025,LILYWOOD,QLD,4513
32026,LIMESTONE,QLD,4714
32027,LIMESTONE CREEK,QLD,4701
32028,LIMESTONE RIDGES,QLD,4305
32029,LIMEVALE,QLD,4384
32030,LINDEMAN ISLAND,QLD,4741
32031,LINDEN,QLD,4490
32032,LINDUM,QLD,4178
32033,LINTHORPE,QLD,4356
32034,LINVILLE,QLD,4306
32035,LINVILLE,QLD,4314
32036,LITTABELLA,QLD,4673
32037,LITTLE COVE,QLD,4567
32038,LITTLE MOUNTAIN,QLD,4551
32039,LITTLE MULGRAVE,QLD,4865
32040,LITTLE TUAN,QLD,4650
32041,LITTLEMORE,QLD,4680
32042,LIZARD,QLD,4892
32043,LLANARTH,QLD,4820
32044,LOAMSIDE,QLD,4306
32045,LOCH LOMOND,QLD,4370
32046,LOCHINGTON,QLD,4720
32047,LOCKHART,QLD,4871
32048,LOCKHART RIVER,QLD,4892
32049,LOCKROSE,QLD,4342
32050,LOCKYER,QLD,4344
32051,LOCKYER WATERS,QLD,4311
32052,LOGAN CENTRAL,QLD,4114
32053,LOGAN CITY BC,QLD,4114
32054,LOGAN CITY DC,QLD,4114
32055,LOGAN HYPERDOME BC,QLD,4128
32056,LOGAN RESERVE,QLD,4133
32057,LOGAN VILLAGE,QLD,4207
32058,LOGANDALE,QLD,4129
32059,LOGANHOLME,QLD,4129
32060,LOGANHOLME BC,QLD,4129
32061,LOGANHOLME DC,QLD,4129
32062,LOGANLEA,QLD,4131
32063,LONE PINE,QLD,4069
32064,LONESOME CREEK,QLD,4719
32065,LONG FLAT,QLD,4570
32066,LONG ISLAND,QLD,4741
32067,LONG POCKET,QLD,4068
32068,LONG POCKET,QLD,4850
32069,LONGREACH,QLD,4730
32070,LORETO HILL,QLD,4120
32071,LOTA,QLD,4179
32072,LOTUS CREEK,QLD,4705
32073,LOUISA CREEK,QLD,4740
32074,LOW ISLES,QLD,4873
32075,LOW ISLES,QLD,4877
32076,LOWER BEECHMONT,QLD,4211
32077,LOWER COWLEY,QLD,4871
32078,LOWER CRESSBROOK,QLD,4313
32079,LOWER DAINTREE,QLD,4873
32080,LOWER MOUNT WALKER,QLD,4340
32081,LOWER TENTHILL,QLD,4343
32082,LOWER TULLY,QLD,4854
32083,LOWER WONGA,QLD,4570
32084,LOWESBY,QLD,4702
32085,LOWESTOFF,QLD,4723
32086,LOWMEAD,QLD,4676
32087,LOWOOD,QLD,4311
32088,LUCINDA,QLD,4850
32089,LUMEAH,QLD,4478
32090,LUMHOLTZ,QLD,4849
32091,LUNDAVRA,QLD,4390
32092,LUSCOMBE,QLD,4207
32093,LUTWYCHE,QLD,4030
32094,LYNAM,QLD,4818
32095,LYNDHURST,QLD,4871
32096,LYNDSIDE,QLD,4892
32097,LYNFORD,QLD,4342
32098,LYNWOOD,QLD,4660
32099,LYONS,QLD,4124
32100,LYRA,QLD,4352
32101,LYRA,QLD,4382
32102,LYTTON,QLD,4178
32103,MA MA CREEK,QLD,4347
32104,MAADI,QLD,4855
32105,MAALAN,QLD,4886
32106,MAAROOM,QLD,4650
32107,MABUIAG,QLD,4875
32108,MABUIAG ISLAND,QLD,4875
32109,MACALISTER,QLD,4406
32110,MACALISTER RANGE,QLD,4871
32111,MACDONALDTOWN,QLD,4350
32112,MACFARLANE,QLD,4478
32113,MACGREGOR,QLD,4109
32114,MACHANS BEACH,QLD,4878
32115,MACHINE CREEK,QLD,4695
32116,MACKAY,QLD,4740
32117,MACKAY BC,QLD,4740
32118,MACKAY CANELAND,QLD,4740
32119,MACKAY DC,QLD,4740
32120,MACKAY EAST,QLD,4740
32121,MACKAY HARBOUR,QLD,4740
32122,MACKAY MC,QLD,4741
32123,MACKAY NORTH,QLD,4740
32124,MACKAY SOUTH,QLD,4740
32125,MACKAY WEST,QLD,4740
32126,MACKENZIE,QLD,4156
32127,MACKENZIE,QLD,4702
32128,MACKENZIE RIVER,QLD,4705
32129,MACKINNON,QLD,4870
32130,MACKNADE,QLD,4850
32131,MACLAGAN,QLD,4352
32132,MACLEAN,QLD,4280
32133,MACLEAY ISLAND,QLD,4184
32134,MACROSSAN,QLD,4816
32135,MAGNETIC ISLAND,QLD,4819
32136,MAGNOLIA,QLD,4650
32137,MAIDAVALE,QLD,4807
32138,MAIDENHEAD,QLD,4385
32139,MAIDENWELL,QLD,4615
32140,MAIN BEACH,QLD,4217
32141,MAJORS CREEK,QLD,4816
32142,MALAKOFF,QLD,4405
32143,MALANDA,QLD,4885
32144,MALARGA,QLD,4620
32145,MALENY,QLD,4552
32146,MALLING,QLD,4352
32147,MALMOE,QLD,4627
32148,MALPAS-TRENTON,QLD,4816
32149,MALU,QLD,4403
32150,MAMU,QLD,4871
32151,MANAPOURI,QLD,4361
32152,MANAR,QLD,4613
32153,MANDALAY,QLD,4802
32154,MANEROO,QLD,4730
32155,MANGO HILL,QLD,4509
32156,MANLY,QLD,4179
32157,MANLY WEST,QLD,4179
32158,MANNUEM,QLD,4610
32159,MANOORA,QLD,4870
32160,MANSFIELD,QLD,4122
32161,MANSFIELD BC,QLD,4122
32162,MANSFIELD DC,QLD,4122
32163,MANTUAN DOWNS,QLD,4722
32164,MANUMBAR,QLD,4601
32165,MANUNDA,QLD,4870
32166,MANY PEAKS,QLD,4680
32167,MANYUNG,QLD,4601
32168,MANYUNG,QLD,4605
32169,MAPLETON,QLD,4560
32170,MAPOON,QLD,4874
32171,MARAMIE,QLD,4892
32172,MARATHON,QLD,4821
32173,MARBURG,QLD,4346
32174,MARCOOLA,QLD,4564
32175,MARCUS BEACH,QLD,4573
32176,MAREEBA,QLD,4880
32177,MARGATE,QLD,4019
32178,MARGATE BEACH,QLD,4019
32179,MARIA CREEKS,QLD,4855
32180,MARIAN,QLD,4753
32181,MARLBOROUGH,QLD,4705
32182,MARMADUA,QLD,4405
32183,MARMOR,QLD,4702
32184,MARODIAN,QLD,4570
32185,MAROOCHY RIVER,QLD,4561
32186,MAROOCHYDORE,QLD,4558
32187,MAROOCHYDORE BC,QLD,4558
32188,MAROOCHYDORE DC,QLD,4558
32189,MAROOCHYDORE SOUTH,QLD,4558
32190,MAROON,QLD,4310
32191,MAROON DAM,QLD,4310
32192,MAROONDAN,QLD,4671
32193,MARSDEN,QLD,4132
32194,MARSDEN POSTAL DEPOT,QLD,4132
32195,MARSHLANDS,QLD,4611
32196,MARTYNVALE,QLD,4870
32197,MARTYVILLE,QLD,4858
32198,MARY KATHLEEN,QLD,4825
32199,MARYBOROUGH,QLD,4650
32200,MARYBOROUGH DC,QLD,4650
32201,MARYBOROUGH WEST,QLD,4650
32202,MARYFARMS,QLD,4880
32203,MARYS CREEK,QLD,4570
32204,MARYVALE,QLD,4370
32205,MARYVALE,QLD,4703
32206,MASIG,QLD,4875
32207,MASIG ISLAND,QLD,4875
32208,MASSIE,QLD,4370
32209,MATER HILL,QLD,4101
32210,MATER HOSPITAL,QLD,4101
32211,MAUDSLAND,QLD,4210
32212,MAXWELTON,QLD,4816
32213,MAXWELTON,QLD,4822
32214,MAY DOWNS,QLD,4746
32215,MAYNE,QLD,4006
32216,MCCUTCHEON,QLD,4856
32217,MCDESME,QLD,4807
32218,MCDOWALL,QLD,4053
32219,MCEWENS BEACH,QLD,4740
32220,MCILWRAITH,QLD,4671
32221,MCINTOSH CREEK,QLD,4570
32222,MCKINLAY,QLD,4823
32223,MEADOWBROOK,QLD,4131
32224,MEADOWVALE,QLD,4670
32225,MEANDARRA,QLD,4422
32226,MEEANDAH,QLD,4008
32227,MEIKLEVILLE HILL,QLD,4703
32228,MELAWONDI,QLD,4570
32229,MELDALE,QLD,4510
32230,MELROSE,QLD,4613
32231,MEMERAMBI,QLD,4610
32232,MENA CREEK,QLD,4871
32233,MENTMORE,QLD,4798
32234,MENZIES,QLD,4825
32235,MER ISLAND,QLD,4875
32236,MERIDAN PLAINS,QLD,4551
32237,MERINDA,QLD,4805
32238,MERINGA,QLD,4865
32239,MERINGANDAN,QLD,4352
32240,MERINGANDAN WEST,QLD,4352
32241,MERLWOOD,QLD,4605
32242,MERMAID BEACH,QLD,4218
32243,MERMAID KEYS,QLD,4218
32244,MERMAID WATERS,QLD,4218
32245,MERRIMAC,QLD,4226
32246,MERRITTS CREEK,QLD,4352
32247,MERRYBURN,QLD,4854
32248,MERRYVALE,QLD,4340
32249,MEXICO,QLD,4728
32250,MIA MIA,QLD,4754
32251,MIALLO,QLD,4873
32252,MIAMI,QLD,4220
32253,MIAMI KEYS,QLD,4218
32254,MIARA,QLD,4673
32255,MICA CREEK,QLD,4825
32256,MIDDLE PARK,QLD,4074
32257,MIDDLE RIDGE,QLD,4350
32258,MIDDLEBROOK,QLD,4886
32259,MIDDLEMOUNT,QLD,4746
32260,MIDDLETON,QLD,4735
32261,MIDGE POINT,QLD,4799
32262,MIDGEE,QLD,4702
32263,MIDGENOO,QLD,4854
32264,MIDGEREE BAR,QLD,4852
32265,MIGHELL,QLD,4860
32266,MILBONG,QLD,4310
32267,MILES,QLD,4415
32268,MILES END,QLD,4825
32269,MILFORD,QLD,4310
32270,MILLAA MILLAA,QLD,4886
32271,MILLAROO,QLD,4807
32272,MILLBANK,QLD,4670
32273,MILLCHESTER,QLD,4820
32274,MILLMERRAN,QLD,4357
32275,MILLMERRAN DOWNS,QLD,4357
32276,MILLMERRAN WOODS,QLD,4357
32277,MILLSTREAM,QLD,4888
32278,MILLWOOD,QLD,4357
32279,MILMAN,QLD,4702
32280,MILORA,QLD,4309
32281,MILTON,QLD,4064
32282,MILTON BC,QLD,4064
32283,MIMOSA,QLD,4702
32284,MIN MIN,QLD,4829
32285,MINBUN,QLD,4886
32286,MINDEN,QLD,4311
32287,MINERVA,QLD,4722
32288,MINGELA,QLD,4816
32289,MINGO,QLD,4625
32290,MINNAMOOLKA,QLD,4872
32291,MINNIE DOWNS,QLD,4478
32292,MINYAMA,QLD,4575
32293,MIRANI,QLD,4754
32294,MIRIAM VALE,QLD,4677
32295,MIRIWINNI,QLD,4871
32296,MIRRIWINNI,QLD,4871
32297,MISSEN FLAT,QLD,4361
32298,MISSION BEACH,QLD,4852
32299,MISSION RIVER,QLD,4874
32300,MITCHELL,QLD,4465
32301,MITCHELTON,QLD,4053
32302,MIVA,QLD,4570
32303,MOA ISLAND,QLD,4875
32304,MOANA PARK,QLD,4218
32305,MOFFAT BEACH,QLD,4551
32306,MOFFATDALE,QLD,4605
32307,MOGGILL,QLD,4070
32308,MOLANGUL,QLD,4671
32309,MOLENDINAR,QLD,4214
32310,MON REPOS,QLD,4670
32311,MONA MONA,QLD,4881
32312,MONA PARK,QLD,4807
32313,MONAL,QLD,4630
32314,MONARCH GLEN,QLD,4285
32315,MONDURAN,QLD,4671
32316,MONDURE,QLD,4611
32317,MONKLAND,QLD,4570
32318,MONOGORILBY,QLD,4626
32319,MONS,QLD,4556
32320,MONSILDALE,QLD,4306
32321,MONSILDALE,QLD,4515
32322,MONTEREY KEYS,QLD,4212
32323,MONTO,QLD,4630
32324,MONTROSE,QLD,4370
32325,MONTROSE,QLD,4413
32326,MONTVILLE,QLD,4560
32327,MOODLU,QLD,4510
32328,MOOGA,QLD,4455
32329,MOOGERAH,QLD,4309
32330,MOOLA,QLD,4406
32331,MOOLBOOLAMAN,QLD,4671
32332,MOOLOO,QLD,4570
32333,MOOLOOLABA,QLD,4557
32334,MOOLOOLAH,QLD,4553
32335,MOOLOOLAH VALLEY,QLD,4553
32336,MOOMBRA,QLD,4312
32337,MOOMIN,QLD,4887
32338,MOONDOONER,QLD,4605
32339,MOONFORD,QLD,4630
32340,MOONGAN,QLD,4714
32341,MOONIE,QLD,4406
32342,MOONMERA,QLD,4702
32343,MOORANG,QLD,4340
32344,MOORE,QLD,4306
32345,MOORE,QLD,4314
32346,MOORE PARK,QLD,4670
32347,MOORE PARK BEACH,QLD,4670
32348,MOORES POCKET,QLD,4305
32349,MOORINA,QLD,4506
32350,MOORLAND,QLD,4670
32351,MOOROOBOOL,QLD,4870
32352,MOOROOKA,QLD,4105
32353,MOORVALE,QLD,4105
32354,MORABY,QLD,4416
32355,MORANBAH,QLD,4744
32356,MORAYFIELD,QLD,4506
32357,MOREGATTA,QLD,4886
32358,MORELLA,QLD,4730
32359,MORESBY,QLD,4871
32360,MORETON ISLAND,QLD,4025
32361,MORGAN PARK,QLD,4370
32362,MORGANVILLE,QLD,4671
32363,MORINISH,QLD,4702
32364,MORINISH SOUTH,QLD,4702
32365,MORNINGSIDE,QLD,4170
32366,MORNINGTON,QLD,4825
32367,MORNINGTON ISLAND,QLD,4871
32368,MORTON VALE,QLD,4343
32369,MORVEN,QLD,4468
32370,MORWINCHA,QLD,4309
32371,MOSMAN PARK,QLD,4820
32372,MOSQUITO CREEK,QLD,4387
32373,MOSSMAN,QLD,4873
32374,MOSSMAN GORGE,QLD,4873
32375,MOTHAR MOUNTAIN,QLD,4570
32376,MOTLEY,QLD,4356
32377,MOUNT ABUNDANCE,QLD,4455
32378,MOUNT ALFORD,QLD,4310
32379,MOUNT ALMA,QLD,4680
32380,MOUNT ARCHER,QLD,4514
32381,MOUNT ARCHER,QLD,4701
32382,MOUNT BARNEY,QLD,4287
32383,MOUNT BEPPO,QLD,4313
32384,MOUNT BERRYMAN,QLD,4341
32385,MOUNT BINDANGO,QLD,4455
32386,MOUNT BINGA,QLD,4306
32387,MOUNT BINGA,QLD,4314
32388,MOUNT BRITTON,QLD,4742
32389,MOUNT BYRON,QLD,4312
32390,MOUNT CARBINE,QLD,4871
32391,MOUNT CHALMERS,QLD,4702
32392,MOUNT CHARLTON,QLD,4741
32393,MOUNT CHRISTIAN,QLD,4741
32394,MOUNT COLLIERY,QLD,4370
32395,MOUNT COOLON,QLD,4804
32396,MOUNT COOLUM,QLD,4573
32397,MOUNT COOT-THA,QLD,4066
32398,MOUNT COTTON,QLD,4165
32399,MOUNT CROSBY,QLD,4306
32400,MOUNT DARRY,QLD,4353
32401,MOUNT DEBATEABLE,QLD,4625
32402,MOUNT DELANEY,QLD,4514
32403,MOUNT EDWARDS,QLD,4309
32404,MOUNT ELLIOT,QLD,4816
32405,MOUNT EMLYN,QLD,4357
32406,MOUNT ENNISKILLEN,QLD,4472
32407,MOUNT FORBES,QLD,4340
32408,MOUNT FOX,QLD,4850
32409,MOUNT FRENCH,QLD,4310
32410,MOUNT GARDINER,QLD,4705
32411,MOUNT GARNET,QLD,4872
32412,MOUNT GIPPS,QLD,4285
32413,MOUNT GLORIOUS,QLD,4520
32414,MOUNT GRAVATT,QLD,4122
32415,MOUNT GRAVATT EAST,QLD,4122
32416,MOUNT HALLEN,QLD,4312
32417,MOUNT HOWE,QLD,4454
32418,MOUNT HUTTON,QLD,4454
32419,MOUNT IRVING,QLD,4401
32420,MOUNT ISA,QLD,4825
32421,MOUNT ISA BC,QLD,4825
32422,MOUNT ISA CITY,QLD,4825
32423,MOUNT ISA DC,QLD,4825
32424,MOUNT ISA EAST,QLD,4825
32425,MOUNT JUKES,QLD,4740
32426,MOUNT JULIAN,QLD,4800
32427,MOUNT KELLY,QLD,4807
32428,MOUNT KILCOY,QLD,4515
32429,MOUNT KYNOCH,QLD,4350
32430,MOUNT LARCOM,QLD,4695
32431,MOUNT LAWLESS,QLD,4625
32432,MOUNT LINDESAY,QLD,4287
32433,MOUNT LOFTY,QLD,4350
32434,MOUNT LOUISA,QLD,4814
32435,MOUNT LOW,QLD,4818
32436,MOUNT LUKE,QLD,4352
32437,MOUNT MACARTHUR,QLD,4723
32438,MOUNT MACKAY,QLD,4854
32439,MOUNT MARIA,QLD,4674
32440,MOUNT MARLOW,QLD,4800
32441,MOUNT MARROW,QLD,4306
32442,MOUNT MARSHALL,QLD,4362
32443,MOUNT MARTIN,QLD,4754
32444,MOUNT MCEUEN,QLD,4606
32445,MOUNT MEE,QLD,4521
32446,MOUNT MELLUM,QLD,4550
32447,MOUNT MOFFATT,QLD,4465
32448,MOUNT MOLAR,QLD,4361
32449,MOUNT MOLLOY,QLD,4871
32450,MOUNT MORGAN,QLD,4714
32451,MOUNT MORIAH,QLD,4403
32452,MOUNT MORT,QLD,4340
32453,MOUNT MULGRAVE,QLD,4892
32454,MOUNT MULLIGAN,QLD,4871
32455,MOUNT MURCHISON,QLD,4715
32456,MOUNT NATHAN,QLD,4211
32457,MOUNT NEBO,QLD,4520
32458,MOUNT OMMANEY,QLD,4074
32459,MOUNT OSSA,QLD,4741
32460,MOUNT PELION,QLD,4741
32461,MOUNT PERRY,QLD,4671
32462,MOUNT PETER,QLD,4869
32463,MOUNT PLEASANT,QLD,4521
32464,MOUNT PLEASANT,QLD,4740
32465,MOUNT PLUTO,QLD,4800
32466,MOUNT RASCAL,QLD,4350
32467,MOUNT ROOPER,QLD,4802
32468,MOUNT SAMSON,QLD,4520
32469,MOUNT SHERIDAN,QLD,4868
32470,MOUNT ST JOHN,QLD,4818
32471,MOUNT STANLEY,QLD,4306
32472,MOUNT STANLEY,QLD,4314
32473,MOUNT STEADMAN,QLD,4625
32474,MOUNT STEADMAN,QLD,4650
32475,MOUNT STUART,QLD,4811
32476,MOUNT STURT,QLD,4370
32477,MOUNT SURPRISE,QLD,4871
32478,MOUNT SURROUND,QLD,4809
32479,MOUNT SYLVIA,QLD,4343
32480,MOUNT TABOR,QLD,4370
32481,MOUNT TAMBORINE,QLD,4272
32482,MOUNT TARAMPA,QLD,4311
32483,MOUNT THOMPSON,QLD,4121
32484,MOUNT TOM,QLD,4677
32485,MOUNT TULLY,QLD,4380
32486,MOUNT TYSON,QLD,4356
32487,MOUNT URAH,QLD,4650
32488,MOUNT WALKER,QLD,4340
32489,MOUNT WALKER WEST,QLD,4340
32490,MOUNT WARREN PARK,QLD,4207
32491,MOUNT WHITESTONE,QLD,4347
32492,MOUNT WYATT,QLD,4804
32493,MOUNTAIN CAMP,QLD,4355
32494,MOUNTAIN CREEK,QLD,4557
32495,MOUNTAIN VIEW,QLD,4552
32496,MOURA,QLD,4718
32497,MOURILYAN,QLD,4858
32498,MOURILYAN HARBOUR,QLD,4858
32499,MOWBRAY,QLD,4877
32500,MOWBULLAN,QLD,4405
32501,MOY POCKET,QLD,4574
32502,MP CREEK,QLD,4606
32503,MT BRITTON,QLD,4742
32504,MUCKADILLA,QLD,4461
32505,MUDGEERABA,QLD,4213
32506,MUDJIMBA,QLD,4564
32507,MUDLO,QLD,4600
32508,MUIRLEA,QLD,4306
32509,MULAMBIN,QLD,4703
32510,MULARA,QLD,4703
32511,MULDU,QLD,4401
32512,MULGILDIE,QLD,4630
32513,MULGOWIE,QLD,4341
32514,MULGRAVE,QLD,4807
32515,MULGRAVE ISLAND,QLD,4875
32516,MULLETT CREEK,QLD,4670
32517,MUNBILLA,QLD,4309
32518,MUNBURA,QLD,4740
32519,MUNDERRA,QLD,4872
32520,MUNDINGBURRA,QLD,4812
32521,MUNDOO,QLD,4860
32522,MUNDOOLUN,QLD,4285
32523,MUNDOWRAN,QLD,4626
32524,MUNDUBBERA,QLD,4626
32525,MUNGABUNDA,QLD,4718
32526,MUNGALLALA,QLD,4467
32527,MUNGALLALA SOUTH,QLD,4467
32528,MUNGALLI,QLD,4886
32529,MUNGAR,QLD,4650
32530,MUNGINDI,QLD,2406
32531,MUNGUNGO,QLD,4630
32532,MUNGY,QLD,4671
32533,MUNIGANEEN,QLD,4352
32534,MUNNA CREEK,QLD,4570
32535,MUNNA POINT,QLD,4566
32536,MUNRO PLAINS,QLD,4854
32537,MUNRUBEN,QLD,4125
32538,MURARRIE,QLD,4172
32539,MURGON,QLD,4605
32540,MURPHYS CREEK,QLD,4352
32541,MURRAY,QLD,4814
32542,MURRAY ISLAND,QLD,4875
32543,MURRAY UPPER,QLD,4854
32544,MURRAYS BRIDGE,QLD,4370
32545,MURRIGAL,QLD,4854
32546,MURRUMBA,QLD,4312
32547,MURRUMBA DOWNS,QLD,4503
32548,MURWEH,QLD,4470
32549,MUTARNEE,QLD,4816
32550,MUTCHILBA,QLD,4872
32551,MUTDAPILLY,QLD,4307
32552,MUTTABURRA,QLD,4732
32553,MYALL PARK,QLD,4415
32554,MYOLA,QLD,4872
32555,MYRTLETOWN,QLD,4008
32556,MYRTLEVALE,QLD,4800
32557,MYSTERTON,QLD,4812
32558,NAGOORIN,QLD,4680
32559,NAHRUNDA,QLD,4570
32560,NAMBOUR,QLD,4560
32561,NAMBOUR BC,QLD,4560
32562,NAMBOUR DC,QLD,4560
32563,NAMBOUR WEST,QLD,4560
32564,NANANGO,QLD,4615
32565,NANDI,QLD,4405
32566,NANDOWRIE,QLD,4722
32567,NANGRAM,QLD,4416
32568,NANGWEE,QLD,4407
32569,NANKIN,QLD,4701
32570,NANUM,QLD,4874
32571,NAPRANUM,QLD,4874
32572,NARANGBA,QLD,4504
32573,NARDOO SIDING,QLD,4471
32574,NARKO,QLD,4352
32575,NARRAGON BEACH,QLD,4852
32576,NASHVILLE,QLD,4017
32577,NATHAN,QLD,4111
32578,NATURAL BRIDGE,QLD,4211
32579,NEARUM,QLD,4671
32580,NEBINE,QLD,4488
32581,NEBO,QLD,4742
32582,NEERDIE,QLD,4570
32583,NELIA,QLD,4816
32584,NELIA,QLD,4823
32585,NELLY BAY,QLD,4819
32586,NERADA,QLD,4860
32587,NERANG,QLD,4211
32588,NERANG BC,QLD,4211
32589,NERANG DC,QLD,4211
32590,NERANWOOD,QLD,4213
32591,NERIMBERA,QLD,4701
32592,NETHERBY,QLD,4650
32593,NETHERDALE,QLD,4756
32594,NEUMGNA,QLD,4614
32595,NEURUM,QLD,4514
32596,NEUSA VALE,QLD,4570
32597,NEVILTON,QLD,4361
32598,NEW AUCKLAND,QLD,4680
32599,NEW BEITH,QLD,4124
32600,NEW CHUM,QLD,4303
32601,NEW FARM,QLD,4005
32602,NEW HARBOURLINE,QLD,4858
32603,NEW MAPOON,QLD,4876
32604,NEW MOONTA,QLD,4671
32605,NEWELL,QLD,4873
32606,NEWLANDS,QLD,4804
32607,NEWMARKET,QLD,4051
32608,NEWPORT,QLD,4020
32609,NEWSTEAD,QLD,4006
32610,NEWTOWN,QLD,4305
32611,NEWTOWN,QLD,4350
32612,NGATJAN,QLD,4860
32613,NICHOLSON,QLD,4830
32614,NIKENBAH,QLD,4655
32615,NINDAROO,QLD,4740
32616,NINDERRY,QLD,4561
32617,NINDOOINBAH,QLD,4285
32618,NINE MILE,QLD,4702
32619,NINE MILE CREEK,QLD,4714
32620,NINGI,QLD,4511
32621,NIRIMBA,QLD,4551
32622,NIVE,QLD,4477
32623,NJATJAN,QLD,4860
32624,NO 4 BRANCH,QLD,4856
32625,NO 5 BRANCH,QLD,4856
32626,NO 6 BRANCH,QLD,4859
32627,NO. 4 BRANCH,QLD,4856
32628,NO. 5 BRANCH,QLD,4856
32629,NO. 6 BRANCH,QLD,4859
32630,NOAH,QLD,4873
32631,NOBBY,QLD,4360
32632,NOBBY BEACH,QLD,4218
32633,NOCCUNDRA,QLD,4492
32634,NOCKATUNGA,QLD,4492
32635,NOME,QLD,4816
32636,NONDA,QLD,4822
32637,NOORAMA,QLD,4490
32638,NOORINDOO,QLD,4417
32639,NOORLAH,QLD,4740
32640,NOOSA HEADS,QLD,4567
32641,NOOSA NORTH SHORE,QLD,4565
32642,NOOSAVILLE,QLD,4566
32643,NOOSAVILLE BC,QLD,4566
32644,NOOSAVILLE DC,QLD,4566
32645,NORLEY,QLD,4492
32646,NORMAN,QLD,4890
32647,NORMAN GARDENS,QLD,4701
32648,NORMAN PARK,QLD,4170
32649,NORMANBY,QLD,4059
32650,NORMANTON,QLD,4890
32651,NORTH ARAMARA,QLD,4620
32652,NORTH ARM,QLD,4561
32653,NORTH BOOVAL,QLD,4304
32654,NORTH BRANCH,QLD,4356
32655,NORTH BRANCH,QLD,4370
32656,NORTH BUNGUNYA,QLD,4494
32657,NORTH CAIRNS,QLD,4870
32658,NORTH DEEP CREEK,QLD,4570
32659,NORTH ETON,QLD,4741
32660,NORTH GREGORY,QLD,4660
32661,NORTH GREGORY,QLD,4800
32662,NORTH IPSWICH,QLD,4305
32663,NORTH ISIS,QLD,4660
32664,NORTH JOHNSTONE,QLD,4885
32665,NORTH LAKES,QLD,4509
32666,NORTH MACKAY,QLD,4740
32667,NORTH MACLAGAN,QLD,4352
32668,NORTH MACLEAN,QLD,4280
32669,NORTH MALENY,QLD,4552
32670,NORTH ROCKHAMPTON,QLD,4701
32671,NORTH SHORE,QLD,4565
32672,NORTH STRADBROKE ISLAND,QLD,4183
32673,NORTH TALWOOD,QLD,4496
32674,NORTH TAMBORINE,QLD,4272
32675,NORTH TIVOLI,QLD,4305
32676,NORTH TOOWOOMBA,QLD,4350
32677,NORTH WARD,QLD,4810
32678,NORTHGATE,QLD,4013
32679,NORTHGATE MC,QLD,4013
32680,NORTHGATE MC,QLD,9464
32681,NORTHHEAD,QLD,4871
32682,NORTHLANDS,QLD,4350
32683,NORTHPOINT,QLD,4350
32684,NORVILLE,QLD,4670
32685,NORWELL,QLD,4208
32686,NORWICH PARK,QLD,4745
32687,NORWIN,QLD,4356
32688,NUDGEE,QLD,4014
32689,NUDGEE BEACH,QLD,4014
32690,NUKINENDA,QLD,4355
32691,NUKKU,QLD,4306
32692,NUKKU,QLD,4314
32693,NUMINBAH VALLEY,QLD,4211
32694,NUNDAH,QLD,4012
32695,NUNDUBBERMERE,QLD,4380
32696,NUTGROVE,QLD,4352
32697,NYCHUM,QLD,4871
32698,O'BIL BIL,QLD,4626
32699,O'BRIENS HILL,QLD,4860
32700,O'CONNELL,QLD,4680
32701,O'REILLY,QLD,4275
32702,O'REILLYS,QLD,4275
32703,OAK BEACH,QLD,4877
32704,OAK VALLEY,QLD,4811
32705,OAKDALE,QLD,4605
32706,OAKENDEN,QLD,4741
32707,OAKEY,QLD,4401
32708,OAKEY CREEK,QLD,4714
32709,OAKHURST,QLD,4650
32710,OAKVIEW,QLD,4600
32711,OAKWOOD,QLD,4670
32712,OAKY CREEK,QLD,4285
32713,OASIS GARDENS,QLD,4701
32714,OBERINA,QLD,4417
32715,OBI OBI,QLD,4574
32716,OBIL BIL,QLD,4626
32717,OBUM OBUM,QLD,4309
32718,OCEAN VIEW,QLD,4521
32719,OGMORE,QLD,4706
32720,OKEDEN,QLD,4613
32721,OLD COORANGA,QLD,4626
32722,OLD TALGAI,QLD,4362
32723,OMAN AMA,QLD,4352
32724,ONE MILE,QLD,4305
32725,OOMBABEER,QLD,4718
32726,OONOONBA,QLD,4811
32727,OORALEA,QLD,4740
32728,OORINDI,QLD,4824
32729,OPALTON,QLD,4735
32730,OPOSSUM CREEK,QLD,4300
32731,ORALLO,QLD,4455
32732,ORANGE CREEK,QLD,4715
32733,ORANGE HILL,QLD,4455
32734,ORCHID BEACH,QLD,4581
32735,ORIENT,QLD,4850
32736,ORION,QLD,4722
32737,ORKABIE,QLD,4741
32738,ORMEAU,QLD,4208
32739,ORMEAU HILLS,QLD,4208
32740,ORMISTON,QLD,4160
32741,OSBORNE,QLD,4806
32742,OSBORNE MINE,QLD,4825
32743,OTTABA,QLD,4313
32744,OWANYILLA,QLD,4650
32745,OWENS CREEK,QLD,4741
32746,OXENFORD,QLD,4210
32747,OXFORD,QLD,4742
32748,OXFORD PARK,QLD,4053
32749,OXLEY,QLD,4075
32750,OYSTER CREEK,QLD,4674
32751,O’BIL BIL,QLD,4626
32752,O’BRIENS HILL,QLD,4860
32753,O’CONNELL,QLD,4680
32754,O’REILLY,QLD,4275
32755,PACIFIC FAIR,QLD,4218
32756,PACIFIC HAVEN,QLD,4659
32757,PACIFIC HEIGHTS,QLD,4703
32758,PACIFIC PARADISE,QLD,4564
32759,PACIFIC PINES,QLD,4211
32760,PACKERS CAMP,QLD,4865
32761,PADDINGTON,QLD,4064
32762,PADDYS GREEN,QLD,4880
32763,PAGET,QLD,4740
32764,PALEN CREEK,QLD,4287
32765,PALGRAVE,QLD,4374
32766,PALLARA,QLD,4110
32767,PALLARENDA,QLD,4810
32768,PALLAS STREET MARYBOROUGH,QLD,4650
32769,PALM BEACH,QLD,4221
32770,PALM COVE,QLD,4879
32771,PALM GROVE,QLD,4800
32772,PALM ISLAND,QLD,4816
32773,PALM TREE,QLD,4352
32774,PALMER,QLD,4892
32775,PALMERSTON,QLD,4860
32776,PALMTREE,QLD,4352
32777,PALMVIEW,QLD,4553
32778,PALMWOODS,QLD,4555
32779,PALMYRA,QLD,4751
32780,PALUMA,QLD,4816
32781,PAMPAS,QLD,4352
32782,PARADISE ISLAND,QLD,4217
32783,PARADISE POINT,QLD,4216
32784,PARADISE POINT KEYS,QLD,4216
32785,PARADISE WATERS,QLD,4217
32786,PARK AVENUE,QLD,4701
32787,PARK RIDGE,QLD,4125
32788,PARK RIDGE SOUTH,QLD,4125
32789,PARKHURST,QLD,4702
32790,PARKINSON,QLD,4115
32791,PARKLANDS,QLD,4560
32792,PARKNOOK,QLD,4417
32793,PARKSIDE,QLD,4807
32794,PARKSIDE,QLD,4825
32795,PARKWOOD,QLD,4214
32796,PARLIAMENT HOUSE,QLD,4000
32797,PARRAMATTA PARK,QLD,4870
32798,PARREARRA,QLD,4575
32799,PASHA,QLD,4721
32800,PASSCHENDAELE,QLD,4380
32801,PATERSON,QLD,4570
32802,PATRICK,QLD,4725
32803,PATRICK ESTATE,QLD,4311
32804,PAULS POCKET,QLD,4800
32805,PEACHESTER,QLD,4519
32806,PEACOCK SIDING,QLD,4850
32807,PEAK CROSSING,QLD,4306
32808,PEAK DOWNS MINE,QLD,4744
32809,PEAK VALE,QLD,4721
32810,PECHEY,QLD,4352
32811,PEEK-A-DOO,QLD,4420
32812,PEEL ISLAND,QLD,4184
32813,PEERAMON,QLD,4885
32814,PELHAM,QLD,4415
32815,PELICAN,QLD,4413
32816,PELICAN CREEK,QLD,4726
32817,PELICAN WATERS,QLD,4551
32818,PENTLAND,QLD,4816
32819,PENWHAUPELL,QLD,4625
32820,PERANGA,QLD,4352
32821,PEREGIAN BEACH,QLD,4573
32822,PEREGIAN BEACH SOUTH,QLD,4573
32823,PEREGIAN SPRINGS,QLD,4573
32824,PERSEVERANCE,QLD,4352
32825,PERULPA ISLAND,QLD,4184
32826,PERWILLOWEN,QLD,4560
32827,PETFORD,QLD,4871
32828,PETRIE,QLD,4502
32829,PETRIE TERRACE,QLD,4000
32830,PHEASANT CREEK,QLD,4702
32831,PHILPOTT,QLD,4626
32832,PIALBA,QLD,4655
32833,PICKANJINNIE,QLD,4428
32834,PICNIC BAY,QLD,4819
32835,PICNIC POINT,QLD,4350
32836,PIE CREEK,QLD,4570
32837,PIERCE CREEK,QLD,4355
32838,PIERCES CREEK,QLD,4355
32839,PIKEDALE,QLD,4380
32840,PIKES CREEK,QLD,4380
32841,PILE GULLY,QLD,4625
32842,PILERWA,QLD,4650
32843,PILTON,QLD,4361
32844,PIMLICO,QLD,4812
32845,PIMPAMA,QLD,4209
32846,PIMPIMBUDGEE,QLD,4615
32847,PIN GIN HILL,QLD,4860
32848,PINBARREN,QLD,4568
32849,PINDARI HILLS,QLD,4211
32850,PINDI PINDI,QLD,4798
32851,PINE CREEK,QLD,4670
32852,PINE HILL,QLD,4724
32853,PINE HILLS,QLD,4416
32854,PINE MOUNTAIN,QLD,4306
32855,PINELANDS,QLD,4355
32856,PINEVALE,QLD,4754
32857,PINJARRA HILLS,QLD,4069
32858,PINK LILY,QLD,4702
32859,PINKENBA,QLD,4008
32860,PINKLANDS,QLD,4164
32861,PINNACLE,QLD,4741
32862,PINNACLES,QLD,4815
32863,PIONEER,QLD,4825
32864,PIONEERS REST,QLD,4650
32865,PIRRINUAN,QLD,4405
32866,PITTSWORTH,QLD,4356
32867,PITURIE,QLD,4825
32868,PLACID HILLS,QLD,4343
32869,PLAINBY,QLD,4355
32870,PLAINLAND,QLD,4341
32871,PLANE CREEK WEST,QLD,4737
32872,PLANELLA,QLD,4740
32873,PLANLAND,QLD,4740
32874,PLEYSTOWE,QLD,4741
32875,PLUM TREE,QLD,4702
32876,POINT ARKWRIGHT,QLD,4573
32877,POINT HALLORAN,QLD,4165
32878,POINT LOOKOUT,QLD,4183
32879,POINT TALBURPIN,QLD,4165
32880,POINT VERNON,QLD,4655
32881,POMONA,QLD,4568
32882,PONY HILLS,QLD,4454
32883,POONA,QLD,4650
32884,PORCUPINE,QLD,4821
32885,PORMPURAAW,QLD,4871
32886,PORMPURAAW,QLD,4892
32887,PORT ALMA,QLD,4699
32888,PORT CURTIS,QLD,4700
32889,PORT DOUGLAS,QLD,4877
32890,PORT OF BRISBANE,QLD,4178
32891,PORT WINE,QLD,4724
32892,PORTLAND ROADS,QLD,4871
32893,PORTSMITH,QLD,4870
32894,PORUMA ISLAND,QLD,4875
32895,POSTMANS RIDGE,QLD,4352
32896,POZIERES,QLD,4352
32897,PRAIRIE,QLD,4816
32898,PRAIRIE,QLD,4821
32899,PRATTEN,QLD,4370
32900,PRAWLE,QLD,4650
32901,PRENZLAU,QLD,4311
32902,PRESTON,QLD,4352
32903,PRESTON,QLD,4800
32904,PRIESTDALE,QLD,4127
32905,PRIESTS GULLY,QLD,4123
32906,PRINCE HENRY HEIGHTS,QLD,4350
32907,PRINCE OF WALES,QLD,4875
32908,PRINCESS ALEXANDRA HOSPITAL,QLD,4102
32909,PRIORS POCKET,QLD,4070
32910,PROMISEDLAND,QLD,4660
32911,PROSERPINE,QLD,4800
32912,PROSPECT,QLD,4715
32913,PROSTON,QLD,4613
32914,PULLENVALE,QLD,4069
32915,PUNCHS CREEK,QLD,4357
32916,PUNSAND,QLD,4876
32917,PURGA,QLD,4306
32918,PURONO PARK,QLD,4818
32919,PURRAWUNDA,QLD,4356
32920,PYRAMID,QLD,4865
32921,Q SUPERCENTRE,QLD,4218
32922,QUEENS BEACH,QLD,4805
32923,QUEENTON,QLD,4820
32924,QUETTA,QLD,4724
32925,QUILPIE,QLD,4480
32926,QUINALOW,QLD,4403
32927,QUNABA,QLD,4670
32928,RACECOURSE,QLD,4740
32929,RACEVIEW,QLD,4305
32930,RADFORD,QLD,4307
32931,RAGLAN,QLD,4697
32932,RAILWAY ESTATE,QLD,4810
32933,RAINBOW BAY,QLD,4225
32934,RAINBOW BEACH,QLD,4581
32935,RAINWORTH,QLD,4065
32936,RAMSAY,QLD,4352
32937,RAMSAY,QLD,4358
32938,RANGEMORE,QLD,4352
32939,RANGEMORE,QLD,4806
32940,RANGES BRIDGE,QLD,4405
32941,RANGEVILLE,QLD,4350
32942,RANGEWOOD,QLD,4817
32943,RANNES,QLD,4702
32944,RANSOME,QLD,4154
32945,RASMUSSEN,QLD,4815
32946,RATHDOWNEY,QLD,4287
32947,RAVENSBOURNE,QLD,4352
32948,RAVENSHOE,QLD,4888
32949,RAVENSWOOD,QLD,4816
32950,RAVENSWORTH,QLD,4892
32951,RAWBELLE,QLD,4630
32952,RAYMONDS HILL,QLD,4305
32953,RED HILL,QLD,4059
32954,RED HILL,QLD,4413
32955,RED HILL ROCKHAMPTON,QLD,4701
32956,RED RIVER,QLD,4892
32957,REDBANK,QLD,4301
32958,REDBANK CREEK,QLD,4312
32959,REDBANK PLAINS,QLD,4301
32960,REDCLIFFE,QLD,4020
32961,REDCLIFFE NORTH,QLD,4020
32962,REDFORD,QLD,4467
32963,REDGATE,QLD,4605
32964,REDHILL FARMS,QLD,4671
32965,REDLAND BAY,QLD,4165
32966,REDLYNCH,QLD,4870
32967,REDRIDGE,QLD,4660
32968,REDWOOD,QLD,4350
32969,REEDY CREEK,QLD,4227
32970,REESVILLE,QLD,4552
32971,REGENCY DOWNS,QLD,4341
32972,REGENTS PARK,QLD,4118
32973,REID RIVER,QLD,4816
32974,REIDS CREEK,QLD,4625
32975,RETRO,QLD,4723
32976,REWAN,QLD,4702
32977,RHYDDING,QLD,4718
32978,RIALTO,QLD,4218
32979,RICHANNA HEIGHTS,QLD,4740
32980,RICHLANDS,QLD,4077
32981,RICHLANDS BC,QLD,4077
32982,RICHLANDS DC,QLD,4077
32983,RICHMOND,QLD,4740
32984,RICHMOND,QLD,4822
32985,RICHMOND HILL,QLD,4820
32986,RIDGELANDS,QLD,4702
32987,RIDGEWOOD,QLD,4563
32988,RIFLE RANGE,QLD,4311
32989,RINGTAIL CREEK,QLD,4565
32990,RINGWOOD,QLD,4343
32991,RIO VISTA,QLD,4218
32992,RIORDANVALE,QLD,4800
32993,RIPLEY,QLD,4306
32994,RISING SUN,QLD,4812
32995,RITA ISLAND,QLD,4807
32996,RITE ISLAND,QLD,4807
32997,RIVER HEADS,QLD,4655
32998,RIVER RANCH,QLD,4680
32999,RIVERBEND,QLD,4280
33000,RIVERHILLS,QLD,4074
33001,RIVERLEIGH,QLD,4626
33002,RIVERSIDE CENTRE,QLD,4001
33003,RIVERSLEIGH,QLD,4470
33004,RIVERTON,QLD,4385
33005,RIVERVIEW,QLD,4303
33006,ROADVALE,QLD,4310
33007,ROBERTSON,QLD,4109
33008,ROBINA,QLD,4226
33009,ROBINA DC,QLD,4226
33010,ROBINA TOWN CENTRE,QLD,4230
33011,ROCHE CREEK,QLD,4419
33012,ROCHEDALE,QLD,4123
33013,ROCHEDALE SOUTH,QLD,4123
33014,ROCKHAMPTON,QLD,4700
33015,ROCKHAMPTON CITY,QLD,4700
33016,ROCKHAMPTON DC,QLD,4701
33017,ROCKHAMPTON HOSPITAL,QLD,4700
33018,ROCKHAMPTON NORTH,QLD,4701
33019,ROCKHAMPTON SHOPPING FAIR,QLD,4701
33020,ROCKINGHAM,QLD,4854
33021,ROCKLEA,QLD,4106
33022,ROCKLEA DC,QLD,4106
33023,ROCKMOUNT,QLD,4344
33024,ROCKSBERG,QLD,4510
33025,ROCKSIDE,QLD,4343
33026,ROCKVILLE,QLD,4350
33027,ROCKY CREEK,QLD,4357
33028,ROCKY POINT,QLD,4873
33029,ROCKY POINT,QLD,4874
33030,ROCKYVIEW,QLD,4701
33031,RODDS BAY,QLD,4678
33032,RODGERS CREEK,QLD,4370
33033,ROLLESTON,QLD,4702
33034,ROLLINGSTONE,QLD,4816
33035,ROMA,QLD,4455
33036,ROOKWOOD,QLD,4871
33037,ROPELEY,QLD,4343
33038,ROSALIE,QLD,4064
33039,ROSALIE PLAINS,QLD,4401
33040,ROSE BAY,QLD,4805
33041,ROSEDALE,QLD,4674
33042,ROSEHILL,QLD,4370
33043,ROSELLA,QLD,4740
33044,ROSEMOUNT,QLD,4560
33045,ROSENEATH,QLD,4811
33046,ROSENTHAL,QLD,4370
33047,ROSENTHAL HEIGHTS,QLD,4370
33048,ROSEVALE,QLD,4340
33049,ROSEWOOD,QLD,4340
33050,ROSS CREEK,QLD,4570
33051,ROSS RIVER,QLD,4816
33052,ROSSLEA,QLD,4812
33053,ROSSLYN,QLD,4703
33054,ROSSMOYA,QLD,4702
33055,ROSSVALE,QLD,4356
33056,ROSSVILLE,QLD,4895
33057,ROTHWELL,QLD,4022
33058,ROUND HILL,QLD,4677
33059,ROUNDSTONE,QLD,4718
33060,ROWES BAY,QLD,4810
33061,ROYAL BRISBANE HOSPITAL,QLD,4029
33062,ROYSTON,QLD,4515
33063,RUBYANNA,QLD,4670
33064,RUBYVALE,QLD,4702
33065,RULES BEACH,QLD,4674
33066,RUNAWAY BAY,QLD,4216
33067,RUNCORN,QLD,4113
33068,RUNGOO,QLD,4849
33069,RUNNING CREEK,QLD,4287
33070,RUNNYMEDE,QLD,4615
33071,RUPERTSWOOD,QLD,4817
33072,RURAL VIEW,QLD,4740
33073,RUSH CREEK,QLD,4521
33074,RUSSELL ISLAND,QLD,4184
33075,RYAN,QLD,4825
33076,RYEFORD,QLD,4361
33077,RYWUNG,QLD,4413
33078,SABINE,QLD,4401
33079,SADLIERS CROSSING,QLD,4305
33080,SAIBAI ISLAND,QLD,4875
33081,SALISBURY,QLD,4107
33082,SALISBURY EAST,QLD,4107
33083,SALONIKA BEACH,QLD,4740
33084,SALTERN,QLD,4725
33085,SAMFORD,QLD,4520
33086,SAMFORD VALLEY,QLD,4520
33087,SAMFORD VILLAGE,QLD,4520
33088,SAMSONVALE,QLD,4520
33089,SANCTUARY COVE,QLD,4212
33090,SANDGATE,QLD,4017
33091,SANDGATE DC,QLD,4017
33092,SANDIFORD,QLD,4740
33093,SANDRINGHAM,QLD,4701
33094,SANDSTONE POINT,QLD,4511
33095,SANDY CAMP,QLD,4361
33096,SANDY CREEK,QLD,4515
33097,SANDY CREEK,QLD,4570
33098,SANDY POCKET,QLD,4871
33099,SANDY RIDGES,QLD,4615
33100,SANTA BARBARA,QLD,4212
33101,SANTA FE HEIGHTS,QLD,4670
33102,SAPPHIRE,QLD,4702
33103,SAPPHIRE CENTRAL,QLD,4702
33104,SARABAH,QLD,4275
33105,SARINA,QLD,4737
33106,SARINA BEACH,QLD,4737
33107,SARINA RANGE,QLD,4737
33108,SAUNDERS BEACH,QLD,4818
33109,SAVANNAH,QLD,4816
33110,SAXBY,QLD,4822
33111,SCARBOROUGH,QLD,4020
33112,SCARNESS,QLD,4655
33113,SCOTCHY POCKET,QLD,4570
33114,SCOTTS POINT,QLD,4019
33115,SCOTTVILLE,QLD,4804
33116,SCRUB CREEK,QLD,4313
33117,SCRUBBY CREEK,QLD,4478
33118,SCRUBBY CREEK,QLD,4570
33119,SCRUBBY MOUNTAIN,QLD,4356
33120,SEAFORTH,QLD,4741
33121,SEDGEFORD,QLD,4724
33122,SEISIA,QLD,4876
33123,SELENE,QLD,4630
33124,SELLHEIM,QLD,4816
33125,SELWYN,QLD,4824
33126,SEPTIMUS,QLD,4754
33127,SERVICETON,QLD,4077
33128,SEVEN HILLS,QLD,4170
33129,SEVENTEEN MILE,QLD,4344
33130,SEVENTEEN MILE ROCKS,QLD,4073
33131,SEVENTEEN SEVENTY,QLD,4677
33132,SEVENTY MILE,QLD,4820
33133,SEVERNLEA,QLD,4352
33134,SEVERNLEA,QLD,4380
33135,SEXTON,QLD,4570
33136,SHAILER PARK,QLD,4128
33137,SHANNONVALE,QLD,4873
33138,SHARON,QLD,4670
33139,SHAW,QLD,4818
33140,SHEEP STATION CREEK,QLD,4515
33141,SHELBURNE,QLD,4874
33142,SHELDON,QLD,4157
33143,SHELL POCKET,QLD,4855
33144,SHELLY BEACH,QLD,4551
33145,SHELLY BEACH,QLD,4810
33146,SHERWOOD,QLD,4075
33147,SHINFIELD,QLD,4737
33148,SHIRBOURNE,QLD,4809
33149,SHOAL POINT,QLD,4750
33150,SHOALWATER,QLD,4702
33151,SHORNCLIFFE,QLD,4017
33152,SHUTE HARBOUR,QLD,4802
33153,SHUTEHAVEN,QLD,4802
33154,SILKSTONE,QLD,4304
33155,SILKWOOD,QLD,4856
33156,SILKWOOD EAST,QLD,4857
33157,SILKY OAK,QLD,4854
33158,SILVER CREEK,QLD,4800
33159,SILVER PINCH,QLD,4344
33160,SILVER RIDGE,QLD,4344
33161,SILVER RIDGE,QLD,4352
33162,SILVER SPUR,QLD,4385
33163,SILVER VALLEY,QLD,4872
33164,SILVERBARK RIDGE,QLD,4124
33165,SILVERDALE,QLD,4307
33166,SILVERLEAF,QLD,4605
33167,SILVERLEIGH,QLD,4401
33168,SILVERWOOD,QLD,4370
33169,SIMMIE,QLD,4454
33170,SINNAMON PARK,QLD,4073
33171,SIPPY DOWNS,QLD,4556
33172,SKYRING RESERVE,QLD,4671
33173,SLACKS CREEK,QLD,4127
33174,SLADE POINT,QLD,4740
33175,SLADEVALE,QLD,4370
33176,SMITHFIELD,QLD,4878
33177,SMITHLEA,QLD,4385
33178,SMOKY CREEK,QLD,4702
33179,SOLDIERS HILL,QLD,4825
33180,SOMERSET,QLD,4876
33181,SOMERSET DAM,QLD,4312
33182,SOMERSET HILLS,QLD,4053
33183,SOMMARIVA,QLD,4470
33184,SOMME,QLD,4382
33185,SORRENTO,QLD,4217
33186,SOUTH BANK,QLD,4101
33187,SOUTH BINGERA,QLD,4670
33188,SOUTH BRISBANE,QLD,4101
33189,SOUTH BRISBANE BC,QLD,4101
33190,SOUTH EAST NANANGO,QLD,4615
33191,SOUTH END,QLD,4680
33192,SOUTH GLADSTONE,QLD,4680
33193,SOUTH INNISFAIL,QLD,4860
33194,SOUTH ISIS,QLD,4660
33195,SOUTH JOHNSTONE,QLD,4859
33196,SOUTH KOLAN,QLD,4670
33197,SOUTH MACKAY,QLD,4740
33198,SOUTH MACLEAN,QLD,4280
33199,SOUTH MISSION,QLD,4852
33200,SOUTH MISSION BEACH,QLD,4852
33201,SOUTH MOLLE,QLD,4741
33202,SOUTH NANANGO,QLD,4615
33203,SOUTH RIPLEY,QLD,4306
33204,SOUTH STRADBROKE,QLD,4216
33205,SOUTH TALWOOD,QLD,4496
33206,SOUTH TOOWOOMBA,QLD,4350
33207,SOUTH TOWNSVILLE,QLD,4810
33208,SOUTH TREES,QLD,4680
33209,SOUTH WELLESLEY ISLANDS,QLD,4871
33210,SOUTH WELLESLEY ISLANDS,QLD,4892
33211,SOUTH YAAMBA,QLD,4702
33212,SOUTHBROOK,QLD,4363
33213,SOUTHEDGE,QLD,4871
33214,SOUTHERN CROSS,QLD,4820
33215,SOUTHERN LAMINGTON,QLD,4211
33216,SOUTHPORT,QLD,4215
33217,SOUTHPORT BC,QLD,4215
33218,SOUTHPORT PARK,QLD,4215
33219,SOUTHSIDE,QLD,4570
33220,SOUTHTOWN,QLD,4350
33221,SOUTHWOOD,QLD,4406
33222,SOVEREIGN ISLANDS,QLD,4216
33223,SPEEDWELL,QLD,4613
33224,SPEEWAH,QLD,4881
33225,SPLINTER CREEK,QLD,4630
33226,SPLIT YARD CREEK,QLD,4306
33227,SPREADBOROUGH,QLD,4825
33228,SPRING BLUFF,QLD,4352
33229,SPRING CREEK,QLD,4343
33230,SPRING CREEK,QLD,4361
33231,SPRING CREEK,QLD,4420
33232,SPRING HILL,QLD,4000
33233,SPRING HILL,QLD,4004
33234,SPRING MOUNTAIN,QLD,4300
33235,SPRINGBROOK,QLD,4213
33236,SPRINGDALE,QLD,4380
33237,SPRINGFIELD,QLD,4300
33238,SPRINGFIELD,QLD,4871
33239,SPRINGFIELD CENTRAL,QLD,4300
33240,SPRINGFIELD LAKES,QLD,4300
33241,SPRINGLANDS,QLD,4804
33242,SPRINGSIDE,QLD,4356
33243,SPRINGSURE,QLD,4722
33244,SPRINGVALE,QLD,4405
33245,SPRINGWOOD,QLD,4127
33246,SPRINGWOOD BC,QLD,4127
33247,SPURGEON,QLD,4871
33248,SPURGEON,QLD,4873
33249,ST AGNES,QLD,4671
33250,ST AUBYN,QLD,4352
33251,ST GEORGE,QLD,4487
33252,ST HELENS,QLD,4356
33253,ST HELENS,QLD,4650
33254,ST HELENS BEACH,QLD,4798
33255,ST JOHNS WOOD,QLD,4060
33256,ST KILDA,QLD,4671
33257,ST LAWRENCE,QLD,4707
33258,ST LUCIA,QLD,4067
33259,ST LUCIA SOUTH,QLD,4067
33260,ST MARY,QLD,4570
33261,ST MARY,QLD,4650
33262,ST RUTH,QLD,4405
33263,STAATEN,QLD,4892
33264,STABLEFORD,QLD,4817
33265,STAFFORD,QLD,4053
33266,STAFFORD BC,QLD,4053
33267,STAFFORD CITY,QLD,4053
33268,STAFFORD DC,QLD,4053
33269,STAFFORD HEIGHTS,QLD,4053
33270,STALWORTH,QLD,4613
33271,STAMFORD,QLD,4821
33272,STANAGE,QLD,4702
33273,STANLEY BRIDGE,QLD,4169
33274,STANMORE,QLD,4514
33275,STANTHORPE,QLD,4380
33276,STANWELL,QLD,4702
33277,STAPYLTON,QLD,4207
33278,STARCKE,QLD,4895
33279,STATUE BAY,QLD,4703
33280,STEIGLITZ,QLD,4207
33281,STEPHENS ISLAND,QLD,4875
33282,STEWART CREEK VALLEY,QLD,4873
33283,STEWARTON,QLD,4702
33284,STOCKHAVEN,QLD,4625
33285,STOCKLEIGH,QLD,4280
33286,STOCKTON,QLD,4871
33287,STOCKYARD,QLD,4344
33288,STOCKYARD,QLD,4703
33289,STOKES,QLD,4823
33290,STONEHENGE,QLD,4357
33291,STONEHENGE,QLD,4730
33292,STONELANDS,QLD,4612
33293,STONELEIGH,QLD,4356
33294,STONES CORNER,QLD,4120
33295,STONY CREEK,QLD,4514
33296,STORM KING,QLD,4380
33297,STOTERS HILL,QLD,4860
33298,STRATFORD,QLD,4870
33299,STRATHDICKIE,QLD,4800
33300,STRATHFIELD,QLD,4742
33301,STRATHMORE,QLD,4871
33302,STRATHPINE,QLD,4500
33303,STRATHPINE CENTRE,QLD,4500
33304,STRATHPINE CITY,QLD,4500
33305,STRETTON,QLD,4116
33306,STRUCK OIL,QLD,4714
33307,STUART,QLD,4811
33308,STUARTHOLME,QLD,4066
33309,STUDIO VILLAGE,QLD,4210
33310,STURT,QLD,4829
33311,SUGARLOAF,QLD,4380
33312,SUGARLOAF,QLD,4800
33313,SUJEEWONG,QLD,4413
33314,SUMMERHOLM,QLD,4341
33315,SUMNER,QLD,4074
33316,SUMNER PARK BC,QLD,4074
33317,SUN VALLEY,QLD,4680
33318,SUNDALE,QLD,4215
33319,SUNDOWN,QLD,4382
33320,SUNDOWN,QLD,4860
33321,SUNNY NOOK,QLD,4605
33322,SUNNYBANK,QLD,4109
33323,SUNNYBANK HILLS,QLD,4109
33324,SUNNYBANK SOUTH,QLD,4109
33325,SUNNYSIDE,QLD,4416
33326,SUNNYSIDE,QLD,4737
33327,SUNRISE BEACH,QLD,4567
33328,SUNRISE HILLS,QLD,4563
33329,SUNSET,QLD,4825
33330,SUNSHINE ACRES,QLD,4655
33331,SUNSHINE BEACH,QLD,4567
33332,SUNSHINE COAST MC,QLD,4560
33333,SUNSHINE PLAZA,QLD,4558
33334,SURAT,QLD,4417
33335,SURBITON,QLD,4724
33336,SURFERS PARADISE,QLD,4217
33337,SUSAN RIVER,QLD,4655
33338,SUTTOR,QLD,4743
33339,SVENSSON HEIGHTS,QLD,4670
33340,SWAN CREEK,QLD,4370
33341,SWANBANK,QLD,4306
33342,SWANFELS,QLD,4371
33343,SWANS LAGOON,QLD,4807
33344,SYLVIA VALE,QLD,4355
33345,SYNDICATE,QLD,4873
33346,TAABINGA,QLD,4610
33347,TAABINGA VILLAGE,QLD,4610
33348,TABLEDERRY,QLD,4732
33349,TABLELANDS,QLD,4605
33350,TABLELANDS,QLD,4680
33351,TABOOBA,QLD,4285
33352,TABRAGALBA,QLD,4285
33353,TAIGUM,QLD,4018
33354,TAKILBERAN,QLD,4671
33355,TAKURA,QLD,4655
33356,TALAROO,QLD,4871
33357,TALBOT ISLAND,QLD,4875
33358,TALDORA,QLD,4823
33359,TALEGALLA WEIR,QLD,4650
33360,TALGAI,QLD,4362
33361,TALLAI,QLD,4213
33362,TALLEBUDGERA,QLD,4228
33363,TALLEBUDGERA VALLEY,QLD,4228
33364,TALLEGALLA,QLD,4340
33365,TALLY VALLEY,QLD,4220
33366,TALWOOD,QLD,4496
33367,TAM O'SHANTER,QLD,4852
33368,TAMAREE,QLD,4570
33369,TAMARIND GARDENS,QLD,4869
33370,TAMBO,QLD,4478
33371,TAMBORINE,QLD,4270
33372,TAMBORINE MOUNTAIN,QLD,4272
33373,TAMBORINE VILLAGE,QLD,4270
33374,TAMROOKUM,QLD,4285
33375,TAMROOKUM CREEK,QLD,4285
33376,TANAH MERAH,QLD,4128
33377,TANAWHA,QLD,4556
33378,TANBAR,QLD,4481
33379,TANBY,QLD,4703
33380,TANDORA,QLD,4650
33381,TANDUR,QLD,4570
33382,TANGALOOMA,QLD,4025
33383,TANGORIN,QLD,4821
33384,TANNUM SANDS,QLD,4680
33385,TANNYMOREL,QLD,4372
33386,TANSEY,QLD,4601
33387,TARA,QLD,4421
33388,TARA STATION,QLD,4725
33389,TARAGOOLA,QLD,4680
33390,TARAMPA,QLD,4311
33391,TARANGANBA,QLD,4703
33392,TARAWERA,QLD,4494
33393,TARGINIE,QLD,4694
33394,TARGINNIE,QLD,4694
33395,TARINGA,QLD,4068
33396,TAROME,QLD,4309
33397,TAROMEO,QLD,4306
33398,TAROMEO,QLD,4314
33399,TARONG,QLD,4615
33400,TAROOM,QLD,4420
33401,TAROOMBALL,QLD,4703
33402,TARRAGINDI,QLD,4121
33403,TARRAMBA,QLD,4702
33404,TARRAMBA,QLD,4715
33405,TARRAWARRA,QLD,4868
33406,TARZALI,QLD,4885
33407,TAUNTON,QLD,4674
33408,TAYLORS BEACH,QLD,4850
33409,TE KOWAI,QLD,4740
33410,TEDDINGTON,QLD,4650
33411,TEEBAR,QLD,4620
33412,TEELAH,QLD,4306
33413,TEELAH,QLD,4314
33414,TEELBA,QLD,4423
33415,TEEWAH,QLD,4565
33416,TELINA,QLD,4680
33417,TELINA HEIGHTS,QLD,4740
33418,TELLEBANG,QLD,4630
33419,TEMPLIN,QLD,4310
33420,TENERIFFE,QLD,4005
33421,TENNYSON,QLD,4105
33422,TERRICA,QLD,4387
33423,TEVIOTVILLE,QLD,4309
33424,TEWANTIN,QLD,4565
33425,TEXAS,QLD,4385
33426,THABEBAN,QLD,4670
33427,THAGOONA,QLD,4306
33428,THALLON,QLD,4497
33429,THANE,QLD,4370
33430,THANES CREEK,QLD,4370
33431,THANGOOL,QLD,4716
33432,THARGOMINDAH,QLD,4492
33433,THE BLUFF,QLD,4340
33434,THE BLUFF,QLD,4355
33435,THE CAPE,QLD,4816
33436,THE CAVES,QLD,4702
33437,THE COMMON,QLD,4701
33438,THE DAWN,QLD,4570
33439,THE DIMONDS,QLD,4650
33440,THE FALLS,QLD,4373
33441,THE GAP,QLD,4061
33442,THE GAP,QLD,4825
33443,THE GEMFIELDS,QLD,4702
33444,THE GLEN,QLD,4370
33445,THE GRANGE,QLD,4051
33446,THE GUMS,QLD,4406
33447,THE HEAD,QLD,4373
33448,THE HERMITAGE,QLD,4370
33449,THE KEPPELS,QLD,4700
33450,THE LEAP,QLD,4740
33451,THE LIMITS,QLD,4625
33452,THE MINE,QLD,4714
33453,THE MONUMENT,QLD,4825
33454,THE NARROWS,QLD,4695
33455,THE PALMS,QLD,4570
33456,THE PERCY GROUP,QLD,4707
33457,THE PINES,QLD,4357
33458,THE RANGE,QLD,4700
33459,THE SPIT,QLD,4217
33460,THE SUMMIT,QLD,4377
33461,THEEBINE,QLD,4570
33462,THEODORE,QLD,4719
33463,THERESA CREEK,QLD,4721
33464,THINOOMBA,QLD,4650
33465,THOMPSON ESTATE,QLD,4103
33466,THOMPSON POINT,QLD,4702
33467,THOOPARA,QLD,4800
33468,THORNBOROUGH,QLD,4871
33469,THORNDALE,QLD,4380
33470,THORNESIDE,QLD,4158
33471,THORNLANDS,QLD,4164
33472,THORNTON,QLD,4341
33473,THORNTON BEACH,QLD,4873
33474,THORNVILLE,QLD,4352
33475,THREE MOON,QLD,4630
33476,THREE RIVERS,QLD,4824
33477,THULIMBAH,QLD,4376
33478,THURINGOWA CENTRAL,QLD,4817
33479,THURINGOWA DC,QLD,4814
33480,THURSDAY ISLAND,QLD,4875
33481,TIARO,QLD,4650
33482,TIERI,QLD,4709
33483,TIMBERLANDS,QLD,4740
33484,TIN CAN BAY,QLD,4580
33485,TINANA,QLD,4650
33486,TINANA SOUTH,QLD,4650
33487,TINAROO,QLD,4872
33488,TINBEERWAH,QLD,4563
33489,TINGALPA,QLD,4173
33490,TINGALPA BC,QLD,4173
33491,TINGALPA DC,QLD,4173
33492,TINGOORA,QLD,4608
33493,TINGUN,QLD,4455
33494,TINNANBAR,QLD,4650
33495,TIPTON,QLD,4405
33496,TIRROAN,QLD,4671
33497,TIVOLI,QLD,4305
33498,TOCAL,QLD,4730
33499,TOGARA,QLD,4702
33500,TOKO,QLD,4829
33501,TOLGA,QLD,4882
33502,TOLL,QLD,4820
33503,TOOBANNA,QLD,4850
33504,TOOBEAH,QLD,4498
33505,TOOGOOLAWAH,QLD,4313
33506,TOOGOOM,QLD,4655
33507,TOOLAKEA,QLD,4818
33508,TOOLARA,QLD,4570
33509,TOOLARA FOREST,QLD,4570
33510,TOOLBURRA,QLD,4370
33511,TOOLOOA,QLD,4680
33512,TOOMBUL,QLD,4012
33513,TOOMULLA,QLD,4816
33514,TOONDAHRA,QLD,4625
33515,TOONPAN,QLD,4816
33516,TOORBUL,QLD,4510
33517,TOOWONG,QLD,4066
33518,TOOWONG BC,QLD,4066
33519,TOOWONG DC,QLD,4066
33520,TOOWOOMBA,QLD,4350
33521,TOOWOOMBA BC,QLD,4350
33522,TOOWOOMBA CITY,QLD,4350
33523,TOOWOOMBA DC,QLD,4350
33524,TOOWOOMBA EAST,QLD,4350
33525,TOOWOOMBA MC,QLD,4352
33526,TOOWOOMBA SOUTH,QLD,4350
33527,TOOWOOMBA VILLAGE FAIR,QLD,4350
33528,TOOWOOMBA WEST,QLD,4350
33529,TOP CAMP,QLD,4350
33530,TOPAZ,QLD,4885
33531,TORBANLEA,QLD,4662
33532,TORQUAY,QLD,4655
33533,TORRENS CREEK,QLD,4816
33534,TORRINGTON,QLD,4350
33535,TORWOOD,QLD,4066
33536,TOWEN MOUNTAIN,QLD,4560
33537,TOWERS HILL,QLD,4820
33538,TOWN COMMON,QLD,4810
33539,TOWNSON,QLD,4341
33540,TOWNSVILLE,QLD,4810
33541,TOWNSVILLE CITY,QLD,4810
33542,TOWNSVILLE DC,QLD,4810
33543,TOWNSVILLE MC,QLD,4810
33544,TOWNSVILLE MILPO,QLD,4813
33545,TOWNSVILLE WEST,QLD,4810
33546,TOWNVIEW,QLD,4825
33547,TRAVESTON,QLD,4570
33548,TREBONNE,QLD,4850
33549,TREGONY,QLD,4370
33550,TRINDER PARK,QLD,4114
33551,TRINITY BEACH,QLD,4879
33552,TRINITY PARK,QLD,4879
33553,TROTTER CREEK,QLD,4714
33554,TRUNDING,QLD,4874
33555,TUAN,QLD,4650
33556,TUAN FOREST,QLD,4650
33557,TUCHEKOI,QLD,4570
33558,TUCKERANG,QLD,4411
33559,TUEN,QLD,4490
33560,TUGUN,QLD,4224
33561,TUGUN HEIGHTS,QLD,4224
33562,TULLY,QLD,4854
33563,TULLY HEADS,QLD,4854
33564,TUMMAVILLE,QLD,4352
33565,TUMOULIN,QLD,4888
33566,TUNGAMULL,QLD,4702
33567,TURALLIN,QLD,4357
33568,TURKEY BEACH,QLD,4678
33569,TURRAWULLA,QLD,4742
33570,TWIN WATERS,QLD,4564
33571,TWO MILE,QLD,4570
33572,TYRCONNEL,QLD,4467
33573,UBOBO,QLD,4680
33574,UGAR ISLAND,QLD,4875
33575,ULOGIE,QLD,4702
33576,UMAGICO,QLD,4876
33577,UMBIRAM,QLD,4352
33578,UNDERWOOD,QLD,4119
33579,UNDULLAH,QLD,4285
33580,UNIVERSITY OF QUEENSLAND,QLD,4072
33581,UPPER BARRON,QLD,4883
33582,UPPER BROOKFIELD,QLD,4069
33583,UPPER CABOOLTURE,QLD,4510
33584,UPPER COOMERA,QLD,4209
33585,UPPER COOYAR CREEK,QLD,4402
33586,UPPER DAINTREE,QLD,4873
33587,UPPER DARADGEE,QLD,4860
33588,UPPER DAWSON,QLD,4454
33589,UPPER FLAGSTONE,QLD,4344
33590,UPPER FREESTONE,QLD,4370
33591,UPPER GLASTONBURY,QLD,4570
33592,UPPER HAUGHTON,QLD,4809
33593,UPPER KANDANGA,QLD,4570
33594,UPPER KEDRON,QLD,4055
33595,UPPER LOCKYER,QLD,4352
33596,UPPER MOUNT GRAVATT,QLD,4122
33597,UPPER MOUNT GRAVATT BC,QLD,4122
33598,UPPER PILTON,QLD,4361
33599,UPPER PINELANDS,QLD,4355
33600,UPPER STONE,QLD,4850
33601,UPPER TENTHILL,QLD,4343
33602,UPPER WARREGO,QLD,4477
33603,UPPER WHEATVALE,QLD,4370
33604,UPPER YARRAMAN,QLD,4614
33605,URANGAN,QLD,4655
33606,URRAWEEN,QLD,4655
33607,UTCHEE CREEK,QLD,4871
33608,V GATE,QLD,4465
33609,VALDORA,QLD,4561
33610,VALE VIEW,QLD,4352
33611,VALE VIEW,QLD,4358
33612,VALENTINE PLAINS,QLD,4715
33613,VALETTAS ESTATE,QLD,4860
33614,VALKYRIE,QLD,4742
33615,VALLEY OF LAGOONS,QLD,4850
33616,VARSITY LAKES,QLD,4227
33617,VASA VIEWS,QLD,4860
33618,VENTNOR,QLD,4630
33619,VERADILLA,QLD,4347
33620,VERESDALE,QLD,4285
33621,VERESDALE SCRUB,QLD,4285
33622,VERGEMONT,QLD,4730
33623,VERNOR,QLD,4306
33624,VERRIERDALE,QLD,4562
33625,VETERAN,QLD,4570
33626,VICTORIA HILL,QLD,4361
33627,VICTORIA PLAINS,QLD,4751
33628,VICTORIA PLANTATION,QLD,4850
33629,VICTORIA POINT,QLD,4165
33630,VICTORIA POINT WEST,QLD,4165
33631,VICTORIA VALE,QLD,4822
33632,VICTORY HEIGHTS,QLD,4570
33633,VILLENEUVE,QLD,4514
33634,VINCENT,QLD,4814
33635,VINEGAR HILL,QLD,4343
33636,VIRGINIA,QLD,4014
33637,VIRGINIA BC,QLD,4014
33638,VIRGINIA DC,QLD,4014
33639,WACOL,QLD,4076
33640,WACOL EAST IMMIGRATION CENTRE,QLD,4076
33641,WAGOORA,QLD,4798
33642,WAGTAIL GROVE,QLD,4513
33643,WAHOON,QLD,4625
33644,WAHPUNGA,QLD,4571
33645,WAIKOLA,QLD,4420
33646,WAINUI,QLD,4404
33647,WAIRUNA,QLD,4872
33648,WAKERLEY,QLD,4154
33649,WALHALLOW,QLD,4462
33650,WALKAMIN,QLD,4872
33651,WALKERS POINT,QLD,4650
33652,WALKERSTON,QLD,4751
33653,WALKERVALE,QLD,4670
33654,WALLACES CREEK,QLD,4310
33655,WALLAMAN,QLD,4850
33656,WALLANGARRA,QLD,4383
33657,WALLAROO,QLD,4702
33658,WALLAVILLE,QLD,4671
33659,WALLIEBUM,QLD,4655
33660,WALLIGAN,QLD,4655
33661,WALLOON,QLD,4306
33662,WALLU,QLD,4570
33663,WALLUMBILLA,QLD,4428
33664,WALLUMBILLA NORTH,QLD,4428
33665,WALLUMBILLA SOUTH,QLD,4428
33666,WALMUL,QLD,4714
33667,WALTER HILL,QLD,4854
33668,WALTER LEVER ESTATE,QLD,4856
33669,WALTERHALL,QLD,4714
33670,WAMURAN,QLD,4512
33671,WAMURAN BASIN,QLD,4512
33672,WANDAL,QLD,4700
33673,WANDOAN,QLD,4419
33674,WANGAN,QLD,4871
33675,WANGARATTA,QLD,4806
33676,WANGETTI,QLD,4877
33677,WANJURU,QLD,4860
33678,WANORA,QLD,4306
33679,WARABA,QLD,4513
33680,WARANA,QLD,4575
33681,WARANA BEACH,QLD,4575
33682,WARBURTON,QLD,4823
33683,WARD,QLD,4470
33684,WARENDA,QLD,4829
33685,WARKON,QLD,4417
33686,WARNER,QLD,4500
33687,WARNOAH,QLD,4718
33688,WARNUNG,QLD,4605
33689,WARRA,QLD,4411
33690,WARRABER ISLAND,QLD,4875
33691,WARRABER ISLET,QLD,4875
33692,WARRAMI,QLD,4854
33693,WARRILL VIEW,QLD,4307
33694,WARROO,QLD,4387
33695,WARRUBULLEN,QLD,4871
33696,WARWICK,QLD,4370
33697,WARWICK DC,QLD,4370
33698,WASHPOOL,QLD,4306
33699,WASHPOOL,QLD,4309
33700,WATALGAN,QLD,4670
33701,WATERANGA,QLD,4621
33702,WATERFORD,QLD,4133
33703,WATERFORD WEST,QLD,4133
33704,WATERFRONT PLACE,QLD,4001
33705,WATERLOO,QLD,4673
33706,WATSONS CROSSING,QLD,4385
33707,WATSONVILLE,QLD,4887
33708,WATTLE CAMP,QLD,4615
33709,WATTLE GROVE,QLD,4610
33710,WATTLE RIDGE,QLD,4357
33711,WATTLEBANK,QLD,4704
33712,WAUA ISLET,QLD,4875
33713,WAUGH POCKET,QLD,4871
33714,WAVELL HEIGHTS,QLD,4012
33715,WAVELL HEIGHTS NORTH,QLD,4012
33716,WAVERLEY,QLD,4825
33717,WEALWANDANGIE,QLD,4722
33718,WEBB,QLD,4860
33719,WEENGALLON,QLD,4497
33720,WEERRIBA,QLD,4703
33721,WEIPA,QLD,4874
33722,WEIPA AIRPORT,QLD,4874
33723,WEIR RIVER,QLD,4406
33724,WELCOME CREEK,QLD,4670
33725,WELLCAMP,QLD,4350
33726,WELLERS HILL,QLD,4121
33727,WELLESLEY,QLD,4417
33728,WELLESLEY ISLANDS,QLD,4871
33729,WELLESLEY ISLANDS,QLD,4892
33730,WELLINGTON POINT,QLD,4160
33731,WELSBY,QLD,4507
33732,WENGENVILLE,QLD,4615
33733,WENLOCK,QLD,4874
33734,WERANGA,QLD,4405
33735,WERIBONE,QLD,4417
33736,WEST AMBERLEY,QLD,4306
33737,WEST BURLEIGH,QLD,4219
33738,WEST END,QLD,4101
33739,WEST END,QLD,4810
33740,WEST GLADSTONE,QLD,4680
33741,WEST HALDON,QLD,4359
33742,WEST IPSWICH,QLD,4305
33743,WEST MACKAY,QLD,4740
33744,WEST POINT,QLD,4819
33745,WEST PRAIRIE,QLD,4403
33746,WEST ROCKHAMPTON,QLD,4700
33747,WEST STOWE,QLD,4680
33748,WEST WELLESLEY ISLANDS,QLD,4871
33749,WEST WELLESLEY ISLANDS,QLD,4892
33750,WEST WOOMBYE,QLD,4559
33751,WESTBROOK,QLD,4350
33752,WESTCOURT,QLD,4870
33753,WESTERN CREEK,QLD,4357
33754,WESTGROVE,QLD,4454
33755,WESTLAKE,QLD,4074
33756,WESTMAR,QLD,4422
33757,WESTVALE,QLD,4514
33758,WESTWOOD,QLD,4702
33759,WETHERON,QLD,4625
33760,WEYBA DOWNS,QLD,4562
33761,WHARPS,QLD,4850
33762,WHEATLANDS,QLD,4606
33763,WHEATVALE,QLD,4370
33764,WHETSTONE,QLD,4387
33765,WHICHELLO,QLD,4352
33766,WHINSTANES,QLD,4007
33767,WHITE MOUNTAIN,QLD,4352
33768,WHITE PATCH,QLD,4507
33769,WHITE ROCK,QLD,4306
33770,WHITE ROCK,QLD,4868
33771,WHITES HILL,QLD,4152
33772,WHITESIDE,QLD,4503
33773,WHITFIELD,QLD,4870
33774,WHITSUNDAYS,QLD,4802
33775,WHYANBEEL,QLD,4873
33776,WIDGEE,QLD,4570
33777,WIDGEE CROSSING NORTH,QLD,4570
33778,WIDGEE CROSSING SOUTH,QLD,4570
33779,WIDGEEGOARA,QLD,4490
33780,WIEAMBILLA,QLD,4413
33781,WIGHTS MOUNTAIN,QLD,4520
33782,WIGTON,QLD,4612
33783,WILDASH,QLD,4370
33784,WILKESDALE,QLD,4608
33785,WILLAWONG,QLD,4110
33786,WILLOW VALE,QLD,4209
33787,WILLOWBANK,QLD,4306
33788,WILLOWS,QLD,4702
33789,WILLOWS GEMFIELDS,QLD,4702
33790,WILLOWVALE,QLD,4370
33791,WILLS,QLD,4829
33792,WILSON BEACH,QLD,4800
33793,WILSON VALLEY,QLD,4625
33794,WILSONS PLAINS,QLD,4307
33795,WILSONS POCKET,QLD,4570
33796,WILSONTON,QLD,4350
33797,WILSONTON HEIGHTS,QLD,4350
33798,WILSTON,QLD,4051
33799,WINCHESTER,QLD,4721
33800,WINDAROO,QLD,4207
33801,WINDERA,QLD,4605
33802,WINDERMERE,QLD,4670
33803,WINDEYER,QLD,4478
33804,WINDORAH,QLD,4481
33805,WINDSOR,QLD,4030
33806,WINFIELD,QLD,4670
33807,WINSTON,QLD,4825
33808,WINTERGARDEN,QLD,4002
33809,WINTON,QLD,4735
33810,WINWILL,QLD,4347
33811,WINYA,QLD,4515
33812,WISHART,QLD,4122
33813,WITHCOTT,QLD,4352
33814,WITHEREN,QLD,4275
33815,WITHERSFIELD,QLD,4702
33816,WITTA,QLD,4552
33817,WIVENHOE,QLD,4306
33818,WIVENHOE HILL,QLD,4311
33819,WIVENHOE POCKET,QLD,4306
33820,WIYARRA,QLD,4370
33821,WOLEEBEE,QLD,4419
33822,WOLFANG,QLD,4721
33823,WOLFFDENE,QLD,4207
33824,WOLVI,QLD,4570
33825,WOMALILLA,QLD,4465
33826,WOMBLEBANK,QLD,4465
33827,WOMINA,QLD,4370
33828,WONBAH,QLD,4671
33829,WONBAH FOREST,QLD,4671
33830,WONDAI,QLD,4606
33831,WONDALLI,QLD,4390
33832,WONDECLA,QLD,4887
33833,WONDUNNA,QLD,4655
33834,WONGA,QLD,4873
33835,WONGA BEACH,QLD,4873
33836,WONGABEL,QLD,4883
33837,WONGALING BEACH,QLD,4852
33838,WONGAWALLAN,QLD,4210
33839,WONGLEPONG,QLD,4275
33840,WOOCOO,QLD,4620
33841,WOODBINE,QLD,4343
33842,WOODBURY,QLD,4703
33843,WOODEND,QLD,4305
33844,WOODERSON,QLD,4680
33845,WOODFORD,QLD,4514
33846,WOODGATE,QLD,4660
33847,WOODHILL,QLD,4285
33848,WOODLANDS,QLD,4343
33849,WOODLEIGH,QLD,4352
33850,WOODMILLAR,QLD,4625
33851,WOODRIDGE,QLD,4114
33852,WOODRIDGE EAST,QLD,4114
33853,WOODSTOCK,QLD,4816
33854,WOODWARK,QLD,4802
33855,WOODY POINT,QLD,4019
33856,WOOLEIN,QLD,4702
33857,WOOLGAR,QLD,4822
33858,WOOLLOONGABBA,QLD,4102
33859,WOOLMAR,QLD,4515
33860,WOOLMER,QLD,4352
33861,WOOLOOGA,QLD,4570
33862,WOOLOOMAN,QLD,4310
33863,WOOLOOWIN,QLD,4030
33864,WOOLSHED,QLD,4340
33865,WOOMBYE,QLD,4559
33866,WOONDUL,QLD,4357
33867,WOONDUM,QLD,4570
33868,WOONGARRA,QLD,4670
33869,WOONGOOLBA,QLD,4207
33870,WOOPEN CREEK,QLD,4871
33871,WOORABINDA,QLD,4713
33872,WOORIM,QLD,4507
33873,WOOROOLIN,QLD,4608
33874,WOOROONA,QLD,4702
33875,WOOROONDEN,QLD,4605
33876,WOOROONOORAN,QLD,4860
33877,WOOTHA,QLD,4552
33878,WOOWOONGA,QLD,4621
33879,WOREE,QLD,4868
33880,WORONGARY,QLD,4213
33881,WOWAN,QLD,4702
33882,WRATTENS FOREST,QLD,4601
33883,WRIGHTS CREEK,QLD,4869
33884,WROTHAM,QLD,4892
33885,WUJAL WUJAL,QLD,4895
33886,WULGURU,QLD,4811
33887,WULKURAKA,QLD,4305
33888,WUNDARU,QLD,4740
33889,WUNJUNGA,QLD,4806
33890,WURA,QLD,4714
33891,WURDONG HEIGHTS,QLD,4680
33892,WURTULLA,QLD,4575
33893,WURUMA DAM,QLD,4627
33894,WUTUL,QLD,4352
33895,WYAGA,QLD,4390
33896,WYALLA,QLD,4615
33897,WYALLA PLAZA,QLD,4350
33898,WYANDRA,QLD,4489
33899,WYARALONG,QLD,4310
33900,WYBERBA,QLD,4382
33901,WYCARBAH,QLD,4702
33902,WYCHIE,QLD,4412
33903,WYCOMBE,QLD,4455
33904,WYNNUM,QLD,4178
33905,WYNNUM CENTRAL,QLD,4178
33906,WYNNUM NORTH,QLD,4178
33907,WYNNUM PLAZA,QLD,4178
33908,WYNNUM WEST,QLD,4178
33909,WYREEMA,QLD,4352
33910,WYUNA,QLD,4723
33911,YAAMBA,QLD,4704
33912,YABULU,QLD,4818
33913,YAGABURNE,QLD,4390
33914,YAGOONYA,QLD,4892
33915,YAKAPARI,QLD,4740
33916,YALANGUR,QLD,4352
33917,YALBOROO,QLD,4741
33918,YALLEROI,QLD,4702
33919,YAM ISLAND,QLD,4875
33920,YAMALA,QLD,4720
33921,YAMANTO,QLD,4305
33922,YAMSION,QLD,4405
33923,YANDARAN,QLD,4673
33924,YANDARLO,QLD,4478
33925,YANDILLA,QLD,4352
33926,YANDINA,QLD,4561
33927,YANDINA CREEK,QLD,4561
33928,YANGAN,QLD,4371
33929,YARAKA,QLD,4702
33930,YARAKA,QLD,4731
33931,YARGULLEN,QLD,4401
33932,YAROOMBA,QLD,4573
33933,YARRABAH,QLD,4871
33934,YARRABILBA,QLD,4207
33935,YARRADEN,QLD,4892
33936,YARRAMAN,QLD,4614
33937,YARRANLEA,QLD,4356
33938,YARRAWONGA,QLD,4810
33939,YARROL,QLD,4630
33940,YARWUN,QLD,4694
33941,YATALA,QLD,4207
33942,YATALA DC,QLD,4207
33943,YEERONGPILLY,QLD,4105
33944,YELARBON,QLD,4388
33945,YELLOW WOOD,QLD,4207
33946,YENDA,QLD,4625
33947,YENGARIE,QLD,4650
33948,YEPPOON,QLD,4703
33949,YERONGA,QLD,4104
33950,YERONGA WEST,QLD,4104
33951,YERRA,QLD,4650
33952,YIMBUN,QLD,4313
33953,YORKE ISLAND,QLD,4875
33954,YORKEYS KNOB,QLD,4878
33955,YOWAH,QLD,4490
33956,YUGAR,QLD,4520
33957,YULABILLA,QLD,4416
33958,YULEBA,QLD,4427
33959,YULEBA NORTH,QLD,4427
33960,YULEBA SOUTH,QLD,4427
33961,YUNGABURRA,QLD,4884
33962,YURUGA,QLD,4850
33963,ZILLMERE,QLD,4034
33964,ZILZIE,QLD,4710
40001,ABERFOYLE PARK,SA,5159
40002,ABMINGA STATION,SA,5440
40003,ADELAIDE,SA,5000
40004,ADELAIDE,SA,5001
40005,ADELAIDE,SA,5800
40006,ADELAIDE,SA,5801
40007,ADELAIDE,SA,5810
40008,ADELAIDE,SA,5839
40009,ADELAIDE AIRPORT,SA,5950
40010,ADELAIDE BC,SA,5000
40011,ADELAIDE UNIVERSITY,SA,5005
40012,AGERY,SA,5558
40013,ALAWOONA,SA,5311
40014,ALBERT PARK,SA,5014
40015,ALBERTON,SA,5014
40016,ALDGATE,SA,5154
40017,ALDINGA,SA,5173
40018,ALDINGA BEACH,SA,5173
40019,ALFORD,SA,5555
40020,ALLANDALE STATION,SA,5723
40021,ALLENBY GARDENS,SA,5009
40022,ALLENDALE EAST,SA,5291
40023,ALLENDALE NORTH,SA,5373
40024,ALMA,SA,5401
40025,ALPANA,SA,5730
40026,ALTON DOWNS STATION,SA,5733
40027,ALTONA,SA,5351
40028,AMERICAN BEACH,SA,5222
40029,AMERICAN RIVER,SA,5221
40030,AMYTON,SA,5431
40031,ANAMA,SA,5464
40032,ANDAMOOKA,SA,5722
40033,ANDAMOOKA STATION,SA,5722
40034,ANDREWS,SA,5454
40035,ANDREWS FARM,SA,5114
40036,ANGAS PLAINS,SA,5255
40037,ANGAS VALLEY,SA,5238
40038,ANGASTON,SA,5353
40039,ANGEPENA,SA,5732
40040,ANGLE PARK,SA,5010
40041,ANGLE VALE,SA,5117
40042,ANGORIGINA,SA,5730
40043,ANNA CREEK,SA,5723
40044,ANNADALE,SA,5356
40045,ANTECHAMBER BAY,SA,5222
40046,APAMURRA,SA,5237
40047,APOINGA,SA,5413
40048,APPILA,SA,5480
40049,ARCKARINGA,SA,5723
40050,ARCOONA,SA,5720
40051,ARDROSSAN,SA,5571
40052,ARKAROOLA,SA,5732
40053,ARKAROOLA VILLAGE,SA,5701
40054,ARMAGH,SA,5453
40055,ARNO BAY,SA,5603
40056,ARTHURTON,SA,5572
40057,ASCOT PARK,SA,5043
40058,ASHBOURNE,SA,5157
40059,ASHFORD,SA,5035
40060,ASHTON,SA,5137
40061,ASHVILLE,SA,5259
40062,ATHELSTONE,SA,5076
40063,ATHOL PARK,SA,5012
40064,AUBURN,SA,5451
40065,AULDANA,SA,5072
40066,AUSTRALIA PLAINS,SA,5374
40067,AVENUE RANGE,SA,5273
40068,AVOCA DELL,SA,5253
40069,AVON,SA,5501
40070,AYERS RANGE SOUTH,SA,0872
40071,BACK VALLEY,SA,5211
40072,BACKY POINT,SA,5601
40073,BAGOT WELL,SA,5373
40074,BAIRD BAY,SA,5671
40075,BAKARA,SA,5354
40076,BAKARA WELL,SA,5354
40077,BALAH,SA,5417
40078,BALAKLAVA,SA,5461
40079,BALD HILLS,SA,5203
40080,BALDINA,SA,5417
40081,BALGOWAN,SA,5573
40082,BALHANNAH,SA,5242
40083,BALLAST HEAD,SA,5221
40084,BANGHAM,SA,5268
40085,BANGOR,SA,5481
40086,BANKSIA PARK,SA,5091
40087,BARABBA,SA,5460
40088,BARATTA,SA,5432
40089,BARINIA,SA,5453
40090,BARMERA,SA,5345
40091,BARNA,SA,5641
40092,BARNDIOOTA,SA,5434
40093,BAROOTA,SA,5495
40094,BAROSSA GOLDFIELDS,SA,5351
40095,BARUNGA GAP,SA,5520
40096,BASKET RANGE,SA,5138
40097,BAUDIN BEACH,SA,5222
40098,BAY OF SHOALS,SA,5223
40099,BAYAH,SA,5260
40100,BEACHPORT,SA,5280
40101,BEATTY,SA,5320
40102,BEAUFORT,SA,5550
40103,BEAUMONT,SA,5066
40104,BEAUMONTS,SA,5320
40105,BEDFORD PARK,SA,5042
40106,BEETALOO VALLEY,SA,5523
40107,BELAIR,SA,5052
40108,BELALIE EAST,SA,5491
40109,BELALIE NORTH,SA,5491
40110,BELLEVUE HEIGHTS,SA,5050
40111,BELTANA,SA,5730
40112,BELTANA STATION,SA,5730
40113,BELTON,SA,5432
40114,BELVIDERE,SA,5255
40115,BENBOURNIE,SA,5453
40116,BENDA,SA,5440
40117,BERRI,SA,5343
40118,BETHANY,SA,5352
40119,BETHEL,SA,5373
40120,BEULAH PARK,SA,5067
40121,BEVERLEY,SA,5009
40122,BIBARINGA,SA,5118
40123,BIBLIANDO,SA,5432
40124,BIG BEND,SA,5238
40125,BIGGS FLAT,SA,5153
40126,BILLA KALINA,SA,5720
40127,BILLEROO WEST,SA,5440
40128,BILLIATT,SA,5311
40129,BIMBOWRIE,SA,5440
40130,BINDARRAH,SA,5440
40131,BINNUM,SA,5262
40132,BIRCHMORE,SA,5223
40133,BIRDWOOD,SA,5234
40134,BIRKENHEAD,SA,5015
40135,BLACK FOREST,SA,5035
40136,BLACK HILL,SA,5353
40137,BLACK HILL STATION,SA,5434
40138,BLACK POINT,SA,5571
40139,BLACK ROCK,SA,5431
40140,BLACK SPRINGS,SA,5413
40141,BLACKFELLOWS CAVES,SA,5291
40142,BLACKFELLOWS CREEK,SA,5201
40143,BLACKFORD,SA,5275
40144,BLACKWOOD,SA,5051
40145,BLAIR ATHOL,SA,5084
40146,BLAIR ATHOL WEST,SA,5084
40147,BLAKEVIEW,SA,5114
40148,BLAKISTON,SA,5250
40149,BLANCHE HARBOR,SA,5700
40150,BLANCHETOWN,SA,5357
40151,BLETCHLEY,SA,5255
40152,BLEWITT SPRINGS,SA,5171
40153,BLINMAN,SA,5730
40154,BLUFF BEACH,SA,5575
40155,BLYTH,SA,5462
40156,BOATSWAIN POINT,SA,5275
40157,BOCKELBERG,SA,5655
40158,BOCONNOC PARK,SA,5453
40159,BOLIVAR,SA,5110
40160,BOLLARDS LAGOON,SA,5731
40161,BOLTO,SA,5238
40162,BON BON,SA,5719
40163,BONYTHON,SA,5238
40164,BOOBOROWIE,SA,5417
40165,BOOKABIE,SA,5690
40166,BOOKPURNONG,SA,5333
40167,BOOL LAGOON,SA,5271
40168,BOOLCOOMATTA,SA,5440
40169,BOOLEROO CENTRE,SA,5482
40170,BOOLGUN,SA,5330
40171,BOONERDO,SA,5633
40172,BOORS PLAIN,SA,5554
40173,BORDERTOWN,SA,5268
40174,BORDERTOWN SOUTH,SA,5268
40175,BORRIKA,SA,5309
40176,BOSTON,SA,5607
40177,BOSWORTH,SA,5720
40178,BOWDEN,SA,5007
40179,BOWER,SA,5374
40180,BOWHILL,SA,5238
40181,BOWILLIA,SA,5461
40182,BOWMANS,SA,5550
40183,BRADBURY,SA,5153
40184,BRADY CREEK,SA,5381
40185,BRAHMA LODGE,SA,5109
40186,BRAMFIELD,SA,5670
40187,BRAY,SA,5276
40188,BRENDA PARK,SA,5320
40189,BRENTWOOD,SA,5575
40190,BRIDGEWATER,SA,5155
40191,BRIGHT,SA,5381
40192,BRIGHTON,SA,5048
40193,BRIMBAGO,SA,5267
40194,BRINKLEY,SA,5253
40195,BRINKWORTH,SA,5464
40196,BROADVIEW,SA,5083
40197,BROMPTON,SA,5007
40198,BROOKER,SA,5607
40199,BROOKLYN PARK,SA,5032
40200,BROUGHTON RIVER VALLEY,SA,5454
40201,BROWN BEACH,SA,5222
40202,BROWN HILL CREEK,SA,5062
40203,BROWNLOW,SA,5223
40204,BROWNLOW,SA,5374
40205,BROWNLOW KI,SA,5223
40206,BROWNS BEACH,SA,5222
40207,BRUCE,SA,5433
40208,BRUKUNGA,SA,5252
40209,BUCCLEUCH,SA,5254
40210,BUCHANAN,SA,5374
40211,BUCHFELDE,SA,5118
40212,BUCKINGHAM,SA,5270
40213,BUCKLAND PARK,SA,5120
40214,BUCKLEBOO,SA,5641
40215,BUGLE HUT,SA,5311
40216,BUGLE RANGES,SA,5251
40217,BULGUNNIA,SA,5719
40218,BULL CREEK,SA,5157
40219,BULLOO CREEK,SA,5440
40220,BUMBUNGA,SA,5520
40221,BUNBURY,SA,5266
40222,BUNDALEER GARDENS,SA,5491
40223,BUNDALEER NORTH,SA,5491
40224,BUNDEY,SA,5320
40225,BUNGAMA,SA,5540
40226,BUNGAREE,SA,5464
40227,BUNGEROO,SA,5641
40228,BUNYUNG,SA,5417
40229,BURDETT,SA,5253
40230,BURNSFIELD,SA,5520
40231,BURNSIDE,SA,5066
40232,BURR WELL,SA,5732
40233,BURRA,SA,5417
40234,BURRA EASTERN DISTRICTS,SA,5417
40235,BURRUNGULE,SA,5291
40236,BURTON,SA,5110
40237,BUTE,SA,5560
40238,BUTLER,SA,5605
40239,CADELL,SA,5321
40240,CADELL LAGOON,SA,5321
40241,CADGEE,SA,5271
40242,CALCA,SA,5671
40243,CALIPH,SA,5310
40244,CALLANNA,SA,5733
40245,CALLINGTON,SA,5254
40246,CALOMBA,SA,5501
40247,CALOOTE,SA,5254
40248,CALPERUM,SA,5341
40249,CALPERUM STATION,SA,5341
40250,CALTOWIE,SA,5490
40251,CALTOWIE NORTH,SA,5490
40252,CALTOWIE WEST,SA,5490
40253,CAMBRAI,SA,5353
40254,CAMDEN PARK,SA,5038
40255,CAMPBELLTOWN,SA,5074
40256,CAMPOONA,SA,5640
40257,CANEGRASS,SA,5417
40258,CANGARA,SA,5268
40259,CANNAWIGARA,SA,5268
40260,CANOWIE,SA,5419
40261,CANOWIE BELT,SA,5420
40262,CANUNDA,SA,5280
40263,CANUNDA,SA,5291
40264,CAPE BORDA,SA,5223
40265,CAPE DOUGLAS,SA,5291
40266,CAPE JAFFA,SA,5275
40267,CAPE JERVIS,SA,5204
40268,CARALUE,SA,5641
40269,CARAWA,SA,5680
40270,CARCUMA,SA,5301
40271,CAREW,SA,5270
40272,CAREY GULLY,SA,5144
40273,CAROLINE,SA,5291
40274,CARPENTER ROCKS,SA,5291
40275,CARRICKALINGA,SA,5204
40276,CARRIETON,SA,5432
40277,CARRIEWERLOO,SA,5715
40278,CASSINI,SA,5223
40279,CASTAMBUL,SA,5076
40280,CAURNAMONT,SA,5238
40281,CAVAN,SA,5094
40282,CAVENAGH,SA,5422
40283,CAVETON,SA,5291
40284,CEDUNA,SA,5690
40285,CEDUNA WATERS,SA,5690
40286,CHAFFEY,SA,5341
40287,CHAIN OF PONDS,SA,5231
40288,CHANDADA,SA,5680
40289,CHANDLERS HILL,SA,5159
40290,CHAPEL HILL,SA,5153
40291,CHAPMAN BORE,SA,5253
40292,CHARLESTON,SA,5244
40293,CHARLTON GULLY,SA,5607
40294,CHARRA,SA,5690
40295,CHELTENHAM,SA,5014
40296,CHERRY GARDENS,SA,5157
40297,CHERRYVILLE,SA,5134
40298,CHILPENUNDA,SA,5660
40299,CHINAMAN WELLS,SA,5573
40300,CHINAMEN WELLS,SA,5573
40301,CHINBINGINA,SA,5680
40302,CHITON,SA,5211
40303,CHOWILLA,SA,5341
40304,CHRISTIE DOWNS,SA,5164
40305,CHRISTIES BEACH,SA,5165
40306,CHRISTIES BEACH NORTH,SA,5165
40307,CHUNDARIA,SA,5690
40308,CITY WEST CAMPUS,SA,5000
40309,CLAPHAM,SA,5062
40310,CLARE,SA,5453
40311,CLARENCE GARDENS,SA,5039
40312,CLARENCE PARK,SA,5034
40313,CLARENDON,SA,5157
40314,CLAY WELLS,SA,5280
40315,CLAYPANS,SA,5238
40316,CLAYTON,SA,5256
40317,CLAYTON BAY,SA,5256
40318,CLAYTON STATION,SA,5733
40319,CLEARVIEW,SA,5085
40320,CLELAND,SA,5152
40321,CLEMENTS GAP,SA,5523
40322,CLEVE,SA,5640
40323,CLIFTON HILLS STATION,SA,5733
40324,CLINTON,SA,5570
40325,CLINTON CENTRE,SA,5570
40326,CLOVELLY PARK,SA,5042
40327,COBDOGLA,SA,5346
40328,COCATA,SA,5654
40329,COCKALEECHIE,SA,5631
40330,COCKATOO VALLEY,SA,5351
40331,COCKBURN,SA,5440
40332,COFFIN BAY,SA,5607
40333,COLEBATCH,SA,5266
40334,COLES,SA,5272
40335,COLLEGE PARK,SA,5069
40336,COLLEY,SA,5671
40337,COLLINSFIELD,SA,5555
40338,COLLINSVILLE,SA,5418
40339,COLLINSWOOD,SA,5081
40340,COLONEL LIGHT GARDENS,SA,5041
40341,COLTON,SA,5670
40342,COMAUM,SA,5277
40343,COMMISSARIAT POINT,SA,5700
40344,COMMONWEALTH HILL,SA,5719
40345,COMPTON,SA,5291
40346,CONCORDIA,SA,5118
40347,CONDOWIE,SA,5464
40348,CONMURRA,SA,5272
40349,COOBER PEDY,SA,5723
40350,COOBOWIE,SA,5583
40351,COOK,SA,5701
40352,COOK,SA,5710
40353,COOKE PLAINS,SA,5261
40354,COOLCHA,SA,5238
40355,COOLILLIE,SA,5670
40356,COOLTONG,SA,5341
40357,COOMANDOOK,SA,5261
40358,COOMBE,SA,5267
40359,COOMOOROO,SA,5431
40360,COOMUNGA,SA,5607
40361,COONALPYN,SA,5265
40362,COONAMIA,SA,5540
40363,COONAWARRA,SA,5263
40364,COONDAMBO,SA,5719
40365,COOPERS CREEK,SA,5731
40366,COORABIE,SA,5690
40367,COORONG,SA,5264
40368,COOTRA,SA,5650
40369,COOYERDOO,SA,5611
40370,COPEVILLE,SA,5308
40371,COPLEY,SA,5732
40372,CORDILLO DOWNS,SA,5731
40373,CORNY POINT,SA,5575
40374,COROMANDEL EAST,SA,5157
40375,COROMANDEL VALLEY,SA,5051
40376,CORTLINYE,SA,5641
40377,CORUNNA STATION,SA,5611
40378,COUCH BEACH,SA,5575
40379,COUCH BEACH,SA,5577
40380,COULTA,SA,5607
40381,COWANDILLA,SA,5033
40382,COWARIE,SA,5733
40383,COWELL,SA,5602
40384,COWIRRA,SA,5238
40385,COWLEDS LANDING,SA,5609
40386,CRADOCK,SA,5432
40387,CRAFERS,SA,5152
40388,CRAFERS WEST,SA,5152
40389,CRAIGBURN FARM,SA,5051
40390,CRAIGMORE,SA,5114
40391,CRESCENT,SA,5341
40392,CROMER,SA,5235
40393,CROSS ROADS,SA,5558
40394,CROWN POINT,SA,5734
40395,CROYDON,SA,5008
40396,CROYDON PARK,SA,5008
40397,CROYDON PARK SOUTH,SA,5008
40398,CRYSTAL BROOK,SA,5523
40399,CUDLEE CREEK,SA,5232
40400,CULBURRA,SA,5261
40401,CULTANA,SA,5700
40402,CUMBERLAND PARK,SA,5041
40403,CUMMINS,SA,5631
40404,CUNGENA,SA,5660
40405,CUNLIFFE,SA,5554
40406,CUNNINGHAM,SA,5571
40407,CUNYARIE,SA,5641
40408,CURNAMONA,SA,5440
40409,CURRAMULKA,SA,5580
40410,CURRENCY CREEK,SA,5214
40411,CUSTON,SA,5269
40412,CUTTLEFISH BAY,SA,5222
40413,CYGNET RIVER,SA,5223
40414,D'ESTREES BAY,SA,5223
40415,DALKEY,SA,5461
40416,DANGGALI,SA,5417
40417,DARKE PEAK,SA,5642
40418,DARLINGTON,SA,5047
40419,DAVENPORT,SA,5700
40420,DAVEYSTON,SA,5355
40421,DAVOREN PARK,SA,5113
40422,DAVOREN PARK NORTH,SA,5113
40423,DAVOREN PARK SOUTH,SA,5113
40424,DAW PARK,SA,5041
40425,DAWESLEY,SA,5252
40426,DAWSON,SA,5422
40427,DE MOLE RIVER,SA,5223
40428,DE ROSE HILL,SA,0872
40429,DEEP CREEK,SA,5204
40430,DEEPWATER,SA,5266
40431,DELAMERE,SA,5204
40432,DENIAL BAY,SA,5690
40433,DERNANCOURT,SA,5075
40434,DEVLINS POUND,SA,5330
40435,DEVON PARK,SA,5008
40436,DEVONBOROUGH DOWNS,SA,5440
40437,DINGABLEDINGA,SA,5172
40438,DIREK,SA,5110
40439,DISMAL SWAMP,SA,5291
40440,DONOVANS,SA,5291
40441,DORSET VALE,SA,5157
40442,DOUGLAS POINT,SA,5601
40443,DOUGLAS POINT SOUTH,SA,5601
40444,DOVER GARDENS,SA,5048
40445,DOWLING,SA,5555
40446,DOWLINGVILLE,SA,5555
40447,DOWLINGVILLE,SA,5571
40448,DRY CREEK,SA,5094
40449,DUBLIN,SA,5501
40450,DUCK PONDS,SA,5607
40451,DUDLEY EAST,SA,5222
40452,DUDLEY PARK,SA,5008
40453,DUDLEY WEST,SA,5222
40454,DULKANINNA,SA,5733
40455,DULWICH,SA,5065
40456,DUNCAN,SA,5223
40457,DURHAM DOWNS,SA,5731
40458,DUTTON,SA,5356
40459,DUTTON EAST,SA,5356
40460,D’ESTREES BAY,SA,5223
40461,EAGLE ON THE HILL,SA,5150
40462,EAST MOONTA,SA,5558
40463,EAST WELLINGTON,SA,5259
40464,EASTWOOD,SA,5063
40465,EBA,SA,5320
40466,EBA ANCHORAGE,SA,5680
40467,EBENEZER,SA,5355
40468,ECHUNGA,SA,5153
40469,EDEN HILLS,SA,5050
40470,EDEN VALLEY,SA,5235
40471,EDIACARA,SA,5730
40472,EDILILLIE,SA,5630
40473,EDILLILIE,SA,5630
40474,EDINBURGH,SA,5111
40475,EDINBURGH NORTH,SA,5113
40476,EDINBURGH RAAF,SA,5111
40477,EDITHBURGH,SA,5583
40478,EDWARDSTOWN,SA,5039
40479,EIGHT MILE CREEK,SA,5291
40480,ELIZABETH,SA,5112
40481,ELIZABETH DOWNS,SA,5113
40482,ELIZABETH EAST,SA,5112
40483,ELIZABETH GROVE,SA,5112
40484,ELIZABETH NORTH,SA,5113
40485,ELIZABETH PARK,SA,5113
40486,ELIZABETH SOUTH,SA,5112
40487,ELIZABETH VALE,SA,5112
40488,ELIZABETH WEST,SA,5113
40489,ELIZABETH WEST DC,SA,5113
40490,ELLISTON,SA,5670
40491,ELWOMPLE,SA,5260
40492,EMEROO,SA,5713
40493,EMU BAY,SA,5223
40494,EMU DOWNS,SA,5381
40495,EMU FLAT,SA,5453
40496,ENCOUNTER BAY,SA,5211
40497,ENFIELD,SA,5085
40498,ENFIELD PLAZA,SA,5085
40499,ERINDALE,SA,5066
40500,ERINGA,SA,5734
40501,ERITH,SA,5461
40502,ERNABELLA,SA,0872
40503,ERNABELLA (PUKATJA),SA,0872
40504,ERSKINE,SA,5422
40505,ERUDINA,SA,5440
40506,ETADUNNA,SA,5733
40507,ETHELTON,SA,5015
40508,ETTRICK,SA,5253
40509,EUDUNDA,SA,5374
40510,EURELIA,SA,5431
40511,EUROMINA,SA,5454
40512,EVANDALE,SA,5069
40513,EVANSTON,SA,5116
40514,EVANSTON GARDENS,SA,5116
40515,EVANSTON PARK,SA,5116
40516,EVANSTON SOUTH,SA,5116
40517,EVELYN DOWNS,SA,5723
40518,EVERARD CENTRAL,SA,5461
40519,EVERARD PARK,SA,5035
40520,EXETER,SA,5019
40521,EXPORT PARK,SA,5950
40522,EYRE,SA,5121
40523,FAIRVIEW PARK,SA,5126
40524,FALSE BAY,SA,5601
40525,FARAWAY HILL,SA,5417
40526,FARINA,SA,5731
40527,FARINA,SA,5733
40528,FARINA STATION,SA,5731
40529,FARM BEACH,SA,5607
40530,FARRELL FLAT,SA,5416
40531,FELIXSTOW,SA,5070
40532,FERRYDEN PARK,SA,5010
40533,FIELD,SA,5265
40534,FINDON,SA,5023
40535,FINNISS,SA,5255
40536,FIRLE,SA,5070
40537,FISCHER,SA,5502
40538,FISHER,SA,5354
40539,FISHERMAN BAY,SA,5522
40540,FITZGERALD BAY,SA,5601
40541,FITZROY,SA,5082
40542,FIVE MILES,SA,5238
40543,FLAGSTAFF HILL,SA,5159
40544,FLAXLEY,SA,5153
40545,FLAXMAN VALLEY,SA,5235
40546,FLINDERS CHASE,SA,5223
40547,FLINDERS PARK,SA,5025
40548,FLINDERS RANGES,SA,5434
40549,FLINDERS UNIVERSITY,SA,5042
40550,FLORINA STATION,SA,5440
40551,FORDS,SA,5373
40552,FOREST RANGE,SA,5139
40553,FORESTVILLE,SA,5035
40554,FORRESTON,SA,5233
40555,FORSTER,SA,5238
40556,FOUL BAY,SA,5577
40557,FOUNTAIN,SA,5607
40558,FOWLERS BAY,SA,5690
40559,FOX,SA,5272
40560,FRAHNS,SA,5238
40561,FRANCES,SA,5262
40562,FRANKLYN,SA,5421
40563,FRANKTON,SA,5374
40564,FRAYVILLE,SA,5238
40565,FREELING,SA,5372
40566,FREGON,SA,0872
40567,FREWVILLE,SA,5063
40568,FROME DOWNS,SA,5440
40569,FULHAM,SA,5024
40570,FULHAM GARDENS,SA,5024
40571,FULLARTON,SA,5063
40572,FURNER,SA,5280
40573,GALGA,SA,5308
40574,GAMMON RANGES,SA,5732
40575,GARDEN ISLAND,SA,5015
40576,GAWLER,SA,5118
40577,GAWLER BELT,SA,5118
40578,GAWLER EAST,SA,5118
40579,GAWLER RANGES,SA,5655
40580,GAWLER RIVER,SA,5118
40581,GAWLER SOUTH,SA,5118
40582,GAWLER WEST,SA,5118
40583,GEMMELLS,SA,5255
40584,GEORGETOWN,SA,5472
40585,GEPPS CROSS,SA,5094
40586,GERANIUM,SA,5301
40587,GERANIUM PLAINS,SA,5381
40588,GERARD,SA,5343
40589,GERMAN CREEK,SA,5280
40590,GERMAN CREEK,SA,5291
40591,GERMAN FLAT,SA,5280
40592,GERMEIN BAY,SA,5495
40593,GIDGEALPA,SA,5731
40594,GIFFORD HILL,SA,5253
40595,GILBERTON,SA,5081
40596,GILES CORNER,SA,5411
40597,GILLENTOWN,SA,5453
40598,GILLES DOWNS,SA,5611
40599,GILLES PLAINS,SA,5086
40600,GILLMAN,SA,5013
40601,GLADSTONE,SA,5473
40602,GLANDORE,SA,5037
40603,GLANVILLE,SA,5015
40604,GLEESON HILL,SA,5520
40605,GLEN OSMOND,SA,5064
40606,GLENALTA,SA,5052
40607,GLENBURNIE,SA,5291
40608,GLENCOE,SA,5291
40609,GLENCOE WEST,SA,5291
40610,GLENDAMBO,SA,5710
40611,GLENDAMBO,SA,5719
40612,GLENELG,SA,5045
40613,GLENELG EAST,SA,5045
40614,GLENELG JETTY ROAD,SA,5045
40615,GLENELG NORTH,SA,5045
40616,GLENELG SOUTH,SA,5045
40617,GLENGOWRIE,SA,5044
40618,GLENROY,SA,5277
40619,GLENSIDE,SA,5065
40620,GLENUNGA,SA,5064
40621,GLOBE DERBY PARK,SA,5110
40622,GLOSSOP,SA,5344
40623,GLUEPOT,SA,5417
40624,GLYNDE,SA,5070
40625,GLYNDE DC,SA,5070
40626,GLYNDE PLAZA,SA,5070
40627,GOLDEN GROVE,SA,5125
40628,GOLDEN GROVE VILLAGE,SA,5125
40629,GOLDEN HEIGHTS,SA,5322
40630,GOMERSAL,SA,5352
40631,GOOD HOPE LANDING,SA,5330
40632,GOODWOOD,SA,5034
40633,GOOLWA,SA,5214
40634,GOOLWA BEACH,SA,5214
40635,GOOLWA NORTH,SA,5214
40636,GOOLWA SOUTH,SA,5214
40637,GOSSE,SA,5223
40638,GOULD CREEK,SA,5114
40639,GOYDER,SA,5461
40640,GRACE PLAINS,SA,5502
40641,GRAMPUS,SA,5440
40642,GRANGE,SA,5022
40643,GREEN FIELDS,SA,5107
40644,GREEN HILLS RANGE,SA,5153
40645,GREEN PATCH,SA,5607
40646,GREENACRES,SA,5086
40647,GREENBANKS,SA,5253
40648,GREENHILL,SA,5140
40649,GREENOCK,SA,5360
40650,GREENWAYS,SA,5272
40651,GREENWITH,SA,5125
40652,GULFVIEW HEIGHTS,SA,5096
40653,GULNARE,SA,5471
40654,GUM CREEK,SA,5417
40655,GUM CREEK STATION,SA,5730
40656,GUMERACHA,SA,5233
40657,GURRA GURRA,SA,5343
40658,HACKHAM,SA,5163
40659,HACKHAM WEST,SA,5163
40660,HACKLINS CORNER,SA,5454
40661,HACKNEY,SA,5069
40662,HAHNDORF,SA,5245
40663,HAINES,SA,5223
40664,HALBURY,SA,5461
40665,HALIDON,SA,5309
40666,HALIFAX STREET,SA,5000
40667,HALLELUJA HILLS,SA,5381
40668,HALLELUJAH HILLS,SA,5381
40669,HALLETT,SA,5419
40670,HALLETT COVE,SA,5158
40671,HAMBIDGE,SA,5642
40672,HAMILTON,SA,5373
40673,HAMLEY,SA,5558
40674,HAMLEY BRIDGE,SA,5401
40675,HAMMOND,SA,5431
40676,HAMPDEN,SA,5374
40677,HAMPSTEAD GARDENS,SA,5086
40678,HANSBOROUGH,SA,5374
40679,HANSON,SA,5417
40680,HAPPY VALLEY,SA,5159
40681,HARDWICKE BAY,SA,5575
40682,HARDY,SA,5422
40683,HARRIET RIVER,SA,5223
40684,HARROGATE,SA,5244
40685,HART,SA,5464
40686,HARTLEY,SA,5255
40687,HASLAM,SA,5680
40688,HATHERLEIGH,SA,5280
40689,HAWKER,SA,5434
40690,HAWKS NEST STATION,SA,5330
40691,HAWSON,SA,5607
40692,HAWTHORN,SA,5062
40693,HAWTHORNDENE,SA,5051
40694,HAY FLAT,SA,5204
40695,HAY VALLEY,SA,5252
40696,HAYBOROUGH,SA,5211
40697,HAZELWOOD PARK,SA,5066
40698,HEATHFIELD,SA,5153
40699,HEATHPOOL,SA,5068
40700,HECTORVILLE,SA,5073
40701,HENDON,SA,5014
40702,HENLEY BEACH,SA,5022
40703,HENLEY BEACH SOUTH,SA,5022
40704,HEWETT,SA,5118
40705,HIGHBURY,SA,5089
40706,HIGHGATE,SA,5063
40707,HIGHLAND VALLEY,SA,5255
40708,HILL RIVER,SA,5453
40709,HILLBANK,SA,5112
40710,HILLCREST,SA,5086
40711,HILLIER,SA,5116
40712,HILLTOWN,SA,5455
40713,HILTABA,SA,5717
40714,HILTON,SA,5033
40715,HILTON PLAZA,SA,5033
40716,HINCKS,SA,5603
40717,HINDMARSH,SA,5007
40718,HINDMARSH ISLAND,SA,5214
40719,HINDMARSH TIERS,SA,5202
40720,HINDMARSH VALLEY,SA,5211
40721,HOLDEN HILL,SA,5088
40722,HOLDER,SA,5330
40723,HOLDER SIDING,SA,5330
40724,HOLOWILIENA,SA,5432
40725,HOLOWILIENA SOUTH,SA,5432
40726,HONITON,SA,5576
40727,HOPE FOREST,SA,5172
40728,HOPE GAP,SA,5555
40729,HOPE VALLEY,SA,5090
40730,HORNSDALE,SA,5491
40731,HORSE PENINSULA,SA,5607
40732,HORSNELL GULLY,SA,5141
40733,HOSKIN CORNER,SA,5461
40734,HOUGHTON,SA,5131
40735,HOVE,SA,5048
40736,HOYLETON,SA,5453
40737,HUDDLESTON,SA,5523
40738,HUMBUG SCRUB,SA,5114
40739,HUNGERFORD,SA,5222
40740,HUNTFIELD HEIGHTS,SA,5163
40741,HUTT STREET,SA,5000
40742,HYDE PARK,SA,5061
40743,HYNAM,SA,5262
40744,ILLEROO,SA,5715
40745,INDULKANA,SA,0872
40746,INDULKANA (IWANTJA),SA,0872
40747,INGLE FARM,SA,5098
40748,INGLEWOOD,SA,5133
40749,INGOMAR,SA,5723
40750,INKERMAN,SA,5550
40751,INKSTER,SA,5680
40752,INMAN VALLEY,SA,5211
40753,INNAMINCKA,SA,5731
40754,INNESTON,SA,5577
40755,INVERBRACKIE,SA,5244
40756,IRON BARON,SA,5600
40757,IRON BARON,SA,5611
40758,IRON KNOB,SA,5601
40759,IRON KNOB,SA,5611
40760,IRONBANK,SA,5153
40761,IRONSTONE,SA,5222
40762,ISLAND BEACH,SA,5222
40763,ISLAND LAGOON,SA,5713
40764,IWANTJA,SA,0872
40765,JABUK,SA,5301
40766,JAMES WELL,SA,5571
40767,JAMESTOWN,SA,5491
40768,JAMIESON,SA,5640
40769,JERICHO,SA,5554
40770,JERUSALEM,SA,5554
40771,JERVOIS,SA,5259
40772,JOANNA,SA,5271
40773,JOHNBURG,SA,5431
40774,JOHNBURGH,SA,5431
40775,JOSLIN,SA,5070
40776,JULANKA HOLDINGS,SA,5238
40777,JULIA,SA,5374
40778,JUPITER CREEK,SA,5153
40779,KADINA,SA,5554
40780,KAINTON,SA,5552
40781,KALABITY,SA,5440
40782,KALAMURINA,SA,5733
40783,KALANBI,SA,5690
40784,KALANGADOO,SA,5278
40785,KALBEEBA,SA,5118
40786,KALDOONERA,SA,5655
40787,KALKA,SA,0872
40788,KALKAROO,SA,5440
40789,KALLORA,SA,5550
40790,KALTJITI,SA,0872
40791,KALYAN,SA,5308
40792,KANGARILLA,SA,5157
40793,KANGAROO FLAT,SA,5118
40794,KANGAROO HEAD,SA,5222
40795,KANGAROO INN,SA,5280
40796,KANMANTOO,SA,5252
40797,KANNI,SA,5330
40798,KANPI,SA,0872
40799,KANYAKA,SA,5434
40800,KAPINNIE,SA,5632
40801,KAPPAWANTA,SA,5670
40802,KAPUNDA,SA,5373
40803,KARATTA,SA,5223
40804,KARCULTABY,SA,5654
40805,KARKOO,SA,5607
40806,KARKOO,SA,5632
40807,KAROONDA,SA,5307
40808,KARTE,SA,5304
40809,KARTE,SA,5307
40810,KATARAPKO,SA,5343
40811,KATUNGA STATION,SA,5611
40812,KEILIRA,SA,5275
40813,KEITH,SA,5267
40814,KELLIDIE BAY,SA,5607
40815,KELLY,SA,5641
40816,KENSINGTON,SA,5068
40817,KENSINGTON GARDENS,SA,5068
40818,KENSINGTON PARK,SA,5068
40819,KENT TOWN,SA,5067
40820,KENT TOWN,SA,5071
40821,KENT TOWN DC,SA,5071
40822,KENTON VALLEY,SA,5233
40823,KEPA,SA,5259
40824,KEPPOCH,SA,5271
40825,KERSBROOK,SA,5231
40826,KESWICK,SA,5035
40827,KESWICK TERMINAL,SA,5035
40828,KEYNETON,SA,5353
40829,KI KI,SA,5261
40830,KIANA,SA,5607
40831,KIDMAN PARK,SA,5025
40832,KIELPA,SA,5642
40833,KILBURN,SA,5084
40834,KILBURN NORTH,SA,5084
40835,KILKENNY,SA,5009
40836,KIMBA,SA,5641
40837,KINGOONYA,SA,5710
40838,KINGOONYA,SA,5719
40839,KINGS PARK,SA,5034
40840,KINGSCOTE,SA,5223
40841,KINGSFORD,SA,5118
40842,KINGSTON ON MURRAY,SA,5331
40843,KINGSTON PARK,SA,5049
40844,KINGSTON SE,SA,5275
40845,KINGSTON-ON-MURRAY,SA,5331
40846,KINGSWOOD,SA,5062
40847,KIRKCALDY,SA,5022
40848,KIRTON POINT,SA,5606
40849,KLEMZIG,SA,5087
40850,KOHINOOR,SA,5223
40851,KOKATHA,SA,5717
40852,KOLENDO,SA,5717
40853,KONDOOLKA,SA,5717
40854,KONGAL,SA,5270
40855,KONGOLIA,SA,5353
40856,KONGORONG,SA,5291
40857,KOOLGERA,SA,5661
40858,KOOLUNGA,SA,5464
40859,KOOLYWURTIE,SA,5575
40860,KOONAMORE,SA,5440
40861,KOONGAWA,SA,5650
40862,KOONIBBA,SA,5690
40863,KOONOONA,SA,5417
40864,KOONUNGA,SA,5373
40865,KOORINE,SA,5279
40866,KOOROONA,SA,5558
40867,KOOTABERRA,SA,5713
40868,KOPPAMURRA,SA,5271
40869,KOPPIO,SA,5607
40870,KORUNYE,SA,5502
40871,KRINGIN,SA,5304
40872,KRONDORF,SA,5352
40873,KRONGART,SA,5278
40874,KUDLA,SA,5115
40875,KUITPO,SA,5172
40876,KUITPO,SA,5201
40877,KUITPO COLONY,SA,5172
40878,KULKAMI,SA,5307
40879,KULPARA,SA,5552
40880,KULPARA,SA,5555
40881,KURRALTA PARK,SA,5037
40882,KYANCUTTA,SA,5651
40883,KYBUNGA,SA,5453
40884,KYBYBOLITE,SA,5262
40885,KYEEMA,SA,5172
40886,LAFFER,SA,5267
40887,LAKE ALBERT,SA,5259
40888,LAKE ALEXANDRINA,SA,5259
40889,LAKE CARLET,SA,5238
40890,LAKE EVERARD,SA,5717
40891,LAKE EYRE,SA,5733
40892,LAKE FROME,SA,5440
40893,LAKE GAIRDNER,SA,5717
40894,LAKE GILLES,SA,5611
40895,LAKE HARRIS,SA,5719
40896,LAKE MACFARLANE,SA,5717
40897,LAKE PLAINS,SA,5255
40898,LAKE TORRENS,SA,5713
40899,LAKE TORRENS STATION,SA,5713
40900,LAKE VIEW,SA,5555
40901,LAMBINA,SA,0872
40902,LAMEROO,SA,5302
40903,LANGHORNE CREEK,SA,5255
40904,LANGS LANDING,SA,5353
40905,LARGS BAY,SA,5016
40906,LARGS NORTH,SA,5016
40907,LAURA,SA,5480
40908,LAURA BAY,SA,5680
40909,LAURIE PARK,SA,5271
40910,LEABROOK,SA,5068
40911,LEASINGHAM,SA,5452
40912,LEAWOOD GARDENS,SA,5150
40913,LEIGH CREEK,SA,5731
40914,LEIGH CREEK STATION,SA,5731
40915,LEIGHTON,SA,5417
40916,LENSWOOD,SA,5240
40917,LEWISTON,SA,5501
40918,LIGHT PASS,SA,5355
40919,LIGHTSVIEW,SA,5085
40920,LINCOLN GAP,SA,5715
40921,LINCOLN NATIONAL PARK,SA,5607
40922,LINDEN PARK,SA,5065
40923,LINDLEY,SA,5320
40924,LINDON,SA,5731
40925,LINWOOD,SA,5410
40926,LIPSON,SA,5607
40927,LITTLE DOUGLAS,SA,5607
40928,LITTLEHAMPTON,SA,5250
40929,LOBETHAL,SA,5241
40930,LOCHABER,SA,5271
40931,LOCHIEL,SA,5510
40932,LOCK,SA,5633
40933,LOCKES CLAYPAN,SA,5655
40934,LOCKLEYS,SA,5032
40935,LONG FLAT,SA,5253
40936,LONG PLAINS,SA,5501
40937,LONGWOOD,SA,5153
40938,LONSDALE,SA,5160
40939,LONSDALE DC,SA,5160
40940,LOUTH BAY,SA,5607
40941,LOVEDAY,SA,5345
40942,LOWALDIE,SA,5307
40943,LOWAN VALE,SA,5268
40944,LOWBANK,SA,5330
40945,LOWER BROUGHTON,SA,5522
40946,LOWER BROUGHTON,SA,5540
40947,LOWER HERMITAGE,SA,5131
40948,LOWER INMAN VALLEY,SA,5211
40949,LOWER LIGHT,SA,5501
40950,LOWER MITCHAM,SA,5062
40951,LOXTON,SA,5333
40952,LOXTON NORTH,SA,5333
40953,LUCINDALE,SA,5272
40954,LUCKY BAY,SA,5602
40955,LYNDHURST,SA,5731
40956,LYNDOCH,SA,5351
40957,LYNTON,SA,5062
40958,LYRUP,SA,5343
40959,MAAOUPE,SA,5277
40960,MABEL CREEK,SA,5723
40961,MACCLESFIELD,SA,5153
40962,MACDONALD PARK,SA,5121
40963,MACGILLIVRAY,SA,5223
40964,MACUMBA,SA,5734
40965,MAGAREY,SA,5280
40966,MAGDALA,SA,5400
40967,MAGGEA,SA,5308
40968,MAGGEA,SA,5311
40969,MAGILL,SA,5072
40970,MAGILL NORTH,SA,5072
40971,MAGILL SOUTH,SA,5072
40972,MAHANEWO,SA,5717
40973,MAITLAND,SA,5573
40974,MAKIN,SA,5267
40975,MALINONG,SA,5259
40976,MALLALA,SA,5502
40977,MALPAS,SA,5311
40978,MALTEE,SA,5690
40979,MALVERN,SA,5061
40980,MAMBRAY CREEK,SA,5495
40981,MANGALO,SA,5602
40982,MANNA HILL,SA,5440
40983,MANNANARIE,SA,5422
40984,MANNERS WELL,SA,5732
40985,MANNINGHAM,SA,5086
40986,MANNUM,SA,5238
40987,MANOORA,SA,5414
40988,MANSFIELD PARK,SA,5012
40989,MANTUNG,SA,5308
40990,MANUNDA STATION,SA,5440
40991,MARAMA,SA,5307
40992,MARANANGA,SA,5355
40993,MARBLE HILL,SA,5137
40994,MARCOLLAT,SA,5271
40995,MARDEN,SA,5070
40996,MARINO,SA,5049
40997,MARION,SA,5043
40998,MARION BAY,SA,5575
40999,MARKARANKA,SA,5330
41000,MARKS LANDING,SA,5354
41001,MARLA,SA,5724
41002,MARLESTON,SA,5033
41003,MARLESTON DC,SA,5033
41004,MAROLA,SA,5464
41005,MARRABEL,SA,5413
41006,MARREE,SA,5733
41007,MARREE STATION,SA,5733
41008,MARRYATVILLE,SA,5068
41009,MARTINS WELL,SA,5440
41010,MARYVALE,SA,5680
41011,MASLIN BEACH,SA,5170
41012,MATTA FLAT,SA,5554
41013,MAUDE,SA,5320
41014,MAWSON LAKES,SA,5095
41015,MAYFIELD,SA,5454
41016,MAYLANDS,SA,5069
41017,MCBEAN POUND,SA,5357
41018,MCCALLUM,SA,5267
41019,MCCRACKEN,SA,5211
41020,MCDOUALL PEAK,SA,5723
41021,MCHARG CREEK,SA,5157
41022,MCLAREN FLAT,SA,5171
41023,MCLAREN VALE,SA,5171
41024,MEADOWS,SA,5201
41025,MEDINDIE,SA,5081
41026,MEDINDIE GARDENS,SA,5081
41027,MELROSE,SA,5483
41028,MELROSE PARK,SA,5039
41029,MELROSE PARK DC,SA,5039
41030,MELTON,SA,5552
41031,MELTON,SA,5555
41032,MELTON STATION,SA,5440
41033,MENINGIE,SA,5264
41034,MENINGIE EAST,SA,5264
41035,MENINGIE WEST,SA,5264
41036,MENZIES,SA,5223
41037,MERCUNDA,SA,5308
41038,MERGHINY,SA,5690
41039,MERIBAH,SA,5311
41040,MERRITON,SA,5523
41041,MERTY MERTY,SA,5731
41042,MIDDLE BEACH,SA,5501
41043,MIDDLE RIVER,SA,5223
41044,MIDDLEBACK RANGE,SA,5609
41045,MIDDLETON,SA,5213
41046,MIDGEE,SA,5602
41047,MIL LEL,SA,5291
41048,MIL-LEL,SA,5291
41049,MILANG,SA,5256
41050,MILE END,SA,5031
41051,MILE END SOUTH,SA,5031
41052,MILENDELLA,SA,5237
41053,MILLBROOK,SA,5231
41054,MILLERS CREEK,SA,5720
41055,MILLICENT,SA,5280
41056,MILLSWOOD,SA,5034
41057,MILTALIE,SA,5602
41058,MIMILI,SA,0872
41059,MINBRIE,SA,5602
41060,MINBURRA,SA,5431
41061,MINBURRA PLAIN,SA,5431
41062,MINBURRA STATION,SA,5431
41063,MINDARIE,SA,5309
41064,MINGARY,SA,5440
41065,MINGBOOL,SA,5291
41066,MINLATON,SA,5575
41067,MINNIPA,SA,5654
41068,MINTABIE,SA,5724
41069,MINTARO,SA,5415
41070,MINVALARA,SA,5422
41071,MIRANDA,SA,5700
41072,MITALIE,SA,5602
41073,MITCHAM,SA,5062
41074,MITCHAM SHOPPING CENTRE,SA,5062
41075,MITCHELL,SA,5607
41076,MITCHELL,SA,5632
41077,MITCHELL PARK,SA,5043
41078,MITCHELLVILLE,SA,5602
41079,MITCHIDY MOOLA,SA,5690
41080,MOANA,SA,5169
41081,MOBILONG,SA,5253
41082,MOCULTA,SA,5353
41083,MODBURY,SA,5092
41084,MODBURY HEIGHTS,SA,5092
41085,MODBURY NORTH,SA,5092
41086,MODBURY NORTH DC,SA,5092
41087,MOERLONG,SA,5278
41088,MONARTO,SA,5254
41089,MONARTO SOUTH,SA,5254
41090,MONASH,SA,5342
41091,MONBULLA,SA,5277
41092,MONGOLATA,SA,5417
41093,MONTACUTE,SA,5134
41094,MONTARRA,SA,5172
41095,MONTEITH,SA,5253
41096,MONTEITH,SA,5254
41097,MOOCKRA,SA,5432
41098,MOODY,SA,5607
41099,MOOLAWATANA,SA,5731
41100,MOOLAWATANA,SA,5732
41101,MOOLEULOOLOO,SA,5440
41102,MOOLOOLOO,SA,5730
41103,MOONAREE,SA,5717
41104,MOONTA,SA,5558
41105,MOONTA BAY,SA,5558
41106,MOONTA MINES,SA,5558
41107,MOORAK,SA,5291
41108,MOORILLAH,SA,5730
41109,MOORLANDS,SA,5301
41110,MOOROOK,SA,5332
41111,MOOROOK SOUTH,SA,5332
41112,MOORUNDIE,SA,5357
41113,MOOTATUNGA,SA,5307
41114,MOPPA,SA,5355
41115,MORCHARD,SA,5431
41116,MORGAN,SA,5320
41117,MORN HILL,SA,5371
41118,MORPHETT VALE,SA,5162
41119,MORPHETTS FLAT,SA,5320
41120,MORPHETTVILLE,SA,5043
41121,MORTANA,SA,5671
41122,MOSELEY,SA,5641
41123,MOSQUITO HILL,SA,5214
41124,MOTPENA,SA,5730
41125,MOUNT ARDEN,SA,5713
41126,MOUNT BARKER,SA,5251
41127,MOUNT BARKER JUNCTION,SA,5251
41128,MOUNT BARKER SPRINGS,SA,5251
41129,MOUNT BARKER SUMMIT,SA,5251
41130,MOUNT BARRY,SA,5723
41131,MOUNT BENSON,SA,5275
41132,MOUNT BRYAN,SA,5418
41133,MOUNT BRYAN EAST,SA,5419
41134,MOUNT BURR,SA,5279
41135,MOUNT CHARLES,SA,5267
41136,MOUNT CLARENCE STATION,SA,5723
41137,MOUNT COMPASS,SA,5210
41138,MOUNT COOPER,SA,5671
41139,MOUNT CRAWFORD,SA,5351
41140,MOUNT DAMPER,SA,5654
41141,MOUNT DRUMMOND,SA,5607
41142,MOUNT DUTTON BAY,SA,5607
41143,MOUNT EBA,SA,5720
41144,MOUNT FALKLAND,SA,5730
41145,MOUNT FREELING,SA,5731
41146,MOUNT GAMBIER,SA,5290
41147,MOUNT GAMBIER,SA,5291
41148,MOUNT GAMBIER DC,SA,5290
41149,MOUNT GAMBIER EAST,SA,5291
41150,MOUNT GAMBIER WEST,SA,5291
41151,MOUNT GEORGE,SA,5155
41152,MOUNT HAVELOCK,SA,5434
41153,MOUNT HOPE,SA,5607
41154,MOUNT IVE,SA,5717
41155,MOUNT JAGGED,SA,5211
41156,MOUNT JOY,SA,5670
41157,MOUNT LIGHT,SA,5271
41158,MOUNT LOFTY,SA,5152
41159,MOUNT LYNDHURST,SA,5731
41160,MOUNT MAGNIFICENT,SA,5210
41161,MOUNT MARY,SA,5374
41162,MOUNT MCINTYRE,SA,5279
41163,MOUNT MCKENZIE,SA,5353
41164,MOUNT OBSERVATION,SA,5255
41165,MOUNT OSMOND,SA,5064
41166,MOUNT PLEASANT,SA,5235
41167,MOUNT SARAH,SA,5734
41168,MOUNT SCHANK,SA,5291
41169,MOUNT SERLE,SA,5732
41170,MOUNT TEMPLETON,SA,5461
41171,MOUNT TORRENS,SA,5244
41172,MOUNT VICTOR STATION,SA,5440
41173,MOUNT VIVIAN,SA,5720
41174,MOUNT WEDGE,SA,5670
41175,MOUNT WILLOUGHBY,SA,5723
41176,MOYHALL,SA,5271
41177,MUDAMUCKLA,SA,5680
41178,MULGA VIEW,SA,5732
41179,MULGARIA,SA,5731
41180,MULGATHING,SA,5719
41181,MULGUNDAWA,SA,5255
41182,MULKA,SA,5733
41183,MULLAQUANA,SA,5608
41184,MULOORINA,SA,5733
41185,MULYUNGARIE,SA,5440
41186,MUNDALLIO,SA,5700
41187,MUNDI MUNDI,SA,5440
41188,MUNDIC CREEK,SA,5340
41189,MUNDOO ISLAND,SA,5214
41190,MUNDOORA,SA,5555
41191,MUNDOWDNA,SA,5733
41192,MUNDULLA,SA,5270
41193,MUNDULLA WEST,SA,5270
41194,MUNGERANIE,SA,5733
41195,MUNNO PARA,SA,5115
41196,MUNNO PARA DOWNS,SA,5115
41197,MUNNO PARA WEST,SA,5115
41198,MURBKO,SA,5320
41199,MURDINGA,SA,5607
41200,MURLONG,SA,5642
41201,MURNINNIE BEACH,SA,5609
41202,MURNPEOWIE,SA,5731
41203,MURPUTJA,SA,0872
41204,MURRAWONG,SA,5253
41205,MURRAY BRIDGE,SA,5253
41206,MURRAY BRIDGE,SA,5254
41207,MURRAY BRIDGE EAST,SA,5253
41208,MURRAY BRIDGE NORTH,SA,5253
41209,MURRAY BRIDGE SOUTH,SA,5253
41210,MURRAY TOWN,SA,5481
41211,MURTHO,SA,5340
41212,MUSTON,SA,5221
41213,MUTOOROO,SA,5440
41214,MYLOR,SA,5153
41215,MYOLA STATION,SA,5611
41216,MYPOLONGA,SA,5254
41217,MYPONGA,SA,5202
41218,MYPONGA BEACH,SA,5202
41219,MYRTLE BANK,SA,5064
41220,MYRTLE SPRINGS,SA,5731
41221,NACKARA,SA,5440
41222,NADIA,SA,5690
41223,NAIDIA,SA,5354
41224,NAILSWORTH,SA,5083
41225,NAIN,SA,5360
41226,NAIRNE,SA,5252
41227,NALPA,SA,5255
41228,NALYAPPA,SA,5558
41229,NANBONA,SA,5690
41230,NANGARI,SA,5333
41231,NANGKITA,SA,5210
41232,NANGWARRY,SA,5277
41233,NANTAWARRA,SA,5550
41234,NAPPERBY,SA,5540
41235,NARACOORTE,SA,5271
41236,NARLABY,SA,5655
41237,NARRIDY,SA,5523
41238,NARRINA,SA,5730
41239,NARRUNG,SA,5259
41240,NATURI,SA,5259
41241,NAVAN,SA,5412
41242,NEALES FLAT,SA,5374
41243,NECTAR BROOK,SA,5495
41244,NELSHABY,SA,5540
41245,NENE VALLEY,SA,5291
41246,NEPABUNNA,SA,5732
41247,NEPEAN BAY,SA,5223
41248,NETHERBY,SA,5062
41249,NETHERTON,SA,5301
41250,NETLEY,SA,5037
41251,NETLEY GAP,SA,5440
41252,NEW PORT,SA,5015
41253,NEW RESIDENCE,SA,5333
41254,NEW TOWN,SA,5554
41255,NEW WELL,SA,5357
41256,NEWLAND,SA,5223
41257,NEWTON,SA,5074
41258,NGAPALA,SA,5374
41259,NGARKAT,SA,5302
41260,NILDOTTIE,SA,5238
41261,NILPENA,SA,5730
41262,NILPINNA STATION,SA,5723
41263,NINNES,SA,5560
41264,NOARLUNGA CENTRE,SA,5168
41265,NOARLUNGA DOWNS,SA,5168
41266,NONNING,SA,5710
41267,NONNING,SA,5717
41268,NOORA,SA,5333
41269,NORA CREINA,SA,5276
41270,NORMANVILLE,SA,5204
41271,NORTH ADELAIDE,SA,5006
41272,NORTH ADELAIDE MELBOURNE ST,SA,5006
41273,NORTH BEACH,SA,5556
41274,NORTH BOOBOROWIE,SA,5417
41275,NORTH BRIGHTON,SA,5048
41276,NORTH CAPE,SA,5223
41277,NORTH HAVEN,SA,5018
41278,NORTH HILLS,SA,5431
41279,NORTH MOOLOOLOO,SA,5732
41280,NORTH MOONTA,SA,5558
41281,NORTH PLYMPTON,SA,5037
41282,NORTH SHIELDS,SA,5607
41283,NORTH WEST BEND,SA,5320
41284,NORTH YELTA,SA,5558
41285,NORTHERN HEIGHTS,SA,5253
41286,NORTHFIELD,SA,5085
41287,NORTHGATE,SA,5085
41288,NORTON SUMMIT,SA,5136
41289,NORWOOD,SA,5067
41290,NORWOOD SOUTH,SA,5067
41291,NOTTS WELL,SA,5357
41292,NOVAR GARDENS,SA,5040
41293,NULLARBOR,SA,5690
41294,NUNDROO,SA,5690
41295,NUNJIKOMPITA,SA,5680
41296,NURIOOTPA,SA,5355
41297,NUROM,SA,5523
41298,NURRAGI,SA,5256
41299,NYAPARI,SA,0872
41300,O B FLAT,SA,5291
41301,O'HALLORAN HILL,SA,5158
41302,O'HALLORAN HILL DC,SA,5158
41303,O'SULLIVAN BEACH,SA,5166
41304,OAK VALLEY,SA,5690
41305,OAKBANK,SA,5243
41306,OAKDEN,SA,5086
41307,OAKDEN HILLS,SA,5713
41308,OAKLANDS PARK,SA,5046
41309,OAKVALE STATION,SA,5417
41310,OB FLAT,SA,5291
41311,OLARY,SA,5440
41312,OLD CALPERUM,SA,5341
41313,OLD KOOMOOLOO,SA,5417
41314,OLD NOARLUNGA,SA,5168
41315,OLD REYNELLA,SA,5161
41316,OLD TEAL FLAT,SA,5238
41317,OLYMPIC DAM,SA,5725
41318,ONE TREE HILL,SA,5114
41319,ONKAPARINGA HEIGHTS,SA,5163
41320,ONKAPARINGA HILLS,SA,5163
41321,OODLA WIRRA,SA,5422
41322,OODNADATTA,SA,5734
41323,ORATUNGA STATION,SA,5730
41324,ORROROO,SA,5431
41325,OSBORNE,SA,5017
41326,OTTOWAY,SA,5013
41327,OULNINA,SA,5440
41328,OULNINA PARK,SA,5440
41329,OUTALPA,SA,5440
41330,OUTER HARBOR,SA,5018
41331,OVERLAND CORNER,SA,5330
41332,OVINGHAM,SA,5082
41333,OWEN,SA,5460
41334,O’HALLORAN HILL,SA,5158
41335,O’SULLIVAN BEACH,SA,5166
41336,PADTHAWAY,SA,5271
41337,PAECHTOWN,SA,5245
41338,PAGES FLAT,SA,5172
41339,PAISLEY,SA,5357
41340,PALKAGEE,SA,5670
41341,PALLAMANA,SA,5254
41342,PALMER,SA,5237
41343,PANDIE PANDIE,SA,5733
41344,PANDURRA,SA,5715
41345,PANEY,SA,5652
41346,PANITYA,SA,5641
41347,PANORAMA,SA,5041
41348,PARA HILLS,SA,5096
41349,PARA HILLS WEST,SA,5096
41350,PARA VISTA,SA,5093
41351,PARACHILNA,SA,5730
41352,PARACOMBE,SA,5132
41353,PARADISE,SA,5075
41354,PARAFIELD,SA,5106
41355,PARAFIELD AIRPORT,SA,5106
41356,PARAFIELD GARDENS,SA,5107
41357,PARAKYLIA,SA,5720
41358,PARALOWIE,SA,5108
41359,PARAMATTA,SA,5558
41360,PARATOO,SA,5422
41361,PARAWA,SA,5203
41362,PARCOOLA,SA,5417
41363,PARHAM,SA,5501
41364,PARILLA,SA,5303
41365,PARINGA,SA,5340
41366,PARIS CREEK,SA,5201
41367,PARK HOLME,SA,5043
41368,PARKSIDE,SA,5063
41369,PARLIAMENT HOUSE,SA,5000
41370,PARNAROO,SA,5422
41371,PARNDANA,SA,5220
41372,PARRAKIE,SA,5301
41373,PARSONS BEACH,SA,5575
41374,PARUNA,SA,5311
41375,PASADENA,SA,5042
41376,PASKEVILLE,SA,5552
41377,PATA,SA,5333
41378,PAYNEHAM,SA,5070
41379,PAYNEHAM SOUTH,SA,5070
41380,PEACHNA,SA,5607
41381,PEAKE,SA,5301
41382,PEARLAH,SA,5607
41383,PEDLER CREEK,SA,5171
41384,PEEBINGA,SA,5304
41385,PEEP HILL,SA,5374
41386,PEKINA,SA,5431
41387,PELICAN LAGOON,SA,5222
41388,PELICAN POINT,SA,5291
41389,PELLARING FLAT,SA,5238
41390,PENFIELD,SA,5121
41391,PENFIELD GARDENS,SA,5121
41392,PENNESHAW,SA,5222
41393,PENNINGTON,SA,5013
41394,PENOLA,SA,5277
41395,PENONG,SA,5690
41396,PENRICE,SA,5353
41397,PENWORTHAM,SA,5453
41398,PERLUBIE,SA,5680
41399,PERNATTY,SA,5713
41400,PERPONDA,SA,5308
41401,PETERBOROUGH,SA,5422
41402,PETERHEAD,SA,5016
41403,PETERSVILLE,SA,5571
41404,PETHERICK,SA,5267
41405,PETINA,SA,5680
41406,PETWOOD,SA,5252
41407,PETWOOD,SA,5254
41408,PEWSEY VALE,SA,5351
41409,PICCADILLY,SA,5151
41410,PIEDNIPPIE,SA,5680
41411,PIKE RIVER,SA,5340
41412,PIMBA,SA,5720
41413,PIMBAACLA,SA,5661
41414,PINDA SPRINGS,SA,5732
41415,PINE CREEK,SA,5419
41416,PINE CREEK STATION,SA,5440
41417,PINE HILL,SA,5269
41418,PINE POINT,SA,5571
41419,PINE VALLEY STATION,SA,5417
41420,PINERY,SA,5460
41421,PINJARRA STATION,SA,5680
41422,PINKAWILLINIE,SA,5641
41423,PINKERTON PLAINS,SA,5400
41424,PINKS BEACH,SA,5275
41425,PINNAROO,SA,5304
41426,PIPALYATJARA,SA,0872
41427,PIRIE EAST,SA,5540
41428,PLEASANT PARK,SA,5277
41429,PLUMBAGO,SA,5440
41430,PLYMPTON,SA,5038
41431,PLYMPTON PARK,SA,5038
41432,POINT BOSTON,SA,5607
41433,POINT LOWLY,SA,5601
41434,POINT LOWLY NORTH,SA,5601
41435,POINT MCLEAY,SA,5259
41436,POINT PASS,SA,5374
41437,POINT PEARCE,SA,5573
41438,POINT SOUTTAR,SA,5575
41439,POINT SOUTTAR,SA,5577
41440,POINT STURT,SA,5256
41441,POINT TURTON,SA,5575
41442,POLDA,SA,5670
41443,POLICEMAN POINT,SA,5264
41444,POLISH HILL RIVER,SA,5453
41445,POLTALLOCH,SA,5259
41446,POMPOOTA,SA,5238
41447,PONDE,SA,5238
41448,POOCHERA,SA,5655
41449,POOGINAGORIC,SA,5268
41450,POOGINOOK,SA,5330
41451,POONINDIE,SA,5607
41452,POORAKA,SA,5095
41453,PORKY FLAT,SA,5222
41454,PORT ADELAIDE,SA,5015
41455,PORT ADELAIDE BC,SA,5015
41456,PORT ADELAIDE DC,SA,5015
41457,PORT ARTHUR,SA,5552
41458,PORT ARTHUR,SA,5572
41459,PORT AUGUSTA,SA,5700
41460,PORT AUGUSTA,SA,5701
41461,PORT AUGUSTA,SA,5710
41462,PORT AUGUSTA NORTH,SA,5700
41463,PORT AUGUSTA WEST,SA,5700
41464,PORT BONYTHON,SA,5601
41465,PORT BROUGHTON,SA,5522
41466,PORT CLINTON,SA,5570
41467,PORT DAVIS,SA,5540
41468,PORT ELLIOT,SA,5212
41469,PORT FLINDERS,SA,5495
41470,PORT GAWLER,SA,5501
41471,PORT GERMEIN,SA,5495
41472,PORT GIBBON,SA,5602
41473,PORT GILES,SA,5582
41474,PORT HUGHES,SA,5558
41475,PORT JULIA,SA,5575
41476,PORT JULIA,SA,5580
41477,PORT KENNY,SA,5671
41478,PORT LINCOLN,SA,5606
41479,PORT LINCOLN,SA,5607
41480,PORT LINCOLN SOUTH,SA,5606
41481,PORT MACDONNELL,SA,5291
41482,PORT MANNUM,SA,5238
41483,PORT MOOROWIE,SA,5576
41484,PORT NEILL,SA,5604
41485,PORT NOARLUNGA,SA,5167
41486,PORT NOARLUNGA SOUTH,SA,5167
41487,PORT PATERSON,SA,5700
41488,PORT PIRIE,SA,5540
41489,PORT PIRIE SOUTH,SA,5540
41490,PORT PIRIE WEST,SA,5540
41491,PORT RICKABY,SA,5575
41492,PORT STANVAC,SA,5160
41493,PORT VICTORIA,SA,5573
41494,PORT VINCENT,SA,5581
41495,PORT WAKEFIELD,SA,5550
41496,PORT WILLUNGA,SA,5173
41497,PORTER LAGOON,SA,5416
41498,PRELINNA,SA,5434
41499,PRICE,SA,5570
41500,PROOF RANGE,SA,5550
41501,PROSPECT,SA,5082
41502,PROSPECT EAST,SA,5082
41503,PROSPECT HILL,SA,5201
41504,PROSPECT WEST,SA,5082
41505,PUALCO RANGE,SA,5440
41506,PUKATJA,SA,0872
41507,PUNTABIE,SA,5680
41508,PUNTHARI,SA,5238
41509,PUNYELROO,SA,5353
41510,PUNYELROO,SA,5354
41511,PUREBA,SA,5680
41512,PURNONG,SA,5238
41513,PURNONG LANDING,SA,5238
41514,PURPLE DOWNS,SA,5720
41515,PUTTAPA,SA,5730
41516,PYAP,SA,5333
41517,PYAP WEST,SA,5333
41518,PYGERY,SA,5652
41519,PYGERY,SA,5655
41520,QUALCO,SA,5322
41521,QUEENSTOWN,SA,5014
41522,QUINYAMBIE,SA,5440
41523,QUONDONG,SA,5417
41524,QUORN,SA,5433
41525,RACECOURSE BAY,SA,5291
41526,RAMCO,SA,5322
41527,RAMCO HEIGHTS,SA,5322
41528,RAMSAY,SA,5575
41529,RAPID BAY,SA,5204
41530,RAUKKAN,SA,5259
41531,RED CREEK,SA,5255
41532,REDBANKS,SA,5502
41533,REDHILL,SA,5521
41534,REDWOOD PARK,SA,5097
41535,REEDY CREEK,SA,5275
41536,REEVES PLAINS,SA,5502
41537,REGENCY PARK,SA,5010
41538,REGENCY PARK,SA,5942
41539,REGENCY PARK BC,SA,5010
41540,REID,SA,5118
41541,RENDELSHAM,SA,5280
41542,RENMARK,SA,5341
41543,RENMARK NORTH,SA,5341
41544,RENMARK SOUTH,SA,5341
41545,RENMARK WEST,SA,5341
41546,RENOWN PARK,SA,5008
41547,REYNELLA,SA,5161
41548,REYNELLA EAST,SA,5161
41549,RHYNIE,SA,5412
41550,RICHMOND,SA,5033
41551,RIDGEHAVEN,SA,5097
41552,RIDLEYTON,SA,5008
41553,RISDON PARK,SA,5540
41554,RISDON PARK SOUTH,SA,5540
41555,RIVERGLADES,SA,5253
41556,RIVERGLEN,SA,5253
41557,RIVERLEA PARK,SA,5120
41558,RIVERTON,SA,5412
41559,ROBE,SA,5276
41560,ROBERTSTOWN,SA,5381
41561,ROCHESTER,SA,5464
41562,ROCKLEIGH,SA,5254
41563,ROCKY CAMP,SA,5280
41564,ROCKY GULLY,SA,5253
41565,ROCKY GULLY,SA,5254
41566,ROCKY PLAIN,SA,5381
41567,ROCKY POINT,SA,5238
41568,ROGUES POINT,SA,5571
41569,ROSE PARK,SA,5067
41570,ROSEDALE,SA,5350
41571,ROSETOWN,SA,5275
41572,ROSEWATER,SA,5013
41573,ROSEWATER EAST,SA,5013
41574,ROSEWORTHY,SA,5371
41575,ROSSLYN PARK,SA,5072
41576,ROSTREVOR,SA,5073
41577,ROWLAND FLAT,SA,5352
41578,ROXBY DOWNS,SA,5725
41579,ROXBY DOWNS STATION,SA,5725
41580,ROYAL PARK,SA,5014
41581,ROYSTON PARK,SA,5070
41582,RUDALL,SA,5642
41583,RUNDLE MALL,SA,5000
41584,SADDLEWORTH,SA,5413
41585,SAINTS,SA,5461
41586,SALEM,SA,5255
41587,SALISBURY,SA,5108
41588,SALISBURY DOWNS,SA,5108
41589,SALISBURY EAST,SA,5109
41590,SALISBURY EAST NORTHBRI AVE,SA,5109
41591,SALISBURY HEIGHTS,SA,5109
41592,SALISBURY NORTH,SA,5108
41593,SALISBURY NORTH WHITES ROAD,SA,5108
41594,SALISBURY PARK,SA,5109
41595,SALISBURY PLAIN,SA,5109
41596,SALISBURY SOUTH,SA,5106
41597,SALISBURY SOUTH BC,SA,5106
41598,SALISBURY SOUTH DC,SA,5106
41599,SALT CREEK,SA,5264
41600,SALTER SPRINGS,SA,5401
41601,SALTIA,SA,5433
41602,SAMPSON FLAT,SA,5114
41603,SANDALWOOD,SA,5309
41604,SANDERGROVE,SA,5255
41605,SANDERSTON,SA,5237
41606,SANDILANDS,SA,5571
41607,SANDLETON,SA,5356
41608,SANDY CREEK,SA,5350
41609,SANDY GROVE,SA,5275
41610,SAPPHIRETOWN,SA,5222
41611,SCEALE BAY,SA,5680
41612,SCHELL WELL,SA,5311
41613,SCOTT CREEK,SA,5153
41614,SEACLIFF,SA,5049
41615,SEACLIFF PARK,SA,5049
41616,SEACOMBE GARDENS,SA,5047
41617,SEACOMBE HEIGHTS,SA,5047
41618,SEAFORD,SA,5169
41619,SEAFORD HEIGHTS,SA,5169
41620,SEAFORD MEADOWS,SA,5169
41621,SEAFORD RISE,SA,5169
41622,SEAL BAY,SA,5223
41623,SEATON,SA,5023
41624,SEATON NORTH,SA,5023
41625,SEAVIEW DOWNS,SA,5049
41626,SEBASTOPOL,SA,5280
41627,SECOND VALLEY,SA,5204
41628,SECRET ROCKS,SA,5611
41629,SEDAN,SA,5353
41630,SEDDON,SA,5223
41631,SEFTON PARK,SA,5083
41632,SELLICKS BEACH,SA,5174
41633,SELLICKS HILL,SA,5174
41634,SEMAPHORE,SA,5019
41635,SEMAPHORE PARK,SA,5019
41636,SEMAPHORE SOUTH,SA,5019
41637,SENIOR,SA,5268
41638,SEPPELTSFIELD,SA,5355
41639,SEVENHILL,SA,5453
41640,SHAGGY RIDGE,SA,5434
41641,SHAUGH,SA,5267
41642,SHEA-OAK LOG,SA,5371
41643,SHEAOAK FLAT,SA,5581
41644,SHEIDOW PARK,SA,5158
41645,SHERINGA,SA,5607
41646,SHERLOCK,SA,5301
41647,SHERWOOD,SA,5267
41648,SHORT,SA,5279
41649,SIAM,SA,5717
41650,SILVER SANDS,SA,5173
41651,SILVERTON,SA,5204
41652,SIMPSON DESERT,SA,5734
41653,SKYE,SA,5072
41654,SLEAFORD,SA,5607
41655,SMITHFIELD,SA,5114
41656,SMITHFIELD PLAINS,SA,5114
41657,SMITHFIELD WEST,SA,5114
41658,SMITHVILLE,SA,5302
41659,SMOKY BAY,SA,5680
41660,SNOWTOWN,SA,5520
41661,SOLOMON,SA,5641
41662,SOLOMONTOWN,SA,5540
41663,SOMERTON PARK,SA,5044
41664,SOUTH BRIGHTON,SA,5048
41665,SOUTH GAP,SA,5713
41666,SOUTH HUMMOCKS,SA,5550
41667,SOUTH KILKERRAN,SA,5573
41668,SOUTH PLYMPTON,SA,5038
41669,SOUTHEND,SA,5280
41670,SPALDING,SA,5454
41671,SPECTACLE LAKE,SA,5345
41672,SPENCE,SA,5271
41673,SPRING FARM,SA,5453
41674,SPRING GULLY,SA,5453
41675,SPRINGFIELD,SA,5062
41676,SPRINGTON,SA,5235
41677,SQUARE MILE,SA,5291
41678,ST AGNES,SA,5097
41679,ST CLAIR,SA,5011
41680,ST CLAIRE,SA,5011
41681,ST GEORGES,SA,5064
41682,ST IVES,SA,5252
41683,ST JOHNS,SA,5373
41684,ST KILDA,SA,5110
41685,ST KITTS,SA,5356
41686,ST MARYS,SA,5042
41687,ST MORRIS,SA,5068
41688,ST PETERS,SA,5069
41689,STANLEY,SA,5415
41690,STANLEY FLAT,SA,5453
41691,STANSBURY,SA,5582
41692,STATION ARCADE,SA,5000
41693,STEELTON,SA,5413
41694,STEINFELD,SA,5356
41695,STENHOUSE BAY,SA,5575
41696,STEPHENSTON,SA,5433
41697,STEPNEY,SA,5069
41698,STEWART RANGE,SA,5271
41699,STIRLING,SA,5152
41700,STIRLING NORTH,SA,5710
41701,STOCKPORT,SA,5410
41702,STOCKWELL,SA,5355
41703,STOCKYARD CREEK,SA,5460
41704,STOCKYARD PLAIN,SA,5330
41705,STOKES BAY,SA,5223
41706,STONE HUT,SA,5480
41707,STONE WELL,SA,5352
41708,STONYFELL,SA,5066
41709,STOW,SA,5461
41710,STRATHALBYN,SA,5255
41711,STREAKY BAY,SA,5680
41712,STRUAN,SA,5271
41713,STRZELECKI DESERT,SA,5731
41714,STUART,SA,5320
41715,STUARTS CREEK,SA,5720
41716,STUN'SAIL BOOM,SA,5223
41717,STUN’SAIL BOOM,SA,5223
41718,STURT,SA,5047
41719,STURT STREET,SA,5000
41720,STURT VALE,SA,5417
41721,SULLIVAN,SA,5607
41722,SULTANA POINT,SA,5583
41723,SUMMERTOWN,SA,5141
41724,SUNLANDS,SA,5322
41725,SUNNYBRAE,SA,5422
41726,SUNNYDALE,SA,5353
41727,SUNNYSIDE,SA,5253
41728,SUNNYVALE,SA,5552
41729,SURREY DOWNS,SA,5126
41730,SUTHERLANDS,SA,5374
41731,SUTTONTOWN,SA,5291
41732,SWAN REACH,SA,5354
41733,SWANPORT,SA,5253
41734,SWEDE FLAT,SA,5270
41735,TAILEM BEND,SA,5259
41736,TAILEM BEND,SA,5260
41737,TALDRA,SA,5311
41738,TALIA,SA,5670
41739,TANTANOOLA,SA,5280
41740,TANUNDA,SA,5352
41741,TAPEROO,SA,5017
41742,TAPLAN,SA,5311
41743,TAPLAN,SA,5333
41744,TARATAP,SA,5275
41745,TARCOOLA,SA,5701
41746,TARCOOLA,SA,5710
41747,TARCOWIE,SA,5431
41748,TARLEE,SA,5411
41749,TARNMA,SA,5413
41750,TARPEENA,SA,5277
41751,TATACHILLA,SA,5171
41752,TAUNTON,SA,5235
41753,TAYLORVILLE,SA,5330
41754,TAYLORVILLE STATION,SA,5330
41755,TEA TREE GULLY,SA,5091
41756,TEAL FLAT,SA,5238
41757,TELOWIE,SA,5540
41758,TEMPLERS,SA,5371
41759,TENNYSON,SA,5022
41760,TEPCO STATION,SA,5440
41761,TEPKO,SA,5254
41762,TERINGIE,SA,5072
41763,TEROWIE,SA,5421
41764,THE GAP,SA,5271
41765,THE LEVELS,SA,5095
41766,THE PINES,SA,5575
41767,THE PINES,SA,5577
41768,THE POINT,SA,5254
41769,THE RANGE,SA,5172
41770,THE UNIVERSITY OF ADELAIDE,SA,5005
41771,THEBARTON,SA,5031
41772,THEVENARD,SA,5690
41773,THOMAS PLAIN,SA,5554
41774,THOMAS PLAINS,SA,5554
41775,THOMPSON BEACH,SA,5501
41776,THORNGATE,SA,5082
41777,THORNLEA,SA,5280
41778,THREE CREEKS,SA,5432
41779,THRINGTON,SA,5552
41780,THURLGA,SA,5717
41781,TIATUKIA,SA,5607
41782,TICKERA,SA,5555
41783,TIDDY WIDDY BEACH,SA,5571
41784,TIEYON,SA,0872
41785,TIKALINA,SA,5440
41786,TILLEY SWAMP,SA,5275
41787,TINTINARA,SA,5266
41788,TODMORDEN,SA,5734
41789,TOLDEROL,SA,5256
41790,TONSLEY,SA,5042
41791,TOOLIGIE,SA,5607
41792,TOOPERANG,SA,5255
41793,TOORA,SA,5253
41794,TOORAK GARDENS,SA,5065
41795,TOOTENILLA,SA,5607
41796,TORRENS ISLAND,SA,5015
41797,TORRENS PARK,SA,5062
41798,TORRENS VALE,SA,5203
41799,TORRENSVILLE,SA,5031
41800,TORRENSVILLE PLAZA,SA,5031
41801,TOTHILL BELT,SA,5413
41802,TOTHILL CREEK,SA,5413
41803,TOTNESS,SA,5250
41804,TOWITTA,SA,5353
41805,TRANMERE,SA,5073
41806,TRANMERE NORTH,SA,5073
41807,TRIHI,SA,5279
41808,TRINITY GARDENS,SA,5068
41809,TROTT PARK,SA,5158
41810,TRURO,SA,5356
41811,TULKA,SA,5607
41812,TULKA NORTH,SA,5607
41813,TUMBY BAY,SA,5605
41814,TUNGKILLO,SA,5236
41815,TUNKALILLA,SA,5203
41816,TUSMORE,SA,5065
41817,TWO WELLS,SA,5501
41818,TYRINGA,SA,5671
41819,UCOLTA,SA,5422
41820,ULEY,SA,5607
41821,ULEYBURY,SA,5114
41822,ULOOLOO,SA,5419
41823,ULYERRA,SA,5633
41824,ULYERRA,SA,5670
41825,UMBERATANA,SA,5732
41826,UMUWA,SA,0872
41827,UNDALYA,SA,5451
41828,UNDERDALE,SA,5032
41829,UNGARRA,SA,5607
41830,UNIVERSITY OF ADELAIDE,SA,5005
41831,UNLEY,SA,5061
41832,UNLEY BC,SA,5061
41833,UNLEY DC,SA,5061
41834,UNLEY PARK,SA,5061
41835,UNO,SA,5717
41836,UPALINNA,SA,5434
41837,UPPER HERMITAGE,SA,5131
41838,UPPER STURT,SA,5156
41839,URAIDLA,SA,5142
41840,URANIA,SA,5573
41841,URRBRAE,SA,5064
41842,UWORRA,SA,5690
41843,VALE PARK,SA,5081
41844,VALLEY VIEW,SA,5093
41845,VEITCH,SA,5311
41846,VENUS BAY,SA,5607
41847,VERDUN,SA,5245
41848,VERRAN,SA,5603
41849,VICTOR HARBOR,SA,5211
41850,VICTOR HARBOR CENTRAL,SA,5211
41851,VINE VALE,SA,5352
41852,VIRGINIA,SA,5120
41853,VISTA,SA,5091
41854,VIVONNE BAY,SA,5223
41855,WADDIKEE,SA,5640
41856,WADNAMINGA,SA,5440
41857,WAIKERIE,SA,5330
41858,WAITPINGA,SA,5211
41859,WALKER FLAT,SA,5238
41860,WALKERVILLE,SA,5081
41861,WALKLEY HEIGHTS,SA,5098
41862,WALL,SA,5238
41863,WALL FLAT,SA,5254
41864,WALLALA,SA,5661
41865,WALLAROO,SA,5556
41866,WALLAROO MINES,SA,5554
41867,WALLAROO PLAIN,SA,5556
41868,WALLAWAY,SA,5431
41869,WALLERBERDINA,SA,5713
41870,WALLOWAY,SA,5431
41871,WALTOWA,SA,5264
41872,WAMI KATA,SA,5700
41873,WANBI,SA,5310
41874,WANDANA,SA,5690
41875,WANDEARAH,SA,5523
41876,WANDEARAH EAST,SA,5523
41877,WANDEARAH WEST,SA,5523
41878,WANDILO,SA,5291
41879,WANGARY,SA,5607
41880,WANGOLINA,SA,5275
41881,WANILLA,SA,5607
41882,WAPPILKA,SA,5332
41883,WARBURTO,SA,5556
41884,WARD BELT,SA,5118
41885,WARD HILL,SA,5522
41886,WARNERTOWN,SA,5540
41887,WARNES,SA,5417
41888,WAROOKA,SA,5577
41889,WAROONEE,SA,5422
41890,WARRACHIE,SA,5607
41891,WARRADALE,SA,5046
41892,WARRADALE NORTH,SA,5046
41893,WARRAMBOO,SA,5650
41894,WARRAWEENA,SA,5730
41895,WARREN,SA,5233
41896,WARROW,SA,5607
41897,WARTAKA,SA,5715
41898,WARUNDA,SA,5607
41899,WASHPOOL,SA,5454
41900,WASLEYS,SA,5400
41901,WATARRU,SA,0872
41902,WATCHMAN,SA,5461
41903,WATERFALL GULLY,SA,5066
41904,WATERLOO,SA,5413
41905,WATERLOO CORNER,SA,5110
41906,WATERVALE,SA,5452
41907,WATINUMA,SA,0872
41908,WATRABA,SA,5690
41909,WATTLE FLAT,SA,5203
41910,WATTLE PARK,SA,5066
41911,WATTLE RANGE,SA,5280
41912,WATTLE RANGE EAST,SA,5279
41913,WAUKARINGA,SA,5440
41914,WAURALTEE,SA,5573
41915,WAYVILLE,SA,5034
41916,WEBB BEACH,SA,5501
41917,WEDGE ISLAND,SA,5606
41918,WEEKEROO,SA,5440
41919,WEEROONA ISLAND,SA,5495
41920,WEETULTA,SA,5573
41921,WELBOURN HILL,SA,5724
41922,WELLAND,SA,5007
41923,WELLINGTON,SA,5259
41924,WELLINGTON EAST,SA,5259
41925,WEPAR,SA,5278
41926,WEPOWIE,SA,5482
41927,WERTALOONA,SA,5732
41928,WEST BEACH,SA,5024
41929,WEST BUNDALEER,SA,5491
41930,WEST CROYDON,SA,5008
41931,WEST HINDMARSH,SA,5007
41932,WEST LAKES,SA,5021
41933,WEST LAKES SHORE,SA,5020
41934,WEST RANGE,SA,5275
41935,WEST RICHMOND,SA,5033
41936,WESTALL,SA,5680
41937,WESTBOURNE PARK,SA,5041
41938,WESTERN FLAT,SA,5268
41939,WESTERN RIVER,SA,5223
41940,WESTONS FLAT,SA,5320
41941,WHARMINDA,SA,5603
41942,WHITE HILL,SA,5253
41943,WHITE HILL,SA,5254
41944,WHITE HUT,SA,5575
41945,WHITE SANDS,SA,5253
41946,WHITE WELL CORNER,SA,5690
41947,WHITES FLAT,SA,5607
41948,WHITES RIVER,SA,5607
41949,WHITES VALLEY,SA,5172
41950,WHITWARTA,SA,5461
41951,WHYALLA,SA,5600
41952,WHYALLA BARSON,SA,5601
41953,WHYALLA DC,SA,5600
41954,WHYALLA JENKINS,SA,5609
41955,WHYALLA NORRIE,SA,5608
41956,WHYALLA NORRIE EAST,SA,5608
41957,WHYALLA NORRIE NORTH,SA,5608
41958,WHYALLA PLAYFORD,SA,5600
41959,WHYALLA STUART,SA,5608
41960,WHYTE YARCOWIE,SA,5420
41961,WIAWERA,SA,5440
41962,WIGLEY FLAT,SA,5330
41963,WIGLEY FLAT,SA,5357
41964,WILCHERRY,SA,5641
41965,WILCOWIE,SA,5432
41966,WILD DOG VALLEY,SA,5271
41967,WILD HORSE PLAINS,SA,5501
41968,WILGENA,SA,5719
41969,WILKATANA STATION,SA,5713
41970,WILKAWATT,SA,5301
41971,WILLALO,SA,5419
41972,WILLALOOKA,SA,5267
41973,WILLAMULKA,SA,5554
41974,WILLASTON,SA,5118
41975,WILLIAM CREEK,SA,5723
41976,WILLIAMSTOWN,SA,5351
41977,WILLIPPA,SA,5432
41978,WILLOCHRA,SA,5433
41979,WILLOUGHBY,SA,5222
41980,WILLOW BANKS,SA,5253
41981,WILLOW CREEK,SA,5211
41982,WILLOW SPRINGS,SA,5434
41983,WILLOWIE,SA,5431
41984,WILLSDEN,SA,5700
41985,WILLSON RIVER,SA,5222
41986,WILLUNGA,SA,5172
41987,WILLUNGA HILL,SA,5172
41988,WILLUNGA SOUTH,SA,5172
41989,WILLYAROO,SA,5255
41990,WILMINGTON,SA,5485
41991,WINDSOR,SA,5501
41992,WINDSOR GARDENS,SA,5087
41993,WINGFIELD,SA,5013
41994,WINKIE,SA,5343
41995,WINNININNIE,SA,5440
41996,WINNINOWIE,SA,5700
41997,WINTABATINYANA,SA,5713
41998,WINTINNA,SA,5723
41999,WINULTA,SA,5555
42000,WINULTA,SA,5570
42001,WIRRABARA,SA,5481
42002,WIRRAMINNA,SA,5719
42003,WIRREALPA,SA,5730
42004,WIRREGA,SA,5267
42005,WIRRINA COVE,SA,5204
42006,WIRRULLA,SA,5661
42007,WISANGER,SA,5223
42008,WISTOW,SA,5251
42009,WITCHELINA,SA,5731
42010,WITCHITIE,SA,5432
42011,WITERA,SA,5671
42012,WITJIRA,SA,5734
42013,WOKURNA,SA,5520
42014,WOLSELEY,SA,5269
42015,WOMBATS REST,SA,5320
42016,WOMPINIE,SA,5440
42017,WONGULLA,SA,5238
42018,WONGYARRA,SA,5481
42019,WONNA,SA,5419
42020,WONUARRA,SA,5340
42021,WOODCHESTER,SA,5255
42022,WOODCROFT,SA,5162
42023,WOODFORDE,SA,5072
42024,WOODLANE,SA,5238
42025,WOODLANE,SA,5254
42026,WOODLEIGH,SA,5311
42027,WOODS POINT,SA,5253
42028,WOODSIDE,SA,5244
42029,WOODVILLE,SA,5011
42030,WOODVILLE GARDENS,SA,5012
42031,WOODVILLE NORTH,SA,5012
42032,WOODVILLE PARK,SA,5011
42033,WOODVILLE SOUTH,SA,5011
42034,WOODVILLE WEST,SA,5011
42035,WOOL BAY,SA,5575
42036,WOOLPUNDA,SA,5330
42037,WOOLSHED FLAT,SA,5412
42038,WOOLSHEDS,SA,5400
42039,WOOLTANA,SA,5732
42040,WOOLUMBOOL,SA,5272
42041,WOOLUNDUNGA,SA,5701
42042,WOOMERA,SA,5720
42043,WORLDS END,SA,5381
42044,WORLDS END CREEK,SA,5381
42045,WORROLONG,SA,5291
42046,WORUMBA,SA,5434
42047,WRATTONBULLY,SA,5271
42048,WUDINNA,SA,5652
42049,WUNKAR,SA,5311
42050,WYE,SA,5291
42051,WYNARKA,SA,5306
42052,WYNN VALE,SA,5127
42053,WYOMI,SA,5275
42054,YACKA,SA,5470
42055,YADLAMALKA,SA,5713
42056,YAHL,SA,5291
42057,YALANDA,SA,5641
42058,YALATA,SA,5690
42059,YALLUNDA FLAT,SA,5607
42060,YALPARA,SA,5431
42061,YALYMBOO,SA,5715
42062,YAMBA,SA,5340
42063,YAMBA,SA,5341
42064,YANERBIE,SA,5680
42065,YANINEE,SA,5653
42066,YANKALILLA,SA,5203
42067,YANKANINNA,SA,5732
42068,YANTANABIE,SA,5661
42069,YANYARRIE,SA,5432
42070,YARDEA,SA,5717
42071,YARRAH,SA,5433
42072,YARRAMBA,SA,5440
42073,YATALA VALE,SA,5126
42074,YATINA,SA,5422
42075,YATTALUNGA,SA,5114
42076,YEELANNA,SA,5632
42077,YELLABINNA,SA,5690
42078,YELTA,SA,5558
42079,YELTANA,SA,5641
42080,YILKI,SA,5211
42081,YINKANIE,SA,5332
42082,YONGALA,SA,5493
42083,YORKE VALLEY,SA,5573
42084,YORKETOWN,SA,5576
42085,YOUNGHUSBAND,SA,5238
42086,YOUNGHUSBAND HOLDINGS,SA,5238
42087,YUDNAPINNA,SA,5715
42088,YUMALI,SA,5261
42089,YUMBARRA,SA,5690
42090,YUNDI,SA,5172
42091,YUNTA,SA,5440
42092,YUNYARINYI,SA,0872
42093,ZADOWS LANDING,SA,5254
50001,ABBA RIVER,WA,6280
50002,ABBEY,WA,6280
50003,ACTON PARK,WA,6280
50004,ADAMSVALE,WA,6375
50005,AGNEW,WA,6435
50006,AJANA,WA,6532
50007,ALBANY,WA,6330
50008,ALBANY,WA,6332
50009,ALBANY DC,WA,6331
50010,ALBANY PO,WA,6332
50011,ALDERSYDE,WA,6306
50012,ALEXANDER HEIGHTS,WA,6064
50013,ALEXANDRA BRIDGE,WA,6288
50014,ALFRED COVE,WA,6154
50015,ALKIMOS,WA,6038
50016,ALLANOOKA,WA,6525
50017,ALLANSON,WA,6225
50018,ALMA,WA,6535
50019,AMBANIA,WA,6632
50020,AMBERGATE,WA,6280
50021,AMELUP,WA,6338
50022,ANGELO RIVER,WA,6642
50023,ANKETELL,WA,6167
50024,ANNIEBROOK,WA,6280
50025,ANTONYMYRE,WA,6714
50026,APPLECROSS,WA,6153
50027,APPLECROSS,WA,6953
50028,APPLECROSS NORTH,WA,6153
50029,ARDATH,WA,6419
50030,ARDROSS,WA,6153
50031,ARGYLE,WA,6239
50032,ARMADALE,WA,6112
50033,ARMADALE,WA,6992
50034,ARRINO,WA,6519
50035,ARROWSMITH,WA,6525
50036,ARROWSMITH EAST,WA,6519
50037,ARTHUR RIVER,WA,6315
50038,ASCOT,WA,6104
50039,ASHBY,WA,6065
50040,ASHENDON,WA,6111
50041,ASHFIELD,WA,6054
50042,ATTADALE,WA,6156
50043,ATWELL,WA,6164
50044,AUBIN GROVE,WA,6164
50045,AUGUSTA,WA,6290
50046,AUSTRALIND,WA,6233
50047,AVELEY,WA,6069
50048,AVON VALLEY NATIONAL PARK,WA,6084
50049,BAANDEE,WA,6412
50050,BABAKIN,WA,6428
50051,BABBAGE ISLAND,WA,6701
50052,BADGEBUP,WA,6317
50053,BADGERIN ROCK,WA,6475
50054,BADGIN,WA,6302
50055,BADGINGARRA,WA,6521
50056,BADJALING,WA,6383
50057,BAILUP,WA,6082
50058,BAKERS HILL,WA,6562
50059,BALBARRUP,WA,6258
50060,BALCATTA,WA,6021
50061,BALCATTA,WA,6914
50062,BALDIVIS,WA,6171
50063,BALGA,WA,6061
50064,BALINGUP,WA,6253
50065,BALKULING,WA,6383
50066,BALLA BALLA,WA,6714
50067,BALLADONG,WA,6302
50068,BALLADONIA,WA,6443
50069,BALLAJURA,WA,6066
50070,BALLAYING,WA,6315
50071,BALLIDU,WA,6606
50072,BALLY BALLY,WA,6304
50073,BAMBUN,WA,6503
50074,BANDY CREEK,WA,6450
50075,BANDYA,WA,6440
50076,BANJUP,WA,6164
50077,BANKSIA GROVE,WA,6031
50078,BANKSIADALE,WA,6213
50079,BANNISTER,WA,6390
50080,BARBALIN,WA,6479
50081,BARBERTON,WA,6510
50082,BARRABUP,WA,6275
50083,BARRAGUP,WA,6209
50084,BARRAGUP,WA,6210
50085,BARROW ISLAND,WA,6712
50086,BASKERVILLE,WA,6056
50087,BASSENDEAN,WA,6054
50088,BASSENDEAN,WA,6934
50089,BASSENDEAN DC,WA,6054
50090,BASSENDEAN DC,WA,6942
50091,BATEMAN,WA,6150
50092,BAUDIN,WA,6284
50093,BAYNTON,WA,6714
50094,BAYONET HEAD,WA,6330
50095,BAYSWATER,WA,6053
50096,BAYSWATER,WA,6933
50097,BEACHLANDS,WA,6530
50098,BEACON,WA,6472
50099,BEACONSFIELD,WA,6162
50100,BEADELL,WA,6440
50101,BEAUFORT RIVER,WA,6394
50102,BEAUMONT,WA,6450
50103,BECKENHAM,WA,6107
50104,BEDFORD ROAD,WA,6052
50105,BEDFORDALE,WA,6112
50106,BEECHBORO,WA,6063
50107,BEECHINA,WA,6556
50108,BEEDELUP,WA,6260
50109,BEELA,WA,6224
50110,BEELERUP,WA,6239
50111,BEELIAR,WA,6164
50112,BEENONG,WA,6353
50113,BEERMULLAH,WA,6503
50114,BEJOORDING,WA,6566
50115,BELDON,WA,6027
50116,BELHUS,WA,6069
50117,BELLEVUE,WA,6056
50118,BELMONT,WA,6104
50119,BELMONT,WA,6984
50120,BENCUBBIN,WA,6477
50121,BENDERING,WA,6367
50122,BENGER,WA,6223
50123,BENJABERRING,WA,6463
50124,BENJINUP,WA,6255
50125,BENNETT SPRINGS,WA,6063
50126,BENTLEY,WA,6102
50127,BENTLEY,WA,6982
50128,BENTLEY DC,WA,6102
50129,BENTLEY DC,WA,6983
50130,BENTLEY SOUTH,WA,6102
50131,BERESFORD,WA,6530
50132,BERKSHIRE VALLEY,WA,6510
50133,BERNIER ISLAND,WA,6701
50134,BERTRAM,WA,6167
50135,BEVERLEY,WA,6304
50136,BIBRA LAKE,WA,6163
50137,BIBRA LAKE DC,WA,6163
50138,BIBRA LAKE DC,WA,6965
50139,BICKLEY,WA,6076
50140,BICTON,WA,6157
50141,BIDDELIA,WA,6260
50142,BIG GROVE,WA,6330
50143,BILBARIN,WA,6375
50144,BILINGURR,WA,6725
50145,BIMBIJY,WA,6472
50146,BINDI BINDI,WA,6574
50147,BINDOON,WA,6502
50148,BINDOON TRAINING AREA,WA,6502
50149,BINDULI,WA,6430
50150,BINNINGUP,WA,6233
50151,BINNU,WA,6532
50152,BIRCHMONT,WA,6214
50153,BLUFF POINT,WA,6530
50154,BLYTHEWOOD,WA,6208
50155,BOALLIA,WA,6280
50156,BOBALONG,WA,6320
50157,BODALLIN,WA,6424
50158,BODDINGTON,WA,6390
50159,BOILUP,WA,6394
50160,BOKAL,WA,6392
50161,BOLGART,WA,6568
50162,BONNIE ROCK,WA,6479
50163,BONNIEFIELD,WA,6525
50164,BOODARIE,WA,6722
50165,BOODAROCKIN,WA,6423
50166,BOOKARA,WA,6525
50167,BOOLADING,WA,6392
50168,BOONANARRING,WA,6503
50169,BOORABBIN,WA,6429
50170,BOORAGOON,WA,6154
50171,BOORAGOON,WA,6954
50172,BOORALAMING,WA,6475
50173,BOORARA,WA,6431
50174,BOORARA BROOK,WA,6262
50175,BOOTENAL,WA,6532
50176,BOOTHENDARRA,WA,6521
50177,BORANING,WA,6391
50178,BORANUP,WA,6286
50179,BORDEN,WA,6338
50180,BORDERDALE,WA,6320
50181,BORNHOLM,WA,6330
50182,BOSCABEL,WA,6394
50183,BOULDER,WA,6432
50184,BOUNDAIN,WA,6312
50185,BOUVARD,WA,6210
50186,BOUVARD,WA,6211
50187,BOVELL,WA,6280
50188,BOW BRIDGE,WA,6333
50189,BOWELLING,WA,6225
50190,BOWES,WA,6535
50191,BOWGADA,WA,6623
50192,BOXWOOD HILL,WA,6338
50193,BOYA,WA,6056
50194,BOYANUP,WA,6237
50195,BOYATUP,WA,6450
50196,BOYERINE,WA,6316
50197,BOYUP BROOK,WA,6244
50198,BRABHAM,WA,6055
50199,BRAMLEY,WA,6285
50200,BRAZIER,WA,6251
50201,BREERA,WA,6503
50202,BREMER BAY,WA,6338
50203,BRENTWOOD,WA,6153
50204,BRETON BAY,WA,6043
50205,BRIDGETOWN,WA,6255
50206,BRIGADOON,WA,6069
50207,BRINGO,WA,6532
50208,BROADWATER,WA,6280
50209,BROADWAY NEDLANDS,WA,6009
50210,BROADWOOD,WA,6430
50211,BROCKMAN,WA,6701
50212,BROKE,WA,6398
50213,BROOKDALE,WA,6112
50214,BROOKHAMPTON,WA,6239
50215,BROOKTON,WA,6306
50216,BROOME,WA,6725
50217,BROOMEHILL,WA,6318
50218,BROOMEHILL EAST,WA,6318
50219,BROOMEHILL VILLAGE,WA,6318
50220,BROOMEHILL WEST,WA,6318
50221,BROWN HILL,WA,6431
50222,BROWN RANGE,WA,6701
50223,BRUCE ROCK,WA,6418
50224,BRUNSWICK,WA,6224
50225,BUCKINGHAM,WA,6225
50226,BUCKLAND,WA,6401
50227,BULGARRA,WA,6714
50228,BULL CREEK,WA,6149
50229,BULLABULLING,WA,6429
50230,BULLARING,WA,6373
50231,BULLER,WA,6532
50232,BULLFINCH,WA,6484
50233,BULLOCK HILLS,WA,6317
50234,BULLOCK HILLS,WA,6350
50235,BULLSBROOK,WA,6084
50236,BULONG,WA,6431
50237,BULYEE,WA,6306
50238,BUNBURY,WA,6230
50239,BUNBURY,WA,6231
50240,BUNDANOON,WA,6522
50241,BUNGULLA,WA,6410
50242,BUNICHE,WA,6353
50243,BUNJIL,WA,6620
50244,BUNJIL,WA,6623
50245,BUNTINE,WA,6613
50246,BURAKIN,WA,6467
50247,BURAMINYA,WA,6452
50248,BUREKUP,WA,6227
50249,BURGES,WA,6302
50250,BURLONG,WA,6401
50251,BURMA ROAD,WA,6532
50252,BURNS BEACH,WA,6028
50253,BURNSIDE,WA,6285
50254,BURRACOPPIN,WA,6421
50255,BURRAN ROCK,WA,6490
50256,BURRUP,WA,6714
50257,BURSWOOD,WA,6100
50258,BURTVILLE,WA,6440
50259,BUSHMEAD,WA,6055
50260,BUSSELTON,WA,6280
50261,BUTLER,WA,6036
50262,BYFORD,WA,6122
50263,CABLE BEACH,WA,6726
50264,CADOUX,WA,6466
50265,CAIGUNA,WA,6443
50266,CALINGIRI,WA,6569
50267,CALISTA,WA,6167
50268,CALJIE,WA,6302
50269,CALLCUP,WA,6260
50270,CAMBALLIN,WA,6728
50271,CAMBRIDGE GULF,WA,6743
50272,CAMILLO,WA,6111
50273,CAMPION,WA,6421
50274,CANCANNING,WA,6315
50275,CANE,WA,6710
50276,CANNA,WA,6627
50277,CANNING BRIDGE APPLECROSS,WA,6153
50278,CANNING MILLS,WA,6111
50279,CANNING VALE,WA,6155
50280,CANNING VALE DC,WA,6155
50281,CANNING VALE DC,WA,6970
50282,CANNING VALE SOUTH,WA,6155
50283,CANNINGTON,WA,6107
50284,CANNINGTON,WA,6980
50285,CANNINGTON,WA,6987
50286,CAPE ARID,WA,6452
50287,CAPE BURNEY,WA,6532
50288,CAPE LE GRAND,WA,6450
50289,CAPE RANGE NATIONAL PARK,WA,6707
50290,CAPE RICHE,WA,6328
50291,CAPEL,WA,6271
50292,CAPEL RIVER,WA,6271
50293,CAPRICORN,WA,6642
50294,CARABAN,WA,6041
50295,CARABOODA,WA,6033
50296,CARANI,WA,6566
50297,CARANI,WA,6569
50298,CARBLA,WA,6701
50299,CARBUNUP RIVER,WA,6280
50300,CARDIFF,WA,6225
50301,CARDUP,WA,6122
50302,CAREY PARK,WA,6230
50303,CARINE,WA,6020
50304,CARLISLE,WA,6101
50305,CARLISLE NORTH,WA,6101
50306,CARLISLE SOUTH,WA,6101
50307,CARLOTTA,WA,6275
50308,CARMEL,WA,6076
50309,CARNAMAH,WA,6517
50310,CARNARVON,WA,6701
50311,CARRABIN,WA,6423
50312,CARRAMAR,WA,6031
50313,CARRARANG,WA,6532
50314,CARROLUP,WA,6317
50315,CARTMETICUP,WA,6316
50316,CASCADE,WA,6450
50317,CASTLETOWN,WA,6450
50318,CASUARINA,WA,6167
50319,CATABY,WA,6507
50320,CATTERICK,WA,6255
50321,CAVERSHAM,WA,6055
50322,CENTENNIAL PARK,WA,6330
50323,CERVANTES,WA,6511
50324,CHADWICK,WA,6450
50325,CHAMPION LAKES,WA,6111
50326,CHANDLER,WA,6490
50327,CHANGERUP,WA,6394
50328,CHANNYBEARUP,WA,6260
50329,CHAPMAN HILL,WA,6280
50330,CHARLEY CREEK,WA,6239
50331,CHERRY TREE POOL,WA,6395
50332,CHEYNES,WA,6328
50333,CHICHESTER,WA,6751
50334,CHIDLOW,WA,6556
50335,CHITTERING,WA,6084
50336,CHOWERUP,WA,6244
50337,CHRISTMAS ISLAND,WA,6798
50338,CHURCHLANDS,WA,6018
50339,CITY BEACH,WA,6015
50340,CITY DELIVERY CENTRE,WA,6000
50341,CLACKLINE,WA,6564
50342,CLAREMONT,WA,6010
50343,CLAREMONT,WA,6910
50344,CLAREMONT NORTH,WA,6010
50345,CLARKSON,WA,6030
50346,CLEARY,WA,6472
50347,CLEAVERVILLE,WA,6714
50348,CLIFTON,WA,6210
50349,CLIFTON,WA,6211
50350,CLOISTERS SQUARE,WA,6850
50351,CLOISTERS SQUARE PO,WA,6850
50352,CLOVERDALE,WA,6105
50353,CLOVERDALE,WA,6985
50354,COBLININE,WA,6317
50355,COBURN,WA,6532
50356,COCKATOO ISLAND,WA,6731
50357,COCKBURN CENTRAL,WA,6164
50358,COCKLEBIDDY,WA,6443
50359,CODJATOTINE,WA,6308
50360,COLD HARBOUR,WA,6302
50361,COLLANILLING,WA,6315
50362,COLLEGE GROVE,WA,6230
50363,COLLIE,WA,6225
50364,COLLIE BURN,WA,6225
50365,COLLINGWOOD HEIGHTS,WA,6330
50366,COLLINGWOOD PARK,WA,6330
50367,COLLINS,WA,6260
50368,COLLINS SIDING,WA,6260
50369,COMMODINE,WA,6311
50370,COMO,WA,6152
50371,COMO,WA,6952
50372,CONDINGUP,WA,6450
50373,CONGELIN,WA,6391
50374,CONNOLLY,WA,6027
50375,CONTINE,WA,6311
50376,COODANUP,WA,6210
50377,COOGEE,WA,6166
50378,COOKERNUP,WA,6219
50379,COOLADAR HILL,WA,6638
50380,COOLBELLUP,WA,6163
50381,COOLBINIA,WA,6050
50382,COOLCALALAYA,WA,6532
50383,COOLGARDIE,WA,6429
50384,COOLJARLOO,WA,6507
50385,COOLOONGUP,WA,6168
50386,COOLUP,WA,6214
50387,COOMALBIDGUP,WA,6450
50388,COOMBERDALE,WA,6512
50389,COONABIDGEE,WA,6503
50390,COONDLE,WA,6566
50391,COOROW,WA,6515
50392,COOYA POOYA,WA,6714
50393,COPLEY,WA,6562
50394,CORAL BAY,WA,6701
50395,CORDERING,WA,6393
50396,CORINTHIA,WA,6426
50397,CORRIGIN,WA,6375
50398,COSMO NEWBERY,WA,6440
50399,COSSACK,WA,6720
50400,COTTESLOE,WA,6011
50401,COTTESLOE,WA,6911
50402,COURTENAY,WA,6288
50403,COWALELLUP,WA,6336
50404,COWALLA,WA,6503
50405,COWARAMUP,WA,6284
50406,COWCOWING,WA,6485
50407,COYRECUP,WA,6317
50408,CRAIGIE,WA,6025
50409,CRAMPHORNE,WA,6420
50410,CRANBROOK,WA,6321
50411,CRAWLEY,WA,6009
50412,CROOKED BROOK,WA,6236
50413,CROSSMAN,WA,6390
50414,CROWEA,WA,6258
50415,CROWEA,WA,6262
50416,CUBALLING,WA,6311
50417,CUBBINE,WA,6383
50418,CUE,WA,6640
50419,CULBIN,WA,6391
50420,CULHAM,WA,6566
50421,CULLACABARDEE,WA,6067
50422,CULLALLA,WA,6503
50423,CUNDEELEE,WA,6434
50424,CUNDERDIN,WA,6407
50425,CUNDINUP,WA,6275
50426,CUNJARDINE,WA,6401
50427,CURRAMBINE,WA,6028
50428,CUTHBERT,WA,6330
50429,DAADENNING CREEK,WA,6410
50430,DAGGAR HILLS,WA,6638
50431,DAGLISH,WA,6008
50432,DALE,WA,6304
50433,DALIAK,WA,6302
50434,DALKEITH,WA,6009
50435,DALWALLINU,WA,6609
50436,DALYELLUP,WA,6230
50437,DALYUP,WA,6450
50438,DAMPIER,WA,6713
50439,DAMPIER ARCHIPELAGO,WA,6713
50440,DAMPIER PENINSULA,WA,6725
50441,DANDANNING,WA,6479
50442,DANDARAGAN,WA,6507
50443,DANGIN,WA,6383
50444,DARCH,WA,6065
50445,DARDADINE,WA,6392
50446,DARDANUP,WA,6236
50447,DARDANUP WEST,WA,6236
50448,DARKAN,WA,6392
50449,DARLING DOWNS,WA,6122
50450,DARLINGTON,WA,6070
50451,DARRADUP,WA,6275
50452,DARTMOOR,WA,6532
50453,DARTNALL,WA,6320
50454,DATATINE,WA,6317
50455,DAVENPORT,WA,6230
50456,DAWESVILLE,WA,6210
50457,DAWESVILLE,WA,6211
50458,DAYTON,WA,6055
50459,DE GREY,WA,6722
50460,DEANMILL,WA,6258
50461,DEEPDALE,WA,6532
50462,DEEPDENE,WA,6290
50463,DENBARKER,WA,6324
50464,DENHAM,WA,6537
50465,DENMARK,WA,6333
50466,DERBY,WA,6728
50467,DEVILS CREEK,WA,6630
50468,DEWARS POOL,WA,6567
50469,DIAMOND TREE,WA,6258
50470,DIANELLA,WA,6059
50471,DINDILOA,WA,6532
50472,DINGUP,WA,6258
50473,DINNINUP,WA,6244
50474,DIRK HARTOG,WA,6537
50475,DIRK HARTOG ISLAND,WA,6537
50476,DIXVALE,WA,6258
50477,DJUGUN,WA,6725
50478,DOG SWAMP,WA,6060
50479,DONGARA,WA,6525
50480,DONGOLOCKING,WA,6315
50481,DONNELLY RIVER,WA,6258
50482,DONNYBROOK,WA,6239
50483,DOOBARDA,WA,6112
50484,DOODENANNING,WA,6383
50485,DOODLAKINE,WA,6411
50486,DOONGIN,WA,6409
50487,DORRE ISLAND,WA,6701
50488,DOUBLEVIEW,WA,6018
50489,DOWERIN,WA,6461
50490,DROME,WA,6330
50491,DRUMMOND COVE,WA,6532
50492,DRYANDRA,WA,6311
50493,DRYSDALE RIVER,WA,6740
50494,DUDAWA,WA,6519
50495,DUDININ,WA,6363
50496,DUDLEY PARK,WA,6210
50497,DUKIN,WA,6475
50498,DULBELLING,WA,6383
50499,DULYALBIN,WA,6425
50500,DUMBARTON,WA,6566
50501,DUMBERNING,WA,6312
50502,DUMBLEYUNG,WA,6350
50503,DUNCRAIG,WA,6023
50504,DUNDAS,WA,6443
50505,DUNN ROCK,WA,6355
50506,DUNSBOROUGH,WA,6281
50507,DURACK,WA,6743
50508,DURANILLIN,WA,6393
50509,DURAWAH,WA,6532
50510,DWARDA,WA,6308
50511,DWELLINGUP,WA,6213
50512,EAGLE BAY,WA,6281
50513,EAST AUGUSTA,WA,6290
50514,EAST BALLIDU,WA,6606
50515,EAST BEVERLEY,WA,6304
50516,EAST BOWES,WA,6535
50517,EAST BUNBURY,WA,6230
50518,EAST CANNINGTON,WA,6107
50519,EAST CARNARVON,WA,6701
50520,EAST CHAPMAN,WA,6532
50521,EAST DAMBORING,WA,6606
50522,EAST DAMBORING,WA,6608
50523,EAST FREMANTLE,WA,6158
50524,EAST LYONS RIVER,WA,6705
50525,EAST MUNGLINUP,WA,6450
50526,EAST MURCHISON,WA,6640
50527,EAST NABAWA,WA,6532
50528,EAST NANNUP,WA,6275
50529,EAST NEWDEGATE,WA,6355
50530,EAST PERTH,WA,6004
50531,EAST PERTH,WA,6892
50532,EAST PINGELLY,WA,6308
50533,EAST POPANYINNING,WA,6309
50534,EAST ROCKINGHAM,WA,6168
50535,EAST VICTORIA PARK,WA,6101
50536,EAST VICTORIA PARK,WA,6981
50537,EAST WICKEPIN,WA,6370
50538,EAST YUNA,WA,6532
50539,EASTBROOK,WA,6260
50540,EATON,WA,6232
50541,EDEN HILL,WA,6054
50542,EDGEWATER,WA,6027
50543,EGANU,WA,6515
50544,EGLINTON,WA,6034
50545,EIGHTY MILE BEACH,WA,6725
50546,ELABBIN,WA,6490
50547,ELACHBUTTING,WA,6479
50548,ELGIN,WA,6237
50549,ELLEKER,WA,6330
50550,ELLENBROOK,WA,6069
50551,ELLENBROOK EAST,WA,6069
50552,ELLENDALE,WA,6532
50553,EMBLETON,WA,6062
50554,EMU FLAT,WA,6431
50555,EMU HILL,WA,6369
50556,EMU POINT,WA,6330
50557,ENEABBA,WA,6518
50558,ENNUIN,WA,6484
50559,ERADU,WA,6532
50560,ERADU SOUTH,WA,6532
50561,ERSKINE,WA,6210
50562,ESPERANCE,WA,6450
50563,ETMILYN,WA,6213
50564,EUCLA,WA,6443
50565,EURARDY,WA,6532
50566,EWLYAMARTUP,WA,6317
50567,EXMOUTH,WA,6707
50568,EXMOUTH GULF,WA,6707
50569,FAIRBRIDGE,WA,6208
50570,FALCON,WA,6210
50571,FERGUSON,WA,6236
50572,FERNDALE,WA,6148
50573,FEYSVILLE,WA,6431
50574,FIMISTON,WA,6432
50575,FINUCANE,WA,6722
50576,FITZGERALD,WA,6337
50577,FITZGERALD RIVER NATIONAL PARK,WA,6346
50578,FITZROY CROSSING,WA,6765
50579,FLINT,WA,6302
50580,FLOREAT,WA,6014
50581,FLOREAT FORUM,WA,6014
50582,FLYNN,WA,6302
50583,FOREST GROVE,WA,6286
50584,FOREST HILL,WA,6324
50585,FORREST,WA,6434
50586,FORREST BEACH,WA,6271
50587,FORRESTANIA,WA,6359
50588,FORRESTDALE,WA,6112
50589,FORRESTFIELD,WA,6058
50590,FORTESCUE,WA,6716
50591,FRANCOIS PERON NATIONAL PARK,WA,6537
50592,FRANKLAND,WA,6396
50593,FRANKLAND RIVER,WA,6396
50594,FRASER RANGE,WA,6443
50595,FREMANTLE,WA,6160
50596,FREMANTLE,WA,6959
50597,FRENCHMAN BAY,WA,6330
50598,FURNISSDALE,WA,6209
50599,FURNISSDALE,WA,6210
50600,GABALONG,WA,6574
50601,GABBADAH,WA,6041
50602,GABBIN,WA,6476
50603,GAIRDNER,WA,6337
50604,GAP RIDGE,WA,6714
50605,GARDEN ISLAND,WA,6168
50606,GASCOYNE JUNCTION,WA,6705
50607,GASCOYNE RIVER,WA,6705
50608,GEEGULLY CREEK,WA,6728
50609,GELORUP,WA,6230
50610,GEOGRAPHE,WA,6280
50611,GEORGINA,WA,6532
50612,GERALDTON,WA,6530
50613,GERALDTON,WA,6531
50614,GERALDTON DC,WA,6530
50615,GERALDTON PO,WA,6531
50616,GHOOLI,WA,6426
50617,GIBB,WA,6743
50618,GIBSON,WA,6448
50619,GIBSON DESERT NORTH,WA,0872
50620,GIBSON DESERT SOUTH,WA,0872
50621,GIDGEGANNUP,WA,6083
50622,GILGERING,WA,6302
50623,GILLIMANNING,WA,6370
50624,GILLINGARRA,WA,6510
50625,GILROYD,WA,6701
50626,GINGERAH,WA,6725
50627,GINGIN,WA,6503
50628,GINGINUP,WA,6503
50629,GIRRAWHEEN,WA,6064
50630,GLEDHOW,WA,6330
50631,GLEN FORREST,WA,6071
50632,GLEN IRIS,WA,6230
50633,GLEN MERVYN,WA,6239
50634,GLENCOE,WA,6316
50635,GLENDALOUGH,WA,6016
50636,GLENFIELD,WA,6532
50637,GLENGARRY,WA,6023
50638,GLENLYNN,WA,6256
50639,GLENORAN,WA,6258
50640,GLENTROMIE,WA,6509
50641,GNANGARA,WA,6065
50642,GNANGARA,WA,6077
50643,GNARABUP,WA,6285
50644,GNOOREA,WA,6714
50645,GNOWANGERUP,WA,6335
50646,GNOWELLEN,WA,6328
50647,GOLDEN BAY,WA,6174
50648,GOLDSWORTHY,WA,6723
50649,GOODE BEACH,WA,6330
50650,GOODLANDS,WA,6468
50651,GOOMALLING,WA,6460
50652,GOOMARIN,WA,6415
50653,GOOSEBERRY HILL,WA,6076
50654,GORGE ROCK,WA,6375
50655,GORRIE,WA,6556
50656,GOSNELLS,WA,6110
50657,GOSNELLS,WA,6990
50658,GRACETOWN,WA,6284
50659,GRANVILLE,WA,6503
50660,GRASS PATCH,WA,6446
50661,GRASS VALLEY,WA,6403
50662,GREEN HEAD,WA,6514
50663,GREEN RANGE,WA,6328
50664,GREEN VALLEY,WA,6330
50665,GREENBUSHES,WA,6254
50666,GREENFIELDS,WA,6210
50667,GREENHILLS,WA,6302
50668,GREENMOUNT,WA,6056
50669,GREENOUGH,WA,6532
50670,GREENWOOD,WA,6024
50671,GREENWOOD,WA,6924
50672,GREENWOODS VALLEY,WA,6405
50673,GREGORY,WA,6535
50674,GREY,WA,6521
50675,GREYS PLAIN,WA,6701
50676,GRIMWADE,WA,6253
50677,GUILDERTON,WA,6041
50678,GUILDFORD,WA,6055
50679,GUILDFORD,WA,6935
50680,GUNDARING,WA,6315
50681,GUNYIDI,WA,6513
50682,GUTHA,WA,6623
50683,GWAMBYGINE,WA,6302
50684,GWELUP,WA,6018
50685,GWELUP DC,WA,6018
50686,GWINDINUP,WA,6237
50687,HACKETTS GULLY,WA,6076
50688,HALLS CREEK,WA,6770
50689,HALLS HEAD,WA,6210
50690,HAMEL,WA,6215
50691,HAMELIN BAY,WA,6288
50692,HAMELIN POOL,WA,6532
50693,HAMERSLEY,WA,6022
50694,HAMERSLEY RANGE,WA,6716
50695,HAMILTON HILL,WA,6163
50696,HAMILTON HILL,WA,6963
50697,HAMMOND PARK,WA,6164
50698,HANNANS,WA,6430
50699,HANNANS,WA,6433
50700,HANNANS PO,WA,6433
50701,HARRIS RIVER,WA,6225
50702,HARRISDALE,WA,6112
50703,HARRISMITH,WA,6361
50704,HARVEY,WA,6220
50705,HASTINGS,WA,6308
50706,HATTER HILL,WA,6356
50707,HAY,WA,6333
50708,HAYNES,WA,6112
50709,HAZELMERE,WA,6055
50710,HAZELVALE,WA,6333
50711,HEATHRIDGE,WA,6027
50712,HELENA VALLEY,WA,6056
50713,HENDERSON,WA,6166
50714,HENLEY BROOK,WA,6055
50715,HENTY,WA,6236
50716,HERDSMAN,WA,6017
50717,HERNE HILL,WA,6056
50718,HERRON,WA,6210
50719,HERRON,WA,6211
50720,HESTER,WA,6255
50721,HESTER BROOK,WA,6255
50722,HICKETY,WA,6532
50723,HIGGINSVILLE,WA,6443
50724,HIGH WYCOMBE,WA,6057
50725,HIGHBURY,WA,6313
50726,HIGHGATE,WA,6003
50727,HILBERT,WA,6112
50728,HILL RIVER,WA,6521
50729,HILLARYS,WA,6025
50730,HILLARYS,WA,6923
50731,HILLMAN,WA,6168
50732,HILLMAN RIVER,WA,6391
50733,HILLSIDE,WA,6312
50734,HILTON,WA,6163
50735,HINDMARSH,WA,6462
50736,HINES HILL,WA,6413
50737,HITHERGREEN,WA,6280
50738,HOCKING,WA,6065
50739,HODDYS WELL,WA,6566
50740,HOFFMAN,WA,6220
50741,HOLLETON,WA,6426
50742,HOLMWOOD,WA,6522
50743,HOLT ROCK,WA,6355
50744,HOLYOAKE,WA,6213
50745,HOME ISLAND COCOS (KEELING) ISLANDS,WA,6799
50746,HOPEVALE,WA,6165
50747,HOPELAND,WA,6125
50748,HOPETOUN,WA,6348
50749,HORROCKS,WA,6535
50750,HOUTMAN ABROLHOS,WA,6530
50751,HOVEA,WA,6071
50752,HOWATHARRA,WA,6532
50753,HOWICK,WA,6450
50754,HULONGINE,WA,6460
50755,HUNTINGDALE,WA,6110
50756,HYDEN,WA,6359
50757,IKEWA,WA,6522
50758,ILUKA,WA,6028
50759,INDEE,WA,6721
50760,INGGARDA,WA,6701
50761,INGLEHOPE,WA,6213
50762,INGLEWOOD,WA,6052
50763,INGLEWOOD,WA,6932
50764,INKPEN,WA,6302
50765,INNALOO,WA,6018
50766,INNALOO,WA,6918
50767,INNAWANGA,WA,6751
50768,IRISHTOWN,WA,6401
50769,IRRUNYTJU,WA,0872
50770,IRWIN,WA,6525
50771,ISRAELITE BAY,WA,6452
50772,ISSEKA,WA,6535
50773,JACKITUP,WA,6335
50774,JACUP,WA,6337
50775,JALBARRAGUP,WA,6275
50776,JALORAN,WA,6315
50777,JANDABUP,WA,6065
50778,JANDABUP,WA,6077
50779,JANDAKOT,WA,6164
50780,JANE BROOK,WA,6056
50781,JARDEE,WA,6258
50782,JARLMADANGAH BURRU,WA,6728
50783,JARRAHDALE,WA,6124
50784,JARRAHWOOD,WA,6275
50785,JELCOBINE,WA,6306
50786,JENNACUBBINE,WA,6401
50787,JENNAPULLIN,WA,6401
50788,JERDACUTTUP,WA,6346
50789,JERRAMUNGUP,WA,6337
50790,JIBBERDING,WA,6612
50791,JIGALONG,WA,6753
50792,JILAKIN,WA,6365
50793,JINDALEE,WA,6036
50794,JINDONG,WA,6280
50795,JINGALUP,WA,6395
50796,JITARNING,WA,6365
50797,JOLIMONT,WA,6014
50798,JOONDALUP,WA,6027
50799,JOONDALUP DC,WA,6027
50800,JOONDALUP DC,WA,6919
50801,JOONDANNA,WA,6060
50802,JULIMAR,WA,6567
50803,JUNA DOWNS,WA,6751
50804,JURIEN BAY,WA,6516
50805,KADATHINNI,WA,6519
50806,KALAMUNDA,WA,6076
50807,KALAMUNDA,WA,6926
50808,KALANNIE,WA,6468
50809,KALBARRI,WA,6536
50810,KALBARRI NATIONAL PARK,WA,6536
50811,KALGAN,WA,6330
50812,KALGOORLIE,WA,6430
50813,KALGOORLIE,WA,6433
50814,KALGOORLIE DC,WA,6433
50815,KALGOORLIE PO,WA,6433
50816,KALGUP,WA,6280
50817,KALLAROO,WA,6025
50818,KALOORUP,WA,6280
50819,KALUMBURU,WA,6740
50820,KAMBALDA,WA,6442
50821,KAMBALDA EAST,WA,6442
50822,KAMBALDA WEST,WA,6442
50823,KANGAROO GULLY,WA,6255
50824,KANOWNA,WA,6431
50825,KANPA,WA,0872
50826,KARAKIN,WA,6044
50827,KARALUNDI,WA,6642
50828,KARAWARA,WA,6152
50829,KARDINYA,WA,6163
50830,KARIJINI,WA,6751
50831,KARLGARIN,WA,6358
50832,KARLKURLA,WA,6430
50833,KARLONING,WA,6479
50834,KARLOO,WA,6530
50835,KARNUP,WA,6176
50836,KARRAGULLEN,WA,6111
50837,KARRAKATTA,WA,6010
50838,KARRAKUP,WA,6122
50839,KARRAMINDIE,WA,6429
50840,KARRANADGIN,WA,6460
50841,KARRATHA,WA,6714
50842,KARRATHA INDUSTRIAL ESTATE,WA,6714
50843,KARRIDALE,WA,6288
50844,KARRINYUP,WA,6018
50845,KARRINYUP,WA,6921
50846,KARROUN HILL,WA,6472
50847,KATANNING,WA,6317
50848,KATRINE,WA,6401
50849,KAURING,WA,6302
50850,KEALY,WA,6280
50851,KEBARINGUP,WA,6335
50852,KELLERBERRIN,WA,6410
50853,KELMSCOTT,WA,6111
50854,KELMSCOTT,WA,6991
50855,KELMSCOTT DC,WA,6111
50856,KELMSCOTT DC,WA,6997
50857,KENDENUP,WA,6323
50858,KENMARE,WA,6316
50859,KENNEDY RANGE,WA,6701
50860,KENSINGTON,WA,6151
50861,KENTDALE,WA,6333
50862,KENWICK,WA,6107
50863,KERALUP,WA,6182
50864,KEWDALE,WA,6105
50865,KEYSBROOK,WA,6126
50866,KIARA,WA,6054
50867,KIMBOLTON,WA,6728
50868,KING LEOPOLD RANGES,WA,6728
50869,KING RIVER,WA,6330
50870,KINGS PARK,WA,6005
50871,KINGSFORD,WA,6701
50872,KINGSLEY,WA,6026
50873,KINGSTON,WA,6256
50874,KINGSWAY,WA,6065
50875,KINROSS,WA,6028
50876,KIRK ROCK,WA,6370
50877,KIRK ROCK,WA,6372
50878,KIRUP,WA,6251
50879,KIWIRRKURRA,WA,0872
50880,KOJANEERUP SOUTH,WA,6328
50881,KOJARENA,WA,6532
50882,KOJONUP,WA,6395
50883,KOKEBY,WA,6304
50884,KONDININ,WA,6367
50885,KONDUT,WA,6605
50886,KONNONGORRING,WA,6603
50887,KOOJAN,WA,6510
50888,KOOKYNIE,WA,6431
50889,KOOLAN ISLAND,WA,6733
50890,KOOLANOOKA,WA,6623
50891,KOOLYANOBBING,WA,6427
50892,KOOMBERKINE,WA,6461
50893,KOONDOOLA,WA,6064
50894,KOONGAMIA,WA,6056
50895,KOORDA,WA,6475
50896,KORBEL,WA,6415
50897,KORDABUP,WA,6333
50898,KORRELOCKING,WA,6485
50899,KRONKUP,WA,6330
50900,KUDARDUP,WA,6290
50901,KUENDER,WA,6353
50902,KUKERIN,WA,6352
50903,KULIKUP,WA,6244
50904,KULIN,WA,6365
50905,KULIN WEST,WA,6365
50906,KULJA,WA,6470
50907,KUMARINA,WA,6642
50908,KUNDAT DJARU,WA,6770
50909,KUNJIN,WA,6375
50910,KUNUNOPPIN,WA,6489
50911,KUNUNURRA,WA,6743
50912,KUPARTIYA,WA,6765
50913,KURNALPI,WA,6431
50914,KURRENKUTTEN,WA,6375
50915,KWEDA,WA,6306
50916,KWELKAN,WA,6490
50917,KWINANA,WA,6966
50918,KWINANA BEACH,WA,6167
50919,KWINANA TOWN CENTRE,WA,6167
50920,KWOLYIN,WA,6385
50921,LAGRANGE,WA,6725
50922,LAKE ARGYLE,WA,6743
50923,LAKE AUSTIN,WA,6640
50924,LAKE BIDDY,WA,6355
50925,LAKE BROWN,WA,6479
50926,LAKE CAMM,WA,6355
50927,LAKE CARNEGIE,WA,6646
50928,LAKE CLIFTON,WA,6215
50929,LAKE COOGEE,WA,6166
50930,LAKE DARLOT,WA,6438
50931,LAKE DEBORAH,WA,6484
50932,LAKE GRACE,WA,6353
50933,LAKE HINDS,WA,6603
50934,LAKE JASPER,WA,6260
50935,LAKE KING,WA,6356
50936,LAKE MARGARETTE,WA,6475
50937,LAKE MUIR,WA,6258
50938,LAKE NINAN,WA,6603
50939,LAKE TOOLBRUNUP,WA,6320
50940,LAKE WELLS,WA,6440
50941,LAKELANDS,WA,6180
50942,LAKELANDS,WA,6210
50943,LAKEWOOD,WA,6431
50944,LAMINGTON,WA,6430
50945,LANCELIN,WA,6044
50946,LANDSDALE,WA,6065
50947,LANGE,WA,6330
50948,LANGFORD,WA,6147
50949,LATHAM,WA,6616
50950,LATHLAIN,WA,6100
50951,LAVERTON RAAF,WA,6440
50952,LEARMONTH,WA,6707
50953,LEDA,WA,6170
50954,LEDGE POINT,WA,6043
50955,LEEDERVILLE,WA,6007
50956,LEEDERVILLE,WA,6900
50957,LEEDERVILLE,WA,6902
50958,LEEDERVILLE,WA,6903
50959,LEEMAN,WA,6514
50960,LEEMING,WA,6149
50961,LEEUWIN,WA,6290
50962,LEINSTER,WA,6437
50963,LENNARD BROOK,WA,6503
50964,LEONORA,WA,6438
50965,LESCHENAULT,WA,6233
50966,LESLEY,WA,6111
50967,LESMURDIE,WA,6076
50968,LEXIA,WA,6065
50969,LEXIA,WA,6079
50970,LIME LAKE,WA,6315
50971,LINFARNE,WA,6258
50972,LITTLE GROVE,WA,6330
50973,LITTLE ITALY,WA,6355
50974,LITTLE ITALY,WA,6359
50975,LITTLE SANDY DESERT,WA,6646
50976,LOCKIER,WA,6522
50977,LOCKRIDGE,WA,6054
50978,LOCKYER,WA,6330
50979,LOL GRAY,WA,6311
50980,LONDONDERRY,WA,6429
50981,LORT RIVER,WA,6447
50982,LOWDEN,WA,6240
50983,LOWER CHITTERING,WA,6084
50984,LOWER HOTHAM,WA,6390
50985,LOWER KING,WA,6330
50986,LOWLANDS,WA,6330
50987,LUDLOW,WA,6280
50988,LUMEAH,WA,6395
50989,LYALLS MILL,WA,6225
50990,LYNDON,WA,6701
50991,LYNWOOD,WA,6147
50992,MACLEOD,WA,6701
50993,MADDINGTON,WA,6109
50994,MADDINGTON,WA,6989
50995,MADELEY,WA,6065
50996,MADORA BAY,WA,6210
50997,MADURA,WA,6443
50998,MAGENTA,WA,6355
50999,MAGITUP,WA,6338
51000,MAHOGANY CREEK,WA,6072
51001,MAHOMETS FLATS,WA,6530
51002,MAIDA VALE,WA,6057
51003,MAITLAND,WA,6714
51004,MALABAINE,WA,6401
51005,MALAGA,WA,6090
51006,MALAGA,WA,6944
51007,MALAGA DC,WA,6945
51008,MALEBELLING,WA,6302
51009,MALLEE HILL,WA,6353
51010,MALMALLING,WA,6556
51011,MALYALLING,WA,6370
51012,MANDOGALUP,WA,6167
51013,MANDURAH,WA,6210
51014,MANDURAH DC,WA,6210
51015,MANDURAH EAST,WA,6210
51016,MANDURAH NORTH,WA,6210
51017,MANGOWINE,WA,6479
51018,MANJIMUP,WA,6258
51019,MANMANNING,WA,6465
51020,MANNING,WA,6152
51021,MANTAMARU,WA,0872
51022,MANYPEAKS,WA,6328
51023,MARANGAROO,WA,6064
51024,MARANUP,WA,6256
51025,MARBELUP,WA,6330
51026,MARBLE BAR,WA,6760
51027,MARCHAGEE,WA,6515
51028,MARDELLA,WA,6125
51029,MARDIE,WA,6714
51030,MARGARET RIVER,WA,6285
51031,MARIGINIUP,WA,6065
51032,MARIGINIUP,WA,6078
51033,MARMION,WA,6020
51034,MARNE,WA,6608
51035,MARRACOONDA,WA,6317
51036,MARRADONG,WA,6390
51037,MARRAH,WA,6532
51038,MARRINUP,WA,6213
51039,MARTIN,WA,6110
51040,MARVEL LOCH,WA,6426
51041,MARYBROOK,WA,6280
51042,MASSEY BAY,WA,6701
51043,MAUDS LANDING,WA,6701
51044,MAWSON,WA,6383
51045,MAYA,WA,6614
51046,MAYANUP,WA,6244
51047,MAYLANDS,WA,6051
51048,MAYLANDS,WA,6931
51049,MCALINDEN,WA,6225
51050,MCBEATH,WA,6770
51051,MCKAIL,WA,6330
51052,MEADOW,WA,6532
51053,MEADOW SPRINGS,WA,6210
51054,MECKERING,WA,6405
51055,MEDA,WA,6728
51056,MEDINA,WA,6167
51057,MEEKATHARRA,WA,6642
51058,MEEKING,WA,6392
51059,MEELON,WA,6208
51060,MEENAAR,WA,6401
51061,MEERUP,WA,6262
51062,MELALEUCA,WA,6065
51063,MELALEUCA,WA,6079
51064,MELVILLE,WA,6156
51065,MELVILLE,WA,6956
51066,MENORA,WA,6050
51067,MENZIES,WA,6436
51068,MERILUP,WA,6352
51069,MERIVALE,WA,6450
51070,MERKANOOKA,WA,6625
51071,MERREDIN,WA,6415
51072,MERRIWA,WA,6030
51073,MERU,WA,6530
51074,METRICUP,WA,6280
51075,METTLER,WA,6328
51076,MIAMOON,WA,6612
51077,MIDDLE SWAN,WA,6056
51078,MIDDLESEX,WA,6258
51079,MIDDLETON BEACH,WA,6330
51080,MIDLAND,WA,6056
51081,MIDLAND DC,WA,6936
51082,MIDVALE,WA,6056
51083,MILING,WA,6575
51084,MILLARS WELL,WA,6714
51085,MILLBRIDGE,WA,6232
51086,MILLBROOK,WA,6330
51087,MILLENDON,WA,6056
51088,MILLS LAKE,WA,6336
51089,MILLSTREAM,WA,6716
51090,MILO,WA,6525
51091,MILPARA,WA,6330
51092,MIMEGARRA,WA,6507
51093,MINDARABIN,WA,6336
51094,MINDARIE,WA,6030
51095,MINDARRA,WA,6503
51096,MINDING,WA,6315
51097,MINGENEW,WA,6522
51098,MINIGIN,WA,6312
51099,MINILYA,WA,6701
51100,MINNENOOKA,WA,6532
51101,MINNIVALE,WA,6462
51102,MINYIRR,WA,6725
51103,MIRA MAR,WA,6330
51104,MIRRABOOKA,WA,6061
51105,MIRRABOOKA,WA,6941
51106,MITCHELL PLATEAU,WA,6740
51107,MOBRUP,WA,6395
51108,MOCARDY,WA,6603
51109,MOGUMBER,WA,6506
51110,MOKINE,WA,6401
51111,MOKUP,WA,6394
51112,MOLLERIN,WA,6475
51113,MOLLOY ISLAND,WA,6290
51114,MONJEBUP,WA,6338
51115,MONJINGUP,WA,6450
51116,MONKEY MIA,WA,6537
51117,MOODIARRUP,WA,6393
51118,MOOJEBING,WA,6317
51119,MOOLIABEENEE,WA,6504
51120,MOONDAH,WA,6503
51121,MOONDYNE,WA,6567
51122,MOONIES HILL,WA,6320
51123,MOONYOONOOKA,WA,6532
51124,MOORA,WA,6510
51125,MOORE RIVER NATIONAL PARK,WA,6503
51126,MOORIARY,WA,6522
51127,MOORINE ROCK,WA,6425
51128,MORANGUP,WA,6083
51129,MORAWA,WA,6623
51130,MORBINNING,WA,6304
51131,MORDALUP,WA,6258
51132,MORESBY,WA,6530
51133,MORGANTOWN,WA,6701
51134,MORLEY,WA,6062
51135,MORLEY,WA,6943
51136,MORNINGTON,WA,6221
51137,MOSMAN PARK,WA,6012
51138,MOSMAN PARK,WA,6912
51139,MOULYINNING,WA,6351
51140,MOUNT ADAMS,WA,6525
51141,MOUNT ANKETELL,WA,6714
51142,MOUNT BARKER,WA,6324
51143,MOUNT BUDD,WA,6522
51144,MOUNT BURGES,WA,6429
51145,MOUNT CAROLINE,WA,6410
51146,MOUNT CLAREMONT,WA,6010
51147,MOUNT CLARENCE,WA,6330
51148,MOUNT COOKE,WA,6390
51149,MOUNT ELPHINSTONE,WA,6330
51150,MOUNT ERIN,WA,6532
51151,MOUNT HAMPTON,WA,6426
51152,MOUNT HARDEY,WA,6302
51153,MOUNT HARDMAN,WA,6765
51154,MOUNT HAWTHORN,WA,6016
51155,MOUNT HAWTHORN,WA,6915
51156,MOUNT HELENA,WA,6082
51157,MOUNT HILL,WA,6528
51158,MOUNT HOLLAND,WA,6426
51159,MOUNT HORNER,WA,6525
51160,MOUNT JACKSON,WA,6426
51161,MOUNT LAWLEY,WA,6050
51162,MOUNT LAWLEY,WA,6929
51163,MOUNT LINDESAY,WA,6333
51164,MOUNT LINDSAY,WA,6333
51165,MOUNT MADDEN,WA,6356
51166,MOUNT MAGNET,WA,6638
51167,MOUNT MELVILLE,WA,6330
51168,MOUNT NASURA,WA,6112
51169,MOUNT NEY,WA,6447
51170,MOUNT OBSERVATION,WA,6302
51171,MOUNT PALMER,WA,6426
51172,MOUNT PLEASANT,WA,6153
51173,MOUNT RICHON,WA,6112
51174,MOUNT ROMANCE,WA,6333
51175,MOUNT SHEILA,WA,6751
51176,MOUNT SHERIDAN,WA,6355
51177,MOUNT STIRLING,WA,6383
51178,MOUNT TARCOOLA,WA,6530
51179,MOUNT WALKER,WA,6369
51180,MOUNT WELLS,WA,6390
51181,MOUROUBRA,WA,6472
51182,MUCHEA,WA,6501
51183,MUCKENBURRA,WA,6503
51184,MUELLER RANGES,WA,6770
51185,MUJA,WA,6225
51186,MUKINBUDIN,WA,6479
51187,MULATAGA,WA,6714
51188,MULGA DOWNS,WA,6751
51189,MULLALOO,WA,6027
51190,MULLALYUP,WA,6252
51191,MULLEWA,WA,6630
51192,MULLINGAR,WA,6430
51193,MULUCKINE,WA,6401
51194,MUMBALLUP,WA,6225
51195,MUMBERKINE,WA,6401
51196,MUNDABULLANGANA,WA,6721
51197,MUNDARING,WA,6073
51198,MUNDARING DC,WA,6073
51199,MUNDARING WEIR,WA,6073
51200,MUNDIJONG,WA,6123
51201,MUNDRABILLA,WA,6443
51202,MUNGALUP,WA,6225
51203,MUNGLINUP,WA,6450
51204,MUNSTER,WA,6166
51205,MUNTADGIN,WA,6420
51206,MURADUP,WA,6394
51207,MURCHISON,WA,6630
51208,MURDOCH,WA,6150
51209,MURDONG,WA,6317
51210,MURESK,WA,6401
51211,MYALUP,WA,6220
51212,MYARA,WA,6207
51213,MYAREE,WA,6154
51214,MYAREE,WA,6960
51215,MYAREE BC,WA,6960
51216,MYRUP,WA,6450
51217,NABAWA,WA,6532
51218,NAIRIBIN,WA,6350
51219,NALKAIN,WA,6485
51220,NALYERLUP,WA,6338
51221,NAMBAN,WA,6512
51222,NAMBEELUP,WA,6207
51223,NAMBUNG,WA,6521
51224,NANARUP,WA,6330
51225,NANGA,WA,6537
51226,NANGA BROOK,WA,6215
51227,NANGEENAN,WA,6414
51228,NANGETTY,WA,6522
51229,NANNUP,WA,6275
51230,NANSON,WA,6532
51231,NANUTARRA,WA,6751
51232,NAPIER,WA,6330
51233,NARALING,WA,6532
51234,NAREMBEEN,WA,6369
51235,NARNGULU,WA,6532
51236,NARRA TARRA,WA,6532
51237,NARRAKINE,WA,6391
51238,NARRALOGGAN,WA,6302
51239,NARRIKUP,WA,6326
51240,NARROGIN,WA,6312
51241,NARROGIN VALLEY,WA,6312
51242,NATURALISTE,WA,6281
51243,NAVAL BASE,WA,6165
51244,NEALE,WA,6440
51245,NEDLANDS,WA,6009
51246,NEDLANDS,WA,6907
51247,NEDLANDS,WA,6909
51248,NEDLANDS DC,WA,6009
51249,NEEDILUP,WA,6336
51250,NEENDALING,WA,6353
51251,NEERABUP,WA,6031
51252,NEERGABBY,WA,6503
51253,NEMBUDDING,WA,6485
51254,NERIDUP,WA,6450
51255,NERRAMYNE,WA,6630
51256,NERREN NERREN,WA,6532
51257,NEW NORCIA,WA,6509
51258,NEWCARLBEON,WA,6475
51259,NEWDEGATE,WA,6355
51260,NEWLANDS,WA,6251
51261,NEWMAN,WA,6753
51262,NGAANYATJARRA-GILES,WA,0872
51263,NICKOL,WA,6714
51264,NILGEN,WA,6044
51265,NILLUP,WA,6288
51266,NINGALOO,WA,6701
51267,NIPPERING,WA,6350
51268,NIRIMBA,WA,6208
51269,NOGGERUP,WA,6225
51270,NOKANING,WA,6415
51271,NOLBA,WA,6532
51272,NOLLAMARA,WA,6061
51273,NOMANS LAKE,WA,6312
51274,NORANDA,WA,6062
51275,NORNALUP,WA,6333
51276,NORPA,WA,6415
51277,NORSEMAN,WA,6443
51278,NORTH BAANDEE,WA,6412
51279,NORTH BANNISTER,WA,6390
51280,NORTH BEACH,WA,6020
51281,NORTH BEACH,WA,6920
51282,NORTH BODALLIN,WA,6424
51283,NORTH BOYANUP,WA,6237
51284,NORTH BURNGUP,WA,6353
51285,NORTH CASCADE,WA,6445
51286,NORTH COOGEE,WA,6163
51287,NORTH DANDALUP,WA,6207
51288,NORTH ERADU,WA,6532
51289,NORTH FREMANTLE,WA,6159
51290,NORTH GREENBUSHES,WA,6254
51291,NORTH JINDONG,WA,6280
51292,NORTH KELLERBERRIN,WA,6410
51293,NORTH KUKERIN,WA,6352
51294,NORTH KUNUNOPPIN,WA,6489
51295,NORTH LAKE,WA,6163
51296,NORTH LAKE GRACE,WA,6353
51297,NORTH MOULYINNING,WA,6351
51298,NORTH PERTH,WA,6006
51299,NORTH PERTH,WA,6906
51300,NORTH PLANTATIONS,WA,6701
51301,NORTH STIRLINGS,WA,6338
51302,NORTH TAMMIN,WA,6409
51303,NORTH TRAYNING,WA,6488
51304,NORTH WALPOLE,WA,6398
51305,NORTH WEST CAPE,WA,6707
51306,NORTH WIALKI,WA,6473
51307,NORTH YELBENI,WA,6487
51308,NORTH YUNDERUP,WA,6208
51309,NORTHAM,WA,6401
51310,NORTHAMPTON,WA,6535
51311,NORTHBRIDGE,WA,6003
51312,NORTHBRIDGE,WA,6803
51313,NORTHBRIDGE,WA,6865
51314,NORTHCLIFFE,WA,6262
51315,NORTHERN GULLY,WA,6532
51316,NORTHLANDS,WA,6905
51317,NORTHLANDS PO,WA,6905
51318,NOWERGUP,WA,6032
51319,NUGADONG,WA,6609
51320,NUKARNI,WA,6480
51321,NULLAGINE,WA,6758
51322,NULLAKI,WA,6330
51323,NULSEN,WA,6450
51324,NUNGARIN,WA,6490
51325,NUNIERRA,WA,6630
51326,NUNILE,WA,6566
51327,NYABING,WA,6341
51328,NYAMUP,WA,6258
51329,O'CONNOR,WA,6163
51330,OAKAJEE,WA,6532
51331,OAKFORD,WA,6121
51332,OAKLEY,WA,6208
51333,OCEAN BEACH,WA,6333
51334,OCEAN REEF,WA,6027
51335,OGILVIE,WA,6535
51336,OLD PLAINS,WA,6569
51337,OLDBURY,WA,6121
51338,ONGERUP,WA,6336
51339,ONSLOW,WA,6710
51340,OOMBULGURRI,WA,6740
51341,ORA BANDA,WA,6431
51342,ORANA,WA,6330
51343,ORANGE GROVE,WA,6109
51344,ORANGE SPRINGS,WA,6503
51345,ORCHID VALLEY,WA,6394
51346,ORD RIVER,WA,6770
51347,ORELIA,WA,6167
51348,OSBORNE PARK,WA,6017
51349,OSBORNE PARK,WA,6916
51350,OSBORNE PARK,WA,6917
51351,OSBORNE PARK DC,WA,6017
51352,OSBORNE PARK DC,WA,6916
51353,OSMINGTON,WA,6285
51354,O’CONNOR,WA,6163
51355,PADBURY,WA,6025
51356,PALGARUP,WA,6258
51357,PALLINUP,WA,6335
51358,PALMDALE,WA,6328
51359,PALMER,WA,6225
51360,PALMYRA,WA,6157
51361,PALMYRA,WA,6957
51362,PALMYRA DC,WA,6157
51363,PALMYRA DC,WA,6961
51364,PANNAWONICA,WA,6716
51365,PANTAPIN,WA,6384
51366,PAPULANKUTJA,WA,0872
51367,PARABURDOO,WA,6754
51368,PARADISE,WA,6236
51369,PARDOO,WA,6721
51370,PARKER RANGE,WA,6426
51371,PARKERVILLE,WA,6081
51372,PARKESTON,WA,6434
51373,PARKFIELD,WA,6233
51374,PARKLANDS,WA,6180
51375,PARKLANDS,WA,6210
51376,PARKWOOD,WA,6147
51377,PARMELIA,WA,6167
51378,PARRYVILLE,WA,6333
51379,PATJARR,WA,0872
51380,PAULLS VALLEY,WA,6076
51381,PAYNEDALE,WA,6239
51382,PAYNES FIND,WA,6612
51383,PAYNESVILLE,WA,6638
51384,PEACEFUL BAY,WA,6333
51385,PEAK HILL,WA,6642
51386,PEARSALL,WA,6065
51387,PEEDAMULLA,WA,6710
51388,PEERABEELUP,WA,6260
51389,PEGS CREEK,WA,6714
51390,PELICAN POINT,WA,6230
51391,PEMBERTON,WA,6260
51392,PEPPERMINT GROVE,WA,6011
51393,PEPPERMINT GROVE BEACH,WA,6271
51394,PERENJORI,WA,6620
51395,PERILLUP,WA,6324
51396,PERON,WA,6168
51397,PERTH,WA,6000
51398,PERTH,WA,6001
51399,PERTH,WA,6800
51400,PERTH,WA,6809
51401,PERTH,WA,6817
51402,PERTH,WA,6820
51403,PERTH,WA,6827
51404,PERTH,WA,6830
51405,PERTH,WA,6837
51406,PERTH,WA,6838
51407,PERTH,WA,6839
51408,PERTH,WA,6840
51409,PERTH,WA,6841
51410,PERTH,WA,6842
51411,PERTH,WA,6843
51412,PERTH,WA,6844
51413,PERTH,WA,6845
51414,PERTH,WA,6846
51415,PERTH,WA,6847
51416,PERTH,WA,6848
51417,PERTH AIRPORT,WA,6105
51418,PERTH BC,WA,6849
51419,PERTH EAST ST GEORGES TCE,WA,6832
51420,PERTH GPO,WA,6000
51421,PERTH ST GEORGES TCE,WA,6831
51422,PERUP,WA,6258
51423,PETRUDOR,WA,6468
51424,PIARA WATERS,WA,6112
51425,PIAWANING,WA,6572
51426,PICCADILLY,WA,6430
51427,PICKERING BROOK,WA,6076
51428,PICTON,WA,6229
51429,PICTON EAST,WA,6229
51430,PIESSE BROOK,WA,6076
51431,PIESSEVILLE,WA,6315
51432,PINDAR,WA,6631
51433,PINGARING,WA,6357
51434,PINGELLY,WA,6308
51435,PINGRUP,WA,6343
51436,PINJAR,WA,6065
51437,PINJAR,WA,6078
51438,PINJARRA,WA,6208
51439,PINK LAKE,WA,6450
51440,PINTHARUKA,WA,6623
51441,PINWERNYING,WA,6317
51442,PIPPINGARRA,WA,6722
51443,PITHARA,WA,6608
51444,PLUMRIDGE LAKES,WA,6431
51445,POINT GREY,WA,6208
51446,POINT SAMSON,WA,6720
51447,POPANYINNING,WA,6309
51448,PORONGURUP,WA,6324
51449,PORT ALBANY,WA,6330
51450,PORT DENISON,WA,6525
51451,PORT HEDLAND,WA,6721
51452,PORT KENNEDY,WA,6172
51453,POSTANS,WA,6167
51454,PRESTON BEACH,WA,6215
51455,PRESTON SETTLEMENT,WA,6225
51456,PREVELLY,WA,6285
51457,PRINCE REGENT RIVER,WA,6740
51458,PUMPHREYS BRIDGE,WA,6308
51459,PURNULULU,WA,6770
51460,QUAIRADING,WA,6383
51461,QUALEUP,WA,6394
51462,QUEDJINUP,WA,6281
51463,QUEENS PARK,WA,6107
51464,QUEENWOOD,WA,6239
51465,QUELAGETTING,WA,6405
51466,QUELLINGTON,WA,6302
51467,QUINDALUP,WA,6281
51468,QUINDANNING,WA,6391
51469,QUINNINUP,WA,6258
51470,QUINNS ROCKS,WA,6030
51471,RANFORD,WA,6390
51472,RANGEWAY,WA,6530
51473,RAVENSTHORPE,WA,6346
51474,RAVENSWOOD,WA,6208
51475,RAWLINNA,WA,6434
51476,RED GULLY,WA,6503
51477,RED HILL,WA,6056
51478,REDBANK,WA,6721
51479,REDCLIFFE,WA,6104
51480,REDGATE,WA,6286
51481,REDMOND,WA,6327
51482,REDMOND WEST,WA,6327
51483,REEDY,WA,6640
51484,REGANS FORD,WA,6507
51485,REINSCOURT,WA,6280
51486,REMLAP,WA,6472
51487,RESERVOIR,WA,6076
51488,RIDGEWOOD,WA,6030
51489,RINGBARK,WA,6258
51490,RIVERTON,WA,6148
51491,RIVERVALE,WA,6103
51492,ROBINSON,WA,6330
51493,ROCKINGHAM,WA,6168
51494,ROCKINGHAM,WA,6968
51495,ROCKINGHAM BEACH,WA,6168
51496,ROCKINGHAM BEACH,WA,6969
51497,ROCKINGHAM DC,WA,6168
51498,ROCKINGHAM DC,WA,6967
51499,ROCKLEA,WA,6751
51500,ROCKWELL,WA,6532
51501,ROCKY GULLY,WA,6397
51502,ROEBOURNE,WA,6718
51503,ROEBUCK,WA,6725
51504,ROELANDS,WA,6226
51505,ROLEYSTONE,WA,6111
51506,ROSA BROOK,WA,6285
51507,ROSA GLEN,WA,6285
51508,ROSSMORE,WA,6401
51509,ROSSMOYNE,WA,6148
51510,ROTHSAY,WA,6620
51511,ROTTNEST ISLAND,WA,6161
51512,ROYAL AUSTRALIAN NAVY WARSHIPS,WA,6958
51513,RUABON,WA,6280
51514,RUDDS GULLY,WA,6532
51515,RYANSBROOK,WA,6395
51516,SABINA RIVER,WA,6280
51517,SAFETY BAY,WA,6169
51518,SAINT RONANS,WA,6302
51519,SALMON GUMS,WA,6445
51520,SALTER POINT,WA,6152
51521,SAMSON,WA,6163
51522,SAN REMO,WA,6210
51523,SANDPATCH,WA,6330
51524,SANDSPRINGS,WA,6532
51525,SANDSTONE,WA,6639
51526,SANDY GULLY,WA,6535
51527,SAWYERS VALLEY,WA,6074
51528,SCADDAN,WA,6447
51529,SCARBOROUGH,WA,6019
51530,SCARBOROUGH,WA,6922
51531,SCHROEDER,WA,6285
51532,SCOTSDALE,WA,6333
51533,SCOTT RIVER,WA,6288
51534,SCOTT RIVER EAST,WA,6275
51535,SCOTTS BROOK,WA,6244
51536,SEABIRD,WA,6042
51537,SECRET HARBOUR,WA,6173
51538,SEPPINGS,WA,6330
51539,SERPENTINE,WA,6125
51540,SEVILLE GROVE,WA,6112
51541,SHACKLETON,WA,6386
51542,SHADFORTH,WA,6333
51543,SHANNON,WA,6262
51544,SHANNON RIVER MILL,WA,6258
51545,SHARK BAY,WA,6537
51546,SHAY GAP,WA,6761
51547,SHELLEY,WA,6148
51548,SHENTON PARK,WA,6008
51549,SHERLOCK,WA,6714
51550,SHOALWATER,WA,6169
51551,SHOTTS,WA,6225
51552,SIESTA PARK,WA,6280
51553,SILVER SANDS,WA,6210
51554,SINAGRA,WA,6065
51555,SINCLAIR,WA,6450
51556,SINGLETON,WA,6175
51557,SIR SAMUEL,WA,6437
51558,SKELETON ROCK,WA,6426
51559,SMITH BROOK,WA,6258
51560,SOLUS,WA,6207
51561,SOMERVILLE,WA,6430
51562,SORRENTO,WA,6020
51563,SOUTH BODALLIN,WA,6424
51564,SOUTH BOULDER,WA,6432
51565,SOUTH BUNBURY,WA,6230
51566,SOUTH BURRACOPPIN,WA,6421
51567,SOUTH CARNARVON,WA,6701
51568,SOUTH CAROLING,WA,6383
51569,SOUTH DATATINE,WA,6317
51570,SOUTH DOODLAKINE,WA,6411
51571,SOUTH FREMANTLE,WA,6162
51572,SOUTH GLENCOE,WA,6317
51573,SOUTH GREENOUGH,WA,6528
51574,SOUTH GUILDFORD,WA,6055
51575,SOUTH HEDLAND,WA,6722
51576,SOUTH KALGOORLIE,WA,6430
51577,SOUTH KUKERIN,WA,6352
51578,SOUTH KUMMININ,WA,6368
51579,SOUTH KUNUNOPPIN,WA,6489
51580,SOUTH LAKE,WA,6164
51581,SOUTH LAKE GRACE,WA,6353
51582,SOUTH MURCHISON,WA,6635
51583,SOUTH NEWDEGATE,WA,6355
51584,SOUTH PERTH,WA,6151
51585,SOUTH PERTH,WA,6951
51586,SOUTH PERTH ANGELO ST,WA,6151
51587,SOUTH PLANTATIONS,WA,6701
51588,SOUTH QUAIRADING,WA,6383
51589,SOUTH STIRLING,WA,6324
51590,SOUTH TAMMIN,WA,6409
51591,SOUTH TRAYNING,WA,6488
51592,SOUTH YELBENI,WA,6487
51593,SOUTH YILGARN,WA,6426
51594,SOUTH YUNA,WA,6532
51595,SOUTH YUNDERUP,WA,6208
51596,SOUTHAMPTON,WA,6253
51597,SOUTHERN BROOK,WA,6401
51598,SOUTHERN CROSS,WA,6426
51599,SOUTHERN RIVER,WA,6110
51600,SPALDING,WA,6530
51601,SPEARWOOD,WA,6163
51602,SPENCER PARK,WA,6330
51603,SPENCERS BROOK,WA,6401
51604,SPRINGFIELD,WA,6525
51605,SPRINGS,WA,6308
51606,ST GEORGE RANGES,WA,6728
51607,ST JAMES,WA,6102
51608,ST RONANS,WA,6302
51609,STAKE HILL,WA,6181
51610,STAKE HILL,WA,6210
51611,STIRLING,WA,6021
51612,STIRLING ESTATE,WA,6271
51613,STIRLING RANGE NATIONAL PARK,WA,6338
51614,STONEVILLE,WA,6081
51615,STOVE HILL,WA,6714
51616,STRATHALBYN,WA,6530
51617,STRATHAM,WA,6237
51618,STRATHERNE,WA,6309
51619,STRATTON,WA,6056
51620,STRELLEY,WA,6721
51621,STURT CREEK,WA,6770
51622,SUBIACO,WA,6008
51623,SUBIACO,WA,6904
51624,SUBIACO EAST,WA,6008
51625,SUBIACO PO,WA,6904
51626,SUCCESS,WA,6164
51627,SUCCESS,WA,6964
51628,SUNNYSIDE,WA,6256
51629,SUNSET BEACH,WA,6530
51630,SWAN VIEW,WA,6056
51631,SWANBOURNE,WA,6010
51632,TAKALARUP,WA,6324
51633,TALANDJI,WA,6710
51634,TALBOT,WA,6302
51635,TALBOT WEST,WA,6302
51636,TALGOMINE,WA,6490
51637,TALISKER,WA,6701
51638,TAMALA,WA,6532
51639,TAMALA PARK,WA,6030
51640,TAMBELLUP,WA,6320
51641,TAMMIN,WA,6409
51642,TAMPU,WA,6472
51643,TANAMI,WA,6770
51644,TANDEGIN,WA,6415
51645,TAPPING,WA,6065
51646,TARCOOLA BEACH,WA,6530
51647,TARDUN,WA,6628
51648,TARIN ROCK,WA,6353
51649,TARWONGA,WA,6391
51650,TEESDALE,WA,6213
51651,TELFER,WA,6762
51652,TENINDEWA,WA,6632
51653,TENTERDEN,WA,6322
51654,THE LAKES,WA,6556
51655,THE PLAINS,WA,6237
51656,THE SPECTACLES,WA,6167
51657,THE VINES,WA,6069
51658,THEVENARD ISLAND,WA,6711
51659,THOMSON BROOK,WA,6239
51660,THORNLIE,WA,6108
51661,THORNLIE,WA,6988
51662,THREE SPRINGS,WA,6519
51663,THROSSELL,WA,6401
51664,TIBRADDEN,WA,6532
51665,TINCURRIN,WA,6361
51666,TINGLEDALE,WA,6333
51667,TJIRRKARLI,WA,0872
51668,TJUKURLA,WA,0872
51669,TOM PRICE,WA,6751
51670,TONEBRIDGE,WA,6244
51671,TOODYAY,WA,6566
51672,TOOLIBIN,WA,6312
51673,TOOLONGA,WA,6532
51674,TOOMPUP,WA,6336
51675,TORBAY,WA,6330
51676,TORNDIRRUP,WA,6330
51677,TOWNSENDALE,WA,6311
51678,TRAFALGAR,WA,6431
51679,TRAYNING,WA,6488
51680,TREEBY,WA,6164
51681,TREETON,WA,6284
51682,TRENT,WA,6333
51683,TRIGG,WA,6029
51684,TRIGWELL,WA,6244
51685,TRIGWELL,WA,6393
51686,TUART HILL,WA,6060
51687,TUART HILL,WA,6937
51688,TUART HILL,WA,6938
51689,TUART HILL,WA,6939
51690,TUART HILL,WA,6940
51691,TURKEY HILL,WA,6426
51692,TUTUNUP,WA,6280
51693,TWO ROCKS,WA,6037
51694,UCARTY,WA,6462
51695,UCARTY WEST,WA,6460
51696,UDUC,WA,6220
51697,ULARRING,WA,6436
51698,UPPER CAPEL,WA,6239
51699,UPPER MURRAY,WA,6390
51700,UPPER SWAN,WA,6069
51701,UPPER WARREN,WA,6258
51702,USELESS LOOP,WA,6537
51703,USHER,WA,6230
51704,UTAKARRA,WA,6530
51705,VALENTINE,WA,6532
51706,VANCOUVER PENINSULA,WA,6330
51707,VARLEY,WA,6355
51708,VASSE,WA,6280
51709,VICTORIA PARK,WA,6100
51710,VICTORIA PARK,WA,6979
51711,VICTORIA ROCK,WA,6429
51712,VICTORY HEIGHTS,WA,6432
51713,VITTORIA,WA,6230
51714,VIVEASH,WA,6056
51715,WADDERIN,WA,6369
51716,WADDINGTON,WA,6509
51717,WADDY FOREST,WA,6515
51718,WAEEL,WA,6407
51719,WAGERUP,WA,6215
51720,WAGGRAKINE,WA,6530
51721,WAGIN,WA,6315
51722,WAIKIKI,WA,6169
51723,WALEBING,WA,6510
51724,WALGOOLAN,WA,6422
51725,WALKAWAY,WA,6528
51726,WALLAREENYA,WA,6721
51727,WALLAROO,WA,6429
51728,WALLISTON,WA,6076
51729,WALLISTON DC,WA,6076
51730,WALLISTON DC,WA,6925
51731,WALMSLEY,WA,6330
51732,WALPOLE,WA,6398
51733,WALSALL,WA,6280
51734,WALYORMOURING,WA,6460
51735,WALYUNGA NATIONAL PARK,WA,6084
51736,WALYURIN,WA,6363
51737,WAMENUSKING,WA,6383
51738,WANDANA,WA,6532
51739,WANDERING,WA,6308
51740,WANDI,WA,6167
51741,WANDILLUP,WA,6256
51742,WANDINA,WA,6530
51743,WANERIE,WA,6503
51744,WANGARA,WA,6065
51745,WANGARA DC,WA,6065
51746,WANGARA DC,WA,6947
51747,WANNAMAL,WA,6505
51748,WANNANUP,WA,6210
51749,WANNEROO,WA,6065
51750,WANNEROO,WA,6946
51751,WANSBROUGH,WA,6320
51752,WARAKURNA,WA,0872
51753,WARAWARRUP,WA,6220
51754,WARBURTON,WA,6431
51755,WARDERING,WA,6311
51756,WARDING EAST,WA,6405
51757,WARMUN,WA,6743
51758,WARNBRO,WA,6169
51759,WARNER GLEN,WA,6288
51760,WAROONA,WA,6215
51761,WARRACHUPPIN,WA,6423
51762,WARRADARGE,WA,6518
51763,WARRALAKIN,WA,6421
51764,WARRENUP,WA,6330
51765,WARWICK,WA,6024
51766,WATERBANK,WA,6725
51767,WATERCARRIN,WA,6407
51768,WATERFORD,WA,6152
51769,WATERLOO,WA,6228
51770,WATERMANS BAY,WA,6020
51771,WATHEROO,WA,6513
51772,WATTENING,WA,6568
51773,WATTLE GROVE,WA,6107
51774,WATTLEUP,WA,6166
51775,WATTONING,WA,6479
51776,WEBBERTON,WA,6530
51777,WEDGE ISLAND,WA,6044
51778,WEDGECARRUP,WA,6315
51779,WEDGEFIELD,WA,6721
51780,WELBUNGIN,WA,6477
51781,WELD RANGE,WA,6640
51782,WELLARD,WA,6170
51783,WELLESLEY,WA,6233
51784,WELLINGTON FOREST,WA,6236
51785,WELLINGTON MILL,WA,6236
51786,WELLSTEAD,WA,6328
51787,WELSHPOOL,WA,6106
51788,WELSHPOOL DC,WA,6106
51789,WELSHPOOL DC,WA,6986
51790,WEMBLEY,WA,6014
51791,WEMBLEY,WA,6913
51792,WEMBLEY DOWNS,WA,6019
51793,WEST BALLIDU,WA,6606
51794,WEST BEACH,WA,6450
51795,WEST BINNU,WA,6532
51796,WEST BUSSELTON,WA,6280
51797,WEST CAPE HOWE,WA,6330
51798,WEST CASUARINAS,WA,6630
51799,WEST COOLUP,WA,6214
51800,WEST END,WA,6530
51801,WEST FITZGERALD,WA,6337
51802,WEST HOLLETON,WA,6369
51803,WEST ISLAND COCOS (KEELING) ISLANDS,WA,6799
51804,WEST KALGOORLIE,WA,6430
51805,WEST LAMINGTON,WA,6430
51806,WEST LEEDERVILLE,WA,6007
51807,WEST LEEDERVILLE,WA,6901
51808,WEST LYONS RIVER,WA,6705
51809,WEST PERTH,WA,6005
51810,WEST PERTH,WA,6872
51811,WEST PINGELLY,WA,6308
51812,WEST PINJARRA,WA,6208
51813,WEST POPANYINNING,WA,6309
51814,WEST RIVER,WA,6346
51815,WEST SWAN,WA,6055
51816,WEST TOODYAY,WA,6566
51817,WESTDALE,WA,6304
51818,WESTFIELD,WA,6111
51819,WESTMINSTER,WA,6061
51820,WESTONIA,WA,6423
51821,WESTWOOD,WA,6316
51822,WHIM CREEK,WA,6718
51823,WHITBY,WA,6123
51824,WHITE GUM VALLEY,WA,6162
51825,WHITE PEAK,WA,6532
51826,WHITEMAN,WA,6068
51827,WHITTAKER,WA,6207
51828,WIALKI,WA,6473
51829,WICHERINA,WA,6532
51830,WICHERINA SOUTH,WA,6532
51831,WICKEPIN,WA,6370
51832,WICKHAM,WA,6720
51833,WIDGIEMOOLTHA,WA,6443
51834,WIJILAWARRIM,WA,6743
51835,WILBERFORCE,WA,6302
51836,WILBINGA,WA,6041
51837,WILGA,WA,6243
51838,WILGA WEST,WA,6243
51839,WILGARRUP,WA,6258
51840,WILGOYNE,WA,6479
51841,WILLAGEE,WA,6156
51842,WILLAGEE CENTRAL,WA,6156
51843,WILLARE,WA,6728
51844,WILLETTON,WA,6155
51845,WILLETTON,WA,6955
51846,WILLIAM BAY,WA,6333
51847,WILLIAMS,WA,6391
51848,WILLIAMSTOWN,WA,6430
51849,WILLYUNG,WA,6330
51850,WILSON,WA,6107
51851,WILUNA,WA,6646
51852,WILYABRUP,WA,6280
51853,WINCHESTER,WA,6517
51854,WINDABOUT,WA,6450
51855,WINDY HARBOUR,WA,6262
51856,WINGELLINA,WA,0872
51857,WINNEJUP,WA,6255
51858,WINTHROP,WA,6150
51859,WITCHCLIFFE,WA,6286
51860,WITHERS,WA,6230
51861,WITTENOOM,WA,6751
51862,WITTENOOM HILLS,WA,6447
51863,WOGOLIN,WA,6370
51864,WOKALUP,WA,6221
51865,WOMARDEN,WA,6519
51866,WONGAMINE,WA,6401
51867,WONGAN HILLS,WA,6603
51868,WONGOONDY,WA,6630
51869,WONNERUP,WA,6280
51870,WONTHELLA,WA,6530
51871,WOODANILLING,WA,6316
51872,WOODBRIDGE,WA,6056
51873,WOODLANDS,WA,6018
51874,WOODLEIGH,WA,6701
51875,WOODRIDGE,WA,6041
51876,WOODVALE,WA,6026
51877,WOOGENELLUP,WA,6324
51878,WOOLGORONG,WA,6630
51879,WOOLOCUTTY,WA,6369
51880,WOORAMEL,WA,6701
51881,WOOROLOO,WA,6558
51882,WOORREE,WA,6530
51883,WOOTTATING,WA,6562
51884,WORSLEY,WA,6225
51885,WUBIN,WA,6612
51886,WUNDOWIE,WA,6560
51887,WUNGONG,WA,6112
51888,WURAMING,WA,6390
51889,WYALKATCHEM,WA,6485
51890,WYENING,WA,6568
51891,WYNDHAM,WA,6740
51892,WYOLA,WA,6407
51893,WYOLA WEST,WA,6407
51894,XANTIPPE,WA,6609
51895,YABBERUP,WA,6239
51896,YAKAMIA,WA,6330
51897,YALARDY,WA,6701
51898,YALGOO,WA,6635
51899,YALLABATHARRA,WA,6535
51900,YALLINGUP,WA,6282
51901,YALLINGUP SIDING,WA,6282
51902,YALYALUP,WA,6280
51903,YANCHEP,WA,6035
51904,YANDANOOKA,WA,6522
51905,YANDOO CREEK,WA,6701
51906,YANGEBUP,WA,6164
51907,YANMAH,WA,6258
51908,YANNARIE,WA,6710
51909,YARAWINDAH,WA,6509
51910,YARDARINO,WA,6525
51911,YARDING,WA,6418
51912,YARLOOP,WA,6218
51913,YARRAGADEE,WA,6522
51914,YATHROO,WA,6507
51915,YEAGARUP,WA,6260
51916,YEAL,WA,6503
51917,YEALERING,WA,6372
51918,YEBBLE,WA,6285
51919,YELBENI,WA,6487
51920,YELLOWDINE,WA,6426
51921,YELVERTON,WA,6280
51922,YERECOIN,WA,6571
51923,YETNA,WA,6532
51924,YILKARI,WA,6430
51925,YILLIMINNING,WA,6312
51926,YOGANUP,WA,6275
51927,YOKINE,WA,6060
51928,YOKINE SOUTH,WA,6060
51929,YOONGARILLUP,WA,6280
51930,YORK,WA,6302
51931,YORKRAKINE,WA,6409
51932,YORNANING,WA,6311
51933,YORNUP,WA,6256
51934,YOTING,WA,6383
51935,YOUNDEGIN,WA,6407
51936,YOUNGS SIDING,WA,6330
51937,YOURDAMUNG LAKE,WA,6225
51938,YUNA,WA,6532
51939,ZANTHUS,WA,6434
51940,ZUYTDORP,WA,6536
60001,ABBOTSHAM,TAS,7315
60002,ABELS BAY,TAS,7112
60003,ABERDEEN,TAS,7310
60004,ACACIA HILLS,TAS,7306
60005,ACTON,TAS,7320
60006,ACTON PARK,TAS,7170
60007,ADVENTURE BAY,TAS,7150
60008,AKAROA,TAS,7216
60009,ALANVALE,TAS,7248
60010,ALBERTON,TAS,7263
60011,ALBION HEIGHTS,TAS,7050
60012,ALCOMIE,TAS,7330
60013,ALLENS RIVULET,TAS,7150
60014,ALONNAH,TAS,7150
60015,AMBLESIDE,TAS,7310
60016,ANDOVER,TAS,7120
60017,ANSONS BAY,TAS,7216
60018,ANSONS BAY,TAS,7264
60019,ANTILL PONDS,TAS,7120
60020,APOLLO BAY,TAS,7150
60021,APSLAWN,TAS,7190
60022,APSLEY,TAS,7030
60023,ARTHUR RIVER,TAS,7330
60024,ARTHURS LAKE,TAS,7030
60025,AUSTINS FERRY,TAS,7011
60026,AVOCA,TAS,7213
60027,BADEN,TAS,7120
60028,BADGER HEAD,TAS,7270
60029,BAGDAD,TAS,7030
60030,BAGDAD NORTH,TAS,7030
60031,BAKERS BEACH,TAS,7307
60032,BANCA,TAS,7265
60033,BANGOR,TAS,7267
60034,BARNES BAY,TAS,7150
60035,BARRETTA,TAS,7054
60036,BARRINGTON,TAS,7306
60037,BATHURST STREET PO,TAS,7000
60038,BATTERY POINT,TAS,7004
60039,BEACONSFIELD,TAS,7270
60040,BEAUMARIS,TAS,7215
60041,BEAUTY POINT,TAS,7270
60042,BEECHFORD,TAS,7252
60043,BELL BAY,TAS,7253
60044,BELLERIVE,TAS,7018
60045,BELLINGHAM,TAS,7254
60046,BEN LOMOND,TAS,7212
60047,BERRIEDALE,TAS,7011
60048,BEULAH,TAS,7306
60049,BICHENO,TAS,7215
60050,BINALONG BAY,TAS,7216
60051,BIRCHS BAY,TAS,7162
60052,BIRRALEE,TAS,7303
60053,BISHOPSBOURNE,TAS,7301
60054,BLACK HILLS,TAS,7140
60055,BLACK RIVER,TAS,7321
60056,BLACKMANS BAY,TAS,7052
60057,BLACKSTONE HEIGHTS,TAS,7250
60058,BLACKWALL,TAS,7275
60059,BLACKWOOD CREEK,TAS,7301
60060,BLESSINGTON,TAS,7212
60061,BLUE ROCKS,TAS,7255
60062,BLUMONT,TAS,7260
60063,BOAT HARBOUR,TAS,7321
60064,BOAT HARBOUR BEACH,TAS,7321
60065,BONNET HILL,TAS,7053
60066,BOOBYALLA,TAS,7264
60067,BOOMER BAY,TAS,7177
60068,BOTHWELL,TAS,7030
60069,BOYER,TAS,7140
60070,BRACKNELL,TAS,7302
60071,BRADYS LAKE,TAS,7140
60072,BRANDUM,TAS,7304
60073,BRANXHOLME,TAS,7261
60074,BREADALBANE,TAS,7258
60075,BREAM CREEK,TAS,7175
60076,BREONA,TAS,7304
60077,BRIDGENORTH,TAS,7277
60078,BRIDGEWATER,TAS,7030
60079,BRIDPORT,TAS,7262
60080,BRIGHTON,TAS,7030
60081,BRITTONS SWAMP,TAS,7330
60082,BROADMARSH,TAS,7030
60083,BROADMEADOWS,TAS,7330
60084,BRONTE PARK,TAS,7140
60085,BROOKLYN,TAS,7320
60086,BROOKS BAY,TAS,7116
60087,BUCKLAND,TAS,7190
60088,BUNGAREE,TAS,7256
60089,BURNIE,TAS,7320
60090,BURNS CREEK,TAS,7212
60091,BUSHY PARK,TAS,7140
60092,BUTLERS GORGE,TAS,7140
60093,CAIRNS BAY,TAS,7116
60094,CALDER,TAS,7325
60095,CAMBRIDGE,TAS,7170
60096,CAMDALE,TAS,7320
60097,CAMENA,TAS,7316
60098,CAMPANIA,TAS,7026
60099,CAMPBELL TOWN,TAS,7210
60100,CAPE BARREN ISLAND,TAS,7257
60101,CAPE PILLAR,TAS,7182
60102,CAPE PORTLAND,TAS,7264
60103,CAPE RAOUL,TAS,7184
60104,CARLTON,TAS,7173
60105,CARLTON RIVER,TAS,7173
60106,CARRICK,TAS,7291
60107,CASEY,TAS,7151
60108,CASTLE FORBES BAY,TAS,7116
60109,CASTRA,TAS,7315
60110,CATAMARAN,TAS,7109
60111,CAVESIDE,TAS,7304
60112,CENTRAL PLATEAU,TAS,7304
60113,CETHANA,TAS,7306
60114,CHAIN OF LAGOONS,TAS,7215
60115,CHARLOTTE COVE,TAS,7112
60116,CHASM CREEK,TAS,7321
60117,CHIGWELL,TAS,7011
60118,CHRISTMAS HILLS,TAS,7330
60119,CHUDLEIGH,TAS,7304
60120,CLAREMONT,TAS,7011
60121,CLARENCE POINT,TAS,7270
60122,CLARENDON VALE,TAS,7019
60123,CLAUDE ROAD,TAS,7306
60124,CLEVELAND,TAS,7211
60125,CLIFTON BEACH,TAS,7020
60126,CLUAN,TAS,7303
60127,COLEBROOK,TAS,7027
60128,COLES BAY,TAS,7215
60129,COLLINSVALE,TAS,7012
60130,CONARA,TAS,7211
60131,CONINGHAM,TAS,7054
60132,CONNELLYS MARSH,TAS,7173
60133,COOEE,TAS,7320
60134,COPPING,TAS,7174
60135,CORINNA,TAS,7321
60136,CORNELIAN BAY,TAS,7008
60137,CORNWALL,TAS,7215
60138,COUTA ROCKS,TAS,7330
60139,COWRIE POINT,TAS,7321
60140,CRABTREE,TAS,7109
60141,CRADLE MOUNTAIN,TAS,7306
60142,CRADOC,TAS,7109
60143,CRAMPS BAY,TAS,7030
60144,CRANBROOK,TAS,7190
60145,CRAYFISH CREEK,TAS,7321
60146,CREMORNE,TAS,7024
60147,CRESSY,TAS,7302
60148,CUCKOO,TAS,7260
60149,CUPRONA,TAS,7316
60150,CURRIE,TAS,7256
60151,CYGNET,TAS,7112
60152,DAIRY PLAINS,TAS,7304
60153,DAVIS,TAS,7151
60154,DEDDINGTON,TAS,7212
60155,DEE,TAS,7140
60156,DEEP BAY,TAS,7112
60157,DELORAINE,TAS,7304
60158,DENNES POINT,TAS,7150
60159,DERBY,TAS,7264
60160,DERWENT BRIDGE,TAS,7140
60161,DERWENT PARK,TAS,7009
60162,DETENTION,TAS,7321
60163,DEVIOT,TAS,7275
60164,DEVON HILLS,TAS,7300
60165,DEVONPORT,TAS,7310
60166,DILSTON,TAS,7252
60167,DOCTORS POINT,TAS,7304
60168,DOCTORS ROCKS,TAS,7325
60169,DODGES FERRY,TAS,7173
60170,DOLPHIN SANDS,TAS,7190
60171,DON,TAS,7310
60172,DOUGLAS RIVER,TAS,7215
60173,DOUGLAS-APSLEY,TAS,7215
60174,DOVER,TAS,7117
60175,DOWNLANDS,TAS,7320
60176,DOWSING POINT,TAS,7010
60177,DROMEDARY,TAS,7030
60178,DULCOT,TAS,7025
60179,DUNALLEY,TAS,7177
60180,DUNORLAN,TAS,7304
60181,DYNNYRNE,TAS,7005
60182,DYSART,TAS,7030
60183,EAGLEHAWK NECK,TAS,7179
60184,EAST CAM,TAS,7321
60185,EAST DEVONPORT,TAS,7310
60186,EAST LAUNCESTON,TAS,7250
60187,EAST RIDGLEY,TAS,7321
60188,EDDYSTONE,TAS,7264
60189,EDDYSTONE POINT,TAS,7264
60190,EDGCUMBE BEACH,TAS,7321
60191,EDITH CREEK,TAS,7330
60192,EGG LAGOON,TAS,7256
60193,EGGS AND BACON BAY,TAS,7112
60194,ELDERSLIE,TAS,7030
60195,ELECTRONA,TAS,7054
60196,ELIZABETH TOWN,TAS,7304
60197,ELLENDALE,TAS,7140
60198,ELLIOTT,TAS,7325
60199,ELPHIN,TAS,7250
60200,ELWICK,TAS,7010
60201,EMITA,TAS,7255
60202,EMU HEIGHTS,TAS,7320
60203,EPPING FOREST,TAS,7211
60204,ERRIBA,TAS,7310
60205,EUGENANA,TAS,7310
60206,EVANDALE,TAS,7212
60207,EXETER,TAS,7275
60208,EXTON,TAS,7303
60209,FALMOUTH,TAS,7215
60210,FENTONBURY,TAS,7140
60211,FERN TREE,TAS,7054
60212,FINGAL,TAS,7214
60213,FITZGERALD,TAS,7140
60214,FLAGSTAFF GULLY,TAS,7015
60215,FLINTSTONE,TAS,7030
60216,FLORENTINE,TAS,7140
60217,FLOWERDALE,TAS,7325
60218,FLOWERPOT,TAS,7163
60219,FLOWERY GULLY,TAS,7270
60220,FORCETT,TAS,7173
60221,FOREST,TAS,7330
60222,FORESTER,TAS,7260
60223,FORTESCUE,TAS,7182
60224,FORTH,TAS,7310
60225,FORTHSIDE,TAS,7310
60226,FOUR MILE CREEK,TAS,7215
60227,FRANKFORD,TAS,7275
60228,FRANKLIN,TAS,7113
60229,FREYCINET,TAS,7215
60230,FRIENDLY BEACHES,TAS,7215
60231,GAGEBROOK,TAS,7030
60232,GARDEN ISLAND CREEK,TAS,7112
60233,GARDNERS BAY,TAS,7112
60234,GAWLER,TAS,7315
60235,GEEVESTON,TAS,7116
60236,GEILSTON BAY,TAS,7015
60237,GEORGE TOWN,TAS,7253
60238,GLADSTONE,TAS,7264
60239,GLAZIERS BAY,TAS,7109
60240,GLEBE,TAS,7000
60241,GLEN DHU,TAS,7249
60242,GLEN HUON,TAS,7109
60243,GLENDEVIE,TAS,7109
60244,GLENFERN,TAS,7140
60245,GLENGARRY,TAS,7275
60246,GLENLUSK,TAS,7012
60247,GLENORA,TAS,7140
60248,GLENORCHY,TAS,7010
60249,GOLCONDA,TAS,7254
60250,GOLDEN VALLEY,TAS,7304
60251,GOODWOOD,TAS,7010
60252,GORDON,TAS,7150
60253,GORMANSTON,TAS,7466
60254,GOSHEN,TAS,7216
60255,GOULDS COUNTRY,TAS,7216
60256,GOWRIE PARK,TAS,7306
60257,GRANTON,TAS,7030
60258,GRANVILLE HARBOUR,TAS,7469
60259,GRASSTREE HILL,TAS,7017
60260,GRASSY,TAS,7256
60261,GRAVELLY BEACH,TAS,7276
60262,GRAY,TAS,7215
60263,GREAT BAY,TAS,7150
60264,GREENS BEACH,TAS,7270
60265,GRETNA,TAS,7140
60266,GRINDELWALD,TAS,7277
60267,GROVE,TAS,7109
60268,GUILDFORD,TAS,7321
60269,GUNNS PLAINS,TAS,7315
60270,HADSPEN,TAS,7290
60271,HAGLEY,TAS,7292
60272,HAMILTON,TAS,7140
60273,HAMPSHIRE,TAS,7321
60274,HARFORD,TAS,7307
60275,HASTINGS,TAS,7109
60276,HAVENVIEW,TAS,7320
60277,HAWLEY BEACH,TAS,7307
60278,HAYES,TAS,7140
60279,HEARD ISLAND,TAS,7151
60280,HELLYER,TAS,7321
60281,HENRIETTA,TAS,7325
60282,HERDSMANS COVE,TAS,7030
60283,HERMITAGE,TAS,7030
60284,HERRICK,TAS,7264
60285,HEYBRIDGE,TAS,7316
60286,HIGHCLERE,TAS,7321
60287,HIGHCROFT,TAS,7183
60288,HILLCREST,TAS,7320
60289,HILLWOOD,TAS,7252
60290,HOBART,TAS,7000
60291,HOBART,TAS,7001
60292,HOLLOW TREE,TAS,7140
60293,HOLWELL,TAS,7275
60294,HONEYWOOD,TAS,7017
60295,HOWDEN,TAS,7054
60296,HOWRAH,TAS,7018
60297,HOWTH,TAS,7316
60298,HUNTER ISLAND,TAS,7330
60299,HUNTINGFIELD,TAS,7055
60300,HUON ISLAND,TAS,7112
60301,HUONVILLE,TAS,7109
60302,IDA BAY,TAS,7109
60303,ILFRAVILLE,TAS,7270
60304,INTERLAKEN,TAS,7030
60305,INVERESK,TAS,7248
60306,INVERMAY,TAS,7248
60307,IRISHTOWN,TAS,7330
60308,JACKEYS MARSH,TAS,7304
60309,JERICHO,TAS,7030
60310,JETSONVILLE,TAS,7260
60311,JUDBURY,TAS,7109
60312,KAMONA,TAS,7260
60313,KAOOTA,TAS,7150
60314,KARANJA,TAS,7140
60315,KAROOLA,TAS,7267
60316,KAYENA,TAS,7270
60317,KELLEVIE,TAS,7176
60318,KELSO,TAS,7270
60319,KEMPTON,TAS,7030
60320,KETTERING,TAS,7155
60321,KILLIECRANKIE,TAS,7255
60322,KILLORA,TAS,7150
60323,KIMBERLEY,TAS,7304
60324,KINDRED,TAS,7310
60325,KINGS MEADOWS,TAS,7249
60326,KINGSTON,TAS,7050
60327,KINGSTON,TAS,7051
60328,KINGSTON BEACH,TAS,7050
60329,KOONYA,TAS,7187
60330,LACHLAN,TAS,7140
60331,LACKRANA,TAS,7255
60332,LADY BARRON,TAS,7255
60333,LAKE LEAKE,TAS,7210
60334,LAKE MARGARET,TAS,7467
60335,LAKE SORELL,TAS,7030
60336,LAKE ST CLAIR,TAS,7140
60337,LALLA,TAS,7267
60338,LANENA,TAS,7275
60339,LAPOINYA,TAS,7325
60340,LATROBE,TAS,7307
60341,LAUDERDALE,TAS,7021
60342,LAUNCESTON,TAS,7250
60343,LAWITTA,TAS,7140
60344,LEBRINA,TAS,7254
60345,LEEKA,TAS,7255
60346,LEFROY,TAS,7252
60347,LEGANA,TAS,7277
60348,LEGERWOOD,TAS,7263
60349,LEITH,TAS,7315
60350,LEMONT,TAS,7120
60351,LENAH VALLEY,TAS,7008
60352,LESLIE VALE,TAS,7054
60353,LEVENDALE,TAS,7120
60354,LEWISHAM,TAS,7173
60355,LIAWENEE,TAS,7030
60356,LIENA,TAS,7304
60357,LIETINNA,TAS,7260
60358,LIFFEY,TAS,7301
60359,LILEAH,TAS,7330
60360,LILLICO,TAS,7310
60361,LILYDALE,TAS,7268
60362,LINDISFARNE,TAS,7015
60363,LISLE,TAS,7260
60364,LITTLE PINE LAGOON,TAS,7140
60365,LITTLE SWANPORT,TAS,7190
60366,LOCCOTA,TAS,7255
60367,LOIRA,TAS,7275
60368,LONDON LAKES,TAS,7140
60369,LONG REACH,TAS,7253
60370,LONGFORD,TAS,7301
60371,LONGLEY,TAS,7150
60372,LONNAVALE,TAS,7109
60373,LOONGANA,TAS,7315
60374,LOORANA,TAS,7256
60375,LORINNA,TAS,7306
60376,LOTTAH,TAS,7216
60377,LOW HEAD,TAS,7253
60378,LOWER BARRINGTON,TAS,7306
60379,LOWER BEULAH,TAS,7306
60380,LOWER LONGLEY,TAS,7109
60381,LOWER MARSHES,TAS,7030
60382,LOWER SANDY BAY,TAS,7005
60383,LOWER SNUG,TAS,7054
60384,LOWER TURNERS MARSH,TAS,7267
60385,LOWER WATTLE GROVE,TAS,7109
60386,LOWER WILMOT,TAS,7310
60387,LOYETEA,TAS,7316
60388,LUCASTON,TAS,7109
60389,LUGHRATA,TAS,7255
60390,LUINA,TAS,7321
60391,LULWORTH,TAS,7252
60392,LUNAWANNA,TAS,7150
60393,LUNE RIVER,TAS,7109
60394,LUTANA,TAS,7009
60395,LYMINGTON,TAS,7109
60396,LYMWOOD,TAS,7256
60397,MACQUARIE,TAS,7151
60398,MACQUARIE HEADS,TAS,7468
60399,MACQUARIE ISLAND,TAS,7151
60400,MACQUARIE PLAINS,TAS,7140
60401,MAGRA,TAS,7140
60402,MALBINA,TAS,7140
60403,MANGALORE,TAS,7030
60404,MANGANA,TAS,7214
60405,MARGATE,TAS,7054
60406,MARIA ISLAND,TAS,7190
60407,MARION BAY,TAS,7175
60408,MARRAWAH,TAS,7330
60409,MATHINNA,TAS,7214
60410,MAWBANNA,TAS,7321
60411,MAWSON,TAS,7151
60412,MAYBERRY,TAS,7304
60413,MAYDENA,TAS,7140
60414,MAYFIELD,TAS,7248
60415,MCDONALD ISLANDS,TAS,7151
60416,MEADOWBANK,TAS,7140
60417,MEANDER,TAS,7304
60418,MELLA,TAS,7330
60419,MELROSE,TAS,7310
60420,MELTON MOWBRAY,TAS,7030
60421,MEMANA,TAS,7255
60422,MENGHA,TAS,7330
60423,MERSEY FOREST,TAS,7304
60424,MERSEYLEA,TAS,7305
60425,MEUNNA,TAS,7325
60426,MIANDETTA,TAS,7310
60427,MIDDLESEX,TAS,7306
60428,MIDDLETON,TAS,7163
60429,MIDWAY POINT,TAS,7171
60430,MIENA,TAS,7030
60431,MILABENA,TAS,7325
60432,MILLERS BLUFF,TAS,7030
60433,MOINA,TAS,7310
60434,MOLE CREEK,TAS,7304
60435,MOLESWORTH,TAS,7140
60436,MOLTEMA,TAS,7304
60437,MONTAGU,TAS,7330
60438,MONTAGU BAY,TAS,7018
60439,MONTANA,TAS,7304
60440,MONTELLO,TAS,7320
60441,MONTROSE,TAS,7010
60442,MONTUMANA,TAS,7321
60443,MOOGARA,TAS,7140
60444,MOONAH,TAS,7009
60445,MOOREVILLE,TAS,7321
60446,MOORINA,TAS,7264
60447,MOORLEAH,TAS,7325
60448,MORASS BAY,TAS,7030
60449,MORIARTY,TAS,7307
60450,MORNINGTON,TAS,7018
60451,MOUNT DIRECTION,TAS,7252
60452,MOUNT FIELD,TAS,7140
60453,MOUNT HICKS,TAS,7325
60454,MOUNT LLOYD,TAS,7140
60455,MOUNT NELSON,TAS,7007
60456,MOUNT ROLAND,TAS,7306
60457,MOUNT RUMNEY,TAS,7170
60458,MOUNT SEYMOUR,TAS,7120
60459,MOUNT STUART,TAS,7000
60460,MOUNT WILLIAM,TAS,7264
60461,MOUNTAIN RIVER,TAS,7109
60462,MOWBRAY,TAS,7248
60463,MOWBRAY HEIGHTS,TAS,7248
60464,MURDUNNA,TAS,7178
60465,MUSSELROE BAY,TAS,7264
60466,MYALLA,TAS,7325
60467,MYRTLE BANK,TAS,7259
60468,NABAGEENA,TAS,7330
60469,NABOWLA,TAS,7260
60470,NARACOOPA,TAS,7256
60471,NATIONAL PARK,TAS,7140
60472,NATONE,TAS,7321
60473,NEEDLES,TAS,7304
60474,NEIKA,TAS,7054
60475,NELSON BAY,TAS,7330
60476,NEW NORFOLK,TAS,7140
60477,NEW TOWN,TAS,7008
60478,NEWNHAM,TAS,7248
60479,NEWSTEAD,TAS,7250
60480,NICHOLLS RIVULET,TAS,7112
60481,NIERINNA,TAS,7054
60482,NIETTA,TAS,7315
60483,NILE,TAS,7212
60484,NOOK,TAS,7306
60485,NORTH BRUNY,TAS,7150
60486,NORTH HOBART,TAS,7000
60487,NORTH HOBART,TAS,7002
60488,NORTH LILYDALE,TAS,7268
60489,NORTH MOTTON,TAS,7315
60490,NORTH SCOTTSDALE,TAS,7260
60491,NORTHDOWN,TAS,7307
60492,NORWOOD,TAS,7250
60493,NORWOOD AVENUE PO,TAS,7250
60494,NOTLEY HILLS,TAS,7275
60495,NOWHERE ELSE,TAS,7306
60496,NUBEENA,TAS,7184
60497,NUGARA,TAS,7256
60498,NUGENT,TAS,7172
60499,NUNAMARA,TAS,7259
60500,OAKDOWNS,TAS,7019
60501,OAKS,TAS,7303
60502,OATLANDS,TAS,7120
60503,OCEAN VISTA,TAS,7320
60504,OLD BEACH,TAS,7017
60505,OLDINA,TAS,7325
60506,OONAH,TAS,7325
60507,OPOSSUM BAY,TAS,7023
60508,ORFORD,TAS,7190
60509,ORIELTON,TAS,7172
60510,OSMASTON,TAS,7303
60511,OSTERLEY,TAS,7140
60512,OTAGO,TAS,7017
60513,OUSE,TAS,7140
60514,OYSTER COVE,TAS,7150
60515,PALANA,TAS,7255
60516,PALOONA,TAS,7310
60517,PARADISE,TAS,7306
60518,PARATTAH,TAS,7120
60519,PARK GROVE,TAS,7320
60520,PARKHAM,TAS,7304
60521,PARKLANDS,TAS,7320
60522,PARRAWE,TAS,7321
60523,PATERSONIA,TAS,7259
60524,PAWLEENA,TAS,7172
60525,PAWTELLA,TAS,7120
60526,PEARSHAPE,TAS,7256
60527,PEGARAH,TAS,7256
60528,PELHAM,TAS,7030
60529,PELVERATA,TAS,7150
60530,PENGUIN,TAS,7316
60531,PENNA,TAS,7171
60532,PERTH,TAS,7300
60533,PETCHEYS BAY,TAS,7109
60534,PIERSONS POINT,TAS,7054
60535,PIONEER,TAS,7264
60536,PIPERS BROOK,TAS,7254
60537,PIPERS RIVER,TAS,7252
60538,PLENTY,TAS,7140
60539,POATINA,TAS,7302
60540,POLICE POINT,TAS,7116
60541,PONTVILLE,TAS,7030
60542,PONTYPOOL,TAS,7190
60543,PORT ARTHUR,TAS,7182
60544,PORT HUON,TAS,7116
60545,PORT LATTA,TAS,7321
60546,PORT SORELL,TAS,7307
60547,POWRANNA,TAS,7300
60548,PREMAYDENA,TAS,7185
60549,PREOLENNA,TAS,7325
60550,PRESERVATION BAY,TAS,7316
60551,PRESTON,TAS,7315
60552,PRIMROSE SANDS,TAS,7173
60553,PROMISED LAND,TAS,7306
60554,PROSPECT,TAS,7250
60555,PROSPECT VALE,TAS,7250
60556,PUNCHBOWL,TAS,7249
60557,PYENGANA,TAS,7216
60558,QUAMBY BEND,TAS,7292
60559,QUAMBY BROOK,TAS,7304
60560,QUEENS DOMAIN,TAS,7000
60561,QUEENSTOWN,TAS,7467
60562,QUOIBA,TAS,7310
60563,RAILTON,TAS,7305
60564,RAMINEA,TAS,7109
60565,RANDALLS BAY,TAS,7112
60566,RANELAGH,TAS,7109
60567,RANGA,TAS,7255
60568,RAVENSWOOD,TAS,7250
60569,RECHERCHE,TAS,7109
60570,RED HILLS,TAS,7304
60571,REDPA,TAS,7330
60572,REEDY MARSH,TAS,7304
60573,REEKARA,TAS,7256
60574,RELBIA,TAS,7258
60575,RENISON BELL,TAS,7469
60576,RETREAT,TAS,7254
60577,REYNOLDS NECK,TAS,7304
60578,RHEBAN,TAS,7190
60579,RHYNDASTON,TAS,7120
60580,RIANA,TAS,7316
60581,RICHMOND,TAS,7025
60582,RIDGEWAY,TAS,7054
60583,RIDGLEY,TAS,7321
60584,RINGAROOMA,TAS,7263
60585,RISDON,TAS,7017
60586,RISDON VALE,TAS,7016
60587,RIVERSIDE,TAS,7250
60588,ROBBINS ISLAND,TAS,7330
60589,ROBIGANA,TAS,7275
60590,ROCHERLEA,TAS,7248
60591,ROCHES BEACH,TAS,7170
60592,ROCKY CAPE,TAS,7321
60593,ROCKY HILLS,TAS,7190
60594,ROGER RIVER,TAS,7330
60595,ROKEBY,TAS,7019
60596,ROLAND,TAS,7306
60597,ROMAINE,TAS,7320
60598,ROSE BAY,TAS,7015
60599,ROSEBERY,TAS,7470
60600,ROSEGARLAND,TAS,7140
60601,ROSETTA,TAS,7010
60602,ROSEVALE,TAS,7292
60603,ROSEVEARS,TAS,7277
60604,ROSNY,TAS,7018
60605,ROSNY PARK,TAS,7018
60606,ROSS,TAS,7209
60607,ROSSARDEN,TAS,7213
60608,ROUND HILL,TAS,7320
60609,ROWELLA,TAS,7270
60610,ROYAL GEORGE,TAS,7213
60611,RUNNYMEDE,TAS,7190
60612,RUSHY LAGOON,TAS,7264
60613,SALTWATER RIVER,TAS,7186
60614,SANDFLY,TAS,7150
60615,SANDFORD,TAS,7020
60616,SANDHILL,TAS,7249
60617,SANDY BAY,TAS,7005
60618,SANDY BAY,TAS,7006
60619,SASSAFRAS,TAS,7307
60620,SAVAGE RIVER,TAS,7321
60621,SCAMANDER,TAS,7215
60622,SCOPUS,TAS,7330
60623,SCOTCHTOWN,TAS,7330
60624,SCOTTSDALE,TAS,7260
60625,SEA ELEPHANT,TAS,7256
60626,SEABROOK,TAS,7325
60627,SELBOURNE,TAS,7292
60628,SEVEN MILE BEACH,TAS,7170
60629,SEYMOUR,TAS,7215
60630,SHANNON,TAS,7030
60631,SHEARWATER,TAS,7307
60632,SHEFFIELD,TAS,7306
60633,SHOREWELL PARK,TAS,7320
60634,SIDMOUTH,TAS,7270
60635,SIMPSONS BAY,TAS,7150
60636,SISTERS BEACH,TAS,7321
60637,SISTERS CREEK,TAS,7325
60638,SLOPING MAIN,TAS,7186
60639,SMITHTON,TAS,7330
60640,SNUG,TAS,7054
60641,SOMERSET,TAS,7322
60642,SORELL,TAS,7172
60643,SORELL CREEK,TAS,7140
60644,SOUTH ARM,TAS,7022
60645,SOUTH BRUNY,TAS,7150
60646,SOUTH BURNIE,TAS,7320
60647,SOUTH FOREST,TAS,7330
60648,SOUTH HOBART,TAS,7004
60649,SOUTH LAUNCESTON,TAS,7249
60650,SOUTH MOUNT CAMERON,TAS,7264
60651,SOUTH NIETTA,TAS,7315
60652,SOUTH PRESTON,TAS,7315
60653,SOUTH RIANA,TAS,7316
60654,SOUTH SPREYTON,TAS,7310
60655,SOUTH SPRINGFIELD,TAS,7260
60656,SOUTHPORT,TAS,7109
60657,SOUTHPORT LAGOON,TAS,7109
60658,SPALFORD,TAS,7315
60659,SPRENT,TAS,7315
60660,SPREYTON,TAS,7310
60661,SPRING BEACH,TAS,7190
60662,SPRINGFIELD,TAS,7260
60663,SQUEAKING POINT,TAS,7307
60664,ST HELENS,TAS,7216
60665,ST LEONARDS,TAS,7250
60666,ST MARYS,TAS,7215
60667,STANLEY,TAS,7331
60668,STAVERTON,TAS,7306
60669,STEPPES,TAS,7030
60670,STIEGLITZ,TAS,7216
60671,STONEHENGE,TAS,7120
60672,STONOR,TAS,7119
60673,STONY HEAD,TAS,7252
60674,STONY RISE,TAS,7310
60675,STOODLEY,TAS,7306
60676,STORMLEA,TAS,7184
60677,STORYS CREEK,TAS,7213
60678,STOWPORT,TAS,7321
60679,STRAHAN,TAS,7468
60680,STRATHBLANE,TAS,7109
60681,STRATHGORDON,TAS,7139
60682,STRICKLAND,TAS,7140
60683,STRZELECKI,TAS,7255
60684,STYX,TAS,7140
60685,SULPHUR CREEK,TAS,7316
60686,SUMMERHILL,TAS,7250
60687,SUNNYSIDE,TAS,7305
60688,SURGES BAY,TAS,7116
60689,SURPRISE BAY,TAS,7256
60690,SURVEYORS BAY,TAS,7116
60691,SWAN BAY,TAS,7252
60692,SWAN POINT,TAS,7275
60693,SWANSEA,TAS,7190
60694,SWANSTON,TAS,7120
60695,TABLE CAPE,TAS,7325
60696,TAKONE,TAS,7325
60697,TALAWA,TAS,7263
60698,TARANNA,TAS,7180
60699,TARGA,TAS,7259
60700,TARLETON,TAS,7310
60701,TAROONA,TAS,7053
60702,TARRALEAH,TAS,7140
60703,TASMAN ISLAND,TAS,7001
60704,TAYENE,TAS,7259
60705,TEA TREE,TAS,7017
60706,TELITA,TAS,7264
60707,TEMMA,TAS,7330
60708,TEWKESBURY,TAS,7321
60709,THE GARDENS,TAS,7216
60710,THIRLSTANE,TAS,7307
60711,THREE HUMMOCK ISLAND,TAS,7330
60712,TIBERIAS,TAS,7120
60713,TINDERBOX,TAS,7054
60714,TODS CORNER,TAS,7030
60715,TOGARI,TAS,7330
60716,TOIBERRY,TAS,7301
60717,TOLMANS HILL,TAS,7007
60718,TOMAHAWK,TAS,7262
60719,TONGANAH,TAS,7260
60720,TOOMS LAKE,TAS,7209
60721,TRANMERE,TAS,7018
60722,TRAVELLERS REST,TAS,7250
60723,TRENAH,TAS,7263
60724,TREVALLYN,TAS,7250
60725,TRIABUNNA,TAS,7190
60726,TRIAL HARBOUR,TAS,7469
60727,TROWUTTA,TAS,7330
60728,TUGRAH,TAS,7310
60729,TULENDEENA,TAS,7260
60730,TULLAH,TAS,7321
60731,TUNBRIDGE,TAS,7120
60732,TUNNACK,TAS,7120
60733,TUNNEL,TAS,7254
60734,TURNERS BEACH,TAS,7315
60735,TURNERS MARSH,TAS,7267
60736,TYENNA,TAS,7140
60737,ULVERSTONE,TAS,7315
60738,UNDERWOOD,TAS,7268
60739,UNIVERSITY OF TASMANIA,TAS,7005
60740,UPPER BLESSINGTON,TAS,7212
60741,UPPER BURNIE,TAS,7320
60742,UPPER CASTRA,TAS,7315
60743,UPPER ESK,TAS,7214
60744,UPPER NATONE,TAS,7321
60745,UPPER SCAMANDER,TAS,7215
60746,UPPER STOWPORT,TAS,7321
60747,UPPER WOODSTOCK,TAS,7150
60748,UXBRIDGE,TAS,7140
60749,VERONA SANDS,TAS,7112
60750,VICTORIA VALLEY,TAS,7140
60751,WADDAMANA,TAS,7030
60752,WALLS OF JERUSALEM,TAS,7304
60753,WARATAH,TAS,7321
60754,WARRANE,TAS,7018
60755,WARRENTINNA,TAS,7261
60756,WATERHOUSE,TAS,7262
60757,WATERLOO,TAS,7109
60758,WATTLE GROVE,TAS,7109
60759,WATTLE HILL,TAS,7172
60760,WAVERLEY,TAS,7250
60761,WAYATINAH,TAS,7140
60762,WEEGENA,TAS,7304
60763,WEETAH,TAS,7304
60764,WELDBOROUGH,TAS,7264
60765,WELLINGTON PARK,TAS,7054
60766,WESLEY VALE,TAS,7307
60767,WEST DEVONPORT,TAS,7310
60768,WEST HOBART,TAS,7000
60769,WEST KENTISH,TAS,7306
60770,WEST LAUNCESTON,TAS,7250
60771,WEST MONTAGU,TAS,7330
60772,WEST MOONAH,TAS,7009
60773,WEST MOOREVILLE,TAS,7321
60774,WEST PINE,TAS,7316
60775,WEST RIDGLEY,TAS,7321
60776,WEST SCOTTSDALE,TAS,7260
60777,WEST TAKONE,TAS,7325
60778,WEST ULVERSTONE,TAS,7315
60779,WESTBURY,TAS,7303
60780,WESTERN CREEK,TAS,7304
60781,WESTERN JUNCTION,TAS,7212
60782,WESTERWAY,TAS,7140
60783,WESTWOOD,TAS,7292
60784,WEYMOUTH,TAS,7252
60785,WHITE BEACH,TAS,7184
60786,WHITE HILLS,TAS,7258
60787,WHITEFOORD,TAS,7120
60788,WHITEMARK,TAS,7255
60789,WHITEMORE,TAS,7303
60790,WICKHAM,TAS,7256
60791,WILBURVILLE,TAS,7030
60792,WILMOT,TAS,7310
60793,WILTSHIRE,TAS,7321
60794,WINDERMERE,TAS,7252
60795,WINGAROO,TAS,7255
60796,WINKLEIGH,TAS,7275
60797,WINNALEAH,TAS,7265
60798,WIVENHOE,TAS,7320
60799,WOODBRIDGE,TAS,7162
60800,WOODBURY,TAS,7120
60801,WOODSDALE,TAS,7120
60802,WOODSTOCK,TAS,7109
60803,WOOLNORTH,TAS,7330
60804,WYENA,TAS,7254
60805,WYNYARD,TAS,7325
60806,YAMBACOONA,TAS,7256
60807,YARRA CREEK,TAS,7256
60808,YOLLA,TAS,7325
60809,YORK PLAINS,TAS,7120
60810,YORK TOWN,TAS,7270
60811,YOUNGTOWN,TAS,7249
60812,ZEEHAN,TAS,7469
70001,ACACIA HILLS,NT,0822
70002,ADELAIDE RIVER,NT,0846
70003,AHERRENGE,NT,0872
70004,ALAWA,NT,0810
70005,ALI CURUNG,NT,0872
70006,ALICE SPRINGS,NT,0870
70007,ALICE SPRINGS,NT,0871
70008,ALICE SPRINGS,NT,0872
70009,ALYANGULA,NT,0885
70010,AMATA,NT,0872
70011,AMOONGUNA,NT,0872
70012,AMOONGUNA,NT,0873
70013,AMPILATWATJA,NT,0872
70014,ANANGU PITJANTJATJARA YANKUNYTJATJARA,NT,0872
70015,ANATYE,NT,0872
70016,ANGURUGU,NT,0822
70017,ANINDILYAKWA,NT,0822
70018,ANMATJERE,NT,0872
70019,ANNIE RIVER,NT,0822
70020,ANTEWENEGERRDE,NT,0872
70021,ANULA,NT,0812
70022,ARALUEN,NT,0870
70023,ARCHER,NT,0830
70024,AREYONGA,NT,0872
70025,ARNOLD,NT,0852
70026,ARUMBERA,NT,0873
70027,ATITJERE,NT,0872
70028,AVON DOWNS,NT,0862
70029,AYERS ROCK,NT,0872
70030,BAGOT,NT,0820
70031,BAINES,NT,0852
70032,BAKEWELL,NT,0832
70033,BARROW CREEK,NT,0872
70034,BARUNGA,NT,0852
70035,BATCHELOR,NT,0845
70036,BATHURST ISLAND,NT,0822
70037,BAYVIEW,NT,0820
70038,BEES CREEK,NT,0822
70039,BELLAMACK,NT,0832
70040,BELYUEN,NT,0822
70041,BERRIMAH,NT,0828
70042,BERRY SPRINGS,NT,0838
70043,BESWICK,NT,0852
70044,BESWICK CREEK,NT,0852
70045,BINJARI,NT,0852
70046,BIRDUM,NT,0852
70047,BLACK JUNGLE,NT,0822
70048,BLACKMORE,NT,0822
70049,BORDER STORE,NT,0822
70050,BORROLOOLA,NT,0854
70051,BRADSHAW,NT,0852
70052,BRAITLING,NT,0870
70053,BRINKIN,NT,0810
70054,BRUNCHILLY,NT,0861
70055,BUCHANAN,NT,0852
70056,BUFFALO CREEK,NT,0812
70057,BULMAN WEEMOL,NT,0852
70058,BURRUNDIE,NT,0822
70059,BURT PLAIN,NT,0872
70060,BYNOE,NT,0822
70061,BYNOE HARBOUR,NT,0822
70062,CALVERT,NT,0862
70063,CAMP CREEK,NT,0822
70064,CANTEEN CREEK,NT,0872
70065,CASUARINA,NT,0810
70066,CASUARINA,NT,0811
70067,CHANNEL ISLAND,NT,0822
70068,CHARLES DARWIN,NT,0820
70069,CHARLES DARWIN,NT,0822
70070,CHARLES DARWIN UNIVERSITY,NT,0815
70071,CHARLES DARWIN UNIVERSITY,NT,0909
70072,CHARLOTTE,NT,0822
70073,CHILLA WELL,NT,0872
70074,CICCONE,NT,0870
70075,CLARAVALE,NT,0822
70076,COBOURG,NT,0822
70077,COCONUT GROVE,NT,0810
70078,COLLETT CREEK,NT,0822
70079,CONNELLAN,NT,0873
70080,COOLALINGA,NT,0839
70081,COOMALIE CREEK,NT,0822
70082,COONAWARRA,NT,0820
70083,COSSACK,NT,0850
70084,COSTELLO,NT,0872
70085,COX PENINSULA,NT,0822
70086,CRESSWELL DOWNS,NT,0862
70087,CRESWELL,NT,0852
70088,CROKER ISLAND,NT,0822
70089,CULLEN BAY,NT,0820
70090,Coolalinga,NT,0835
70091,DAGURAGU,NT,0852
70092,DALY,NT,0822
70093,DALY RIVER,NT,0822
70094,DALY WATERS,NT,0852
70095,DARWIN,NT,0800
70096,DARWIN,NT,0801
70097,DARWIN CITY,NT,0800
70098,DARWIN DC,NT,0820
70099,DARWIN INTERNATIONAL AIRPORT,NT,0820
70100,DARWIN MC,NT,0820
70101,DARWIN MC,NT,0822
70102,DARWIN RIVER,NT,0841
70103,DARWIN RIVER DAM,NT,0822
70104,DAVENPORT,NT,0872
70105,DELAMERE,NT,0852
70106,DELISSAVILLE,NT,0822
70107,DESERT SPRINGS,NT,0870
70108,DOCKER RIVER,NT,0872
70109,DOUGLAS-DALY,NT,0822
70110,DRIVER,NT,0830
70111,DUNDEE BEACH,NT,0840
70112,DUNDEE DOWNS,NT,0840
70113,DUNDEE FOREST,NT,0840
70114,DUNMARRA,NT,0852
70115,DURACK,NT,0830
70116,EAST ARM,NT,0822
70117,EAST ARNHEM,NT,0822
70118,EAST POINT,NT,0820
70119,EAST SIDE,NT,0870
70120,EATON,NT,0820
70121,EDITH,NT,0852
70122,EDITH RIVER,NT,0852
70123,ELLIOTT,NT,0862
70124,ELRUNDIE,NT,0822
70125,ELSEY,NT,0852
70126,ELSEY STATION,NT,0852
70127,EMUNGALAN,NT,0850
70128,ENGAWALA,NT,0872
70129,ERLDUNDA,NT,0872
70130,EVA VALLEY,NT,0822
70131,FANNIE BAY,NT,0820
70132,FARRAR,NT,0830
70133,FINKE,NT,0872
70134,FINNISS VALLEY,NT,0822
70135,FLEMING,NT,0822
70136,FLORINA,NT,0852
70137,FLY CREEK,NT,0822
70138,FLYING FOX,NT,0852
70139,FLYNN,NT,0875
70140,FREDS PASS,NT,0822
70141,GALIWINKU,NT,0822
70142,GAPUWIYAK,NT,0880
70143,GHAN,NT,0872
70144,GILLEN,NT,0870
70145,GIRRAWEEN,NT,0836
70146,GLYDE POINT,NT,0822
70147,GOULBOURN ISLAND,NT,0822
70148,GOULBURN ISLAND,NT,0822
70149,GOVE,NT,0880
70150,GRAY,NT,0830
70151,GREGORY,NT,0852
70152,GULUNG MARDRULK,NT,0852
70153,GUNBALANYA,NT,0822
70154,GUNN,NT,0832
70155,GUNN POINT,NT,0822
70156,GUNYANGARA,NT,0880
70157,GURINDJI,NT,0852
70158,HAASTS BLUFF,NT,0872
70159,HALE,NT,0872
70160,HART,NT,0872
70161,HART RANGE,NT,0872
70162,HAYES CREEK,NT,0822
70163,HEAVITREE GAP CPA,NT,0873
70164,HELEN SPRINGS,NT,0862
70165,HELEN SPRINGS STATION,NT,0852
70166,HERBERT,NT,0836
70167,HERMANNSBURG,NT,0872
70168,HIDDEN VALLEY,NT,0822
70169,HOLMES,NT,0812
70170,HOLTZE,NT,0829
70171,HOTHAM,NT,0822
70172,HOWARD SPRINGS,NT,0835
70173,HUGH,NT,0872
70174,HUGHES,NT,0822
70175,HUMPTY DOO,NT,0836
70176,ILPARPA,NT,0873
70177,IMAMPA,NT,0872
70178,IMANPA,NT,0872
70179,ININTI STORE,NT,0872
70180,IRLPME,NT,0874
70181,JABIRU,NT,0886
70182,JAY CREEK,NT,0872
70183,JILKMINGGAN,NT,0852
70184,JINGILI,NT,0810
70185,JOHNSTON,NT,0832
70186,KAKADU,NT,0822
70187,KALKARINDJI,NT,0852
70188,KALKARINGI,NT,0852
70189,KALTUKATJARA,NT,0872
70190,KARAMA,NT,0812
70191,KARAMA,NT,0813
70192,KATHERINE,NT,0850
70193,KATHERINE,NT,0851
70194,KATHERINE,NT,0852
70195,KATHERINE EAST,NT,0850
70196,KATHERINE SOUTH,NT,0850
70197,KILGARIFF,NT,0873
70198,KING ASH BAY,NT,0854
70199,KINGS CREEK STATION,NT,0872
70200,KINTORE,NT,0872
70201,KNUCKEY LAGOON,NT,0828
70202,KOOLPINYAH,NT,0822
70203,KULGERA,NT,0872
70204,KUNPARRKA,NT,0872
70205,LAJAMANU,NT,0852
70206,LAKE BENNETT,NT,0822
70207,LAKE MACKAY,NT,0872
70208,LAMBELLS LAGOON,NT,0822
70209,LANSDOWNE,NT,0850
70210,LARAMBA,NT,0872
70211,LARAPINTA,NT,0875
70212,LARRAKEYAH,NT,0820
70213,LARRIMAH,NT,0852
70214,LEANYER,NT,0812
70215,LEE POINT,NT,0810
70216,LIMMEN,NT,0852
70217,LITCHFIELD PARK,NT,0822
70218,LIVINGSTONE,NT,0822
70219,LLOYD CREEK,NT,0822
70220,LUDMILLA,NT,0820
70221,LYONS,NT,0810
70222,MACDONNELL RANGE,NT,0872
70223,MALAK,NT,0812
70224,MANBULLOO,NT,0852
70225,MANDORAH,NT,0822
70226,MANINGRIDA,NT,0822
70227,MANTON,NT,0837
70228,MAPURU,NT,0822
70229,MARANBOY,NT,0852
70230,MARANUNGA,NT,0822
70231,MARGARET RIVER,NT,0822
70232,MARLOW LAGOON,NT,0830
70233,MARRAKAI,NT,0822
70234,MARRARA,NT,0812
70235,MATARANKA,NT,0852
70236,MCARTHUR,NT,0852
70237,MCMINNS LAGOON,NT,0822
70238,MEREENIE,NT,0872
70239,MICKET CREEK,NT,0822
70240,MICKETT CREEK,NT,0822
70241,MIDDLE POINT,NT,0822
70242,MILIKAPITI,NT,0822
70243,MILINGIMBI,NT,0822
70244,MILLNER,NT,0810
70245,MILLWOOD,NT,0822
70246,MILYAKBURRA,NT,0822
70247,MINIYERI,NT,0852
70248,MINIYERRI,NT,0852
70249,MINJILANG,NT,0822
70250,MITCHELL,NT,0832
70251,MOIL,NT,0810
70252,MOULDEN,NT,0830
70253,MOUNT BUNDEY,NT,0822
70254,MOUNT JOHNS,NT,0874
70255,MOUNT LIEBIG,NT,0872
70256,MOUNT ZEIL,NT,0872
70257,MUCKATY STATION,NT,0862
70258,MUIRHEAD,NT,0810
70259,MULGA BORE,NT,0872
70260,MURPUTJA HOMELANDS,NT,0872
70261,MURRUMUJUK,NT,0822
70262,MUTITJULU,NT,0872
70263,NAKARA,NT,0810
70264,NAMATJIRA,NT,0872
70265,NAPPERBY STATION,NT,0872
70266,NAUIYU,NT,0822
70267,NEMARLUK,NT,0822
70268,NEWCASTLE WATERS,NT,0862
70269,NGANMARRIYANGA,NT,0822
70270,NGUIU,NT,0822
70271,NGUKURR,NT,0852
70272,NHULUNBUY,NT,0880
70273,NHULUNBUY,NT,0881
70274,NICHOLSON,NT,0862
70275,NIGHTCLIFF,NT,0810
70276,NIGHTCLIFF,NT,0814
70277,NITMILUK,NT,0852
70278,NOONAMAH,NT,0837
70279,NORTHLAKES,NT,0812
70280,NUMBULWAR,NT,0822
70281,NUMBULWAR,NT,0852
70282,NUMBURINDI,NT,0822
70283,NUTWOOD DOWNS,NT,0852
70284,NYIRRIPI,NT,0872
70285,OENPELLI,NT,0822
70286,PALMERSTON,NT,0830
70287,PALMERSTON,NT,0831
70288,PAMAYU,NT,0862
70289,PAPUNYA,NT,0872
70290,PARAP,NT,0804
70291,PARAP,NT,0820
70292,PELLEW ISLANDS,NT,0852
70293,PEPPIMENARTI,NT,0822
70294,PETERMANN,NT,0872
70295,PHILLIP CREEK STATION,NT,0862
70296,PIGEON HOLE,NT,0852
70297,PINE CREEK,NT,0847
70298,PINELANDS,NT,0829
70299,PIRLANGIMPI,NT,0822
70300,PITJANTJATJARA HOMELANDS,NT,0872
70301,POINT STEPHENS,NT,0822
70302,POINT STUART,NT,0822
70303,PULARUMPI,NT,0822
70304,PULUMPA,NT,0822
70305,RAAF BASE DARWIN,NT,0820
70306,RAKULA,NT,0822
70307,RAMINGINING,NT,0822
70308,RANKEN,NT,4825
70309,RAPID CREEK,NT,0810
70310,RENNER SPRINGS,NT,0862
70311,ROBIN FALLS,NT,0822
70312,ROBINSON RIVER,NT,0852
70313,ROSEBERY,NT,0832
70314,ROSEBERY HEIGHTS,NT,0832
70315,ROSS,NT,0873
70316,RUM JUNGLE,NT,0822
70317,SADADEEN,NT,0870
70318,SANDERSON,NT,0812
70319,SANDERSON,NT,0813
70320,SANDOVER,NT,0872
70321,SANDPALMS ROADHOUSE,NT,0822
70322,SANTA TERESA,NT,0872
70323,SHOAL BAY,NT,0830
70324,SIMPSON,NT,0872
70325,SOUTHPORT,NT,0822
70326,STAPLETON,NT,0822
70327,STUART,NT,0870
70328,STUART PARK,NT,0820
70329,STURT PLATEAU,NT,0852
70330,TABLELANDS,NT,0862
70331,TANAMI,NT,0872
70332,TANAMI EAST,NT,0852
70333,TARA,NT,0872
70334,TELEGRAPH STATION,NT,0872
70335,TENNANT CREEK,NT,0860
70336,TENNANT CREEK,NT,0861
70337,TENNANT CREEK,NT,0862
70338,THAMARRURR,NT,0822
70339,THANGKENHARENGE,NT,0872
70340,THE GAP,NT,0870
70341,THE GARDENS,NT,0820
70342,THE NARROWS,NT,0820
70343,THREE WAYS,NT,0862
70344,TI TREE,NT,0872
70345,TIMBER CREEK,NT,0852
70346,TINDAL,NT,0853
70347,TINDAL RAAF,NT,0853
70348,TIPPERARY,NT,0822
70349,TITJIKALA,NT,0872
70350,TIVENDALE,NT,0822
70351,TIWI,NT,0810
70352,TIWI ISLANDS,NT,0822
70353,TOP SPRINGS,NT,0852
70354,TORTILLA FLATS,NT,0822
70355,TUMBLING WATERS,NT,0822
70356,ULURU,NT,0872
70357,UMBAKUMBA,NT,0822
70358,UMPANGARA,NT,0872
70359,UNDOOLYA,NT,0874
70360,UNIVERSITY,NT,0909
70361,URALLA,NT,0852
70362,URAPUNTJA,NT,0872
70363,VENN,NT,0852
70364,VERNON ISLANDS,NT,0822
70365,VICTORIA RIVER,NT,0852
70366,VICTORIA RIVER DOWNS,NT,0852
70367,VIRGINIA,NT,0822
70368,VIRGINIA,NT,0834
70369,VIRGINIA,NT,0835
70370,WADEYE,NT,0822
70371,WAGAIT BEACH,NT,0803
70372,WAGAIT BEACH,NT,0822
70373,WAGAMAN,NT,0810
70374,WAK WAK,NT,0822
70375,WALLACE ROCKHOLE,NT,0872
70376,WANARN,NT,0872
70377,WANGURI,NT,0810
70378,WARREGO,NT,0862
70379,WARRUWI,NT,0822
70380,WARUMUNGU,NT,0852
70381,WAVE HILL,NT,0852
70382,WEDDELL,NT,0822
70383,WEST ARNHEM,NT,0822
70384,WHITE GUMS,NT,0870
70385,WICKHAM,NT,0822
70386,WILLOWRA,NT,0872
70387,WILORA,NT,0872
70388,WILTON,NT,0852
70389,WINNELLIE,NT,0820
70390,WINNELLIE,NT,0821
70391,WINNELLIE,NT,0822
70392,WINNELLIE,NT,0906
70393,WINNELLIE,NT,0907
70394,WISHART,NT,0822
70395,WOLLOGORANG STATION,NT,0862
70396,WOODLEIGH GARDENS,NT,0812
70397,WOODROFFE,NT,0830
70398,WOOLANING,NT,0822
70399,WOOLNER,NT,0820
70400,WULAGI,NT,0812
70401,WURRUMIYANGA,NT,0822
70402,WUTUNUGURRA,NT,0872
70403,WYCLIFFE WELL,NT,0862
70404,YARRALIN,NT,0852
70405,YARRAWONGA,NT,0830
70406,YIRRKALA,NT,0880
70407,YUELAMU,NT,0872
70408,YUENDUMU,NT,0872
70409,YULARA,NT,0872
70410,ZUCCOLI,NT,0832
80001,ACTON,ACT,2601
80002,AINSLIE,ACT,2602
80003,AMAROO,ACT,2914
80004,ANU,ACT,0200
80005,ARANDA,ACT,2614
80006,Australian National University,ACT,0200
80007,BANKS,ACT,2906
80008,BARTON,ACT,2600
80009,BEARD,ACT,2620
80010,BELCONNEN,ACT,2616
80011,BELCONNEN,ACT,2617
80012,BELCONNEN DC,ACT,2617
80013,BLACK MOUNTAIN,ACT,2601
80014,BONNER,ACT,2914
80015,BONYTHON,ACT,2905
80016,BRADDON,ACT,2612
80017,BRUCE,ACT,2617
80018,CALWELL,ACT,2905
80019,CAMPBELL,ACT,2612
80020,CANBERRA,ACT,2600
80021,CANBERRA,ACT,2601
80022,CANBERRA AIRPORT,ACT,2609
80023,CANBERRA BC,ACT,2610
80024,CANBERRA INTERNATIONAL AIRPORT,ACT,2609
80025,CANBERRA MC,ACT,2610
80026,CAPITAL HILL,ACT,2600
80027,CASEY,ACT,2913
80028,CAUSEWAY,ACT,2604
80029,CHAPMAN,ACT,2611
80030,CHARNWOOD,ACT,2615
80031,CHIFLEY,ACT,2606
80032,CHISHOLM,ACT,2905
80033,CITY,ACT,2601
80034,CIVIC SQUARE,ACT,2608
80035,CONDER,ACT,2906
80036,COOK,ACT,2614
80037,COOMBS,ACT,2611
80038,COREE,ACT,2611
80039,CRACE,ACT,2911
80040,CURTIN,ACT,2605
80041,DEAKIN,ACT,2600
80042,DEAKIN WEST,ACT,2600
80043,DENMAN PROSPECT,ACT,2611
80044,DICKSON,ACT,2602
80045,DOWNER,ACT,2602
80046,DUFFY,ACT,2611
80047,DUNLOP,ACT,2615
80048,DUNTROON,ACT,2600
80049,ERINDALE CENTRE,ACT,2903
80050,EVATT,ACT,2617
80051,FADDEN,ACT,2904
80052,FAIRBAIRN RAAF,ACT,2600
80053,FARRER,ACT,2607
80054,FISHER,ACT,2611
80055,FLOREY,ACT,2615
80056,FLYNN,ACT,2615
80057,FORDE,ACT,2914
80058,FORREST,ACT,2603
80059,FRANKLIN,ACT,2913
80060,FRASER,ACT,2615
80061,FYSHWICK,ACT,2609
80062,GARRAN,ACT,2605
80063,GILMORE,ACT,2905
80064,GINNINDERRA VILLAGE,ACT,2913
80065,GIRALANG,ACT,2617
80066,GORDON,ACT,2906
80067,GOWRIE,ACT,2904
80068,GREENWAY,ACT,2900
80069,GRIFFITH,ACT,2603
80070,GUNGAHLIN,ACT,2912
80071,HACKETT,ACT,2602
80072,HALL,ACT,2618
80073,HARMAN,ACT,2600
80074,HARRISON,ACT,2914
80075,HAWKER,ACT,2614
80076,HIGGINS,ACT,2615
80077,HMAS CRESWELL,ACT,2540
80078,HMAS HARMAN,ACT,2600
80079,HOLDER,ACT,2611
80080,HOLT,ACT,2615
80081,HUGHES,ACT,2605
80082,HUME,ACT,2620
80083,ISAACS,ACT,2607
80084,ISABELLA PLAINS,ACT,2905
80085,JACKA,ACT,2914
80086,JAMISON CENTRE,ACT,2614
80087,JERVIS BAY,ACT,2540
80088,KALEEN,ACT,2617
80089,KAMBAH,ACT,2902
80090,KAMBAH VILLAGE,ACT,2902
80091,KENNY,ACT,2911
80092,KINGSTON,ACT,2604
80093,KIPPAX,ACT,2615
80094,KIPPAX CENTRE,ACT,2615
80095,KOWEN,ACT,2620
80096,KOWEN FOREST,ACT,2620
80097,LATHAM,ACT,2615
80098,LAWSON,ACT,2617
80099,LYNEHAM,ACT,2602
80100,LYONS,ACT,2606
80101,MACARTHUR,ACT,2904
80102,MACGREGOR,ACT,2615
80103,MACNAMARA,ACT,2615
80104,MACQUARIE,ACT,2614
80105,MAJURA,ACT,2609
80106,MANUKA,ACT,2603
80107,MAWSON,ACT,2607
80108,MCKELLAR,ACT,2617
80109,MELBA,ACT,2615
80110,MITCHELL,ACT,2911
80111,MOLONGLO,ACT,2611
80112,MONASH,ACT,2904
80113,MONCRIEFF,ACT,2914
80114,MOUNT STROMLO,ACT,2611
80115,NARRABUNDAH,ACT,2604
80116,NGUNNAWAL,ACT,2913
80117,NICHOLLS,ACT,2913
80118,O'CONNOR,ACT,2602
80119,O'MALLEY,ACT,2606
80120,OAKS ESTATE,ACT,2620
80121,OXLEY,ACT,2903
80122,O’CONNOR,ACT,2602
80123,O’MALLEY,ACT,2606
80124,PADDYS RIVER,ACT,2620
80125,PAGE,ACT,2614
80126,PALMERSTON,ACT,2913
80127,PARKES,ACT,2600
80128,PARLIAMENT HOUSE,ACT,2600
80129,PEARCE,ACT,2607
80130,PHILLIP,ACT,2606
80131,PHILLIP DC,ACT,2606
80132,PIALLIGO,ACT,2609
80133,PIERCES CREEK,ACT,2611
80134,RED HILL,ACT,2603
80135,REID,ACT,2612
80136,RICHARDSON,ACT,2905
80137,RIVETT,ACT,2611
80138,RUSSELL,ACT,2600
80139,RUSSELL HILL,ACT,2600
80140,SCULLIN,ACT,2614
80141,SPENCE,ACT,2615
80142,STIRLING,ACT,2611
80143,STRATHNAIRN,ACT,2615
80144,STROMLO,ACT,2611
80145,SWINGER HILL,ACT,2606
80146,SYMONSTON,ACT,2609
80147,TAYLOR,ACT,2913
80148,THARWA,ACT,2620
80149,THEODORE,ACT,2905
80150,THROSBY,ACT,2914
80151,TOP NAAS,ACT,2620
80152,TORRENS,ACT,2607
80153,TUGGERANONG,ACT,2900
80154,TUGGERANONG DC,ACT,2901
80155,TURNER,ACT,2612
80156,UNIVERSITY OF CANBERRA,ACT,2617
80157,URIARRA FOREST,ACT,2611
80158,URIARRA VILLAGE,ACT,2611
80159,WANNIASSA,ACT,2903
80160,WARAMANGA,ACT,2611
80161,WATSON,ACT,2602
80162,WEETANGERA,ACT,2614
80163,WESTON,ACT,2611
80164,WESTON CREEK,ACT,2611
80165,WHITLAM,ACT,2611
80166,WILLIAMSDALE,ACT,2620
80167,WODEN,ACT,2606
80168,WRECK BAY,ACT,2540
80169,WRIGHT,ACT,2611
80170,YARRALUMLA,ACT,2600
