ssc,suburb_name,state
70371,WAGAIT BEACH,NT
70309,RAPID CREEK,NT
70351,TIWI,NT
70373,WAGAMAN,NT
70377,WANGURI,NT
70318,SANDERSON,NT
70396,WOODLEIGH GARDENS,NT
70400,WULAGI,NT
70319,SANDERSON,NT
70305,RAAF BASE DARWIN,NT
70328,STUART PARK,NT
70341,THE GARDENS,NT
70342,THE NARROWS,NT
70389,WINNELLIE,NT
70399,WOOLNER,NT
70390,WINNELLIE,NT
70304,PULUMPA,NT
70306,RAKULA,NT
70307,RAMINGINING,NT
70311,ROBIN FALLS,NT
70316,RUM JUNGLE,NT
70321,SANDPALMS ROADHOUSE,NT
70325,SOUTHPORT,NT
70326,STAPLETON,NT
70338,THAMARRURR,NT
70348,TIPPERARY,NT
70350,TIVENDALE,NT
70352,TIWI ISLANDS,NT
70354,TORTILLA FLATS,NT
70355,TUMBLING WATERS,NT
70357,UMBAKUMBA,NT
70364,VERNON ISLANDS,NT
70367,VIRGINIA,NT
70370,WADEYE,NT
70372,WAGAIT BEACH,NT
70374,WAK WAK,NT
70379,WARRUWI,NT
70382,WEDDELL,NT
70383,WEST ARNHEM,NT
70385,WICKHAM,NT
70391,WINNELLIE,NT
70394,WISHART,NT
70398,WOOLANING,NT
70401,WURRUMIYANGA,NT
70323,SHOAL BAY,NT
70397,WOODROFFE,NT
70405,YARRAWONGA,NT
70313,ROSEBERY,NT
70314,ROSEBERY HEIGHTS,NT
70410,ZUCCOLI,NT
70368,VIRGINIA,NT
70369,VIRGINIA,NT
70312,ROBINSON RIVER,NT
70329,STURT PLATEAU,NT
70332,TANAMI EAST,NT
70345,TIMBER CREEK,NT
70353,TOP SPRINGS,NT
70361,URALLA,NT
70363,VENN,NT
70365,VICTORIA RIVER,NT
70366,VICTORIA RIVER DOWNS,NT
70380,WARUMUNGU,NT
70381,WAVE HILL,NT
70388,WILTON,NT
70404,YARRALIN,NT
70346,TINDAL,NT
70347,TINDAL RAAF,NT
70335,TENNANT CREEK,NT
70336,TENNANT CREEK,NT
70310,RENNER SPRINGS,NT
70330,TABLELANDS,NT
70337,TENNANT CREEK,NT
70343,THREE WAYS,NT
70378,WARREGO,NT
70395,WOLLOGORANG STATION,NT
70403,WYCLIFFE WELL,NT
70317,SADADEEN,NT
70327,STUART,NT
70340,THE GAP,NT
70384,WHITE GUMS,NT
70320,SANDOVER,NT
70322,SANTA TERESA,NT
70324,SIMPSON,NT
70331,TANAMI,NT
70333,TARA,NT
70334,TELEGRAPH STATION,NT
70339,THANGKENHARENGE,NT
70344,TI TREE,NT
41784,TIEYON,SA
70349,TITJIKALA,NT
70356,ULURU,NT
70358,UMPANGARA,NT
41826,UMUWA,SA
70362,URAPUNTJA,NT
70375,WALLACE ROCKHOLE,NT
70376,WANARN,NT
51752,WARAKURNA,WA
41901,WATARRU,SA
41907,WATINUMA,SA
70386,WILLOWRA,NT
70387,WILORA,NT
51856,WINGELLINA,WA
70402,WUTUNUGURRA,NT
70407,YUELAMU,NT
70408,YUENDUMU,NT
70409,YULARA,NT
42092,YUNYARINYI,SA
70315,ROSS,NT
70359,UNDOOLYA,NT
70406,YIRRKALA,NT
70392,WINNELLIE,NT
70393,WINNELLIE,NT
70360,UNIVERSITY,NT
14543,SYDNEY,NSW
14544,SYDNEY,NSW
14545,SYDNEY,NSW
14546,SYDNEY,NSW
14547,SYDNEY,NSW
14548,SYDNEY,NSW
14549,SYDNEY,NSW
14550,SYDNEY,NSW
14551,SYDNEY,NSW
14552,SYDNEY,NSW
14553,SYDNEY,NSW
14554,SYDNEY,NSW
14555,SYDNEY,NSW
14556,SYDNEY,NSW
14557,SYDNEY,NSW
14558,SYDNEY,NSW
14559,SYDNEY,NSW
14560,SYDNEY,NSW
14561,SYDNEY,NSW
14562,SYDNEY,NSW
14563,SYDNEY,NSW
14564,SYDNEY,NSW
14565,SYDNEY,NSW
14566,SYDNEY,NSW
14567,SYDNEY,NSW
14568,SYDNEY,NSW
14569,SYDNEY,NSW
14570,SYDNEY,NSW
14571,SYDNEY,NSW
14572,SYDNEY,NSW
14573,SYDNEY,NSW
14574,SYDNEY,NSW
14575,SYDNEY,NSW
14576,SYDNEY,NSW
14577,SYDNEY,NSW
14578,SYDNEY,NSW
14579,SYDNEY,NSW
14580,SYDNEY,NSW
14581,SYDNEY,NSW
14582,SYDNEY,NSW
14583,SYDNEY,NSW
14584,SYDNEY,NSW
14585,SYDNEY,NSW
14586,SYDNEY,NSW
14587,SYDNEY,NSW
14588,SYDNEY,NSW
14589,SYDNEY,NSW
14590,SYDNEY,NSW
14591,SYDNEY,NSW
14592,SYDNEY,NSW
14593,SYDNEY,NSW
14594,SYDNEY,NSW
14595,SYDNEY,NSW
14596,SYDNEY,NSW
14597,SYDNEY,NSW
14598,SYDNEY,NSW
14599,SYDNEY,NSW
14600,SYDNEY,NSW
14601,SYDNEY,NSW
14602,SYDNEY,NSW
14603,SYDNEY,NSW
14604,SYDNEY,NSW
14605,SYDNEY,NSW
14606,SYDNEY,NSW
14607,SYDNEY,NSW
14608,SYDNEY,NSW
14609,SYDNEY,NSW
14610,SYDNEY,NSW
14611,SYDNEY,NSW
14612,SYDNEY,NSW
14613,SYDNEY,NSW
14614,SYDNEY,NSW
14615,SYDNEY,NSW
14616,SYDNEY,NSW
14617,SYDNEY,NSW
14618,SYDNEY,NSW
14619,SYDNEY,NSW
14636,SYDNEY SOUTH,NSW
14637,SYDNEY SOUTH,NSW
14638,SYDNEY SOUTH,NSW
14639,SYDNEY SOUTH,NSW
14640,SYDNEY SOUTH,NSW
14620,SYDNEY,NSW
14621,SYDNEY,NSW
14622,SYDNEY,NSW
14623,SYDNEY,NSW
14624,SYDNEY,NSW
14625,SYDNEY,NSW
14626,SYDNEY,NSW
14627,SYDNEY,NSW
14628,SYDNEY,NSW
15452,WOOLLAHRA,NSW
15195,WATERLOO,NSW
15196,WATERLOO,NSW
14990,UNSW SYDNEY,NSW
15263,WEST CHATSWOOD,NSW
15272,WEST RYDE,NSW
15291,WETHERILL PARK,NSW
15294,WETHERILL PARK DC,NSW
14629,SYDNEY,NSW
14641,SYDNEY SOUTH,NSW
14784,THE ROCKS,NSW
14630,SYDNEY,NSW
15470,WORLD SQUARE,NSW
14791,THE UNIVERSITY OF SYDNEY,NSW
14980,ULTIMO,NSW
14712,TAYLOR SQUARE,NSW
15455,WOOLLOOMOOLOO,NSW
15197,WATERLOO,NSW
15198,WATERLOO DC,NSW
15592,ZETLAND,NSW
14631,SYDNEY DOMESTIC AIRPORT,NSW
14633,SYDNEY INTERNATIONAL AIRPORT,NSW
15216,WAVERLEY,NSW
15453,WOOLLAHRA,NSW
14670,TAMARAMA,NSW
15058,VAUCLUSE,NSW
15202,WATSONS BAY,NSW
14723,TEMPE,NSW
15150,WAREEMBA,NSW
15285,WESTGATE,NSW
14991,UNSW SYDNEY,NSW
15218,WAVERTON,NSW
15404,WOLLSTONECRAFT,NSW
15338,WILLOUGHBY,NSW
15339,WILLOUGHBY EAST,NSW
15340,WILLOUGHBY NORTH,NSW
15271,WEST PYMBLE,NSW
14951,TURRAMURRA,NSW
15169,WARRAWEE,NSW
15078,WAHROONGA,NSW
15079,WAITARA,NSW
14744,TERREY HILLS,NSW
15298,WHEELER HEIGHTS,NSW
15368,WINGALA,NSW
15183,WARRINGAH MALL,NSW
15178,WARRIEWOOD,NSW
15179,WARRIEWOOD DC,NSW
15180,WARRIEWOOD SHOPPING SQUARE,NSW
14716,TAYLORS POINT,NSW
15297,WHALE BEACH,NSW
14754,THE BASIN,NSW
15461,WOOLWICH,NSW
14728,TENNYSON POINT,NSW
15273,WEST RYDE,NSW
14720,TELOPEA,NSW
14802,THORNLEIGH,NSW
15286,WESTLEIGH,NSW
15270,WEST PENNANT HILLS,NSW
14635,SYDNEY OLYMPIC PARK,NSW
15245,WENTWORTH POINT,NSW
14634,SYDNEY MARKETS,NSW
15247,WENTWORTHVILLE,NSW
15287,WESTMEAD,NSW
14865,TOONGABBIE,NSW
14866,TOONGABBIE EAST,NSW
15374,WINSTON HILLS,NSW
15571,YENNORA,NSW
15062,VILLAWOOD,NSW
15292,WETHERILL PARK,NSW
15293,WETHERILL PARK BC,NSW
15437,WOODPARK,NSW
15189,WARWICK FARM,NSW
15267,WEST HOXTON,NSW
15067,VOYAGER POINT,NSW
15208,WATTLE GROVE,NSW
15082,WAKELEY,NSW
15246,WENTWORTH PORT,NSW
15327,WILEY PARK,NSW
15508,YAGOONA,NSW
15509,YAGOONA WEST,NSW
14953,TURRELLA,NSW
15394,WOLLI CREEK,NSW
14985,UNDERCLIFFE,NSW
14642,SYLVANIA,NSW
14643,SYLVANIA SOUTHGATE,NSW
14644,SYLVANIA WATERS,NSW
15586,YOWIE BAY,NSW
14700,TAREN POINT,NSW
15187,WARUMBUL,NSW
15459,WOOLOOWARE,NSW
14979,ULOOLA,NSW
15188,WARUMBUL,NSW
15204,WATTAMOLLA,NSW
15472,WORONORA,NSW
15567,YENABILLI,NSW
15194,WATERFALL,NSW
15474,WORONORA HEIGHTS,NSW
15546,YARRAWARRAH,NSW
14708,TASCOTT,NSW
14724,TEN MILE HOLLOW,NSW
15019,UPPER MANGROVE,NSW
15242,WENDOREE PARK,NSW
15265,WEST GOSFORD,NSW
15499,WYOMING,NSW
15558,YATTALUNGA,NSW
15417,WONDABYNE,NSW
15478,WOY WOY,NSW
15479,WOY WOY BAY,NSW
14981,UMINA BEACH,NSW
15077,WAGSTAFFE,NSW
14650,TACOMA,NSW
14651,TACOMA SOUTH,NSW
14919,TUGGERAH,NSW
14920,TUGGERAWONG,NSW
15068,WADALBA,NSW
15105,WALLARAH,NSW
15158,WARNERVALE,NSW
15193,WATANOBBI,NSW
15464,WOONGARRAH,NSW
15491,WYBUNG,NSW
15492,WYEE,NSW
15493,WYEE POINT,NSW
15500,WYONG,NSW
15501,WYONG CREEK,NSW
15502,WYONGAH,NSW
15535,YARRAMALONG,NSW
14745,TERRIGAL,NSW
15122,WAMBERAL,NSW
14761,THE ENTRANCE,NSW
14762,THE ENTRANCE NORTH,NSW
14876,TOOWOON BAY,NSW
14931,TUMBI UMBI,NSW
14886,TOUKLEY,NSW
15359,WINDERMERE PARK,NSW
15548,YARRAWONGA PARK,NSW
15136,WANGI WANGI,NSW
15081,WAKEFIELD,NSW
15052,VALENTINE,NSW
15157,WARNERS BAY,NSW
14879,TORONTO,NSW
14732,TERALBA,NSW
15438,WOODRISING,NSW
15275,WEST WALLSEND,NSW
15116,WALLSEND,NSW
15117,WALLSEND DC,NSW
15118,WALLSEND SOUTH,NSW
14831,TINGIRA HEIGHTS,NSW
15307,WHITEBRIDGE,NSW
14772,THE JUNCTION,NSW
15318,WICKHAM,NSW
14817,TIGHES HILL,NSW
15143,WARATAH,NSW
15144,WARATAH WEST,NSW
14771,THE HILL,NSW
15142,WARABROOK,NSW
15353,WINDALE,NSW
14993,UPPER ALLYN,NSW
15333,WILLIAMTOWN RAAF,NSW
14714,TAYLORS BEACH,NSW
15332,WILLIAMTOWN,NSW
14680,TANILBA BAY,NSW
14822,TILLIGERRY CREEK,NSW
14718,TELARAH,NSW
15100,WALLALONG,NSW
15355,WINDELLA,NSW
15358,WINDERMERE,NSW
15386,WOERDEN,NSW
15446,WOODVILLE,NSW
14707,TARRO,NSW
14803,THORNTON,NSW
14846,TOMAGO,NSW
15423,WOODBERRY,NSW
14725,TENAMBIT,NSW
14652,TAHLEE,NSW
14717,TEA GARDENS,NSW
14960,TWELVE MILE CREEK,NSW
15108,WALLAROO,NSW
15192,WATAGAN,NSW
15396,WOLLOMBI,NSW
15513,YALLAMBIE,NSW
15569,YENGO,NSW
15570,YENGO NATIONAL PARK,NSW
15288,WESTON,NSW
15319,WIDDEN,NSW
15545,YARRAWA,NSW
14971,UARBRY,NSW
15155,WARKWORTH,NSW
15209,WATTLE PONDS,NSW
15279,WESTBROOK,NSW
15310,WHITTINGHAM,NSW
15393,WOLLEMI,NSW
15495,WYLIES FLAT,NSW
15490,WYBONG,NSW
15005,UPPER DARTBROOK,NSW
15027,UPPER ROUCHEL,NSW
14848,TOMALLA,NSW
15217,WAVERLY,NSW
15370,WINGEN,NSW
15458,WOOLOOMA,NSW
14827,TIMOR,NSW
15164,WARRAH,NSW
15165,WARRAH CREEK,NSW
15341,WILLOW TREE,NSW
14675,TAMINDA,NSW
14676,TAMWORTH,NSW
14677,TAMWORTH SOUTH,NSW
14826,TIMBUMBURI,NSW
15101,WALLAMORE,NSW
15167,WARRAL,NSW
15221,WEABONGA,NSW
15274,WEST TAMWORTH,NSW
15281,WESTDALE,NSW
15457,WOOLOMIN,NSW
15257,WERRIS CREEK,NSW
15090,WALHALLOW,NSW
15092,WALLABADAH,NSW
15166,WARRAH RIDGE,NSW
15365,WINDY,NSW
15523,YANNERGEE,NSW
15536,YARRAMAN,NSW
15375,WINTON,NSW
15020,UPPER MANILLA,NSW
15159,WARRABAH,NSW
15351,WIMBORNE,NSW
15421,WONGO CREEK,NSW
14797,THIRLDENE,NSW
14799,THIRLOENE,NSW
15012,UPPER HORTON,NSW
15441,WOODSREEF,NSW
14751,THALGARRAH,NSW
14820,TILBUSTER,NSW
15148,WARDS MISTAKE,NSW
15259,WEST ARMIDALE,NSW
15397,WOLLOMOMBI,NSW
15422,WONGWIBINDA,NSW
14988,UNIVERSITY OF NEW ENGLAND,NSW
14835,TINTINHULL,NSW
15033,UPPER YARROWITCH,NSW
15086,WALCHA,NSW
15087,WALCHA ROAD,NSW
15406,WOLLUN,NSW
15448,WOOLBROOK,NSW
15552,YARROWITCH,NSW
15203,WATSONS CREEK,NSW
14682,TANNABAR,NSW
14973,ULAMAMBRI,NSW
15211,WATTLE SPRINGS,NSW
15561,YEARINAN,NSW
14881,TORRYBURN,NSW
15036,URALLA,NSW
15553,YARROWYCK,NSW
15103,WALLANGRA,NSW
15130,WANDERA,NSW
15442,WOODSTOCK,NSW
14730,TENTERDEN,NSW
14755,THE BASIN,NSW
14768,THE GULF,NSW
14911,TUBBAMURRA,NSW
15132,WANDSWORTH,NSW
14830,TINGHA,NSW
15238,WELLINGROVE,NSW
15551,YARROWFORD,NSW
14729,TENT HILL,NSW
14769,THE GULF,NSW
14880,TORRINGTON,NSW
14940,TUNGSTEN,NSW
15240,WELLINGTON VALE,NSW
15563,YELLOW DAM,NSW
14693,TARBAN,NSW
14731,TENTERFIELD,NSW
14787,THE SCRUB,NSW
14824,TIMBARRA,NSW
15344,WILLSONS DOWNFALL,NSW
15439,WOODSIDE,NSW
15494,WYLIE CREEK,NSW
14672,TAMBAR SPRINGS,NSW
15222,WEAN,NSW
15328,WILLALA,NSW
14777,THE PILLIGA,NSW
15227,WEE WAA,NSW
15549,YARRIE LAKE,NSW
14706,TARRIARO,NSW
14952,TURRAWAN,NSW
15231,WEETALIBA,NSW
14749,THALABA,NSW
14746,TERRY HIE HIE,NSW
14818,TIKITERE,NSW
14928,TULLOONA,NSW
15537,YARRAMAN,NSW
15152,WARIALDA,NSW
15153,WARIALDA RAIL,NSW
14994,UPPER BINGARA,NSW
15309,WHITLOW,NSW
15230,WEEMELAH,NSW
15514,YALLAROI,NSW
14963,TWIN RIVERS,NSW
15580,YETMAN,NSW
15015,UPPER KARUAH RIVER,NSW
15234,WEISMANTELS,NSW
14645,TABBIL CREEK,NSW
14821,TILLEGRA,NSW
14984,UNDERBANK,NSW
14998,UPPER CHICHESTER,NSW
15106,WALLARINGA,NSW
15107,WALLAROBBA,NSW
15379,WIRRAGULLA,NSW
14841,TOCAL,NSW
14882,TORRYBURN,NSW
14900,TREVALLYN,NSW
15050,VACY,NSW
15223,WEBBERS CREEK,NSW
14743,TERREEL,NSW
14813,TIBBUC,NSW
14840,TITAATEE CREEK,NSW
14921,TUGRABAKH,NSW
14995,UPPER BOWMAN,NSW
15102,WALLANBAH,NSW
15141,WAPRA,NSW
15149,WARDS RIVER,NSW
15215,WAUKIVORY,NSW
15378,WIRRADGURIE,NSW
15389,WOKO,NSW
14878,TOPI TOPI,NSW
15022,UPPER MYALL,NSW
15065,VIOLET HILL,NSW
15113,WALLINGAT,NSW
15133,WANG WAUK,NSW
15168,WARRANULLA,NSW
15336,WILLINA,NSW
15468,WOOTTON,NSW
15507,YAGON,NSW
14838,TIRI,NSW
15440,WOODSIDE,NSW
14757,THE BRANCH,NSW
15190,WASHPOOL,NSW
14694,TARBUCK BAY,NSW
14836,TIONA,NSW
14938,TUNCURRY,NSW
15114,WALLINGAT,NSW
15115,WALLIS LAKE,NSW
15312,WHOOTA,NSW
14756,THE BIGHT,NSW
14837,TIPPERARY,NSW
15184,WARRIWILLAH,NSW
15301,WHERROL FLAT,NSW
15371,WINGHAM,NSW
15543,YARRATT FOREST,NSW
14666,TALLWOODS VILLAGE,NSW
14696,TAREE,NSW
14697,TAREE DC,NSW
14698,TAREE SOUTH,NSW
14699,TAREE WEST,NSW
14832,TINONEE,NSW
15016,UPPER LANSDOWNE,NSW
15093,WALLABI POINT,NSW
15034,UPSALLS CREEK,NSW
14721,TEMAGOG,NSW
14873,TOOROOKA,NSW
14947,TURNERS FLAT,NSW
15059,VERGES CREEK,NSW
15268,WEST KEMPSEY,NSW
15329,WILLAWARRIN,NSW
15331,WILLI WILLI,NSW
15385,WITTITRIN,NSW
15544,YARRAVEL,NSW
15577,YESSABAH,NSW
14671,TAMBAN,NSW
14719,TELEGRAPH POINT,NSW
15026,UPPER ROLLANDS PLAINS,NSW
15534,YARRAHAPINNI,NSW
15080,WAITUI,NSW
15266,WEST HAVEN,NSW
14770,THE HATCH,NSW
14806,THRUMSTER,NSW
14855,TOMS CREEK,NSW
15025,UPPER PAPPINBARRA,NSW
15213,WAUCHOPE,NSW
15253,WERRIKIMBE,NSW
15541,YARRAS,NSW
15581,YIPPIN CREEK,NSW
14654,TALARM,NSW
14713,TAYLORS ARM,NSW
14809,THUMB CREEK,NSW
15028,UPPER TAYLORS ARM,NSW
15049,UTUNGUN,NSW
15174,WARRELL CREEK,NSW
15219,WAY WAY,NSW
15381,WIRRIMBI,NSW
15539,YARRANBELLA,NSW
15054,VALLA,NSW
15055,VALLA BEACH,NSW
15061,VIEWMONT,NSW
14748,TEWINGA,NSW
14978,ULONG,NSW
15024,UPPER ORARA,NSW
14872,TOORMINA,NSW
14664,TALLOWWOOD RIDGE,NSW
14970,TYRINGHAM,NSW
15325,WILD CATTLE CREEK,NSW
14801,THORA,NSW
15029,UPPER THORA,NSW
15053,VALERY,NSW
14701,TARKEETH,NSW
15048,URUNGA,NSW
15003,UPPER CORINDI,NSW
15450,WOOLGOOLGA,NSW
14778,THE PINNACLES,NSW
14793,THE WHITEMAN,NSW
14888,TOWALLUM,NSW
14898,TRENAYR,NSW
14969,TYNDALE,NSW
15002,UPPER COPMANHURST,NSW
15009,UPPER FINE FLOWER,NSW
15161,WARRAGAI CREEK,NSW
15191,WASHPOOL,NSW
15200,WATERVIEW,NSW
15201,WATERVIEW HEIGHTS,NSW
15241,WELLS CROSSING,NSW
15308,WHITEMAN CREEK,NSW
15366,WINEGROVE,NSW
15410,WOMBAT CREEK,NSW
14913,TUCABIA,NSW
14977,ULMARRA,NSW
15451,WOOLI,NSW
14669,TALOUMBI,NSW
14786,THE SANDON,NSW
14890,TOWNSEND,NSW
14929,TULLYMORGAN,NSW
15429,WOODFORD,NSW
15431,WOODFORD ISLAND,NSW
15460,WOOLOWEYAH,NSW
15516,YAMBA,NSW
15590,YURAYGIR,NSW
14763,THE FRESHWATER,NSW
15447,WOODY HEAD,NSW
14649,TABULAM,NSW
14794,THERESA CREEK,NSW
14939,TUNGLEBUNG,NSW
15006,UPPER DUCK CREEK,NSW
15173,WARREGAH ISLAND,NSW
15303,WHIPORIE,NSW
15463,WOOMBAH,NSW
15485,WYAN,NSW
15504,YABBRA,NSW
14854,TOMKI,NSW
15021,UPPER MONGOGARIE,NSW
15445,WOODVIEW,NSW
15456,WOOLNERS ARM,NSW
15467,WOOROOWOOLGAN,NSW
15583,YORKLEA,NSW
14709,TATHAM,NSW
15262,WEST BUNGAWALBIN,NSW
15264,WEST CORAKI,NSW
14646,TABBIMOBLE,NSW
14764,THE GAP,NSW
14910,TRUSTUMS HILL,NSW
15425,WOODBURN,NSW
14739,TERRACE CREEK,NSW
14782,THE RISK,NSW
14868,TOONUMBAR,NSW
14992,UNUMGAR,NSW
15008,UPPER EDEN CREEK,NSW
15011,UPPER HORSESHOE CREEK,NSW
15070,WADEVILLE,NSW
15172,WARRAZAMBIL CREEK,NSW
15276,WEST WIANGAREE,NSW
15316,WIANGAREE,NSW
15498,WYNEDEN,NSW
14862,TOOLOOM,NSW
15030,UPPER TOOLOOM,NSW
15042,URBENVILLE,NSW
15094,WALLABY CREEK,NSW
14766,THE GLEN,NSW
15428,WOODENBONG,NSW
14915,TUCKOMBIL,NSW
15035,URALBA,NSW
15146,WARDELL,NSW
15398,WOLLONGBAR,NSW
14747,TEVEN,NSW
14834,TINTENBAR,NSW
15260,WEST BALLINA,NSW
14733,TERANIA CREEK,NSW
14759,THE CHANNON,NSW
14896,TREGEAGLE,NSW
14914,TUCKI TUCKI,NSW
14916,TUCKURIMBA,NSW
14925,TULLERA,NSW
14937,TUNCESTER,NSW
14941,TUNTABLE CREEK,NSW
14942,TUNTABLE FALLS,NSW
15000,UPPER COOPERS CREEK,NSW
15302,WHIAN WHIAN,NSW
15436,WOODLAWN,NSW
15503,WYRALLAH,NSW
14668,TALOFA,NSW
14965,TYAGARAH,NSW
15001,UPPER COOPERS CREEK,NSW
15018,UPPER MAIN ARM,NSW
15032,UPPER WILSONS CREEK,NSW
15135,WANGANUI,NSW
15347,WILSONS CREEK,NSW
14779,THE POCKET,NSW
14996,UPPER BURRINGBAR,NSW
15469,WOOYUNG,NSW
15562,YELGUN,NSW
14740,TERRAGON,NSW
14852,TOMEWIN,NSW
14966,TYALGUM,NSW
14967,TYALGUM CREEK,NSW
14968,TYGALGAH,NSW
14972,UKI,NSW
15004,UPPER CRYSTAL CREEK,NSW
15046,URLIUP,NSW
15147,WARDROP VALLEY,NSW
15591,ZARA,NSW
14955,TWEED HEADS,NSW
14958,TWEED HEADS WEST,NSW
14742,TERRANORA,NSW
14956,TWEED HEADS SOUTH,NSW
14957,TWEED HEADS SOUTH DC,NSW
15007,UPPER DUROBY,NSW
14678,TANGLEWOOD,NSW
14933,TUMBULGUM,NSW
15277,WEST WOLLONGONG,NSW
15399,WOLLONGONG,NSW
15401,WOLLONGONG DC,NSW
15402,WOLLONGONG NORTH,NSW
15403,WOLLONGONG WEST,NSW
15171,WARRAWONG,NSW
15473,WORONORA DAM,NSW
14800,THIRROUL,NSW
15408,WOMBARRA,NSW
15465,WOONONA,NSW
15466,WOONONA EAST,NSW
14705,TARRAWANNA,NSW
14891,TOWRADGI,NSW
15400,WOLLONGONG,NSW
14989,UNIVERSITY OF WOLLONGONG,NSW
14982,UNANDERRA,NSW
14983,UNANDERRA DC,NSW
14858,TONGARRA,NSW
14927,TULLIMBAR,NSW
15565,YELLOW ROCK,NSW
15154,WARILLA,NSW
15354,WINDANG,NSW
15420,WONGAWILLI,NSW
15511,YALLAH,NSW
14861,TOOLIJOOA,NSW
15252,WERRI BEACH,NSW
15342,WILLOW VALE,NSW
15205,WATTAMOLLA,NSW
15432,WOODHILL,NSW
15434,WOODLANDS,NSW
14847,TOMAKIN,NSW
14946,TURLINJAH,NSW
14950,TUROSS HEAD,NSW
15120,WAMBAN,NSW
15426,WOODBURN,NSW
15443,WOODSTOCK,NSW
14736,TERMEIL,NSW
14975,ULLADULLA,NSW
15505,YADBORO,NSW
15559,YATTE YATTAH,NSW
14663,TALLOWAL,NSW
14687,TAPITALLEE,NSW
14734,TERARA,NSW
14851,TOMERONG,NSW
14924,TULLARWALLA,NSW
14961,TWELVE MILE PEG,NSW
15063,VINCENTIA,NSW
15128,WANDANDIAN,NSW
15199,WATERSLEIGH,NSW
15405,WOLLUMBOOLA,NSW
15454,WOOLLAMIA,NSW
15475,WORRIGEE,NSW
15476,WORROWING HEIGHTS,NSW
80168,WRECK BAY,ACT
15481,WRIGHTS BEACH,NSW
15515,YALWAL,NSW
15576,YERRIYONG,NSW
15269,WEST NOWRA,NSW
14819,TILBA TILBA,NSW
14833,TINPOT,NSW
15069,WADBILLIGA,NSW
15097,WALLAGA LAKE,NSW
15098,WALLAGA LAKE HEIGHTS,NSW
14944,TURA BEACH,NSW
15564,YELLOW PINCH,NSW
14681,TANJA,NSW
14685,TANTAWANGALO,NSW
14704,TARRAGANDA,NSW
14710,TATHRA,NSW
14874,TOOTHDALE,NSW
14889,TOWAMBA,NSW
15060,VERONA,NSW
15099,WALLAGOOT,NSW
15129,WANDELLA,NSW
15140,WAPENGO,NSW
15387,WOG WOG,NSW
15407,WOLUMLA,NSW
15497,WYNDHAM,NSW
15517,YAMBULLA,NSW
15521,YANKEES CREEK,NSW
15587,YOWRIE,NSW
14825,TIMBILLICA,NSW
15414,WONBOYN,NSW
15415,WONBOYN LAKE,NSW
15416,WONBOYN NORTH,NSW
15225,WEDDERBURN,NSW
15424,WOODBINE,NSW
15057,VARROVILLE,NSW
14776,THE OAKS,NSW
14795,THERESA PARK,NSW
15251,WEROMBI,NSW
15349,WILTON,NSW
14798,THIRLMERE,NSW
14653,TAHMOOR,NSW
15519,YANDERRA,NSW
15210,WATTLE RIDGE,NSW
15237,WELBY,NSW
15343,WILLOW VALE,NSW
15435,WOODLANDS,NSW
15575,YERRINBOOL,NSW
15013,UPPER KANGAROO RIVER,NSW
15014,UPPER KANGAROO VALLEY,NSW
15248,WERAI,NSW
15326,WILDES MEADOW,NSW
15554,YARRUNGA,NSW
14662,TALLONG,NSW
15369,WINGELLO,NSW
14690,TARAGO,NSW
14691,TARALGA,NSW
14702,TARLO,NSW
14839,TIRRANNAVILLE,NSW
14892,TOWRANG,NSW
15220,WAYO,NSW
15314,WIABOROUGH,NSW
15317,WIARBOROUGH,NSW
15356,WINDELLAMA,NSW
15411,WOMBEYAN CAVES,NSW
15433,WOODHOUSELEE,NSW
15477,WOWAGIN,NSW
15510,YALBRAITH,NSW
15527,YARRA,NSW
14658,TALLAGANDA,NSW
15395,WOLLOGORANG,NSW
14679,TANGMANGAROO,NSW
15226,WEE JASPER,NSW
15449,WOOLGARLO,NSW
15555,YASS,NSW
15556,YASS RIVER,NSW
14750,THALABA,NSW
14796,THIRD CREEK,NSW
14918,TUENA,NSW
15300,WHEEO,NSW
14715,TAYLORS FLAT,NSW
15409,WOMBAT,NSW
15110,WALLENDBEEN,NSW
14807,THUDDUNGRA,NSW
14912,TUBBUL,NSW
15228,WEEDALLION,NSW
15522,YANNAWAH,NSW
15585,YOUNG,NSW
80138,RUSSELL,ACT
80139,RUSSELL HILL,ACT
80170,YARRALUMLA,ACT
80161,WATSON,ACT
80145,SWINGER HILL,ACT
80167,WODEN,ACT
80152,TORRENS,ACT
80146,SYMONSTON,ACT
80137,RIVETT,ACT
80142,STIRLING,ACT
80144,STROMLO,ACT
15043,URIARRA,NSW
80157,URIARRA FOREST,ACT
80158,URIARRA VILLAGE,ACT
80160,WARAMANGA,ACT
80163,WESTON,ACT
80164,WESTON CREEK,ACT
80165,WHITLAM,ACT
80169,WRIGHT,ACT
80155,TURNER,ACT
80140,SCULLIN,ACT
80162,WEETANGERA,ACT
80141,SPENCE,ACT
80143,STRATHNAIRN,ACT
80156,UNIVERSITY OF CANBERRA,ACT
15109,WALLAROO,NSW
80148,THARWA,ACT
14753,THE ANGLE,NSW
14781,THE RIDGEWAY,NSW
14829,TINDERRY,NSW
80151,TOP NAAS,ACT
14894,TRALEE,NSW
15044,URILA,NSW
15123,WAMBOIN,NSW
80166,WILLIAMSDALE,ACT
15550,YARROW,NSW
14812,TIANJARA,NSW
14845,TOLWONG,NSW
14850,TOMBOYE,NSW
14885,TOUGA,NSW
15177,WARRI,NSW
15388,WOG WOG,NSW
15486,WYANBENE,NSW
15348,WILSONS VALLEY,NSW
14804,THREDBO,NSW
14805,THREDBO VILLAGE,NSW
14684,TANTANGARA,NSW
14843,TOLBAR,NSW
15525,YAOUK,NSW
14758,THE BROTHERS,NSW
14949,TUROSS,NSW
15125,WAMBROOK,NSW
15372,WINIFRED,NSW
14849,TOMBONG,NSW
14648,TABLE TOP,NSW
14667,TALMALMO,NSW
14810,THURGOONA,NSW
15258,WEST ALBURY,NSW
15376,WIRLINGA,NSW
15496,WYMAH,NSW
14864,TOOMA,NSW
15085,WALBUNDRIE,NSW
15236,WELAREGANG,NSW
15480,WRATHALL,NSW
15573,YERONG CREEK,NSW
15138,WANTAGONG,NSW
15462,WOOMARGAMA,NSW
15526,YARARA,NSW
15037,URANA,NSW
15589,YULUMA,NSW
15243,WENTWORTH,NSW
14711,TATTON,NSW
14765,THE GAP,NSW
14844,TOLLAND,NSW
14954,TURVEY PARK,NSW
15071,WAGGA WAGGA,NSW
15072,WAGGA WAGGA BC,NSW
15073,WAGGA WAGGA NORTH,NSW
15075,WAGGA WAGGA SOUTH,NSW
15095,WALLACETOWN,NSW
15137,WANTABADGERY,NSW
15280,WESTBY,NSW
15282,WESTDALE,NSW
15533,YARRAGUNDRY,NSW
15557,YATHELLA,NSW
15074,WAGGA WAGGA RAAF,NSW
14647,TABBITA,NSW
14695,TARCUTTA,NSW
15040,URANQUINTY,NSW
14689,TARADALE,NSW
14930,TUMBARUMBA,NSW
15283,WESTDALE,NSW
15335,WILLIGOBUNG,NSW
14783,THE ROCK,NSW
14875,TOOTOOL,NSW
15038,URANGELINE,NSW
15039,URANGELINE EAST,NSW
15091,WALLA WALLA,NSW
15139,WANTIOOL,NSW
14688,TARA,NSW
15112,WALLEROOBIE,NSW
14722,TEMORA,NSW
14907,TRUNGLEY HALL,NSW
14661,TALLIMBA,NSW
14926,TULLIBIGEAL,NSW
14987,UNGARIE,NSW
15232,WEETHALLE,NSW
15235,WEJA,NSW
15506,YADDRA,NSW
15278,WEST WYALONG,NSW
15484,WYALONG,NSW
15151,WARGAMBEGAL,NSW
15104,WALLANTHERY,NSW
15306,WHITE TOP,NSW
14752,THARBOGANG,NSW
15145,WARBURN,NSW
15170,WARRAWIDGEE,NSW
15320,WIDGELLI,NSW
15330,WILLBRIGGIE,NSW
15582,YOOGALI,NSW
15568,YENDA,NSW
15047,UROLY,NSW
15321,WIDGIEWA,NSW
14877,TOOYAL,NSW
15518,YANCO,NSW
15126,WAMOON,NSW
15311,WHITTON,NSW
15083,WAKOOL,NSW
15131,WANDOOK,NSW
15134,WANGANELLA,NSW
15163,WARRAGOON,NSW
15345,WILLURAH,NSW
15512,YALLAKOOL,NSW
15214,WAUGORAH,NSW
15520,YANGA,NSW
14842,TOCUMWAL,NSW
14943,TUPPAL,NSW
14792,THE VALE,NSW
14656,TALBINGO,NSW
14934,TUMORRAMA,NSW
14935,TUMUT,NSW
14936,TUMUT PLAINS,NSW
15249,WEREBOLDERA,NSW
15250,WERMATONG,NSW
15361,WINDOWIE,NSW
15489,WYANGLE,NSW
15540,YARRANGOBILLY,NSW
14703,TARRABANDRA,NSW
15076,WAGRAGOBILLY,NSW
15334,WILLIE PLOMA,NSW
14767,THE GROVE,NSW
14932,TUMBLONG,NSW
15290,WESTWOOD,NSW
15418,WONDALGA,NSW
15560,YAVEN CREEK,NSW
14686,TANTONAN,NSW
14811,THYRA,NSW
15412,WOMBOOTA,NSW
14808,THULE,NSW
14922,TULLAKOOL,NSW
14869,TOORANIE,NSW
14917,TUELOGA,NSW
15295,WETUPPA,NSW
14860,TOOLEYBUC,NSW
14899,TRENTHAM CLIFFS,NSW
15096,WALLACIA,NSW
15254,WERRINGTON,NSW
15255,WERRINGTON COUNTY,NSW
15256,WERRINGTON DOWNS,NSW
15162,WARRAGAMBA,NSW
15538,YARRAMUNDI,NSW
14727,TENNYSON,NSW
14789,THE SLOPES,NSW
14999,UPPER COLO,NSW
15322,WILBERFORCE,NSW
15363,WINDSOR,NSW
15364,WINDSOR DOWNS,NSW
15413,WOMERAH,NSW
14760,THE DEVILS WILDERNESS,NSW
15299,WHEENY CREEK,NSW
14660,TALLAWONG,NSW
15064,VINEYARD,NSW
15427,WOODCROFT,NSW
14780,THE PONDS,NSW
14897,TREGEAR,NSW
15296,WHALAN,NSW
15337,WILLMOT,NSW
15182,WARRIMOO,NSW
15017,UPPER MACDONALD,NSW
15224,WEBBS CREEK,NSW
15384,WISEMANS FERRY,NSW
15482,WRIGHTS CREEK,NSW
15056,VALLEY HEIGHTS,NSW
15373,WINMALEE,NSW
15566,YELLOW ROCK,NSW
15430,WOODFORD,NSW
15584,YOSEMITE,NSW
15244,WENTWORTH FALLS,NSW
14692,TARANA,NSW
14775,THE MEADOWS,NSW
15574,YERRANDERIE,NSW
15051,VALE OF CLWYDD,NSW
15390,WOLGAN VALLEY,NSW
15391,WOLLANGAMBE,NSW
15444,WOODSTOCK,NSW
15206,WATTAMONDARA,NSW
15289,WESTVILLE,NSW
14673,TAMBAROORA,NSW
14683,TANNAS MOUNT,NSW
14773,THE LAGOON,NSW
14785,THE ROCKS,NSW
14903,TRIANGLE FLAT,NSW
14908,TRUNKEY,NSW
14909,TRUNKEY CREEK,NSW
14948,TURONDALE,NSW
14962,TWENTY FORESTS,NSW
15031,UPPER TURON,NSW
15084,WALANG,NSW
15124,WAMBOOL,NSW
15207,WATTLE FLAT,NSW
15212,WATTON,NSW
15261,WEST BATHURST,NSW
15305,WHITE ROCK,NSW
15315,WIAGDON,NSW
15350,WIMBLEDON,NSW
15352,WINBURNDALE,NSW
15362,WINDRADYNE,NSW
15383,WISEMANS CREEK,NSW
15542,YARRAS,NSW
15579,YETHOLME,NSW
14665,TALLWOOD,NSW
15066,VITTORIA,NSW
14887,TOWAC,NSW
15088,WALDEGRAVE,NSW
15176,WARRENDINE,NSW
15357,WINDERA,NSW
15380,WIRRIMAH,NSW
14893,TRAJERE,NSW
15488,WYANGALA,NSW
15160,WARRADERRY,NSW
14856,TONDERBURINE,NSW
14870,TOORAWEENAH,NSW
14737,TERRABELLA,NSW
15119,WALMER,NSW
15239,WELLINGTON,NSW
15483,WUULUMAN,NSW
15530,YARRAGAL,NSW
15487,WYANGA,NSW
14895,TRANGIE,NSW
14726,TENANDRA,NSW
15175,WARREN,NSW
15181,WARRIGAL,NSW
14857,TONDERBURINE,NSW
15186,WARRUMBUNGLE,NSW
14735,TERIDGERIE,NSW
14863,TOOLOON,NSW
15041,URAWILKIE,NSW
15367,WINGADEE,NSW
14657,TALBRAGAR,NSW
14741,TERRAMUNGAMINE,NSW
14867,TOONGI,NSW
14905,TROY JUNCTION,NSW
15121,WAMBANGALANG,NSW
15313,WHYLANDRA CROSSING,NSW
14738,TERRABELLA,NSW
14774,THE MARRA,NSW
14871,TOORAWEENAH,NSW
15284,WESTELLA,NSW
15419,WONGARBON,NSW
15089,WALGETT,NSW
14828,TINDAREY,NSW
15304,WHITE CLIFFS,NSW
15324,WILCANNIA,NSW
14655,TALAWANTA,NSW
15233,WEILMORINGLE,NSW
14823,TILPA,NSW
15045,URISINO,NSW
15127,WANAARING,NSW
15524,YANTABULLA,NSW
15532,YARRAGRIN,NSW
15111,WALLERAWANG,NSW
14997,UPPER BYLONG,NSW
15010,UPPER GROWEE,NSW
15023,UPPER NILE,NSW
15377,WIRRABA,NSW
14674,TAMBAROORA,NSW
14816,TICHULAR,NSW
14883,TOTNES VALLEY,NSW
14902,TRIAMBLE,NSW
14945,TURILL,NSW
14959,TWELVE MILE,NSW
14974,ULAN,NSW
14976,ULLAMALLA,NSW
15323,WILBETREE,NSW
15346,WILPINJONG,NSW
15360,WINDEYER,NSW
15392,WOLLAR,NSW
15471,WORLDS END,NSW
15529,YARRABIN,NSW
15547,YARRAWONGA,NSW
14659,TALLAWANG,NSW
14964,TWO MILE FLAT,NSW
14859,TOOGONG,NSW
14788,THE SHADES,NSW
15156,WARNECLIFFE,NSW
15588,YULLUNDRY,NSW
15572,YEOVAL,NSW
14853,TOMINGLEY,NSW
14901,TREWILGA,NSW
14815,TICHBORNE,NSW
15185,WARROO,NSW
15229,WEELONG,NSW
15382,WIRRINYA,NSW
15531,YARRAGONG,NSW
14884,TOTTENHAM,NSW
14923,TULLAMORE,NSW
15578,YETHERA,NSW
14790,THE TROFFS,NSW
14906,TRUNDLE,NSW
15528,YARRABANDAI,NSW
14904,TRIDA,NSW
14814,TIBOOBURRA,NSW
14632,SYDNEY GATEWAY FACILITY,NSW
80153,TUGGERANONG,ACT
80154,TUGGERANONG DC,ACT
80159,WANNIASSA,ACT
80149,THEODORE,ACT
80147,TAYLOR,ACT
80150,THROSBY,ACT
23326,WEST MELBOURNE,VIC
23450,WORLD TRADE CENTRE,VIC
23152,UNIVERSITY OF MELBOURNE,VIC
23087,TOTTENHAM,VIC
23325,WEST FOOTSCRAY,VIC
23506,YARRAVILLE,VIC
23507,YARRAVILLE WEST,VIC
23362,WILLIAMSTOWN,VIC
23363,WILLIAMSTOWN NORTH,VIC
23471,WYNDHAM VALE,VIC
23360,WILLIAMS LANDING,VIC
23361,WILLIAMS RAAF,VIC
22969,TARNEIT,VIC
23115,TRUGANINA,VIC
23319,WERRIBEE,VIC
23320,WERRIBEE SOUTH,VIC
23104,TRAVANCORE,VIC
22992,TAYLORS HILL,VIC
22993,TAYLORS LAKES,VIC
23278,WATERGARDENS,VIC
23120,TULLAMARINE,VIC
23330,WESTMEADOWS,VIC
23535,YUROKE,VIC
23034,THORNBURY,VIC
23030,THOMASTOWN,VIC
23176,VIEWBANK,VIC
23480,YALLAMBIE,VIC
23283,WATSONIA,VIC
23284,WATSONIA NORTH,VIC
23505,YARRAMBAT,VIC
23289,WATTLE GLEN,VIC
23285,WATSONS CREEK,VIC
23004,TEMPLESTOWE,VIC
23005,TEMPLESTOWE LOWER,VIC
23026,THE PINES,VIC
23122,TUNSTALL SQUARE PO,VIC
23258,WARRANDYTE,VIC
23402,WONGA PARK,VIC
23173,VICTORIA GARDENS,VIC
23291,WATTLE PARK,VIC
23169,VERMONT,VIC
23170,VERMONT SOUTH,VIC
23259,WARRANDYTE SOUTH,VIC
23260,WARRANWOOD,VIC
23222,WANDIN EAST,VIC
23223,WANDIN NORTH,VIC
23442,WOORI YALLOCK,VIC
23519,YELLINGBO,VIC
23077,TOORAK,VIC
23292,WATTLETREE ROAD PO,VIC
23079,TOORONGA,VIC
23335,WHEELERS HILL,VIC
23238,WANTIRNA,VIC
23239,WANTIRNA SOUTH,VIC
23019,THE BASIN,VIC
23156,UPPER FERNTREE GULLY,VIC
23162,UPWEY,VIC
22995,TECOMA,VIC
23296,WAVERLEY GARDENS,VIC
23376,WINDSOR,VIC
23316,WERE STREET PO,VIC
23391,WISHART,VIC
23281,WATERWAYS,VIC
23219,WANDANA HEIGHTS,VIC
23295,WAURN PONDS,VIC
23031,THOMSON,VIC
23343,WHITTINGTON,VIC
23211,WALLINGTON,VIC
23403,WONGARRA,VIC
23468,WYE RIVER,VIC
23212,WALLINGTON,VIC
23082,TORQUAY,VIC
23404,WONGARRA,VIC
23469,WYE RIVER,VIC
23290,WATTLE HILL,VIC
23302,WEEAPROINAH,VIC
23470,WYELANGTA,VIC
23536,YUULONG,VIC
23314,WENSLEYDALE,VIC
23373,WINCHELSEA,VIC
23374,WINCHELSEA SOUTH,VIC
23461,WURDIBOLUC,VIC
23249,WARNCOORT,VIC
23345,WHOOREL,VIC
22962,TANYBRYN,VIC
23265,WARRION,VIC
23430,WOOL WOOL,VIC
23522,YEO,VIC
23523,YEODENE,VIC
23304,WEERING,VIC
22953,TANDAROOK,VIC
23014,TESBURY,VIC
23305,WEERITE,VIC
23009,TERANG,VIC
22971,TAROON,VIC
23028,THE SISTERS,VIC
23020,THE COVE,VIC
23043,TIMBOON,VIC
23044,TIMBOON WEST,VIC
23184,WAARRE,VIC
23446,WOORNDOO,VIC
23435,WOOLSTHORPE,VIC
23236,WANGOOM,VIC
23266,WARRNAMBOOL,VIC
23267,WARRNAMBOOL EAST,VIC
23268,WARRNAMBOOL WEST,VIC
23385,WINSLOW,VIC
23417,WOODFORD,VIC
22981,TARRONE,VIC
23094,TOWER HILL,VIC
23270,WARRONG,VIC
23356,WILLATOOK,VIC
23493,YANGERY,VIC
23498,YARPTURK,VIC
23071,TOOLONG,VIC
23138,TYRENDARRA,VIC
23139,TYRENDARRA EAST,VIC
23485,YAMBUK,VIC
23252,WARRABKOOK,VIC
23174,VICTORIA POINT,VIC
23175,VICTORIA VALLEY,VIC
23419,WOODHOUSE,VIC
22980,TARRINGTON,VIC
23237,WANNON,VIC
23261,WARRAYURE,VIC
23516,YATCHAW,VIC
23533,YULECART,VIC
23202,WALLACEDALE,VIC
23383,WINNAP,VIC
23224,WANDO BRIDGE,VIC
23225,WANDO VALE,VIC
23269,WARROCK,VIC
23429,WOOHLPOOER,VIC
22977,TARRAYOUKYAN,VIC
22979,TARRENLEA,VIC
23449,WOOTONG VALE,VIC
23145,ULLSWATER,VIC
23378,WINGEEL,VIC
23179,VITE VITE,VIC
23180,VITE VITE NORTH,VIC
23000,TEESDALE,VIC
23035,THORNHILL PARK,VIC
23067,TOOLERN VALE,VIC
23307,WEIR VIEWS,VIC
23210,WALLINDUC,VIC
23331,WESTMERE,VIC
23201,WALLACE,VIC
23263,WARRENHEIP,VIC
23288,WATTLE FLAT,VIC
23294,WAUBRA,VIC
23298,WEATHERBOARD,VIC
23317,WERNETH,VIC
23375,WINDERMERE,VIC
23521,YENDON,VIC
23312,WENDOUREE,VIC
23313,WENDOUREE VILLAGE,VIC
23511,YARROWEE,VIC
23386,WINTER VALLEY,VIC
23366,WILLOWVALE,VIC
23090,TOURELLO,VIC
23143,ULLINA,VIC
23318,WERONA,VIC
23144,ULLINA,VIC
23105,TRAWALLA,VIC
23280,WATERLOO,VIC
23257,WARRAK,VIC
22988,TATYOON,VIC
23479,YALLA-Y-POORA,VIC
23282,WATGANIA,VIC
23350,WICKLIFFE,VIC
23357,WILLAURA,VIC
23358,WILLAURA NORTH,VIC
23379,WINJALLOK,VIC
23193,WAL WAL,VIC
23204,WALLALOO,VIC
23206,WALLALOO EAST,VIC
23118,TULKARA,VIC
23287,WATTLE CREEK,VIC
23194,WAL WAL,VIC
23205,WALLALOO,VIC
23207,WALLALOO EAST,VIC
23253,WARRACKNABEAL,VIC
23354,WILKUR,VIC
23359,WILLENABRINA,VIC
23515,YARTO,VIC
23271,WARTOOK,VIC
23409,WONWONDAH EAST,VIC
23410,WONWONDAH SOUTH,VIC
23001,TELANGATUK EAST,VIC
23060,TOOAN,VIC
23070,TOOLONDO,VIC
23166,VECTIS,VIC
23190,WAIL,VIC
23213,WALLUP,VIC
23272,WARTOOK,VIC
23398,WOMBELANO,VIC
23408,WONWONDAH,VIC
23538,ZUMSTEINS,VIC
23164,VASEY,VIC
23061,TOOAN,VIC
23399,WOMBELANO,VIC
22973,TARRANYURK,VIC
23513,YARRUNGA,VIC
23488,YANAC,VIC
23003,TELOPEA DOWNS,VIC
23474,YAAPEET,VIC
23353,WILDWOOD,VIC
23414,WOODEND,VIC
23415,WOODEND NORTH,VIC
23132,TYLDEN,VIC
23133,TYLDEN SOUTH,VIC
22963,TARADALE,VIC
22966,TARILTA,VIC
23165,VAUGHAN,VIC
23413,WOODBROOK,VIC
23496,YAPEEN,VIC
23110,TRENTHAM,VIC
23111,TRENTHAM EAST,VIC
23334,WHEATSHEAF,VIC
23491,YANDOIT,VIC
23492,YANDOIT HILLS,VIC
23309,WELSHMANS REEF,VIC
22978,TARRENGOWER,VIC
23214,WALMER,VIC
23427,WOODSTOCK WEST,VIC
23046,TIMOR,VIC
23047,TIMOR WEST,VIC
23246,WAREEK,VIC
23088,TOTTINGTON,VIC
23107,TRAYNORS LAGOON,VIC
23380,WINJALLOK,VIC
23530,YORK PLAINS,VIC
22961,TANWOOD,VIC
23089,TOTTINGTON,VIC
23108,TRAYNORS LAGOON,VIC
23119,TULKARA,VIC
23264,WARRENMANG,VIC
23517,YAWONG HILLS,VIC
23248,WARMUR,VIC
23273,WATCHEM,VIC
23274,WATCHEM WEST,VIC
23337,WHIRILY,VIC
23275,WATCHUPGA,VIC
23355,WILLANGIE,VIC
23436,WOOMELANG,VIC
23124,TURRIFF,VIC
23125,TURRIFF EAST,VIC
23006,TEMPY,VIC
23083,TORRITA,VIC
23127,TUTYE,VIC
23321,WERRIMULL,VIC
23247,WARGAN,VIC
23520,YELTA,VIC
23216,WALPEUP,VIC
23151,UNDERBOOL,VIC
23370,WILSONS HILL,VIC
23501,YARRABERB,VIC
23299,WEDDERBURN,VIC
23300,WEDDERBURN JUNCTION,VIC
23306,WEHLA,VIC
23434,WOOLSHED FLAT,VIC
23448,WOOSANG,VIC
23062,TOOBORAC,VIC
22996,TEDDYWADDY,VIC
22998,TEDDYWADDY WEST,VIC
23011,TERRAPPEE,VIC
23447,WOOROONOOK,VIC
23466,WYCHITELLA,VIC
23467,WYCHITELLA NORTH,VIC
23525,YEUNGROON,VIC
23526,YEUNGROON EAST,VIC
22997,TEDDYWADDY,VIC
22999,TEDDYWADDY WEST,VIC
23016,THALIA,VIC
23092,TOWANINNY,VIC
23093,TOWANINNY SOUTH,VIC
23464,WYCHEPROOF,VIC
23465,WYCHEPROOF SOUTH,VIC
23235,WANGIE,VIC
23250,WARNE,VIC
23130,TYENNA,VIC
23140,TYRRELL,VIC
23141,TYRRELL DOWNS,VIC
23490,YANDO,VIC
23051,TITTYBONG,VIC
23052,TITYBONG,VIC
23146,ULTIMA,VIC
23147,ULTIMA EAST,VIC
23192,WAITCHIE,VIC
23123,TUROAR,VIC
23382,WINNAMBOOL,VIC
23053,TOL TOL,VIC
23227,WANDOWN,VIC
23311,WEMEN,VIC
23142,TYSONS REEF,VIC
23323,WEST BENDIGO,VIC
23338,WHITE HILLS,VIC
22968,TARNAGULLA,VIC
23068,TOOLLEEN,VIC
23183,WAANYARRA,VIC
23308,WELLSFORD,VIC
23426,WOODSTOCK ON LODDON,VIC
23336,WHIPSTICK,VIC
23428,WOODVALE,VIC
23027,THE SETTLEMENT,VIC
23045,TIMMERING,VIC
23084,TORRUMBARRY,VIC
23333,WHARPARILLA,VIC
23301,WEE WEE RUP,VIC
22954,TANDARRA,VIC
23481,YALLOOK,VIC
23008,TENNYSON,VIC
23013,TERRICK TERRICK EAST,VIC
23012,TERRICK TERRICK,VIC
23508,YARRAWALLA,VIC
22994,TEAL POINT,VIC
23100,TRAGOWEL,VIC
23220,WANDELLA,VIC
23329,WESTBY,VIC
23112,TRESCO,VIC
23113,TRESCO WEST,VIC
23381,WINLATON,VIC
23136,TYNTYNDER,VIC
23137,TYNTYNDER SOUTH,VIC
23148,ULTIMA EAST,VIC
23445,WOORINEN SOUTH,VIC
23443,WOORINEN,VIC
23444,WOORINEN NORTH,VIC
23177,VINIFERA,VIC
23091,TOWAN,VIC
23412,WOOD WOOD,VIC
23189,WAHRING,VIC
23389,WIRRATE,VIC
23218,WANALTA,VIC
23240,WARANGA,VIC
23242,WARANGA SHORES,VIC
23349,WHROO,VIC
23063,TOOLAMBA,VIC
23064,TOOLAMBA WEST,VIC
22986,TATURA,VIC
22987,TATURA EAST,VIC
23065,TOOLAMBA WEST,VIC
23241,WARANGA,VIC
22967,TARIPTA,VIC
23472,WYUNA,VIC
23473,WYUNA EAST,VIC
23056,TONGALA,VIC
23486,YAMBUNA,VIC
23150,UNDERA,VIC
22952,TAMLEUGH WEST,VIC
23537,ZEERUST,VIC
23460,WUNGHNU,VIC
23182,WAAIA,VIC
23478,YALCA,VIC
23527,YIELIMA,VIC
23149,ULUPNA,VIC
23512,YARROWEYAH,VIC
23186,WAGGARANDALL,VIC
23293,WATTVILLE,VIC
23475,YABBA NORTH,VIC
23476,YABBA SOUTH,VIC
23531,YOUANMITE,VIC
23128,TYAAK,VIC
23277,WATERFORD PARK,VIC
23106,TRAWOOL,VIC
23339,WHITEHEADS CREEK,VIC
23161,UPTON HILL,VIC
22965,TARCOMBE,VIC
22950,TAMLEUGH,VIC
22951,TAMLEUGH NORTH,VIC
23154,UPOTIPOTPON,VIC
23178,VIOLET TOWN,VIC
22970,TARNOOK,VIC
23262,WARRENBAYNE,VIC
22985,TATONG,VIC
23155,UPOTIPOTPON,VIC
23158,UPPER LURG,VIC
23160,UPPER RYANS CREEK,VIC
23387,WINTON,VIC
23388,WINTON NORTH,VIC
22949,TAMINICK,VIC
23230,WANGARATTA,VIC
23231,WANGARATTA,VIC
23234,WANGARATTA WEST,VIC
23514,YARRUNGA,VIC
22976,TARRAWINGEE,VIC
23185,WABONGA,VIC
23195,WALDARA,VIC
23228,WANGANDARY,VIC
23232,WANGARATTA FORWARD,VIC
23233,WANGARATTA SOUTH,VIC
23342,WHITLANDS,VIC
23188,WAHGUNYAH,VIC
23392,WODONGA,VIC
23327,WEST WODONGA,VIC
23393,WODONGA,VIC
23395,WODONGA PLAZA,VIC
22955,TANGAMBALANGA,VIC
23029,THOLOGOLONG,VIC
23157,UPPER GUNDOWRING,VIC
23394,WODONGA FORWARD,VIC
22989,TAWONGA,VIC
22990,TAWONGA SOUTH,VIC
23039,THOWGLA VALLEY,VIC
23055,TOM GROGGIN,VIC
23095,TOWONG,VIC
23096,TOWONG UPPER,VIC
23050,TINTALDRA,VIC
23217,WALWA,VIC
23036,THORNTON,VIC
22991,TAYLOR BAY,VIC
23332,WHANREGARWEN,VIC
23416,WOODFIELD,VIC
23518,YEA,VIC
23010,TERIP TERIP,VIC
23497,YARCK,VIC
23054,TOLMIE,VIC
23421,WOODS POINT,VIC
23033,THOONA,VIC
23187,WAGGARANDALL,VIC
23534,YUNDOOL,VIC
23121,TUNGAMAH,VIC
23351,WILBY,VIC
23532,YOUARANG,VIC
23002,TELFORD,VIC
23509,YARRAWONGA,VIC
23510,YARRAWONGA SOUTH,VIC
23341,WHITFIELD,VIC
23346,WHOROULY,VIC
23347,WHOROULY EAST,VIC
23348,WHOROULY SOUTH,VIC
23406,WONNANGATTA,VIC
23221,WANDILIGONG,VIC
23433,WOOLSHED,VIC
23437,WOORAGEE,VIC
23477,YACKANDANDAH,VIC
23396,WOLLERT,VIC
23425,WOODSTOCK,VIC
23487,YAN YEAN,VIC
23159,UPPER PLENTY,VIC
23208,WALLAN,VIC
23209,WALLAN EAST,VIC
23344,WHITTLESEA,VIC
23226,WANDONG,VIC
22960,TANTARABOO,VIC
23365,WILLOWMAVIN,VIC
23524,YERING,VIC
22975,TARRAWARRA,VIC
23499,YARRA GLEN,VIC
23066,TOOLANGI,VIC
23109,TREMONT,VIC
23025,THE PATCH,VIC
23040,THREE BRIDGES,VIC
23500,YARRA JUNCTION,VIC
23245,WARBURTON,VIC
23322,WESBURN,VIC
23134,TYNONG,VIC
23135,TYNONG NORTH,VIC
23171,VERVALE,VIC
23059,TONIMBUK,VIC
22964,TARAGO,VIC
23254,WARRAGUL,VIC
23015,TETOORA ROAD,VIC
23085,TORWOOD,VIC
23255,WARRAGUL SOUTH,VIC
23256,WARRAGUL WEST,VIC
23502,YARRAGON,VIC
23503,YARRAGON SOUTH,VIC
23038,THORPDALE SOUTH,VIC
23097,TRAFALGAR,VIC
23098,TRAFALGAR EAST,VIC
23099,TRAFALGAR SOUTH,VIC
22956,TANJIL,VIC
22958,TANJIL SOUTH,VIC
23017,THALLOO,VIC
23018,THALOO,VIC
23032,THOMSON,VIC
23072,TOOMBON,VIC
23196,WALHALLA,VIC
23197,WALHALLA EAST,VIC
23328,WESTBURY,VIC
23364,WILLOW GROVE,VIC
23482,YALLOURN,VIC
23483,YALLOURN NORTH,VIC
22957,TANJIL BREN,VIC
23080,TOORONGO,VIC
23172,VESPER,VIC
23037,THORPDALE,VIC
23101,TRARALGON,VIC
23102,TRARALGON EAST,VIC
23103,TRARALGON SOUTH,VIC
23131,TYERS,VIC
23368,WILLUNG SOUTH,VIC
23367,WILLUNG,VIC
23369,WILLUNG SOUTH,VIC
23462,WURRUK,VIC
23023,THE HEART,VIC
23024,THE HONEYSUCKLES,VIC
23073,TOONGABBIE,VIC
22948,TAMBORITHA,VIC
23384,WINNINDOO,VIC
23452,WORROWING,VIC
23494,YANGOURA,VIC
23048,TINAMBA,VIC
23049,TINAMBA WEST,VIC
23069,TOOLOME,VIC
23163,VALENCIA CREEK,VIC
23432,WOOLENOOK,VIC
23453,WRATHUNG,VIC
23454,WRIXON,VIC
23276,WATERFORD,VIC
23405,WONGUNGARRA,VIC
23021,THE FINGERBOARD,VIC
23528,YINNAR,VIC
23529,YINNAR SOUTH,VIC
22983,TARWIN EAST,VIC
23422,WOODSIDE,VIC
23423,WOODSIDE BEACH,VIC
23424,WOODSIDE NORTH,VIC
23215,WALPA,VIC
23279,WATERHOLES,VIC
23315,WENTWORTH,VIC
23418,WOODGLEN,VIC
23456,WUK WUK,VIC
23463,WY YUNG,VIC
22946,TAMBO UPPER,VIC
23042,TIMBARRA,VIC
23181,W TREE,VIC
23390,WISELEIGH,VIC
23457,WULGULMERANG,VIC
23458,WULGULMERANG EAST,VIC
23459,WULGULMERANG WEST,VIC
23484,YALMY,VIC
23191,WAIREWA,VIC
23086,TOSTAREE,VIC
23116,TUBBUT,VIC
23297,WAYGARA,VIC
23397,WOMBAT CREEK,VIC
22947,TAMBOON,VIC
23057,TONGHI CREEK,VIC
23303,WEERAGUA,VIC
23203,WALLAGARAUGH,VIC
23229,WANGARABELL,VIC
23377,WINGAN RIVER,VIC
23455,WROXHAM,VIC
22945,TAMBO CROSSING,VIC
23058,TONGIO,VIC
23153,UPLANDS,VIC
23078,TOORLOO ARM,VIC
23129,TYABB,VIC
23117,TUERONG,VIC
22959,TANKERTON,VIC
23167,VENTNOR,VIC
23372,WIMBLEDON HEIGHTS,VIC
23081,TOOTGAROOK,VIC
23420,WOODLEIGH,VIC
23340,WHITELAW,VIC
23114,TRIDA,VIC
23352,WILD DOG VALLEY,VIC
23441,WOOREEN,VIC
22982,TARWIN,VIC
22984,TARWIN LOWER,VIC
23168,VENUS BAY,VIC
23198,WALKERVILLE,VIC
23199,WALKERVILLE NORTH,VIC
23200,WALKERVILLE SOUTH,VIC
23243,WARATAH BAY,VIC
23244,WARATAH NORTH,VIC
23041,TIDAL RIVER,VIC
23126,TURTONS CREEK,VIC
23371,WILSONS PROMONTORY,VIC
23401,WONGA,VIC
23440,WOORARRA WEST,VIC
23489,YANAKIE,VIC
23074,TOORA,VIC
23075,TOORA NORTH,VIC
23411,WONYIP,VIC
23438,WOORARRA,VIC
23439,WOORARRA EAST,VIC
23310,WELSHPOOL,VIC
22972,TARRA VALLEY,VIC
22974,TARRAVILLE,VIC
23400,WON WRON,VIC
23504,YARRAM,VIC
23076,TOORADIN,VIC
23251,WARNEET,VIC
23495,YANNATHAN,VIC
23007,TENBY POINT,VIC
23022,THE GURDIES,VIC
23324,WEST CREEK,VIC
23286,WATTLE BANK,VIC
23407,WONTHAGGI,VIC
23431,WOOLAMAI,VIC
33704,WATERFRONT PLACE,QLD
33808,WINTERGARDEN,QLD
33420,TENERIFFE,QLD
33766,WHINSTANES,QLD
33512,TOOMBUL,QLD
33714,WAVELL HEIGHTS,QLD
33715,WAVELL HEIGHTS NORTH,QLD
33636,VIRGINIA,QLD
33637,VIRGINIA BC,QLD
33638,VIRGINIA DC,QLD
33353,TAIGUM,QLD
33855,WOODY POINT,QLD
33382,TANGALOOMA,QLD
33805,WINDSOR,QLD
33863,WOOLOOWIN,QLD
33963,ZILLMERE,QLD
33445,THE GRANGE,QLD
33798,WILSTON,QLD
33265,STAFFORD,QLD
33266,STAFFORD BC,QLD
33267,STAFFORD CITY,QLD
33268,STAFFORD DC,QLD
33269,STAFFORD HEIGHTS,QLD
33594,UPPER KEDRON,QLD
33255,ST JOHNS WOOD,QLD
33441,THE GAP,QLD
33308,STUARTHOLME,QLD
33517,TOOWONG,QLD
33518,TOOWONG BC,QLD
33519,TOOWONG DC,QLD
33535,TORWOOD,QLD
33258,ST LUCIA,QLD
33259,ST LUCIA SOUTH,QLD
33395,TARINGA,QLD
33582,UPPER BROOKFIELD,QLD
33580,UNIVERSITY OF QUEENSLAND,QLD
33315,SUMNER,QLD
33316,SUMNER PARK BC,QLD
33755,WESTLAKE,QLD
33639,WACOL,QLD
33640,WACOL EAST IMMIGRATION CENTRE,QLD
33738,WEST END,QLD
33858,WOOLLOONGABBA,QLD
33465,THOMPSON ESTATE,QLD
33949,YERONGA,QLD
33950,YERONGA WEST,QLD
33421,TENNYSON,QLD
33943,YEERONGPILLY,QLD
33322,SUNNYBANK,QLD
33323,SUNNYBANK HILLS,QLD
33324,SUNNYBANK SOUTH,QLD
33785,WILLAWONG,QLD
33550,TRINDER PARK,QLD
33851,WOODRIDGE,QLD
33852,WOODRIDGE EAST,QLD
33305,STRETTON,QLD
33578,UNDERWOOD,QLD
33294,STONES CORNER,QLD
33402,TARRAGINDI,QLD
33726,WELLERS HILL,QLD
33596,UPPER MOUNT GRAVATT,QLD
33597,UPPER MOUNT GRAVATT BC,QLD
33812,WISHART,QLD
33245,SPRINGWOOD,QLD
33246,SPRINGWOOD BC,QLD
33376,TANAH MERAH,QLD
33702,WATERFORD,QLD
33703,WATERFORD WEST,QLD
33771,WHITES HILL,QLD
33648,WAKERLEY,QLD
33470,THORNESIDE,QLD
33730,WELLINGTON POINT,QLD
33471,THORNLANDS,QLD
33629,VICTORIA POINT,QLD
33630,VICTORIA POINT WEST,QLD
33273,STANLEY BRIDGE,QLD
33489,TINGALPA,QLD
33490,TINGALPA BC,QLD
33491,TINGALPA DC,QLD
33904,WYNNUM,QLD
33905,WYNNUM CENTRAL,QLD
33906,WYNNUM NORTH,QLD
33907,WYNNUM PLAZA,QLD
33908,WYNNUM WEST,QLD
33277,STAPYLTON,QLD
33280,STEIGLITZ,QLD
33800,WINDAROO,QLD
33823,WOLFFDENE,QLD
33869,WOONGOOLBA,QLD
33934,YARRABILBA,QLD
33941,YATALA,QLD
33942,YATALA DC,QLD
33945,YELLOW WOOD,QLD
33584,UPPER COOMERA,QLD
33786,WILLOW VALE,QLD
33309,STUDIO VILLAGE,QLD
33838,WONGAWALLAN,QLD
33235,SPRINGBROOK,QLD
33361,TALLAI,QLD
33880,WORONGARY,QLD
33318,SUNDALE,QLD
33336,SURFERS PARADISE,QLD
33459,THE SPIT,QLD
33737,WEST BURLEIGH,QLD
33365,TALLY VALLEY,QLD
33560,TUGUN,QLD
33561,TUGUN HEIGHTS,QLD
33616,VARSITY LAKES,QLD
33362,TALLEBUDGERA,QLD
33363,TALLEBUDGERA VALLEY,QLD
33371,TAMBORINE,QLD
33373,TAMBORINE VILLAGE,QLD
33372,TAMBORINE MOUNTAIN,QLD
33814,WITHEREN,QLD
33839,WONGLEPONG,QLD
33285,STOCKLEIGH,QLD
33351,TABOOBA,QLD
33352,TABRAGALBA,QLD
33374,TAMROOKUM,QLD
33375,TAMROOKUM CREEK,QLD
33579,UNDULLAH,QLD
33620,VERESDALE,QLD
33621,VERESDALE SCRUB,QLD
33847,WOODHILL,QLD
33234,SPRING MOUNTAIN,QLD
33237,SPRINGFIELD,QLD
33239,SPRINGFIELD CENTRAL,QLD
33240,SPRINGFIELD LAKES,QLD
33497,TIVOLI,QLD
33742,WEST IPSWICH,QLD
33843,WOODEND,QLD
33887,WULKURAKA,QLD
33921,YAMANTO,QLD
33341,SWANBANK,QLD
33397,TAROMEO,QLD
33412,TEELAH,QLD
33427,THAGOONA,QLD
33623,VERNOR,QLD
33661,WALLOON,QLD
33678,WANORA,QLD
33698,WASHPOOL,QLD
33736,WEST AMBERLEY,QLD
33769,WHITE ROCK,QLD
33787,WILLOWBANK,QLD
33817,WIVENHOE,QLD
33819,WIVENHOE POCKET,QLD
33693,WARRILL VIEW,QLD
33794,WILSONS PLAINS,QLD
33396,TAROME,QLD
33423,TEVIOTVILLE,QLD
33699,WASHPOOL,QLD
33419,TEMPLIN,QLD
33654,WALLACES CREEK,QLD
33862,WOOLOOMAN,QLD
33899,WYARALONG,QLD
33390,TARAMPA,QLD
33818,WIVENHOE HILL,QLD
33505,TOOGOOLAWAH,QLD
33952,YIMBUN,QLD
33398,TAROMEO,QLD
33413,TEELAH,QLD
33364,TALLEGALLA,QLD
33433,THE BLUFF,QLD
33864,WOOLSHED,QLD
33314,SUMMERHOLM,QLD
33472,THORNTON,QLD
33539,TOWNSON,QLD
33601,UPPER TENTHILL,QLD
33635,VINEGAR HILL,QLD
33841,WOODBINE,QLD
33848,WOODLANDS,QLD
33287,STOCKYARD,QLD
33589,UPPER FLAGSTONE,QLD
33619,VERADILLA,QLD
33810,WINWILL,QLD
33520,TOOWOOMBA,QLD
33521,TOOWOOMBA BC,QLD
33522,TOOWOOMBA CITY,QLD
33523,TOOWOOMBA DC,QLD
33524,TOOWOOMBA EAST,QLD
33526,TOOWOOMBA SOUTH,QLD
33527,TOOWOOMBA VILLAGE FAIR,QLD
33528,TOOWOOMBA WEST,QLD
33529,TOP CAMP,QLD
33534,TORRINGTON,QLD
33725,WELLCAMP,QLD
33751,WESTBROOK,QLD
33796,WILSONTON,QLD
33797,WILSONTON HEIGHTS,QLD
33897,WYALLA PLAZA,QLD
33250,ST AUBYN,QLD
33474,THORNVILLE,QLD
33525,TOOWOOMBA MC,QLD
33564,TUMMAVILLE,QLD
33577,UMBIRAM,QLD
33595,UPPER LOCKYER,QLD
33610,VALE VIEW,QLD
33765,WHICHELLO,QLD
33767,WHITE MOUNTAIN,QLD
33813,WITHCOTT,QLD
33849,WOODLEIGH,QLD
33860,WOOLMER,QLD
33894,WUTUL,QLD
33909,WYREEMA,QLD
33916,YALANGUR,QLD
33925,YANDILLA,QLD
33344,SYLVIA VALE,QLD
33434,THE BLUFF,QLD
33599,UPPER PINELANDS,QLD
33242,SPRINGSIDE,QLD
33252,ST HELENS,QLD
33293,STONELEIGH,QLD
33937,YARRANLEA,QLD
33290,STONEHENGE,QLD
33457,THE PINES,QLD
33567,TURALLIN,QLD
33710,WATTLE RIDGE,QLD
33753,WESTERN CREEK,QLD
33866,WOONDUL,QLD
33611,VALE VIEW,QLD
33741,WEST HALDON,QLD
33598,UPPER PILTON,QLD
33626,VICTORIA HILL,QLD
33360,TALGAI,QLD
33340,SWAN CREEK,QLD
33429,THANE,QLD
33430,THANES CREEK,QLD
33444,THE GLEN,QLD
33448,THE HERMITAGE,QLD
33510,TOOLBURRA,QLD
33549,TREGONY,QLD
33590,UPPER FREESTONE,QLD
33603,UPPER WHEATVALE,QLD
33696,WARWICK,QLD
33697,WARWICK DC,QLD
33763,WHEATVALE,QLD
33783,WILDASH,QLD
33790,WILLOWVALE,QLD
33820,WIYARRA,QLD
33827,WOMINA,QLD
33342,SWANFELS,QLD
33928,YANGAN,QLD
33385,TANNYMOREL,QLD
33440,THE FALLS,QLD
33447,THE HEAD,QLD
33477,THULIMBAH,QLD
33460,THE SUMMIT,QLD
33236,SPRINGDALE,QLD
33275,STANTHORPE,QLD
33296,STORM KING,QLD
33311,SUGARLOAF,QLD
33469,THORNDALE,QLD
14986,UNDERCLIFFE,NSW
33319,SUNDOWN,QLD
33900,WYBERBA,QLD
33656,WALLANGARRA,QLD
33425,TEXAS,QLD
33706,WATSONS CROSSING,QLD
33422,TERRICA,QLD
33694,WARROO,QLD
33764,WHETSTONE,QLD
33944,YELARBON,QLD
33831,WONDALLI,QLD
33895,WYAGA,QLD
33913,YAGABURNE,QLD
33931,YARGULLEN,QLD
33585,UPPER COOYAR CREEK,QLD
33745,WEST PRAIRIE,QLD
33646,WAINUI,QLD
33244,SPRINGVALE,QLD
33262,ST RUTH,QLD
33495,TIPTON,QLD
33734,WERANGA,QLD
33922,YAMSION,QLD
33446,THE GUMS,QLD
33723,WEIR RIVER,QLD
33558,TUCKERANG,QLD
33689,WARRA,QLD
33902,WYCHIE,QLD
33313,SUJEEWONG,QLD
33780,WIEAMBILLA,QLD
33325,SUNNYSIDE,QLD
33957,YULABILLA,QLD
33334,SURAT,QLD
33685,WARKON,QLD
33727,WELLESLEY,QLD
33735,WERIBONE,QLD
33673,WANDOAN,QLD
33821,WOLEEBEE,QLD
33400,TAROOM,QLD
33645,WAIKOLA,QLD
33387,TARA,QLD
33756,WESTMAR,QLD
33414,TEELBA,QLD
33958,YULEBA,QLD
33959,YULEBA NORTH,QLD
33960,YULEBA SOUTH,QLD
33663,WALLUMBILLA,QLD
33664,WALLUMBILLA NORTH,QLD
33665,WALLUMBILLA SOUTH,QLD
33588,UPPER DAWSON,QLD
33754,WESTGROVE,QLD
33493,TINGUN,QLD
33903,WYCOMBE,QLD
33649,WALHALLOW,QLD
33608,V GATE,QLD
33825,WOMALILLA,QLD
33826,WOMBLEBANK,QLD
33572,TYRCONNEL,QLD
33683,WARD,QLD
33602,UPPER WARREGO,QLD
33370,TAMBO,QLD
33803,WINDEYER,QLD
33924,YANDARLO,QLD
33378,TANBAR,QLD
33804,WINDORAH,QLD
33251,ST GEORGE,QLD
33898,WYANDRA,QLD
33559,TUEN,QLD
33779,WIDGEEGOARA,QLD
33955,YOWAH,QLD
33432,THARGOMINDAH,QLD
33392,TARAWERA,QLD
33366,TALWOOD,QLD
33428,THALLON,QLD
33719,WEENGALLON,QLD
33504,TOOBEAH,QLD
33302,STRATHPINE,QLD
33303,STRATHPINE CENTRE,QLD
33304,STRATHPINE CITY,QLD
33686,WARNER,QLD
33772,WHITESIDE,QLD
33731,WELSBY,QLD
33768,WHITE PATCH,QLD
33872,WOORIM,QLD
33516,TOORBUL,QLD
33583,UPPER CABOOLTURE,QLD
33670,WAMURAN,QLD
33671,WAMURAN BASIN,QLD
33642,WAGTAIL GROVE,QLD
33679,WARABA,QLD
33274,STANMORE,QLD
33295,STONY CREEK,QLD
33633,VILLENEUVE,QLD
33757,WESTVALE,QLD
33845,WOODFORD,QLD
33811,WINYA,QLD
33859,WOOLMAR,QLD
33781,WIGHTS MOUNTAIN,QLD
33956,YUGAR,QLD
33816,WITTA,QLD
33877,WOOTHA,QLD
33377,TANAWHA,QLD
33333,SUNSHINE PLAZA,QLD
33750,WEST WOOMBYE,QLD
33865,WOOMBYE,QLD
33332,SUNSHINE COAST MC,QLD
33536,TOWEN MOUNTAIN,QLD
33609,VALDORA,QLD
33926,YANDINA,QLD
33927,YANDINA CREEK,QLD
33624,VERRIERDALE,QLD
33760,WEYBA DOWNS,QLD
33328,SUNRISE HILLS,QLD
33488,TINBEERWAH,QLD
33570,TWIN WATERS,QLD
33415,TEEWAH,QLD
33424,TEWANTIN,QLD
33327,SUNRISE BEACH,QLD
33331,SUNSHINE BEACH,QLD
33260,ST MARY,QLD
33368,TAMAREE,QLD
33381,TANDUR,QLD
33438,THE DAWN,QLD
33455,THE PALMS,QLD
33461,THEEBINE,QLD
33508,TOOLARA,QLD
33509,TOOLARA FOREST,QLD
33547,TRAVESTON,QLD
33557,TUCHEKOI,QLD
33571,TWO MILE,QLD
33591,UPPER GLASTONBURY,QLD
33593,UPPER KANDANGA,QLD
33625,VETERAN,QLD
33632,VICTORY HEIGHTS,QLD
33662,WALLU,QLD
33776,WIDGEE,QLD
33777,WIDGEE CROSSING NORTH,QLD
33778,WIDGEE CROSSING SOUTH,QLD
33795,WILSONS POCKET,QLD
33824,WOLVI,QLD
33861,WOOLOOGA,QLD
33867,WOONDUM,QLD
33644,WAHPUNGA,QLD
33932,YAROOMBA,QLD
33680,WARANA,QLD
33681,WARANA BEACH,QLD
33892,WURTULLA,QLD
33484,TIN CAN BAY,QLD
33386,TANSEY,QLD
33882,WRATTENS FOREST,QLD
33321,SUNNY NOOK,QLD
33349,TABLELANDS,QLD
33688,WARNUNG,QLD
33801,WINDERA,QLD
33875,WOOROONDEN,QLD
33762,WHEATLANDS,QLD
33830,WONDAI,QLD
33492,TINGOORA,QLD
33784,WILKESDALE,QLD
33873,WOOROOLIN,QLD
33346,TAABINGA,QLD
33347,TAABINGA VILLAGE,QLD
33709,WATTLE GROVE,QLD
33292,STONELANDS,QLD
33782,WIGTON,QLD
33270,STALWORTH,QLD
33604,UPPER YARRAMAN,QLD
33936,YARRAMAN,QLD
33399,TARONG,QLD
33708,WATTLE CAMP,QLD
33732,WENGENVILLE,QLD
33896,WYALLA,QLD
33411,TEEBAR,QLD
33840,WOOCOO,QLD
33701,WATERANGA,QLD
33878,WOOWOONGA,QLD
33284,STOCKHAVEN,QLD
33451,THE LIMITS,QLD
33514,TOONDAHRA,QLD
33643,WAHOON,QLD
33759,WETHERON,QLD
33793,WILSON VALLEY,QLD
33850,WOODMILLAR,QLD
33946,YENDA,QLD
33893,WURUMA DAM,QLD
33418,TELLEBANG,QLD
33475,THREE MOON,QLD
33618,VENTNOR,QLD
33939,YARROL,QLD
33253,ST HELENS,QLD
33261,ST MARY,QLD
33359,TALEGALLA WEIR,QLD
33380,TANDORA,QLD
33410,TEDDINGTON,QLD
33439,THE DIMONDS,QLD
33464,THINOOMBA,QLD
33481,TIARO,QLD
33485,TINANA,QLD
33486,TINANA SOUTH,QLD
33494,TINNANBAR,QLD
33555,TUAN,QLD
33556,TUAN FOREST,QLD
33651,WALKERS POINT,QLD
33947,YENGARIE,QLD
33951,YERRA,QLD
33330,SUNSHINE ACRES,QLD
33337,SUSAN RIVER,QLD
33355,TAKURA,QLD
33506,TOOGOOM,QLD
33532,TORQUAY,QLD
33605,URANGAN,QLD
33606,URRAWEEN,QLD
33659,WALLIEBUM,QLD
33660,WALLIGAN,QLD
33833,WONDUNNA,QLD
33846,WOODGATE,QLD
33531,TORBANLEA,QLD
33339,SVENSSON HEIGHTS,QLD
33426,THABEBAN,QLD
33653,WALKERVALE,QLD
33700,WATALGAN,QLD
33724,WELCOME CREEK,QLD
33802,WINDERMERE,QLD
33806,WINFIELD,QLD
33868,WOONGARRA,QLD
33249,ST AGNES,QLD
33256,ST KILDA,QLD
33354,TAKILBERAN,QLD
33496,TIRROAN,QLD
33658,WALLAVILLE,QLD
33828,WONBAH,QLD
33829,WONBAH FOREST,QLD
33705,WATERLOO,QLD
33923,YANDARAN,QLD
33407,TAUNTON,QLD
33568,TURKEY BEACH,QLD
33317,SUN VALLEY,QLD
33350,TABLELANDS,QLD
33384,TANNUM SANDS,QLD
33389,TARAGOOLA,QLD
33416,TELINA,QLD
33511,TOOLOOA,QLD
33573,UBOBO,QLD
33740,WEST GLADSTONE,QLD
33747,WEST STOWE,QLD
33844,WOODERSON,QLD
33891,WURDONG HEIGHTS,QLD
33393,TARGINIE,QLD
33394,TARGINNIE,QLD
33940,YARWUN,QLD
33454,THE NARROWS,QLD
33449,THE KEPPELS,QLD
33458,THE RANGE,QLD
33672,WANDAL,QLD
33746,WEST ROCKHAMPTON,QLD
33437,THE COMMON,QLD
33272,STANAGE,QLD
33276,STANWELL,QLD
33283,STEWARTON,QLD
33403,TARRAMBA,QLD
33436,THE CAVES,QLD
33443,THE GEMFIELDS,QLD
33466,THOMPSON POINT,QLD
33499,TOGARA,QLD
33566,TUNGAMULL,QLD
33575,ULOGIE,QLD
33657,WALLAROO,QLD
33758,WESTWOOD,QLD
33788,WILLOWS,QLD
33789,WILLOWS GEMFIELDS,QLD
33815,WITHERSFIELD,QLD
33856,WOOLEIN,QLD
33874,WOOROONA,QLD
33881,WOWAN,QLD
33901,WYCARBAH,QLD
33918,YALLEROI,QLD
33929,YARAKA,QLD
33279,STATUE BAY,QLD
33288,STOCKYARD,QLD
33379,TANBY,QLD
33391,TARANGANBA,QLD
33401,TAROOMBALL,QLD
33720,WEERRIBA,QLD
33842,WOODBURY,QLD
33948,YEPPOON,QLD
33711,WATTLEBANK,QLD
33911,YAAMBA,QLD
33257,ST LAWRENCE,QLD
33456,THE PERCY GROUP,QLD
33482,TIERI,QLD
33964,ZILZIE,QLD
33871,WOORABINDA,QLD
33306,STRUCK OIL,QLD
33452,THE MINE,QLD
33553,TROTTER CREEK,QLD
33666,WALMUL,QLD
33669,WALTERHALL,QLD
33890,WURA,QLD
33404,TARRAMBA,QLD
33612,VALENTINE PLAINS,QLD
33431,THANGOOL,QLD
33687,WARNOAH,QLD
33462,THEODORE,QLD
33920,YAMALA,QLD
33463,THERESA CREEK,QLD
33799,WINCHESTER,QLD
33822,WOLFANG,QLD
33243,SPRINGSURE,QLD
33717,WEALWANDANGIE,QLD
33910,WYUNA,QLD
33335,SURBITON,QLD
33388,TARA STATION,QLD
33291,STONEHENGE,QLD
33498,TOCAL,QLD
33622,VERGEMONT,QLD
33930,YARAKA,QLD
33348,TABLEDERRY,QLD
33809,WINTON,QLD
33326,SUNNYSIDE,QLD
33409,TE KOWAI,QLD
33417,TELINA HEIGHTS,QLD
33450,THE LEAP,QLD
33483,TIMBERLANDS,QLD
33743,WEST MACKAY,QLD
33888,WUNDARU,QLD
33915,YAKAPARI,QLD
33917,YALBOROO,QLD
33300,STRATHFIELD,QLD
33569,TURRAWULLA,QLD
33614,VALKYRIE,QLD
33338,SUTTOR,QLD
33627,VICTORIA PLAINS,QLD
33652,WALKERSTON,QLD
33254,ST HELENS BEACH,QLD
33641,WAGOORA,QLD
33299,STRATHDICKIE,QLD
33312,SUGARLOAF,QLD
33467,THOOPARA,QLD
33792,WILSON BEACH,QLD
33774,WHITSUNDAYS,QLD
33854,WOODWARK,QLD
33241,SPRINGLANDS,QLD
33675,WANGARATTA,QLD
33889,WUNJUNGA,QLD
33343,SWANS LAGOON,QLD
33592,UPPER HAUGHTON,QLD
33538,TOWN COMMON,QLD
33540,TOWNSVILLE,QLD
33541,TOWNSVILLE CITY,QLD
33542,TOWNSVILLE DC,QLD
33543,TOWNSVILLE MC,QLD
33545,TOWNSVILLE WEST,QLD
33739,WEST END,QLD
33938,YARRAWONGA,QLD
33307,STUART,QLD
33886,WULGURU,QLD
33544,TOWNSVILLE MILPO,QLD
33479,THURINGOWA DC,QLD
33634,VINCENT,QLD
33435,THE CAPE,QLD
33513,TOOMULLA,QLD
33515,TOONPAN,QLD
33533,TORRENS CREEK,QLD
33853,WOODSTOCK,QLD
33264,STABLEFORD,QLD
33478,THURINGOWA CENTRAL,QLD
33507,TOOLAKEA,QLD
33912,YABULU,QLD
33744,WEST POINT,QLD
33502,TOLL,QLD
33537,TOWERS HILL,QLD
33271,STAMFORD,QLD
33383,TANGORIN,QLD
33631,VICTORIA VALE,QLD
33857,WOOLGAR,QLD
33289,STOKES,QLD
33358,TALDORA,QLD
33682,WARBURTON,QLD
33476,THREE RIVERS,QLD
70308,RANKEN,NT
33329,SUNSET,QLD
33442,THE GAP,QLD
33453,THE MONUMENT,QLD
33546,TOWNVIEW,QLD
33716,WAVERLEY,QLD
33807,WINSTON,QLD
33310,STURT,QLD
33500,TOKO,QLD
33684,WARENDA,QLD
33791,WILLS,QLD
33408,TAYLORS BEACH,QLD
33503,TOOBANNA,QLD
33548,TREBONNE,QLD
33600,UPPER STONE,QLD
33615,VALLEY OF LAGOONS,QLD
33628,VICTORIA PLANTATION,QLD
33655,WALLAMAN,QLD
33761,WHARPS,QLD
33962,YURUGA,QLD
33367,TAM O'SHANTER,QLD
33837,WONGALING BEACH,QLD
33562,TULLY,QLD
33563,TULLY HEADS,QLD
33667,WALTER HILL,QLD
33692,WARRAMI,QLD
33668,WALTER LEVER ESTATE,QLD
33297,STOTERS HILL,QLD
33320,SUNDOWN,QLD
33587,UPPER DARADGEE,QLD
33613,VALETTAS ESTATE,QLD
33617,VASA VIEWS,QLD
33677,WANJURU,QLD
33718,WEBB,QLD
33876,WOOROONOORAN,QLD
33405,TARRAWARRA,QLD
33770,WHITE ROCK,QLD
33879,WOREE,QLD
33369,TAMARIND GARDENS,QLD
33883,WRIGHTS CREEK,QLD
33298,STRATFORD,QLD
33752,WESTCOURT,QLD
33773,WHITFIELD,QLD
33238,SPRINGFIELD,QLD
33247,SPURGEON,QLD
33286,STOCKTON,QLD
33301,STRATHMORE,QLD
33356,TALAROO,QLD
33468,THORNBOROUGH,QLD
33607,UTCHEE CREEK,QLD
33674,WANGAN,QLD
33695,WARRUBULLEN,QLD
33713,WAUGH POCKET,QLD
33728,WELLESLEY ISLANDS,QLD
33748,WEST WELLESLEY ISLANDS,QLD
33870,WOOPEN CREEK,QLD
33933,YARRABAH,QLD
33487,TINAROO,QLD
33647,WAIRUNA,QLD
33650,WALKAMIN,QLD
33248,SPURGEON,QLD
33282,STEWART CREEK VALLEY,QLD
33345,SYNDICATE,QLD
33473,THORNTON BEACH,QLD
33586,UPPER DAINTREE,QLD
33775,WHYANBEEL,QLD
33834,WONGA,QLD
33835,WONGA BEACH,QLD
33554,TRUNDING,QLD
33721,WEIPA,QLD
33722,WEIPA AIRPORT,QLD
33733,WENLOCK,QLD
33281,STEPHENS ISLAND,QLD
33357,TALBOT ISLAND,QLD
33480,THURSDAY ISLAND,QLD
33574,UGAR ISLAND,QLD
33690,WARRABER ISLAND,QLD
33691,WARRABER ISLET,QLD
33712,WAUA ISLET,QLD
33919,YAM ISLAND,QLD
33953,YORKE ISLAND,QLD
33576,UMAGICO,QLD
33676,WANGETTI,QLD
33954,YORKEYS KNOB,QLD
33551,TRINITY BEACH,QLD
33552,TRINITY PARK,QLD
33501,TOLGA,QLD
33581,UPPER BARRON,QLD
33836,WONGABEL,QLD
33961,YUNGABURRA,QLD
33406,TARZALI,QLD
33530,TOPAZ,QLD
33707,WATSONVILLE,QLD
33832,WONDECLA,QLD
33565,TUMOULIN,QLD
33263,STAATEN,QLD
33729,WELLESLEY ISLANDS,QLD
33749,WEST WELLESLEY ISLANDS,QLD
33884,WROTHAM,QLD
33914,YAGOONYA,QLD
33935,YARRADEN,QLD
33278,STARCKE,QLD
33885,WUJAL WUJAL,QLD
41719,STURT STREET,SA
41770,THE UNIVERSITY OF ADELAIDE,SA
41830,UNIVERSITY OF ADELAIDE,SA
41922,WELLAND,SA
41931,WEST HINDMARSH,SA
41930,WEST CROYDON,SA
42029,WOODVILLE,SA
42032,WOODVILLE PARK,SA
42033,WOODVILLE SOUTH,SA
42034,WOODVILLE WEST,SA
42030,WOODVILLE GARDENS,SA
42031,WOODVILLE NORTH,SA
41993,WINGFIELD,SA
41796,TORRENS ISLAND,SA
41741,TAPEROO,SA
41933,WEST LAKES SHORE,SA
41932,WEST LAKES,SA
41759,TENNYSON,SA
41928,WEST BEACH,SA
41771,THEBARTON,SA
41799,TORRENSVILLE,SA
41800,TORRENSVILLE PLAZA,SA
41828,UNDERDALE,SA
41935,WEST RICHMOND,SA
41915,WAYVILLE,SA
41937,WESTBOURNE PARK,SA
41790,TONSLEY,SA
41891,WARRADALE,SA
41892,WARRADALE NORTH,SA
41718,STURT,SA
41831,UNLEY,SA
41832,UNLEY BC,SA
41833,UNLEY DC,SA
41834,UNLEY PARK,SA
41797,TORRENS PARK,SA
41841,URRBRAE,SA
41794,TOORAK GARDENS,SA
41816,TUSMORE,SA
41708,STONYFELL,SA
41903,WATERFALL GULLY,SA
41910,WATTLE PARK,SA
41808,TRINITY GARDENS,SA
41697,STEPNEY,SA
41762,TERINGIE,SA
42023,WOODFORDE,SA
41805,TRANMERE,SA
41806,TRANMERE NORTH,SA
41843,VALE PARK,SA
41860,WALKERVILLE,SA
41776,THORNGATE,SA
41992,WINDSOR GARDENS,SA
41755,TEA TREE GULLY,SA
41853,VISTA,SA
41844,VALLEY VIEW,SA
41765,THE LEVELS,SA
41861,WALKLEY HEIGHTS,SA
41905,WATERLOO CORNER,SA
41821,ULEYBURY,SA
42075,YATTALUNGA,SA
41884,WARD BELT,SA
41974,WILLASTON,SA
41852,VIRGINIA,SA
41729,SURREY DOWNS,SA
42073,YATALA VALE,SA
42052,WYNN VALE,SA
41837,UPPER HERMITAGE,SA
41723,SUMMERTOWN,SA
41839,URAIDLA,SA
41699,STIRLING,SA
41838,UPPER STURT,SA
41809,TROTT PARK,SA
42022,WOODCROFT,SA
41751,TATACHILLA,SA
41769,THE RANGE,SA
41949,WHITES VALLEY,SA
41986,WILLUNGA,SA
41987,WILLUNGA HILL,SA
41988,WILLUNGA SOUTH,SA
42090,YUNDI,SA
41798,TORRENS VALE,SA
41815,TUNKALILLA,SA
41909,WATTLE FLAT,SA
42066,YANKALILLA,SA
42005,WIRRINA COVE,SA
41849,VICTOR HARBOR,SA
41850,VICTOR HARBOR CENTRAL,SA
41858,WAITPINGA,SA
41981,WILLOW CREEK,SA
42080,YILKI,SA
41979,WILLOUGHBY,SA
41985,WILLSON RIVER,SA
41705,STOKES BAY,SA
41717,STUN’SAIL BOOM,SA
41716,STUN'SAIL BOOM,SA
41854,VIVONNE BAY,SA
41939,WESTERN RIVER,SA
42007,WISANGER,SA
41895,WARREN,SA
41752,TAUNTON,SA
41814,TUNGKILLO,SA
41756,TEAL FLAT,SA
41859,WALKER FLAT,SA
41862,WALL,SA
42017,WONGULLA,SA
42024,WOODLANE,SA
42085,YOUNGHUSBAND,SA
42086,YOUNGHUSBAND HOLDINGS,SA
42028,WOODSIDE,SA
41847,VERDUN,SA
41803,TOTNESS,SA
42008,WISTOW,SA
41727,SUNNYSIDE,SA
41733,SWANPORT,SA
41793,TOORA,SA
41942,WHITE HILL,SA
41945,WHITE SANDS,SA
41980,WILLOW BANKS,SA
42027,WOODS POINT,SA
41761,TEPKO,SA
41768,THE POINT,SA
41863,WALL FLAT,SA
41943,WHITE HILL,SA
42025,WOODLANE,SA
42093,ZADOWS LANDING,SA
41710,STRATHALBYN,SA
41792,TOOPERANG,SA
41989,WILLYAROO,SA
42021,WOODCHESTER,SA
41789,TOLDEROL,SA
41735,TAILEM BEND,SA
41923,WELLINGTON,SA
41924,WELLINGTON EAST,SA
41736,TAILEM BEND,SA
42088,YUMALI,SA
41871,WALTOWA,SA
41787,TINTINARA,SA
41972,WILLALOOKA,SA
42004,WIRREGA,SA
41938,WESTERN FLAT,SA
42014,WOLSELEY,SA
41734,SWEDE FLAT,SA
41698,STEWART RANGE,SA
41712,STRUAN,SA
41764,THE GAP,SA
41966,WILD DOG VALLEY,SA
42047,WRATTONBULLY,SA
42040,WOOLUMBOOL,SA
41744,TARATAP,SA
41786,TILLEY SWAMP,SA
41880,WANGOLINA,SA
41934,WEST RANGE,SA
42053,WYOMI,SA
41750,TARPEENA,SA
41925,WEPAR,SA
41807,TRIHI,SA
41912,WATTLE RANGE EAST,SA
41739,TANTANOOLA,SA
41777,THORNLEA,SA
41911,WATTLE RANGE,SA
41731,SUTTONTOWN,SA
41878,WANDILO,SA
42045,WORROLONG,SA
42050,WYE,SA
42056,YAHL,SA
41970,WILKAWATT,SA
42051,WYNARKA,SA
41873,WANBI,SA
41737,TALDRA,SA
41742,TAPLAN,SA
41845,VEITCH,SA
42026,WOODLEIGH,SA
42049,WUNKAR,SA
41714,STUART,SA
41940,WESTONS FLAT,SA
42015,WOMBATS REST,SA
41724,SUNLANDS,SA
41704,STOCKYARD PLAIN,SA
41753,TAYLORVILLE,SA
41754,TAYLORVILLE STATION,SA
41857,WAIKERIE,SA
41962,WIGLEY FLAT,SA
42036,WOOLPUNDA,SA
41882,WAPPILKA,SA
42081,YINKANIE,SA
41743,TAPLAN,SA
42020,WONUARRA,SA
42062,YAMBA,SA
42063,YAMBA,SA
41994,WINKIE,SA
41976,WILLIAMSTOWN,SA
41707,STONE WELL,SA
41740,TANUNDA,SA
41851,VINE VALE,SA
41726,SUNNYDALE,SA
41804,TOWITTA,SA
41732,SWAN REACH,SA
41702,STOCKWELL,SA
41810,TRURO,SA
41963,WIGLEY FLAT,SA
41758,TEMPLERS,SA
41730,SUTHERLANDS,SA
42043,WORLDS END,SA
42044,WORLDS END CREEK,SA
41900,WASLEYS,SA
42038,WOOLSHEDS,SA
41701,STOCKPORT,SA
41748,TARLEE,SA
42037,WOOLSHED FLAT,SA
41749,TARNMA,SA
41801,TOTHILL BELT,SA
41802,TOTHILL CREEK,SA
41904,WATERLOO,SA
41720,STURT VALE,SA
41887,WARNES,SA
41822,ULOOLOO,SA
41971,WILLALO,SA
42019,WONNA,SA
41960,WHYTE YARCOWIE,SA
41763,TEROWIE,SA
41725,SUNNYBRAE,SA
41819,UCOLTA,SA
41889,WAROONEE,SA
42074,YATINA,SA
41747,TARCOWIE,SA
41868,WALLAWAY,SA
41870,WALLOWAY,SA
41983,WILLOWIE,SA
42060,YALPARA,SA
41778,THREE CREEKS,SA
41965,WILCOWIE,SA
41977,WILLIPPA,SA
42010,WITCHITIE,SA
42069,YANYARRIE,SA
41978,WILLOCHRA,SA
42071,YARRAH,SA
41836,UPALINNA,SA
41982,WILLOW SPRINGS,SA
42046,WORUMBA,SA
41760,TEPCO STATION,SA
41785,TIKALINA,SA
41856,WADNAMINGA,SA
41913,WAUKARINGA,SA
41918,WEEKEROO,SA
41961,WIAWERA,SA
41995,WINNININNIE,SA
42016,WOMPINIE,SA
42072,YARRAMBA,SA
42091,YUNTA,SA
41827,UNDALYA,SA
41906,WATERVALE,SA
41899,WASHPOOL,SA
41703,STOCKYARD CREEK,SA
41709,STOW,SA
41902,WATCHMAN,SA
41950,WHITWARTA,SA
42054,YACKA,SA
41706,STONE HUT,SA
42001,WIRRABARA,SA
42018,WONGYARRA,SA
41926,WEPOWIE,SA
41990,WILMINGTON,SA
41929,WEST BUNDALEER,SA
42082,YONGALA,SA
41919,WEEROONA ISLAND,SA
41775,THOMPSON BEACH,SA
41817,TWO WELLS,SA
41916,WEBB BEACH,SA
41967,WILD HORSE PLAINS,SA
41991,WINDSOR,SA
42013,WOKURNA,SA
41885,WARD HILL,SA
41875,WANDEARAH,SA
41876,WANDEARAH EAST,SA
41877,WANDEARAH WEST,SA
41757,TELOWIE,SA
41886,WARNERTOWN,SA
41728,SUNNYVALE,SA
41779,THRINGTON,SA
41773,THOMAS PLAIN,SA
41774,THOMAS PLAINS,SA
41866,WALLAROO MINES,SA
41973,WILLAMULKA,SA
41782,TICKERA,SA
41999,WINULTA,SA
41865,WALLAROO,SA
41867,WALLAROO PLAIN,SA
41883,WARBURTO,SA
42078,YELTA,SA
42000,WINULTA,SA
41783,TIDDY WIDDY BEACH,SA
41840,URANIA,SA
41914,WAURALTEE,SA
41920,WEETULTA,SA
42083,YORKE VALLEY,SA
41766,THE PINES,SA
41944,WHITE HUT,SA
42035,WOOL BAY,SA
42084,YORKETOWN,SA
41767,THE PINES,SA
41888,WAROOKA,SA
41722,SULTANA POINT,SA
41951,WHYALLA,SA
41953,WHYALLA DC,SA
41958,WHYALLA PLAYFORD,SA
41952,WHYALLA BARSON,SA
41848,VERRAN,SA
41941,WHARMINDA,SA
41813,TUMBY BAY,SA
41917,WEDGE ISLAND,SA
41721,SULLIVAN,SA
41781,TIATUKIA,SA
41791,TOOLIGIE,SA
41795,TOOTENILLA,SA
41811,TULKA,SA
41812,TULKA NORTH,SA
41820,ULEY,SA
41829,UNGARRA,SA
41846,VENUS BAY,SA
41879,WANGARY,SA
41881,WANILLA,SA
41890,WARRACHIE,SA
41896,WARROW,SA
41898,WARUNDA,SA
41947,WHITES FLAT,SA
41948,WHITES RIVER,SA
42059,YALLUNDA FLAT,SA
41955,WHYALLA NORRIE,SA
41956,WHYALLA NORRIE EAST,SA
41957,WHYALLA NORRIE NORTH,SA
41959,WHYALLA STUART,SA
41954,WHYALLA JENKINS,SA
42076,YEELANNA,SA
41823,ULYERRA,SA
41855,WADDIKEE,SA
41964,WILCHERRY,SA
42057,YALANDA,SA
42079,YELTANA,SA
41893,WARRAMBOO,SA
42048,WUDINNA,SA
42065,YANINEE,SA
41864,WALLALA,SA
42006,WIRRULLA,SA
42068,YANTANABIE,SA
41738,TALIA,SA
41824,ULYERRA,SA
41818,TYRINGA,SA
42011,WITERA,SA
41711,STREAKY BAY,SA
41936,WESTALL,SA
42064,YANERBIE,SA
41772,THEVENARD,SA
41842,UWORRA,SA
41874,WANDANA,SA
41908,WATRABA,SA
41946,WHITE WELL CORNER,SA
42058,YALATA,SA
42077,YELLABINNA,SA
42089,YUMBARRA,SA
41872,WAMI KATA,SA
41984,WILLSDEN,SA
41996,WINNINOWIE,SA
41745,TARCOOLA,SA
42041,WOOLUNDUNGA,SA
41700,STIRLING NORTH,SA
41746,TARCOOLA,SA
41869,WALLERBERDINA,SA
41969,WILKATANA STATION,SA
41997,WINTABATINYANA,SA
42055,YADLAMALKA,SA
41897,WARTAKA,SA
42061,YALYMBOO,SA
42087,YUDNAPINNA,SA
41780,THURLGA,SA
41835,UNO,SA
42070,YARDEA,SA
41968,WILGENA,SA
42002,WIRRAMINNA,SA
41715,STUARTS CREEK,SA
42042,WOOMERA,SA
41975,WILLIAM CREEK,SA
41998,WINTINNA,SA
41921,WELBOURN HILL,SA
41894,WARRAWEENA,SA
42003,WIRREALPA,SA
41713,STRZELECKI DESERT,SA
42009,WITCHELINA,SA
41825,UMBERATANA,SA
41927,WERTALOONA,SA
42039,WOOLTANA,SA
42067,YANKANINNA,SA
41788,TODMORDEN,SA
42012,WITJIRA,SA
51809,WEST PERTH,WA
51806,WEST LEEDERVILLE,WA
51790,WEMBLEY,WA
51873,WOODLANDS,WA
51792,WEMBLEY DOWNS,WA
51770,WATERMANS BAY,WA
51765,WARWICK,WA
51876,WOODVALE,WA
51903,YANCHEP,WA
51836,WILBINGA,WA
51875,WOODRIDGE,WA
51777,WEDGE ISLAND,WA
51815,WEST SWAN,WA
51714,VIVEASH,WA
51872,WOODBRIDGE,WA
51927,YOKINE,WA
51928,YOKINE SOUTH,WA
51819,WESTMINSTER,WA
51744,WANGARA,WA
51745,WANGARA DC,WA
51749,WANNEROO,WA
51826,WHITEMAN,WA
51700,UPPER SWAN,WA
51728,WALLISTON,WA
51729,WALLISTON DC,WA
51735,WALYUNGA NATIONAL PARK,WA
51709,VICTORIA PARK,WA
51787,WELSHPOOL,WA
51788,WELSHPOOL DC,WA
51773,WATTLE GROVE,WA
51850,WILSON,WA
51818,WESTFIELD,WA
51887,WUNGONG,WA
51823,WHITBY,WA
51858,WINTHROP,WA
51768,WATERFORD,WA
51844,WILLETTON,WA
51841,WILLAGEE,WA
51842,WILLAGEE CENTRAL,WA
51824,WHITE GUM VALLEY,WA
51906,YANGEBUP,WA
51774,WATTLEUP,WA
51740,WANDI,WA
51722,WAIKIKI,WA
51758,WARNBRO,WA
51782,WELLARD,WA
51827,WHITTAKER,WA
51812,WEST PINJARRA,WA
51748,WANNANUP,WA
51799,WEST COOLUP,WA
51719,WAGERUP,WA
51760,WAROONA,WA
51912,YARLOOP,WA
51753,WARAWARRUP,WA
51864,WOKALUP,WA
51884,WORSLEY,WA
51937,YOURDAMUNG LAKE,WA
51769,WATERLOO,WA
51703,USHER,WA
51713,VITTORIA,WA
51860,WITHERS,WA
51783,WELLESLEY,WA
51784,WELLINGTON FOREST,WA
51785,WELLINGTON MILL,WA
51895,YABBERUP,WA
51837,WILGA,WA
51838,WILGA WEST,WA
51857,WINNEJUP,WA
51741,WANDILLUP,WA
51933,YORNUP,WA
51701,UPPER WARREN,WA
51839,WILGARRUP,WA
51907,YANMAH,WA
51915,YEAGARUP,WA
51855,WINDY HARBOUR,WA
51926,YOGANUP,WA
51708,VASSE,WA
51733,WALSALL,WA
51796,WEST BUSSELTON,WA
51852,WILYABRUP,WA
51869,WONNERUP,WA
51902,YALYALUP,WA
51921,YELVERTON,WA
51929,YOONGARILLUP,WA
51900,YALLINGUP,WA
51901,YALLINGUP SIDING,WA
51918,YEBBLE,WA
51859,WITCHCLIFFE,WA
51759,WARNER GLEN,WA
51835,WILBERFORCE,WA
51930,YORK,WA
51817,WESTDALE,WA
51739,WANDERING,WA
51811,WEST PINGELLY,WA
51813,WEST POPANYINNING,WA
51755,WARDERING,WA
51932,YORNANING,WA
51925,YILLIMINNING,WA
51721,WAGIN,WA
51778,WEDGECARRUP,WA
51821,WESTWOOD,WA
51871,WOODANILLING,WA
51751,WANSBROUGH,WA
51877,WOOGENELLUP,WA
51786,WELLSTEAD,WA
51706,VANCOUVER PENINSULA,WA
51731,WALMSLEY,WA
51764,WARRENUP,WA
51797,WEST CAPE HOWE,WA
51849,WILLYUNG,WA
51896,YAKAMIA,WA
51936,YOUNGS SIDING,WA
51846,WILLIAM BAY,WA
51801,WEST FITZGERALD,WA
51814,WEST RIVER,WA
51707,VARLEY,WA
51736,WALYURIN,WA
51715,WADDERIN,WA
51802,WEST HOLLETON,WA
51879,WOOLOCUTTY,WA
51831,WICKEPIN,WA
51863,WOGOLIN,WA
51917,YEALERING,WA
51737,WAMENUSKING,WA
51934,YOTING,WA
51888,WURAMING,WA
51847,WILLIAMS,WA
51732,WALPOLE,WA
51866,WONGAMINE,WA
51756,WARDING EAST,WA
51718,WAEEL,WA
51767,WATERCARRIN,WA
51892,WYOLA,WA
51893,WYOLA WEST,WA
51935,YOUNDEGIN,WA
51931,YORKRAKINE,WA
51911,YARDING,WA
51763,WARRALAKIN,WA
51724,WALGOOLAN,WA
51761,WARRACHUPPIN,WA
51820,WESTONIA,WA
51920,YELLOWDINE,WA
51711,VICTORIA ROCK,WA
51727,WALLAROO,WA
51804,WEST KALGOORLIE,WA
51805,WEST LAMINGTON,WA
51848,WILLIAMSTOWN,WA
51924,YILKARI,WA
51754,WARBURTON,WA
51712,VICTORY HEIGHTS,WA
51939,ZANTHUS,WA
51833,WIDGIEMOOLTHA,WA
51862,WITTENOOM HILLS,WA
51794,WEST BEACH,WA
51854,WINDABOUT,WA
51734,WALYORMOURING,WA
51828,WIALKI,WA
51780,WELBUNGIN,WA
51775,WATTONING,WA
51840,WILGOYNE,WA
51889,WYALKATCHEM,WA
51919,YELBENI,WA
51743,WANERIE,WA
51916,YEAL,WA
51747,WANNAMAL,WA
51914,YATHROO,WA
51716,WADDINGTON,WA
51909,YARAWINDAH,WA
51723,WALEBING,WA
51771,WATHEROO,WA
51717,WADDY FOREST,WA
51853,WINCHESTER,WA
51762,WARRADARGE,WA
51865,WOMARDEN,WA
51904,YANDANOOKA,WA
51913,YARRAGADEE,WA
51910,YARDARINO,WA
51725,WALKAWAY,WA
51704,UTAKARRA,WA
51720,WAGGRAKINE,WA
51742,WANDINA,WA
51776,WEBBERTON,WA
51800,WEST END,WA
51870,WONTHELLA,WA
51882,WOORREE,WA
51705,VALENTINE,WA
51738,WANDANA,WA
51795,WEST BINNU,WA
51825,WHITE PEAK,WA
51829,WICHERINA,WA
51830,WICHERINA SOUTH,WA
51923,YETNA,WA
51938,YUNA,WA
51899,YALLABATHARRA,WA
51940,ZUYTDORP,WA
51702,USELESS LOOP,WA
51881,WOOROLOO,WA
51886,WUNDOWIE,WA
51883,WOOTTATING,WA
51816,WEST TOODYAY,WA
51772,WATTENING,WA
51890,WYENING,WA
51922,YERECOIN,WA
51867,WONGAN HILLS,WA
51793,WEST BALLIDU,WA
51894,XANTIPPE,WA
51885,WUBIN,WA
51798,WEST CASUARINAS,WA
51868,WONGOONDY,WA
51878,WOOLGORONG,WA
51898,YALGOO,WA
51781,WELD RANGE,WA
51851,WILUNA,WA
51874,WOODLEIGH,WA
51880,WOORAMEL,WA
51897,YALARDY,WA
51905,YANDOO CREEK,WA
51808,WEST LYONS RIVER,WA
51908,YANNARIE,WA
51822,WHIM CREEK,WA
51832,WICKHAM,WA
51726,WALLAREENYA,WA
51779,WEDGEFIELD,WA
51766,WATERBANK,WA
51843,WILLARE,WA
51891,WYNDHAM,WA
51757,WARMUN,WA
51834,WIJILAWARRIM,WA
51861,WITTENOOM,WA
51803,WEST ISLAND COCOS (KEELING) ISLANDS,WA
51810,WEST PERTH,WA
51807,WEST LEEDERVILLE,WA
51791,WEMBLEY,WA
51730,WALLISTON DC,WA
51750,WANNEROO,WA
51746,WANGARA DC,WA
51845,WILLETTON,WA
51710,VICTORIA PARK,WA
51789,WELSHPOOL DC,WA
60791,WILBURVILLE,TAS
60802,WOODSTOCK,TAS
60787,WHITEFOORD,TAS
60800,WOODBURY,TAS
60801,WOODSDALE,TAS
60809,YORK PLAINS,TAS
60782,WESTERWAY,TAS
60799,WOODBRIDGE,TAS
60785,WHITE BEACH,TAS
60781,WESTERN JUNCTION,TAS
60811,YOUNGTOWN,TAS
60784,WEYMOUTH,TAS
60794,WINDERMERE,TAS
60804,WYENA,TAS
60788,WHITEMARK,TAS
60795,WINGAROO,TAS
60790,WICKHAM,TAS
60806,YAMBACOONA,TAS
60807,YARRA CREEK,TAS
60786,WHITE HILLS,TAS
60797,WINNALEAH,TAS
60810,YORK TOWN,TAS
60796,WINKLEIGH,TAS
60783,WESTWOOD,TAS
60779,WESTBURY,TAS
60789,WHITEMORE,TAS
60780,WESTERN CREEK,TAS
60792,WILMOT,TAS
60778,WEST ULVERSTONE,TAS
60798,WIVENHOE,TAS
60793,WILTSHIRE,TAS
60777,WEST TAKONE,TAS
60805,WYNYARD,TAS
60808,YOLLA,TAS
60803,WOOLNORTH,TAS
60812,ZEEHAN,TAS
23451,WORLD TRADE CENTRE,VIC
14636,SYDNEY SOUTH,NSW
14636,SYDNEY SOUTH,NSW
14784,THE ROCKS,NSW
14784,THE ROCKS,NSW
15470,WORLD SQUARE,NSW
15470,WORLD SQUARE,NSW
14980,ULTIMO,NSW
14980,ULTIMO,NSW
14712,TAYLOR SQUARE,NSW
14712,TAYLOR SQUARE,NSW
15455,WOOLLOOMOOLOO,NSW
15455,WOOLLOOMOOLOO,NSW
15195,WATERLOO,NSW
15195,WATERLOO,NSW
15198,WATERLOO DC,NSW
15198,WATERLOO DC,NSW
15592,ZETLAND,NSW
15592,ZETLAND,NSW
14631,SYDNEY DOMESTIC AIRPORT,NSW
14631,SYDNEY DOMESTIC AIRPORT,NSW
14633,SYDNEY INTERNATIONAL AIRPORT,NSW
14633,SYDNEY INTERNATIONAL AIRPORT,NSW
15216,WAVERLEY,NSW
15216,WAVERLEY,NSW
15452,WOOLLAHRA,NSW
15452,WOOLLAHRA,NSW
14670,TAMARAMA,NSW
14670,TAMARAMA,NSW
15058,VAUCLUSE,NSW
15058,VAUCLUSE,NSW
15202,WATSONS BAY,NSW
15202,WATSONS BAY,NSW
14723,TEMPE,NSW
14723,TEMPE,NSW
15150,WAREEMBA,NSW
15150,WAREEMBA,NSW
15285,WESTGATE,NSW
15285,WESTGATE,NSW
14990,UNSW SYDNEY,NSW
14990,UNSW SYDNEY,NSW
15218,WAVERTON,NSW
15218,WAVERTON,NSW
15404,WOLLSTONECRAFT,NSW
15404,WOLLSTONECRAFT,NSW
15338,WILLOUGHBY,NSW
15338,WILLOUGHBY,NSW
15339,WILLOUGHBY EAST,NSW
15339,WILLOUGHBY EAST,NSW
15340,WILLOUGHBY NORTH,NSW
15340,WILLOUGHBY NORTH,NSW
15271,WEST PYMBLE,NSW
15271,WEST PYMBLE,NSW
14951,TURRAMURRA,NSW
14951,TURRAMURRA,NSW
15169,WARRAWEE,NSW
15169,WARRAWEE,NSW
15078,WAHROONGA,NSW
15078,WAHROONGA,NSW
15079,WAITARA,NSW
15079,WAITARA,NSW
14744,TERREY HILLS,NSW
14744,TERREY HILLS,NSW
15298,WHEELER HEIGHTS,NSW
15298,WHEELER HEIGHTS,NSW
15368,WINGALA,NSW
15368,WINGALA,NSW
15183,WARRINGAH MALL,NSW
15183,WARRINGAH MALL,NSW
15178,WARRIEWOOD,NSW
15178,WARRIEWOOD,NSW
15179,WARRIEWOOD DC,NSW
15179,WARRIEWOOD DC,NSW
15180,WARRIEWOOD SHOPPING SQUARE,NSW
15180,WARRIEWOOD SHOPPING SQUARE,NSW
14716,TAYLORS POINT,NSW
14716,TAYLORS POINT,NSW
15297,WHALE BEACH,NSW
15297,WHALE BEACH,NSW
14754,THE BASIN,NSW
14754,THE BASIN,NSW
15461,WOOLWICH,NSW
15461,WOOLWICH,NSW
14728,TENNYSON POINT,NSW
14728,TENNYSON POINT,NSW
15272,WEST RYDE,NSW
15272,WEST RYDE,NSW
14720,TELOPEA,NSW
14720,TELOPEA,NSW
14802,THORNLEIGH,NSW
14802,THORNLEIGH,NSW
15286,WESTLEIGH,NSW
15286,WESTLEIGH,NSW
15270,WEST PENNANT HILLS,NSW
15270,WEST PENNANT HILLS,NSW
14635,SYDNEY OLYMPIC PARK,NSW
14635,SYDNEY OLYMPIC PARK,NSW
15245,WENTWORTH POINT,NSW
15245,WENTWORTH POINT,NSW
14634,SYDNEY MARKETS,NSW
14634,SYDNEY MARKETS,NSW
15247,WENTWORTHVILLE,NSW
15247,WENTWORTHVILLE,NSW
15287,WESTMEAD,NSW
15287,WESTMEAD,NSW
14865,TOONGABBIE,NSW
14865,TOONGABBIE,NSW
14866,TOONGABBIE EAST,NSW
14866,TOONGABBIE EAST,NSW
15374,WINSTON HILLS,NSW
15374,WINSTON HILLS,NSW
15571,YENNORA,NSW
15571,YENNORA,NSW
15062,VILLAWOOD,NSW
15062,VILLAWOOD,NSW
15291,WETHERILL PARK,NSW
15291,WETHERILL PARK,NSW
15293,WETHERILL PARK BC,NSW
15293,WETHERILL PARK BC,NSW
15437,WOODPARK,NSW
15437,WOODPARK,NSW
15189,WARWICK FARM,NSW
15189,WARWICK FARM,NSW
15267,WEST HOXTON,NSW
15267,WEST HOXTON,NSW
15067,VOYAGER POINT,NSW
15067,VOYAGER POINT,NSW
15208,WATTLE GROVE,NSW
15208,WATTLE GROVE,NSW
15082,WAKELEY,NSW
15082,WAKELEY,NSW
15246,WENTWORTH PORT,NSW
15246,WENTWORTH PORT,NSW
15327,WILEY PARK,NSW
15327,WILEY PARK,NSW
15508,YAGOONA,NSW
15508,YAGOONA,NSW
15509,YAGOONA WEST,NSW
15509,YAGOONA WEST,NSW
14953,TURRELLA,NSW
14953,TURRELLA,NSW
15394,WOLLI CREEK,NSW
15394,WOLLI CREEK,NSW
14985,UNDERCLIFFE,NSW
14985,UNDERCLIFFE,NSW
14642,SYLVANIA,NSW
14642,SYLVANIA,NSW
14643,SYLVANIA SOUTHGATE,NSW
14643,SYLVANIA SOUTHGATE,NSW
14644,SYLVANIA WATERS,NSW
14644,SYLVANIA WATERS,NSW
15586,YOWIE BAY,NSW
15586,YOWIE BAY,NSW
14700,TAREN POINT,NSW
14700,TAREN POINT,NSW
15187,WARUMBUL,NSW
15187,WARUMBUL,NSW
15459,WOOLOOWARE,NSW
15459,WOOLOOWARE,NSW
14979,ULOOLA,NSW
14979,ULOOLA,NSW
15204,WATTAMOLLA,NSW
15204,WATTAMOLLA,NSW
15472,WORONORA,NSW
15472,WORONORA,NSW
15567,YENABILLI,NSW
15567,YENABILLI,NSW
15194,WATERFALL,NSW
15194,WATERFALL,NSW
15474,WORONORA HEIGHTS,NSW
15474,WORONORA HEIGHTS,NSW
15546,YARRAWARRAH,NSW
15546,YARRAWARRAH,NSW
14708,TASCOTT,NSW
14708,TASCOTT,NSW
14724,TEN MILE HOLLOW,NSW
14724,TEN MILE HOLLOW,NSW
15019,UPPER MANGROVE,NSW
15019,UPPER MANGROVE,NSW
15242,WENDOREE PARK,NSW
15242,WENDOREE PARK,NSW
15265,WEST GOSFORD,NSW
15265,WEST GOSFORD,NSW
15499,WYOMING,NSW
15499,WYOMING,NSW
15558,YATTALUNGA,NSW
15558,YATTALUNGA,NSW
15417,WONDABYNE,NSW
15417,WONDABYNE,NSW
15478,WOY WOY,NSW
15478,WOY WOY,NSW
15479,WOY WOY BAY,NSW
15479,WOY WOY BAY,NSW
14981,UMINA BEACH,NSW
14981,UMINA BEACH,NSW
15077,WAGSTAFFE,NSW
15077,WAGSTAFFE,NSW
14650,TACOMA,NSW
14650,TACOMA,NSW
14651,TACOMA SOUTH,NSW
14651,TACOMA SOUTH,NSW
14919,TUGGERAH,NSW
14919,TUGGERAH,NSW
14920,TUGGERAWONG,NSW
14920,TUGGERAWONG,NSW
15068,WADALBA,NSW
15068,WADALBA,NSW
15105,WALLARAH,NSW
15105,WALLARAH,NSW
15158,WARNERVALE,NSW
15158,WARNERVALE,NSW
15193,WATANOBBI,NSW
15193,WATANOBBI,NSW
15464,WOONGARRAH,NSW
15464,WOONGARRAH,NSW
15491,WYBUNG,NSW
15491,WYBUNG,NSW
15492,WYEE,NSW
15492,WYEE,NSW
15493,WYEE POINT,NSW
15493,WYEE POINT,NSW
15500,WYONG,NSW
15500,WYONG,NSW
15501,WYONG CREEK,NSW
15501,WYONG CREEK,NSW
15502,WYONGAH,NSW
15502,WYONGAH,NSW
15535,YARRAMALONG,NSW
15535,YARRAMALONG,NSW
14745,TERRIGAL,NSW
14745,TERRIGAL,NSW
15122,WAMBERAL,NSW
15122,WAMBERAL,NSW
14761,THE ENTRANCE,NSW
14761,THE ENTRANCE,NSW
14762,THE ENTRANCE NORTH,NSW
14762,THE ENTRANCE NORTH,NSW
14876,TOOWOON BAY,NSW
14876,TOOWOON BAY,NSW
14931,TUMBI UMBI,NSW
14931,TUMBI UMBI,NSW
14886,TOUKLEY,NSW
14886,TOUKLEY,NSW
15359,WINDERMERE PARK,NSW
15359,WINDERMERE PARK,NSW
15548,YARRAWONGA PARK,NSW
15548,YARRAWONGA PARK,NSW
15136,WANGI WANGI,NSW
15136,WANGI WANGI,NSW
15081,WAKEFIELD,NSW
15081,WAKEFIELD,NSW
15052,VALENTINE,NSW
15052,VALENTINE,NSW
15157,WARNERS BAY,NSW
15157,WARNERS BAY,NSW
14879,TORONTO,NSW
14879,TORONTO,NSW
14732,TERALBA,NSW
14732,TERALBA,NSW
15438,WOODRISING,NSW
15438,WOODRISING,NSW
15275,WEST WALLSEND,NSW
15275,WEST WALLSEND,NSW
15116,WALLSEND,NSW
15116,WALLSEND,NSW
15117,WALLSEND DC,NSW
15117,WALLSEND DC,NSW
15118,WALLSEND SOUTH,NSW
15118,WALLSEND SOUTH,NSW
14831,TINGIRA HEIGHTS,NSW
14831,TINGIRA HEIGHTS,NSW
15307,WHITEBRIDGE,NSW
15307,WHITEBRIDGE,NSW
14772,THE JUNCTION,NSW
14772,THE JUNCTION,NSW
15318,WICKHAM,NSW
15318,WICKHAM,NSW
14817,TIGHES HILL,NSW
14817,TIGHES HILL,NSW
15143,WARATAH,NSW
15143,WARATAH,NSW
15144,WARATAH WEST,NSW
15144,WARATAH WEST,NSW
14771,THE HILL,NSW
14771,THE HILL,NSW
15142,WARABROOK,NSW
15142,WARABROOK,NSW
15353,WINDALE,NSW
15353,WINDALE,NSW
14993,UPPER ALLYN,NSW
14993,UPPER ALLYN,NSW
15333,WILLIAMTOWN RAAF,NSW
15333,WILLIAMTOWN RAAF,NSW
14714,TAYLORS BEACH,NSW
14714,TAYLORS BEACH,NSW
15332,WILLIAMTOWN,NSW
15332,WILLIAMTOWN,NSW
14680,TANILBA BAY,NSW
14680,TANILBA BAY,NSW
14822,TILLIGERRY CREEK,NSW
14822,TILLIGERRY CREEK,NSW
14718,TELARAH,NSW
14718,TELARAH,NSW
15100,WALLALONG,NSW
15100,WALLALONG,NSW
15355,WINDELLA,NSW
15355,WINDELLA,NSW
15358,WINDERMERE,NSW
15358,WINDERMERE,NSW
15386,WOERDEN,NSW
15386,WOERDEN,NSW
15446,WOODVILLE,NSW
15446,WOODVILLE,NSW
14707,TARRO,NSW
14707,TARRO,NSW
14803,THORNTON,NSW
14803,THORNTON,NSW
14846,TOMAGO,NSW
14846,TOMAGO,NSW
15423,WOODBERRY,NSW
15423,WOODBERRY,NSW
14725,TENAMBIT,NSW
14725,TENAMBIT,NSW
14652,TAHLEE,NSW
14652,TAHLEE,NSW
14717,TEA GARDENS,NSW
14717,TEA GARDENS,NSW
14960,TWELVE MILE CREEK,NSW
14960,TWELVE MILE CREEK,NSW
15108,WALLAROO,NSW
15108,WALLAROO,NSW
15192,WATAGAN,NSW
15192,WATAGAN,NSW
15396,WOLLOMBI,NSW
15396,WOLLOMBI,NSW
15513,YALLAMBIE,NSW
15513,YALLAMBIE,NSW
15569,YENGO,NSW
15569,YENGO,NSW
15570,YENGO NATIONAL PARK,NSW
15570,YENGO NATIONAL PARK,NSW
15288,WESTON,NSW
15288,WESTON,NSW
15319,WIDDEN,NSW
15319,WIDDEN,NSW
15545,YARRAWA,NSW
15545,YARRAWA,NSW
14971,UARBRY,NSW
14971,UARBRY,NSW
15155,WARKWORTH,NSW
15155,WARKWORTH,NSW
15209,WATTLE PONDS,NSW
15209,WATTLE PONDS,NSW
15279,WESTBROOK,NSW
15279,WESTBROOK,NSW
15310,WHITTINGHAM,NSW
15310,WHITTINGHAM,NSW
15393,WOLLEMI,NSW
15393,WOLLEMI,NSW
15495,WYLIES FLAT,NSW
15495,WYLIES FLAT,NSW
15490,WYBONG,NSW
15490,WYBONG,NSW
15005,UPPER DARTBROOK,NSW
15005,UPPER DARTBROOK,NSW
15027,UPPER ROUCHEL,NSW
15027,UPPER ROUCHEL,NSW
14848,TOMALLA,NSW
14848,TOMALLA,NSW
15217,WAVERLY,NSW
15217,WAVERLY,NSW
15370,WINGEN,NSW
15370,WINGEN,NSW
15458,WOOLOOMA,NSW
15458,WOOLOOMA,NSW
14827,TIMOR,NSW
14827,TIMOR,NSW
15164,WARRAH,NSW
15164,WARRAH,NSW
15165,WARRAH CREEK,NSW
15165,WARRAH CREEK,NSW
15341,WILLOW TREE,NSW
15341,WILLOW TREE,NSW
14675,TAMINDA,NSW
14675,TAMINDA,NSW
14676,TAMWORTH,NSW
14676,TAMWORTH,NSW
14677,TAMWORTH SOUTH,NSW
14677,TAMWORTH SOUTH,NSW
14826,TIMBUMBURI,NSW
14826,TIMBUMBURI,NSW
15101,WALLAMORE,NSW
15101,WALLAMORE,NSW
15167,WARRAL,NSW
15167,WARRAL,NSW
15221,WEABONGA,NSW
15221,WEABONGA,NSW
15274,WEST TAMWORTH,NSW
15274,WEST TAMWORTH,NSW
15281,WESTDALE,NSW
15281,WESTDALE,NSW
15457,WOOLOMIN,NSW
15457,WOOLOMIN,NSW
15257,WERRIS CREEK,NSW
15257,WERRIS CREEK,NSW
15090,WALHALLOW,NSW
15090,WALHALLOW,NSW
15092,WALLABADAH,NSW
15092,WALLABADAH,NSW
15166,WARRAH RIDGE,NSW
15166,WARRAH RIDGE,NSW
15365,WINDY,NSW
15365,WINDY,NSW
15523,YANNERGEE,NSW
15523,YANNERGEE,NSW
15536,YARRAMAN,NSW
15536,YARRAMAN,NSW
15375,WINTON,NSW
15375,WINTON,NSW
15020,UPPER MANILLA,NSW
15020,UPPER MANILLA,NSW
15159,WARRABAH,NSW
15159,WARRABAH,NSW
15351,WIMBORNE,NSW
15351,WIMBORNE,NSW
15421,WONGO CREEK,NSW
15421,WONGO CREEK,NSW
14797,THIRLDENE,NSW
14797,THIRLDENE,NSW
14799,THIRLOENE,NSW
14799,THIRLOENE,NSW
15012,UPPER HORTON,NSW
15012,UPPER HORTON,NSW
15441,WOODSREEF,NSW
15441,WOODSREEF,NSW
14751,THALGARRAH,NSW
14751,THALGARRAH,NSW
14820,TILBUSTER,NSW
14820,TILBUSTER,NSW
15148,WARDS MISTAKE,NSW
15148,WARDS MISTAKE,NSW
15259,WEST ARMIDALE,NSW
15259,WEST ARMIDALE,NSW
15397,WOLLOMOMBI,NSW
15397,WOLLOMOMBI,NSW
15422,WONGWIBINDA,NSW
15422,WONGWIBINDA,NSW
14988,UNIVERSITY OF NEW ENGLAND,NSW
14988,UNIVERSITY OF NEW ENGLAND,NSW
14835,TINTINHULL,NSW
14835,TINTINHULL,NSW
15033,UPPER YARROWITCH,NSW
15033,UPPER YARROWITCH,NSW
15086,WALCHA,NSW
15086,WALCHA,NSW
15087,WALCHA ROAD,NSW
15087,WALCHA ROAD,NSW
15406,WOLLUN,NSW
15406,WOLLUN,NSW
15448,WOOLBROOK,NSW
15448,WOOLBROOK,NSW
15552,YARROWITCH,NSW
15552,YARROWITCH,NSW
15203,WATSONS CREEK,NSW
15203,WATSONS CREEK,NSW
14682,TANNABAR,NSW
14682,TANNABAR,NSW
14973,ULAMAMBRI,NSW
14973,ULAMAMBRI,NSW
15211,WATTLE SPRINGS,NSW
15211,WATTLE SPRINGS,NSW
15561,YEARINAN,NSW
15561,YEARINAN,NSW
14881,TORRYBURN,NSW
14881,TORRYBURN,NSW
15036,URALLA,NSW
15036,URALLA,NSW
15553,YARROWYCK,NSW
15553,YARROWYCK,NSW
15103,WALLANGRA,NSW
15103,WALLANGRA,NSW
15130,WANDERA,NSW
15130,WANDERA,NSW
15442,WOODSTOCK,NSW
15442,WOODSTOCK,NSW
14730,TENTERDEN,NSW
14730,TENTERDEN,NSW
14768,THE GULF,NSW
14768,THE GULF,NSW
14911,TUBBAMURRA,NSW
14911,TUBBAMURRA,NSW
15132,WANDSWORTH,NSW
15132,WANDSWORTH,NSW
14830,TINGHA,NSW
14830,TINGHA,NSW
15238,WELLINGROVE,NSW
15238,WELLINGROVE,NSW
15551,YARROWFORD,NSW
15551,YARROWFORD,NSW
14729,TENT HILL,NSW
14729,TENT HILL,NSW
14880,TORRINGTON,NSW
14880,TORRINGTON,NSW
14940,TUNGSTEN,NSW
14940,TUNGSTEN,NSW
15240,WELLINGTON VALE,NSW
15240,WELLINGTON VALE,NSW
15563,YELLOW DAM,NSW
15563,YELLOW DAM,NSW
14693,TARBAN,NSW
14693,TARBAN,NSW
14731,TENTERFIELD,NSW
14731,TENTERFIELD,NSW
14787,THE SCRUB,NSW
14787,THE SCRUB,NSW
14824,TIMBARRA,NSW
14824,TIMBARRA,NSW
15344,WILLSONS DOWNFALL,NSW
15344,WILLSONS DOWNFALL,NSW
15439,WOODSIDE,NSW
15439,WOODSIDE,NSW
15494,WYLIE CREEK,NSW
15494,WYLIE CREEK,NSW
14672,TAMBAR SPRINGS,NSW
14672,TAMBAR SPRINGS,NSW
15222,WEAN,NSW
15222,WEAN,NSW
15328,WILLALA,NSW
15328,WILLALA,NSW
14777,THE PILLIGA,NSW
14777,THE PILLIGA,NSW
15227,WEE WAA,NSW
15227,WEE WAA,NSW
15549,YARRIE LAKE,NSW
15549,YARRIE LAKE,NSW
14706,TARRIARO,NSW
14706,TARRIARO,NSW
14952,TURRAWAN,NSW
14952,TURRAWAN,NSW
15231,WEETALIBA,NSW
15231,WEETALIBA,NSW
14749,THALABA,NSW
14749,THALABA,NSW
14746,TERRY HIE HIE,NSW
14746,TERRY HIE HIE,NSW
14818,TIKITERE,NSW
14818,TIKITERE,NSW
14928,TULLOONA,NSW
14928,TULLOONA,NSW
15152,WARIALDA,NSW
15152,WARIALDA,NSW
15153,WARIALDA RAIL,NSW
15153,WARIALDA RAIL,NSW
14994,UPPER BINGARA,NSW
14994,UPPER BINGARA,NSW
15309,WHITLOW,NSW
15309,WHITLOW,NSW
15230,WEEMELAH,NSW
15230,WEEMELAH,NSW
15514,YALLAROI,NSW
15514,YALLAROI,NSW
14963,TWIN RIVERS,NSW
14963,TWIN RIVERS,NSW
15580,YETMAN,NSW
15580,YETMAN,NSW
15015,UPPER KARUAH RIVER,NSW
15015,UPPER KARUAH RIVER,NSW
15234,WEISMANTELS,NSW
15234,WEISMANTELS,NSW
14645,TABBIL CREEK,NSW
14645,TABBIL CREEK,NSW
14821,TILLEGRA,NSW
14821,TILLEGRA,NSW
14984,UNDERBANK,NSW
14984,UNDERBANK,NSW
14998,UPPER CHICHESTER,NSW
14998,UPPER CHICHESTER,NSW
15106,WALLARINGA,NSW
15106,WALLARINGA,NSW
15107,WALLAROBBA,NSW
15107,WALLAROBBA,NSW
15379,WIRRAGULLA,NSW
15379,WIRRAGULLA,NSW
14841,TOCAL,NSW
14841,TOCAL,NSW
14900,TREVALLYN,NSW
14900,TREVALLYN,NSW
15050,VACY,NSW
15050,VACY,NSW
15223,WEBBERS CREEK,NSW
15223,WEBBERS CREEK,NSW
14743,TERREEL,NSW
14743,TERREEL,NSW
14813,TIBBUC,NSW
14813,TIBBUC,NSW
14840,TITAATEE CREEK,NSW
14840,TITAATEE CREEK,NSW
14921,TUGRABAKH,NSW
14921,TUGRABAKH,NSW
14995,UPPER BOWMAN,NSW
14995,UPPER BOWMAN,NSW
15102,WALLANBAH,NSW
15102,WALLANBAH,NSW
15141,WAPRA,NSW
15141,WAPRA,NSW
15149,WARDS RIVER,NSW
15149,WARDS RIVER,NSW
15215,WAUKIVORY,NSW
15215,WAUKIVORY,NSW
15378,WIRRADGURIE,NSW
15378,WIRRADGURIE,NSW
15389,WOKO,NSW
15389,WOKO,NSW
14878,TOPI TOPI,NSW
14878,TOPI TOPI,NSW
15022,UPPER MYALL,NSW
15022,UPPER MYALL,NSW
15065,VIOLET HILL,NSW
15065,VIOLET HILL,NSW
15113,WALLINGAT,NSW
15113,WALLINGAT,NSW
15133,WANG WAUK,NSW
15133,WANG WAUK,NSW
15168,WARRANULLA,NSW
15168,WARRANULLA,NSW
15336,WILLINA,NSW
15336,WILLINA,NSW
15468,WOOTTON,NSW
15468,WOOTTON,NSW
15507,YAGON,NSW
15507,YAGON,NSW
14838,TIRI,NSW
14838,TIRI,NSW
14757,THE BRANCH,NSW
14757,THE BRANCH,NSW
15190,WASHPOOL,NSW
15190,WASHPOOL,NSW
14694,TARBUCK BAY,NSW
14694,TARBUCK BAY,NSW
14836,TIONA,NSW
14836,TIONA,NSW
14938,TUNCURRY,NSW
14938,TUNCURRY,NSW
15115,WALLIS LAKE,NSW
15115,WALLIS LAKE,NSW
15312,WHOOTA,NSW
15312,WHOOTA,NSW
14636,SYDNEY SOUTH,NSW
14636,SYDNEY SOUTH,NSW
14784,THE ROCKS,NSW
14784,THE ROCKS,NSW
15470,WORLD SQUARE,NSW
15470,WORLD SQUARE,NSW
14980,ULTIMO,NSW
14980,ULTIMO,NSW
14712,TAYLOR SQUARE,NSW
14712,TAYLOR SQUARE,NSW
15455,WOOLLOOMOOLOO,NSW
15455,WOOLLOOMOOLOO,NSW
15195,WATERLOO,NSW
15195,WATERLOO,NSW
15198,WATERLOO DC,NSW
15198,WATERLOO DC,NSW
15592,ZETLAND,NSW
15592,ZETLAND,NSW
14631,SYDNEY DOMESTIC AIRPORT,NSW
14631,SYDNEY DOMESTIC AIRPORT,NSW
14633,SYDNEY INTERNATIONAL AIRPORT,NSW
14633,SYDNEY INTERNATIONAL AIRPORT,NSW
15216,WAVERLEY,NSW
15216,WAVERLEY,NSW
15452,WOOLLAHRA,NSW
15452,WOOLLAHRA,NSW
14670,TAMARAMA,NSW
14670,TAMARAMA,NSW
15058,VAUCLUSE,NSW
15058,VAUCLUSE,NSW
15202,WATSONS BAY,NSW
15202,WATSONS BAY,NSW
14723,TEMPE,NSW
14723,TEMPE,NSW
15150,WAREEMBA,NSW
15150,WAREEMBA,NSW
15285,WESTGATE,NSW
15285,WESTGATE,NSW
14990,UNSW SYDNEY,NSW
14990,UNSW SYDNEY,NSW
15218,WAVERTON,NSW
15218,WAVERTON,NSW
15404,WOLLSTONECRAFT,NSW
15404,WOLLSTONECRAFT,NSW
15338,WILLOUGHBY,NSW
15338,WILLOUGHBY,NSW
15339,WILLOUGHBY EAST,NSW
15339,WILLOUGHBY EAST,NSW
15340,WILLOUGHBY NORTH,NSW
15340,WILLOUGHBY NORTH,NSW
15271,WEST PYMBLE,NSW
15271,WEST PYMBLE,NSW
14951,TURRAMURRA,NSW
14951,TURRAMURRA,NSW
15169,WARRAWEE,NSW
15169,WARRAWEE,NSW
15078,WAHROONGA,NSW
15078,WAHROONGA,NSW
15079,WAITARA,NSW
15079,WAITARA,NSW
14744,TERREY HILLS,NSW
14744,TERREY HILLS,NSW
15298,WHEELER HEIGHTS,NSW
15298,WHEELER HEIGHTS,NSW
15368,WINGALA,NSW
15368,WINGALA,NSW
15183,WARRINGAH MALL,NSW
15183,WARRINGAH MALL,NSW
15178,WARRIEWOOD,NSW
15178,WARRIEWOOD,NSW
15179,WARRIEWOOD DC,NSW
15179,WARRIEWOOD DC,NSW
15180,WARRIEWOOD SHOPPING SQUARE,NSW
15180,WARRIEWOOD SHOPPING SQUARE,NSW
14716,TAYLORS POINT,NSW
14716,TAYLORS POINT,NSW
15297,WHALE BEACH,NSW
15297,WHALE BEACH,NSW
14754,THE BASIN,NSW
14754,THE BASIN,NSW
15461,WOOLWICH,NSW
15461,WOOLWICH,NSW
14728,TENNYSON POINT,NSW
14728,TENNYSON POINT,NSW
15272,WEST RYDE,NSW
15272,WEST RYDE,NSW
14720,TELOPEA,NSW
14720,TELOPEA,NSW
14802,THORNLEIGH,NSW
14802,THORNLEIGH,NSW
15286,WESTLEIGH,NSW
15286,WESTLEIGH,NSW
15270,WEST PENNANT HILLS,NSW
15270,WEST PENNANT HILLS,NSW
14635,SYDNEY OLYMPIC PARK,NSW
14635,SYDNEY OLYMPIC PARK,NSW
15245,WENTWORTH POINT,NSW
15245,WENTWORTH POINT,NSW
14634,SYDNEY MARKETS,NSW
14634,SYDNEY MARKETS,NSW
15247,WENTWORTHVILLE,NSW
15247,WENTWORTHVILLE,NSW
15287,WESTMEAD,NSW
15287,WESTMEAD,NSW
14865,TOONGABBIE,NSW
14865,TOONGABBIE,NSW
14866,TOONGABBIE EAST,NSW
14866,TOONGABBIE EAST,NSW
15374,WINSTON HILLS,NSW
15374,WINSTON HILLS,NSW
15571,YENNORA,NSW
15571,YENNORA,NSW
15062,VILLAWOOD,NSW
15062,VILLAWOOD,NSW
15291,WETHERILL PARK,NSW
15291,WETHERILL PARK,NSW
15293,WETHERILL PARK BC,NSW
15293,WETHERILL PARK BC,NSW
15437,WOODPARK,NSW
15437,WOODPARK,NSW
15189,WARWICK FARM,NSW
15189,WARWICK FARM,NSW
15267,WEST HOXTON,NSW
15267,WEST HOXTON,NSW
15067,VOYAGER POINT,NSW
15067,VOYAGER POINT,NSW
15208,WATTLE GROVE,NSW
15208,WATTLE GROVE,NSW
15082,WAKELEY,NSW
15082,WAKELEY,NSW
15246,WENTWORTH PORT,NSW
15246,WENTWORTH PORT,NSW
15327,WILEY PARK,NSW
15327,WILEY PARK,NSW
15508,YAGOONA,NSW
15508,YAGOONA,NSW
15509,YAGOONA WEST,NSW
15509,YAGOONA WEST,NSW
14953,TURRELLA,NSW
14953,TURRELLA,NSW
15394,WOLLI CREEK,NSW
15394,WOLLI CREEK,NSW
14985,UNDERCLIFFE,NSW
14985,UNDERCLIFFE,NSW
14642,SYLVANIA,NSW
14642,SYLVANIA,NSW
14643,SYLVANIA SOUTHGATE,NSW
14643,SYLVANIA SOUTHGATE,NSW
14644,SYLVANIA WATERS,NSW
14644,SYLVANIA WATERS,NSW
15586,YOWIE BAY,NSW
15586,YOWIE BAY,NSW
14700,TAREN POINT,NSW
14700,TAREN POINT,NSW
15187,WARUMBUL,NSW
15187,WARUMBUL,NSW
15459,WOOLOOWARE,NSW
15459,WOOLOOWARE,NSW
14979,ULOOLA,NSW
14979,ULOOLA,NSW
15204,WATTAMOLLA,NSW
15204,WATTAMOLLA,NSW
15472,WORONORA,NSW
15472,WORONORA,NSW
15567,YENABILLI,NSW
15567,YENABILLI,NSW
15194,WATERFALL,NSW
15194,WATERFALL,NSW
15474,WORONORA HEIGHTS,NSW
15474,WORONORA HEIGHTS,NSW
15546,YARRAWARRAH,NSW
15546,YARRAWARRAH,NSW
14708,TASCOTT,NSW
14708,TASCOTT,NSW
14724,TEN MILE HOLLOW,NSW
14724,TEN MILE HOLLOW,NSW
15019,UPPER MANGROVE,NSW
15019,UPPER MANGROVE,NSW
15242,WENDOREE PARK,NSW
15242,WENDOREE PARK,NSW
15265,WEST GOSFORD,NSW
15265,WEST GOSFORD,NSW
15499,WYOMING,NSW
15499,WYOMING,NSW
15558,YATTALUNGA,NSW
15558,YATTALUNGA,NSW
15417,WONDABYNE,NSW
15417,WONDABYNE,NSW
15478,WOY WOY,NSW
15478,WOY WOY,NSW
15479,WOY WOY BAY,NSW
15479,WOY WOY BAY,NSW
14981,UMINA BEACH,NSW
14981,UMINA BEACH,NSW
15077,WAGSTAFFE,NSW
15077,WAGSTAFFE,NSW
14650,TACOMA,NSW
14650,TACOMA,NSW
14651,TACOMA SOUTH,NSW
14651,TACOMA SOUTH,NSW
14919,TUGGERAH,NSW
14919,TUGGERAH,NSW
14920,TUGGERAWONG,NSW
14920,TUGGERAWONG,NSW
15068,WADALBA,NSW
15068,WADALBA,NSW
15105,WALLARAH,NSW
15105,WALLARAH,NSW
15158,WARNERVALE,NSW
15158,WARNERVALE,NSW
15193,WATANOBBI,NSW
15193,WATANOBBI,NSW
15464,WOONGARRAH,NSW
15464,WOONGARRAH,NSW
15491,WYBUNG,NSW
15491,WYBUNG,NSW
15492,WYEE,NSW
15492,WYEE,NSW
15493,WYEE POINT,NSW
15493,WYEE POINT,NSW
15500,WYONG,NSW
15500,WYONG,NSW
15501,WYONG CREEK,NSW
15501,WYONG CREEK,NSW
15502,WYONGAH,NSW
15502,WYONGAH,NSW
15535,YARRAMALONG,NSW
15535,YARRAMALONG,NSW
14745,TERRIGAL,NSW
14745,TERRIGAL,NSW
15122,WAMBERAL,NSW
15122,WAMBERAL,NSW
14761,THE ENTRANCE,NSW
14761,THE ENTRANCE,NSW
14762,THE ENTRANCE NORTH,NSW
14762,THE ENTRANCE NORTH,NSW
14876,TOOWOON BAY,NSW
14876,TOOWOON BAY,NSW
14931,TUMBI UMBI,NSW
14931,TUMBI UMBI,NSW
14886,TOUKLEY,NSW
14886,TOUKLEY,NSW
15359,WINDERMERE PARK,NSW
15359,WINDERMERE PARK,NSW
15548,YARRAWONGA PARK,NSW
15548,YARRAWONGA PARK,NSW
15136,WANGI WANGI,NSW
15136,WANGI WANGI,NSW
15081,WAKEFIELD,NSW
15081,WAKEFIELD,NSW
15052,VALENTINE,NSW
15052,VALENTINE,NSW
15157,WARNERS BAY,NSW
15157,WARNERS BAY,NSW
14879,TORONTO,NSW
14879,TORONTO,NSW
14732,TERALBA,NSW
14732,TERALBA,NSW
15438,WOODRISING,NSW
15438,WOODRISING,NSW
15275,WEST WALLSEND,NSW
15275,WEST WALLSEND,NSW
15116,WALLSEND,NSW
15116,WALLSEND,NSW
15117,WALLSEND DC,NSW
15117,WALLSEND DC,NSW
15118,WALLSEND SOUTH,NSW
15118,WALLSEND SOUTH,NSW
14831,TINGIRA HEIGHTS,NSW
14831,TINGIRA HEIGHTS,NSW
15307,WHITEBRIDGE,NSW
15307,WHITEBRIDGE,NSW
14772,THE JUNCTION,NSW
14772,THE JUNCTION,NSW
15318,WICKHAM,NSW
15318,WICKHAM,NSW
14817,TIGHES HILL,NSW
14817,TIGHES HILL,NSW
15143,WARATAH,NSW
15143,WARATAH,NSW
15144,WARATAH WEST,NSW
15144,WARATAH WEST,NSW
14771,THE HILL,NSW
14771,THE HILL,NSW
15142,WARABROOK,NSW
15142,WARABROOK,NSW
15353,WINDALE,NSW
15353,WINDALE,NSW
14993,UPPER ALLYN,NSW
14993,UPPER ALLYN,NSW
15333,WILLIAMTOWN RAAF,NSW
15333,WILLIAMTOWN RAAF,NSW
14714,TAYLORS BEACH,NSW
14714,TAYLORS BEACH,NSW
15332,WILLIAMTOWN,NSW
15332,WILLIAMTOWN,NSW
14680,TANILBA BAY,NSW
14680,TANILBA BAY,NSW
14822,TILLIGERRY CREEK,NSW
14822,TILLIGERRY CREEK,NSW
14718,TELARAH,NSW
14718,TELARAH,NSW
15100,WALLALONG,NSW
15100,WALLALONG,NSW
15355,WINDELLA,NSW
15355,WINDELLA,NSW
15358,WINDERMERE,NSW
15358,WINDERMERE,NSW
15386,WOERDEN,NSW
15386,WOERDEN,NSW
15446,WOODVILLE,NSW
15446,WOODVILLE,NSW
14707,TARRO,NSW
14707,TARRO,NSW
14803,THORNTON,NSW
14803,THORNTON,NSW
14846,TOMAGO,NSW
14846,TOMAGO,NSW
15423,WOODBERRY,NSW
15423,WOODBERRY,NSW
14725,TENAMBIT,NSW
14725,TENAMBIT,NSW
14652,TAHLEE,NSW
14652,TAHLEE,NSW
14717,TEA GARDENS,NSW
14717,TEA GARDENS,NSW
14960,TWELVE MILE CREEK,NSW
14960,TWELVE MILE CREEK,NSW
15108,WALLAROO,NSW
15108,WALLAROO,NSW
15192,WATAGAN,NSW
15192,WATAGAN,NSW
15396,WOLLOMBI,NSW
15396,WOLLOMBI,NSW
15513,YALLAMBIE,NSW
15513,YALLAMBIE,NSW
15569,YENGO,NSW
15569,YENGO,NSW
15570,YENGO NATIONAL PARK,NSW
15570,YENGO NATIONAL PARK,NSW
15288,WESTON,NSW
15288,WESTON,NSW
15319,WIDDEN,NSW
15319,WIDDEN,NSW
15545,YARRAWA,NSW
15545,YARRAWA,NSW
14971,UARBRY,NSW
14971,UARBRY,NSW
15155,WARKWORTH,NSW
15155,WARKWORTH,NSW
15209,WATTLE PONDS,NSW
15209,WATTLE PONDS,NSW
15279,WESTBROOK,NSW
15279,WESTBROOK,NSW
15310,WHITTINGHAM,NSW
15310,WHITTINGHAM,NSW
15393,WOLLEMI,NSW
15393,WOLLEMI,NSW
15495,WYLIES FLAT,NSW
15495,WYLIES FLAT,NSW
15490,WYBONG,NSW
15490,WYBONG,NSW
15005,UPPER DARTBROOK,NSW
15005,UPPER DARTBROOK,NSW
15027,UPPER ROUCHEL,NSW
15027,UPPER ROUCHEL,NSW
14848,TOMALLA,NSW
14848,TOMALLA,NSW
15217,WAVERLY,NSW
15217,WAVERLY,NSW
15370,WINGEN,NSW
15370,WINGEN,NSW
15458,WOOLOOMA,NSW
15458,WOOLOOMA,NSW
14827,TIMOR,NSW
14827,TIMOR,NSW
15164,WARRAH,NSW
15164,WARRAH,NSW
15165,WARRAH CREEK,NSW
15165,WARRAH CREEK,NSW
15341,WILLOW TREE,NSW
15341,WILLOW TREE,NSW
14675,TAMINDA,NSW
14675,TAMINDA,NSW
14676,TAMWORTH,NSW
14676,TAMWORTH,NSW
14677,TAMWORTH SOUTH,NSW
14677,TAMWORTH SOUTH,NSW
14826,TIMBUMBURI,NSW
14826,TIMBUMBURI,NSW
15101,WALLAMORE,NSW
15101,WALLAMORE,NSW
15167,WARRAL,NSW
15167,WARRAL,NSW
15221,WEABONGA,NSW
15221,WEABONGA,NSW
15274,WEST TAMWORTH,NSW
15274,WEST TAMWORTH,NSW
15281,WESTDALE,NSW
15281,WESTDALE,NSW
15457,WOOLOMIN,NSW
15457,WOOLOMIN,NSW
15257,WERRIS CREEK,NSW
15257,WERRIS CREEK,NSW
15090,WALHALLOW,NSW
15090,WALHALLOW,NSW
15092,WALLABADAH,NSW
15092,WALLABADAH,NSW
15166,WARRAH RIDGE,NSW
15166,WARRAH RIDGE,NSW
15365,WINDY,NSW
15365,WINDY,NSW
15523,YANNERGEE,NSW
15523,YANNERGEE,NSW
15536,YARRAMAN,NSW
15536,YARRAMAN,NSW
15375,WINTON,NSW
15375,WINTON,NSW
15020,UPPER MANILLA,NSW
15020,UPPER MANILLA,NSW
15159,WARRABAH,NSW
15159,WARRABAH,NSW
15351,WIMBORNE,NSW
15351,WIMBORNE,NSW
15421,WONGO CREEK,NSW
15421,WONGO CREEK,NSW
14797,THIRLDENE,NSW
14797,THIRLDENE,NSW
14799,THIRLOENE,NSW
14799,THIRLOENE,NSW
15012,UPPER HORTON,NSW
15012,UPPER HORTON,NSW
15441,WOODSREEF,NSW
15441,WOODSREEF,NSW
14751,THALGARRAH,NSW
14751,THALGARRAH,NSW
14820,TILBUSTER,NSW
14820,TILBUSTER,NSW
15148,WARDS MISTAKE,NSW
15148,WARDS MISTAKE,NSW
15259,WEST ARMIDALE,NSW
15259,WEST ARMIDALE,NSW
15397,WOLLOMOMBI,NSW
15397,WOLLOMOMBI,NSW
15422,WONGWIBINDA,NSW
15422,WONGWIBINDA,NSW
14988,UNIVERSITY OF NEW ENGLAND,NSW
14988,UNIVERSITY OF NEW ENGLAND,NSW
14835,TINTINHULL,NSW
14835,TINTINHULL,NSW
15033,UPPER YARROWITCH,NSW
15033,UPPER YARROWITCH,NSW
15086,WALCHA,NSW
15086,WALCHA,NSW
15087,WALCHA ROAD,NSW
15087,WALCHA ROAD,NSW
15406,WOLLUN,NSW
15406,WOLLUN,NSW
15448,WOOLBROOK,NSW
15448,WOOLBROOK,NSW
15552,YARROWITCH,NSW
15552,YARROWITCH,NSW
15203,WATSONS CREEK,NSW
15203,WATSONS CREEK,NSW
14682,TANNABAR,NSW
14682,TANNABAR,NSW
14973,ULAMAMBRI,NSW
14973,ULAMAMBRI,NSW
15211,WATTLE SPRINGS,NSW
15211,WATTLE SPRINGS,NSW
15561,YEARINAN,NSW
15561,YEARINAN,NSW
14881,TORRYBURN,NSW
14881,TORRYBURN,NSW
15036,URALLA,NSW
15036,URALLA,NSW
15553,YARROWYCK,NSW
15553,YARROWYCK,NSW
15103,WALLANGRA,NSW
15103,WALLANGRA,NSW
15130,WANDERA,NSW
15130,WANDERA,NSW
15442,WOODSTOCK,NSW
15442,WOODSTOCK,NSW
14730,TENTERDEN,NSW
14730,TENTERDEN,NSW
14768,THE GULF,NSW
14768,THE GULF,NSW
14911,TUBBAMURRA,NSW
14911,TUBBAMURRA,NSW
15132,WANDSWORTH,NSW
15132,WANDSWORTH,NSW
14830,TINGHA,NSW
14830,TINGHA,NSW
15238,WELLINGROVE,NSW
15238,WELLINGROVE,NSW
15551,YARROWFORD,NSW
15551,YARROWFORD,NSW
14729,TENT HILL,NSW
14729,TENT HILL,NSW
14880,TORRINGTON,NSW
14880,TORRINGTON,NSW
14940,TUNGSTEN,NSW
14940,TUNGSTEN,NSW
15240,WELLINGTON VALE,NSW
15240,WELLINGTON VALE,NSW
15563,YELLOW DAM,NSW
15563,YELLOW DAM,NSW
14693,TARBAN,NSW
14693,TARBAN,NSW
14731,TENTERFIELD,NSW
14731,TENTERFIELD,NSW
14787,THE SCRUB,NSW
14787,THE SCRUB,NSW
14824,TIMBARRA,NSW
14824,TIMBARRA,NSW
15344,WILLSONS DOWNFALL,NSW
15344,WILLSONS DOWNFALL,NSW
15439,WOODSIDE,NSW
15439,WOODSIDE,NSW
15494,WYLIE CREEK,NSW
15494,WYLIE CREEK,NSW
14672,TAMBAR SPRINGS,NSW
14672,TAMBAR SPRINGS,NSW
15222,WEAN,NSW
15222,WEAN,NSW
15328,WILLALA,NSW
15328,WILLALA,NSW
14777,THE PILLIGA,NSW
14777,THE PILLIGA,NSW
15227,WEE WAA,NSW
15227,WEE WAA,NSW
15549,YARRIE LAKE,NSW
15549,YARRIE LAKE,NSW
14706,TARRIARO,NSW
14706,TARRIARO,NSW
14952,TURRAWAN,NSW
14952,TURRAWAN,NSW
15231,WEETALIBA,NSW
15231,WEETALIBA,NSW
14749,THALABA,NSW
14749,THALABA,NSW
14746,TERRY HIE HIE,NSW
14746,TERRY HIE HIE,NSW
14818,TIKITERE,NSW
14818,TIKITERE,NSW
14928,TULLOONA,NSW
14928,TULLOONA,NSW
15152,WARIALDA,NSW
15152,WARIALDA,NSW
15153,WARIALDA RAIL,NSW
15153,WARIALDA RAIL,NSW
14994,UPPER BINGARA,NSW
14994,UPPER BINGARA,NSW
15309,WHITLOW,NSW
15309,WHITLOW,NSW
15230,WEEMELAH,NSW
15230,WEEMELAH,NSW
15514,YALLAROI,NSW
15514,YALLAROI,NSW
14963,TWIN RIVERS,NSW
14963,TWIN RIVERS,NSW
15580,YETMAN,NSW
15580,YETMAN,NSW
15015,UPPER KARUAH RIVER,NSW
15015,UPPER KARUAH RIVER,NSW
15234,WEISMANTELS,NSW
15234,WEISMANTELS,NSW
14645,TABBIL CREEK,NSW
14645,TABBIL CREEK,NSW
14821,TILLEGRA,NSW
14821,TILLEGRA,NSW
14984,UNDERBANK,NSW
14984,UNDERBANK,NSW
14998,UPPER CHICHESTER,NSW
14998,UPPER CHICHESTER,NSW
15106,WALLARINGA,NSW
15106,WALLARINGA,NSW
15107,WALLAROBBA,NSW
15107,WALLAROBBA,NSW
15379,WIRRAGULLA,NSW
15379,WIRRAGULLA,NSW
14841,TOCAL,NSW
14841,TOCAL,NSW
14900,TREVALLYN,NSW
14900,TREVALLYN,NSW
15050,VACY,NSW
15050,VACY,NSW
15223,WEBBERS CREEK,NSW
15223,WEBBERS CREEK,NSW
14743,TERREEL,NSW
14743,TERREEL,NSW
14813,TIBBUC,NSW
14813,TIBBUC,NSW
14840,TITAATEE CREEK,NSW
14840,TITAATEE CREEK,NSW
14921,TUGRABAKH,NSW
14921,TUGRABAKH,NSW
14995,UPPER BOWMAN,NSW
14995,UPPER BOWMAN,NSW
15102,WALLANBAH,NSW
15102,WALLANBAH,NSW
15141,WAPRA,NSW
15141,WAPRA,NSW
15149,WARDS RIVER,NSW
15149,WARDS RIVER,NSW
15215,WAUKIVORY,NSW
15215,WAUKIVORY,NSW
15378,WIRRADGURIE,NSW
15378,WIRRADGURIE,NSW
15389,WOKO,NSW
15389,WOKO,NSW
14878,TOPI TOPI,NSW
14878,TOPI TOPI,NSW
15022,UPPER MYALL,NSW
15022,UPPER MYALL,NSW
15065,VIOLET HILL,NSW
15065,VIOLET HILL,NSW
15113,WALLINGAT,NSW
15113,WALLINGAT,NSW
15133,WANG WAUK,NSW
15133,WANG WAUK,NSW
15168,WARRANULLA,NSW
15168,WARRANULLA,NSW
15336,WILLINA,NSW
15336,WILLINA,NSW
15468,WOOTTON,NSW
15468,WOOTTON,NSW
15507,YAGON,NSW
15507,YAGON,NSW
14838,TIRI,NSW
14838,TIRI,NSW
14757,THE BRANCH,NSW
14757,THE BRANCH,NSW
15190,WASHPOOL,NSW
15190,WASHPOOL,NSW
14694,TARBUCK BAY,NSW
14694,TARBUCK BAY,NSW
14836,TIONA,NSW
14836,TIONA,NSW
14938,TUNCURRY,NSW
14938,TUNCURRY,NSW
15115,WALLIS LAKE,NSW
15115,WALLIS LAKE,NSW
15312,WHOOTA,NSW
15312,WHOOTA,NSW
14756,THE BIGHT,NSW
14756,THE BIGHT,NSW
14837,TIPPERARY,NSW
14837,TIPPERARY,NSW
15184,WARRIWILLAH,NSW
15184,WARRIWILLAH,NSW
15301,WHERROL FLAT,NSW
15301,WHERROL FLAT,NSW
15371,WINGHAM,NSW
15371,WINGHAM,NSW
15543,YARRATT FOREST,NSW
15543,YARRATT FOREST,NSW
14666,TALLWOODS VILLAGE,NSW
14666,TALLWOODS VILLAGE,NSW
14696,TAREE,NSW
14696,TAREE,NSW
14697,TAREE DC,NSW
14697,TAREE DC,NSW
14698,TAREE SOUTH,NSW
14698,TAREE SOUTH,NSW
14699,TAREE WEST,NSW
14699,TAREE WEST,NSW
14832,TINONEE,NSW
14832,TINONEE,NSW
15016,UPPER LANSDOWNE,NSW
15016,UPPER LANSDOWNE,NSW
15093,WALLABI POINT,NSW
15093,WALLABI POINT,NSW
15034,UPSALLS CREEK,NSW
15034,UPSALLS CREEK,NSW
14721,TEMAGOG,NSW
14721,TEMAGOG,NSW
14873,TOOROOKA,NSW
14873,TOOROOKA,NSW
14947,TURNERS FLAT,NSW
14947,TURNERS FLAT,NSW
15059,VERGES CREEK,NSW
15059,VERGES CREEK,NSW
15268,WEST KEMPSEY,NSW
15268,WEST KEMPSEY,NSW
15329,WILLAWARRIN,NSW
15329,WILLAWARRIN,NSW
15331,WILLI WILLI,NSW
15331,WILLI WILLI,NSW
15385,WITTITRIN,NSW
15385,WITTITRIN,NSW
15544,YARRAVEL,NSW
15544,YARRAVEL,NSW
15577,YESSABAH,NSW
15577,YESSABAH,NSW
14671,TAMBAN,NSW
14671,TAMBAN,NSW
14719,TELEGRAPH POINT,NSW
14719,TELEGRAPH POINT,NSW
15026,UPPER ROLLANDS PLAINS,NSW
15026,UPPER ROLLANDS PLAINS,NSW
15534,YARRAHAPINNI,NSW
15534,YARRAHAPINNI,NSW
15080,WAITUI,NSW
15080,WAITUI,NSW
15266,WEST HAVEN,NSW
15266,WEST HAVEN,NSW
14770,THE HATCH,NSW
14770,THE HATCH,NSW
14806,THRUMSTER,NSW
14806,THRUMSTER,NSW
14855,TOMS CREEK,NSW
14855,TOMS CREEK,NSW
15025,UPPER PAPPINBARRA,NSW
15025,UPPER PAPPINBARRA,NSW
15213,WAUCHOPE,NSW
15213,WAUCHOPE,NSW
15253,WERRIKIMBE,NSW
15253,WERRIKIMBE,NSW
15541,YARRAS,NSW
15541,YARRAS,NSW
15581,YIPPIN CREEK,NSW
15581,YIPPIN CREEK,NSW
14654,TALARM,NSW
14654,TALARM,NSW
14713,TAYLORS ARM,NSW
14713,TAYLORS ARM,NSW
14809,THUMB CREEK,NSW
14809,THUMB CREEK,NSW
15028,UPPER TAYLORS ARM,NSW
15028,UPPER TAYLORS ARM,NSW
15049,UTUNGUN,NSW
15049,UTUNGUN,NSW
15174,WARRELL CREEK,NSW
15174,WARRELL CREEK,NSW
15219,WAY WAY,NSW
15219,WAY WAY,NSW
15381,WIRRIMBI,NSW
15381,WIRRIMBI,NSW
15539,YARRANBELLA,NSW
15539,YARRANBELLA,NSW
15054,VALLA,NSW
15054,VALLA,NSW
15055,VALLA BEACH,NSW
15055,VALLA BEACH,NSW
15061,VIEWMONT,NSW
15061,VIEWMONT,NSW
14748,TEWINGA,NSW
14748,TEWINGA,NSW
14978,ULONG,NSW
14978,ULONG,NSW
15024,UPPER ORARA,NSW
15024,UPPER ORARA,NSW
14872,TOORMINA,NSW
14872,TOORMINA,NSW
14664,TALLOWWOOD RIDGE,NSW
14664,TALLOWWOOD RIDGE,NSW
14970,TYRINGHAM,NSW
14970,TYRINGHAM,NSW
15325,WILD CATTLE CREEK,NSW
15325,WILD CATTLE CREEK,NSW
14801,THORA,NSW
14801,THORA,NSW
15029,UPPER THORA,NSW
15029,UPPER THORA,NSW
15053,VALERY,NSW
15053,VALERY,NSW
14701,TARKEETH,NSW
14701,TARKEETH,NSW
15048,URUNGA,NSW
15048,URUNGA,NSW
15003,UPPER CORINDI,NSW
15003,UPPER CORINDI,NSW
15450,WOOLGOOLGA,NSW
15450,WOOLGOOLGA,NSW
14778,THE PINNACLES,NSW
14778,THE PINNACLES,NSW
14793,THE WHITEMAN,NSW
14793,THE WHITEMAN,NSW
14888,TOWALLUM,NSW
14888,TOWALLUM,NSW
14898,TRENAYR,NSW
14898,TRENAYR,NSW
14969,TYNDALE,NSW
14969,TYNDALE,NSW
15002,UPPER COPMANHURST,NSW
15002,UPPER COPMANHURST,NSW
15009,UPPER FINE FLOWER,NSW
15009,UPPER FINE FLOWER,NSW
15161,WARRAGAI CREEK,NSW
15161,WARRAGAI CREEK,NSW
15200,WATERVIEW,NSW
15200,WATERVIEW,NSW
15201,WATERVIEW HEIGHTS,NSW
15201,WATERVIEW HEIGHTS,NSW
15241,WELLS CROSSING,NSW
15241,WELLS CROSSING,NSW
15308,WHITEMAN CREEK,NSW
15308,WHITEMAN CREEK,NSW
15366,WINEGROVE,NSW
15366,WINEGROVE,NSW
15410,WOMBAT CREEK,NSW
15410,WOMBAT CREEK,NSW
14913,TUCABIA,NSW
14913,TUCABIA,NSW
14977,ULMARRA,NSW
14977,ULMARRA,NSW
15451,WOOLI,NSW
15451,WOOLI,NSW
14669,TALOUMBI,NSW
14669,TALOUMBI,NSW
14786,THE SANDON,NSW
14786,THE SANDON,NSW
14890,TOWNSEND,NSW
14890,TOWNSEND,NSW
14929,TULLYMORGAN,NSW
14929,TULLYMORGAN,NSW
15429,WOODFORD,NSW
15429,WOODFORD,NSW
15431,WOODFORD ISLAND,NSW
15431,WOODFORD ISLAND,NSW
15460,WOOLOWEYAH,NSW
15460,WOOLOWEYAH,NSW
15516,YAMBA,NSW
15516,YAMBA,NSW
15590,YURAYGIR,NSW
15590,YURAYGIR,NSW
14763,THE FRESHWATER,NSW
14763,THE FRESHWATER,NSW
15447,WOODY HEAD,NSW
15447,WOODY HEAD,NSW
14649,TABULAM,NSW
14649,TABULAM,NSW
14794,THERESA CREEK,NSW
14794,THERESA CREEK,NSW
14939,TUNGLEBUNG,NSW
14939,TUNGLEBUNG,NSW
15006,UPPER DUCK CREEK,NSW
15006,UPPER DUCK CREEK,NSW
15173,WARREGAH ISLAND,NSW
15173,WARREGAH ISLAND,NSW
15303,WHIPORIE,NSW
15303,WHIPORIE,NSW
15463,WOOMBAH,NSW
15463,WOOMBAH,NSW
15485,WYAN,NSW
15485,WYAN,NSW
15504,YABBRA,NSW
15504,YABBRA,NSW
14854,TOMKI,NSW
14854,TOMKI,NSW
15021,UPPER MONGOGARIE,NSW
15021,UPPER MONGOGARIE,NSW
15445,WOODVIEW,NSW
15445,WOODVIEW,NSW
15456,WOOLNERS ARM,NSW
15456,WOOLNERS ARM,NSW
15467,WOOROOWOOLGAN,NSW
15467,WOOROOWOOLGAN,NSW
15583,YORKLEA,NSW
15583,YORKLEA,NSW
14709,TATHAM,NSW
14709,TATHAM,NSW
15262,WEST BUNGAWALBIN,NSW
15262,WEST BUNGAWALBIN,NSW
15264,WEST CORAKI,NSW
15264,WEST CORAKI,NSW
14646,TABBIMOBLE,NSW
14646,TABBIMOBLE,NSW
14764,THE GAP,NSW
14764,THE GAP,NSW
14910,TRUSTUMS HILL,NSW
14910,TRUSTUMS HILL,NSW
15425,WOODBURN,NSW
15425,WOODBURN,NSW
14739,TERRACE CREEK,NSW
14739,TERRACE CREEK,NSW
14782,THE RISK,NSW
14782,THE RISK,NSW
14868,TOONUMBAR,NSW
14868,TOONUMBAR,NSW
14992,UNUMGAR,NSW
14992,UNUMGAR,NSW
15008,UPPER EDEN CREEK,NSW
15008,UPPER EDEN CREEK,NSW
15011,UPPER HORSESHOE CREEK,NSW
15011,UPPER HORSESHOE CREEK,NSW
15070,WADEVILLE,NSW
15070,WADEVILLE,NSW
15172,WARRAZAMBIL CREEK,NSW
15172,WARRAZAMBIL CREEK,NSW
15276,WEST WIANGAREE,NSW
15276,WEST WIANGAREE,NSW
15316,WIANGAREE,NSW
15316,WIANGAREE,NSW
15498,WYNEDEN,NSW
15498,WYNEDEN,NSW
14862,TOOLOOM,NSW
14862,TOOLOOM,NSW
15030,UPPER TOOLOOM,NSW
15030,UPPER TOOLOOM,NSW
15042,URBENVILLE,NSW
15042,URBENVILLE,NSW
15094,WALLABY CREEK,NSW
15094,WALLABY CREEK,NSW
14766,THE GLEN,NSW
14766,THE GLEN,NSW
15428,WOODENBONG,NSW
15428,WOODENBONG,NSW
14915,TUCKOMBIL,NSW
14915,TUCKOMBIL,NSW
15035,URALBA,NSW
15035,URALBA,NSW
15146,WARDELL,NSW
15146,WARDELL,NSW
15398,WOLLONGBAR,NSW
15398,WOLLONGBAR,NSW
14747,TEVEN,NSW
14747,TEVEN,NSW
14834,TINTENBAR,NSW
14834,TINTENBAR,NSW
15260,WEST BALLINA,NSW
15260,WEST BALLINA,NSW
14733,TERANIA CREEK,NSW
14733,TERANIA CREEK,NSW
14759,THE CHANNON,NSW
14759,THE CHANNON,NSW
14896,TREGEAGLE,NSW
14896,TREGEAGLE,NSW
14914,TUCKI TUCKI,NSW
14914,TUCKI TUCKI,NSW
14916,TUCKURIMBA,NSW
14916,TUCKURIMBA,NSW
14925,TULLERA,NSW
14925,TULLERA,NSW
14937,TUNCESTER,NSW
14937,TUNCESTER,NSW
14941,TUNTABLE CREEK,NSW
14941,TUNTABLE CREEK,NSW
14942,TUNTABLE FALLS,NSW
14942,TUNTABLE FALLS,NSW
15000,UPPER COOPERS CREEK,NSW
15000,UPPER COOPERS CREEK,NSW
15302,WHIAN WHIAN,NSW
15302,WHIAN WHIAN,NSW
15436,WOODLAWN,NSW
15436,WOODLAWN,NSW
15503,WYRALLAH,NSW
15503,WYRALLAH,NSW
14668,TALOFA,NSW
14668,TALOFA,NSW
14965,TYAGARAH,NSW
14965,TYAGARAH,NSW
15018,UPPER MAIN ARM,NSW
15018,UPPER MAIN ARM,NSW
15032,UPPER WILSONS CREEK,NSW
15032,UPPER WILSONS CREEK,NSW
15135,WANGANUI,NSW
15135,WANGANUI,NSW
15347,WILSONS CREEK,NSW
15347,WILSONS CREEK,NSW
14779,THE POCKET,NSW
14779,THE POCKET,NSW
14996,UPPER BURRINGBAR,NSW
14996,UPPER BURRINGBAR,NSW
15469,WOOYUNG,NSW
15469,WOOYUNG,NSW
15562,YELGUN,NSW
15562,YELGUN,NSW
14740,TERRAGON,NSW
14740,TERRAGON,NSW
14852,TOMEWIN,NSW
14852,TOMEWIN,NSW
14966,TYALGUM,NSW
14966,TYALGUM,NSW
14967,TYALGUM CREEK,NSW
14967,TYALGUM CREEK,NSW
14968,TYGALGAH,NSW
14968,TYGALGAH,NSW
14972,UKI,NSW
14972,UKI,NSW
15004,UPPER CRYSTAL CREEK,NSW
15004,UPPER CRYSTAL CREEK,NSW
15046,URLIUP,NSW
15046,URLIUP,NSW
15147,WARDROP VALLEY,NSW
15147,WARDROP VALLEY,NSW
15591,ZARA,NSW
15591,ZARA,NSW
14955,TWEED HEADS,NSW
14955,TWEED HEADS,NSW
14958,TWEED HEADS WEST,NSW
14958,TWEED HEADS WEST,NSW
14742,TERRANORA,NSW
14742,TERRANORA,NSW
14956,TWEED HEADS SOUTH,NSW
14956,TWEED HEADS SOUTH,NSW
14957,TWEED HEADS SOUTH DC,NSW
14957,TWEED HEADS SOUTH DC,NSW
15007,UPPER DUROBY,NSW
15007,UPPER DUROBY,NSW
14678,TANGLEWOOD,NSW
14678,TANGLEWOOD,NSW
14933,TUMBULGUM,NSW
14933,TUMBULGUM,NSW
15277,WEST WOLLONGONG,NSW
15277,WEST WOLLONGONG,NSW
15399,WOLLONGONG,NSW
15399,WOLLONGONG,NSW
15401,WOLLONGONG DC,NSW
15401,WOLLONGONG DC,NSW
15402,WOLLONGONG NORTH,NSW
15402,WOLLONGONG NORTH,NSW
15403,WOLLONGONG WEST,NSW
15403,WOLLONGONG WEST,NSW
15171,WARRAWONG,NSW
15171,WARRAWONG,NSW
15473,WORONORA DAM,NSW
15473,WORONORA DAM,NSW
14800,THIRROUL,NSW
14800,THIRROUL,NSW
15408,WOMBARRA,NSW
15408,WOMBARRA,NSW
15465,WOONONA,NSW
15465,WOONONA,NSW
15466,WOONONA EAST,NSW
15466,WOONONA EAST,NSW
14705,TARRAWANNA,NSW
14705,TARRAWANNA,NSW
14891,TOWRADGI,NSW
14891,TOWRADGI,NSW
14989,UNIVERSITY OF WOLLONGONG,NSW
14989,UNIVERSITY OF WOLLONGONG,NSW
14982,UNANDERRA,NSW
14982,UNANDERRA,NSW
14983,UNANDERRA DC,NSW
14983,UNANDERRA DC,NSW
14858,TONGARRA,NSW
14858,TONGARRA,NSW
14927,TULLIMBAR,NSW
14927,TULLIMBAR,NSW
15565,YELLOW ROCK,NSW
15565,YELLOW ROCK,NSW
15154,WARILLA,NSW
15154,WARILLA,NSW
15354,WINDANG,NSW
15354,WINDANG,NSW
15420,WONGAWILLI,NSW
15420,WONGAWILLI,NSW
15511,YALLAH,NSW
15511,YALLAH,NSW
14861,TOOLIJOOA,NSW
14861,TOOLIJOOA,NSW
15252,WERRI BEACH,NSW
15252,WERRI BEACH,NSW
15342,WILLOW VALE,NSW
15342,WILLOW VALE,NSW
15432,WOODHILL,NSW
15432,WOODHILL,NSW
15434,WOODLANDS,NSW
15434,WOODLANDS,NSW
14847,TOMAKIN,NSW
14847,TOMAKIN,NSW
14946,TURLINJAH,NSW
14946,TURLINJAH,NSW
14950,TUROSS HEAD,NSW
14950,TUROSS HEAD,NSW
15120,WAMBAN,NSW
15120,WAMBAN,NSW
14736,TERMEIL,NSW
14736,TERMEIL,NSW
14975,ULLADULLA,NSW
14975,ULLADULLA,NSW
15505,YADBORO,NSW
15505,YADBORO,NSW
15559,YATTE YATTAH,NSW
15559,YATTE YATTAH,NSW
14663,TALLOWAL,NSW
14663,TALLOWAL,NSW
14687,TAPITALLEE,NSW
14687,TAPITALLEE,NSW
14734,TERARA,NSW
14734,TERARA,NSW
14851,TOMERONG,NSW
14851,TOMERONG,NSW
14924,TULLARWALLA,NSW
14924,TULLARWALLA,NSW
14961,TWELVE MILE PEG,NSW
14961,TWELVE MILE PEG,NSW
15063,VINCENTIA,NSW
15063,VINCENTIA,NSW
15128,WANDANDIAN,NSW
15128,WANDANDIAN,NSW
15199,WATERSLEIGH,NSW
15199,WATERSLEIGH,NSW
15405,WOLLUMBOOLA,NSW
15405,WOLLUMBOOLA,NSW
15454,WOOLLAMIA,NSW
15454,WOOLLAMIA,NSW
15475,WORRIGEE,NSW
15475,WORRIGEE,NSW
15476,WORROWING HEIGHTS,NSW
15476,WORROWING HEIGHTS,NSW
15481,WRIGHTS BEACH,NSW
15481,WRIGHTS BEACH,NSW
15515,YALWAL,NSW
15515,YALWAL,NSW
15576,YERRIYONG,NSW
15576,YERRIYONG,NSW
15269,WEST NOWRA,NSW
15269,WEST NOWRA,NSW
14819,TILBA TILBA,NSW
14819,TILBA TILBA,NSW
14833,TINPOT,NSW
14833,TINPOT,NSW
15069,WADBILLIGA,NSW
15069,WADBILLIGA,NSW
15097,WALLAGA LAKE,NSW
15097,WALLAGA LAKE,NSW
15098,WALLAGA LAKE HEIGHTS,NSW
15098,WALLAGA LAKE HEIGHTS,NSW
14944,TURA BEACH,NSW
14944,TURA BEACH,NSW
15564,YELLOW PINCH,NSW
15564,YELLOW PINCH,NSW
14681,TANJA,NSW
14681,TANJA,NSW
14685,TANTAWANGALO,NSW
14685,TANTAWANGALO,NSW
14704,TARRAGANDA,NSW
14704,TARRAGANDA,NSW
14710,TATHRA,NSW
14710,TATHRA,NSW
14874,TOOTHDALE,NSW
14874,TOOTHDALE,NSW
14889,TOWAMBA,NSW
14889,TOWAMBA,NSW
15060,VERONA,NSW
15060,VERONA,NSW
15099,WALLAGOOT,NSW
15099,WALLAGOOT,NSW
15129,WANDELLA,NSW
15129,WANDELLA,NSW
15140,WAPENGO,NSW
15140,WAPENGO,NSW
15387,WOG WOG,NSW
15387,WOG WOG,NSW
15407,WOLUMLA,NSW
15407,WOLUMLA,NSW
15497,WYNDHAM,NSW
15497,WYNDHAM,NSW
15517,YAMBULLA,NSW
15517,YAMBULLA,NSW
15521,YANKEES CREEK,NSW
15521,YANKEES CREEK,NSW
15587,YOWRIE,NSW
15587,YOWRIE,NSW
14825,TIMBILLICA,NSW
14825,TIMBILLICA,NSW
15414,WONBOYN,NSW
15414,WONBOYN,NSW
15415,WONBOYN LAKE,NSW
15415,WONBOYN LAKE,NSW
15416,WONBOYN NORTH,NSW
15416,WONBOYN NORTH,NSW
15225,WEDDERBURN,NSW
15225,WEDDERBURN,NSW
15424,WOODBINE,NSW
15424,WOODBINE,NSW
15057,VARROVILLE,NSW
15057,VARROVILLE,NSW
14776,THE OAKS,NSW
14776,THE OAKS,NSW
14795,THERESA PARK,NSW
14795,THERESA PARK,NSW
15251,WEROMBI,NSW
15251,WEROMBI,NSW
15349,WILTON,NSW
15349,WILTON,NSW
14798,THIRLMERE,NSW
14798,THIRLMERE,NSW
14653,TAHMOOR,NSW
14653,TAHMOOR,NSW
15519,YANDERRA,NSW
15519,YANDERRA,NSW
15210,WATTLE RIDGE,NSW
15210,WATTLE RIDGE,NSW
15237,WELBY,NSW
15237,WELBY,NSW
15575,YERRINBOOL,NSW
15575,YERRINBOOL,NSW
15013,UPPER KANGAROO RIVER,NSW
15013,UPPER KANGAROO RIVER,NSW
15014,UPPER KANGAROO VALLEY,NSW
15014,UPPER KANGAROO VALLEY,NSW
15248,WERAI,NSW
15248,WERAI,NSW
15326,WILDES MEADOW,NSW
15326,WILDES MEADOW,NSW
15554,YARRUNGA,NSW
15554,YARRUNGA,NSW
14662,TALLONG,NSW
14662,TALLONG,NSW
15369,WINGELLO,NSW
15369,WINGELLO,NSW
14690,TARAGO,NSW
14690,TARAGO,NSW
14691,TARALGA,NSW
14691,TARALGA,NSW
14702,TARLO,NSW
14702,TARLO,NSW
14839,TIRRANNAVILLE,NSW
14839,TIRRANNAVILLE,NSW
14892,TOWRANG,NSW
14892,TOWRANG,NSW
15220,WAYO,NSW
15220,WAYO,NSW
15314,WIABOROUGH,NSW
15314,WIABOROUGH,NSW
15317,WIARBOROUGH,NSW
15317,WIARBOROUGH,NSW
15356,WINDELLAMA,NSW
15356,WINDELLAMA,NSW
15411,WOMBEYAN CAVES,NSW
15411,WOMBEYAN CAVES,NSW
15433,WOODHOUSELEE,NSW
15433,WOODHOUSELEE,NSW
15477,WOWAGIN,NSW
15477,WOWAGIN,NSW
15510,YALBRAITH,NSW
15510,YALBRAITH,NSW
15527,YARRA,NSW
15527,YARRA,NSW
14658,TALLAGANDA,NSW
14658,TALLAGANDA,NSW
15395,WOLLOGORANG,NSW
15395,WOLLOGORANG,NSW
14679,TANGMANGAROO,NSW
14679,TANGMANGAROO,NSW
15226,WEE JASPER,NSW
15226,WEE JASPER,NSW
15449,WOOLGARLO,NSW
15449,WOOLGARLO,NSW
15555,YASS,NSW
15555,YASS,NSW
15556,YASS RIVER,NSW
15556,YASS RIVER,NSW
14796,THIRD CREEK,NSW
14796,THIRD CREEK,NSW
14918,TUENA,NSW
14918,TUENA,NSW
15300,WHEEO,NSW
15300,WHEEO,NSW
14715,TAYLORS FLAT,NSW
14715,TAYLORS FLAT,NSW
15409,WOMBAT,NSW
15409,WOMBAT,NSW
15110,WALLENDBEEN,NSW
15110,WALLENDBEEN,NSW
14807,THUDDUNGRA,NSW
14807,THUDDUNGRA,NSW
14912,TUBBUL,NSW
14912,TUBBUL,NSW
15228,WEEDALLION,NSW
15228,WEEDALLION,NSW
15522,YANNAWAH,NSW
15522,YANNAWAH,NSW
15585,YOUNG,NSW
15585,YOUNG,NSW
23326,WEST MELBOURNE,VIC
23326,WEST MELBOURNE,NSW
23450,WORLD TRADE CENTRE,VIC
23451,WORLD TRADE CENTRE,NSW
14698,SOUTH WHARF,NSW
23152,UNIVERSITY OF MELBOURNE,VIC
23152,UNIVERSITY OF MELBOURNE,NSW
15275,SEDDON WEST,NSW
23087,TOTTENHAM,VIC
14884,TOTTENHAM,NSW
23325,WEST FOOTSCRAY,VIC
23325,WEST FOOTSCRAY,NSW
23506,YARRAVILLE,VIC
15057,YARRAVILLE,NSW
23507,YARRAVILLE WEST,VIC
23507,YARRAVILLE WEST,NSW
23362,WILLIAMSTOWN,VIC
15332,WILLIAMSTOWN,NSW
23363,WILLIAMSTOWN NORTH,VIC
23363,WILLIAMSTOWN NORTH,NSW
15579,SEAHOLME,NSW
23471,WYNDHAM VALE,VIC
15497,WYNDHAM VALE,NSW
23360,WILLIAMS LANDING,VIC
23360,WILLIAMS LANDING,NSW
23361,WILLIAMS RAAF,VIC
15333,WILLIAMS RAAF,NSW
22969,TARNEIT,VIC
14696,TARNEIT,NSW
23115,TRUGANINA,VIC
14692,TRUGANINA,NSW
23319,WERRIBEE,VIC
15253,WERRIBEE,NSW
23320,WERRIBEE SOUTH,VIC
14698,WERRIBEE SOUTH,NSW
23104,TRAVANCORE,VIC
22992,TAYLORS HILL,VIC
14715,TAYLORS HILL,NSW
22993,TAYLORS LAKES,VIC
14715,TAYLORS LAKES,NSW
23278,WATERGARDENS,VIC
23278,WATERGARDENS,NSW
23120,TULLAMARINE,VIC
14923,TULLAMARINE,NSW
23330,WESTMEADOWS,VIC
15287,WESTMEADOWS,NSW
23535,YUROKE,VIC
23034,THORNBURY,VIC
14699,REGENT WEST,NSW
23030,THOMASTOWN,VIC
14803,THOMASTOWN,NSW
23176,VIEWBANK,VIC
23480,YALLAMBIE,VIC
23283,WATSONIA,VIC
15212,WATSONIA,NSW
23284,WATSONIA NORTH,VIC
23284,WATSONIA NORTH,NSW
23505,YARRAMBAT,VIC
15536,YARRAMBAT,NSW
14897,RESEARCH,NSW
23289,WATTLE GLEN,VIC
15208,WATTLE GLEN,NSW
23285,WATSONS CREEK,VIC
14731,NUTFIELD,NSW
23004,TEMPLESTOWE,VIC
14723,TEMPLESTOWE,NSW
23005,TEMPLESTOWE LOWER,VIC
23005,TEMPLESTOWE LOWER,NSW
23026,THE PINES,VIC
14778,THE PINES,NSW
23122,TUNSTALL SQUARE PO,VIC
23122,TUNSTALL SQUARE PO,NSW
23258,WARRANDYTE,VIC
15160,WARRANDYTE,NSW
23402,WONGA PARK,VIC
15548,WONGA PARK,NSW
23173,VICTORIA GARDENS,VIC
23173,VICTORIA GARDENS,NSW
23291,WATTLE PARK,VIC
15327,WATTLE PARK,NSW
15127,NUNAWADING,NSW
23169,VERMONT,VIC
15061,VERMONT,NSW
23170,VERMONT SOUTH,VIC
23170,VERMONT SOUTH,NSW
23259,WARRANDYTE SOUTH,VIC
23259,WARRANDYTE SOUTH,NSW
23260,WARRANWOOD,VIC
15178,WARRANWOOD,NSW
23222,WANDIN EAST,VIC
23222,WANDIN EAST,NSW
23223,WANDIN NORTH,VIC
23223,WANDIN NORTH,NSW
23442,WOORI YALLOCK,VIC
23442,WOORI YALLOCK,NSW
23519,YELLINGBO,VIC
15569,YELLINGBO,NSW
23077,TOORAK,VIC
14801,TOORAK,NSW
23292,WATTLETREE ROAD PO,VIC
23292,WATTLETREE ROAD PO,NSW
23079,TOORONGA,VIC
14859,TOORONGA,NSW
14969,SYNDAL,NSW
15216,GLEN WAVERLEY,NSW
23335,WHEELERS HILL,VIC
23335,WHEELERS HILL,NSW
23238,WANTIRNA,VIC
15079,WANTIRNA,NSW
23239,WANTIRNA SOUTH,VIC
23239,WANTIRNA SOUTH,NSW
23019,THE BASIN,VIC
23156,UPPER FERNTREE GULLY,VIC
23156,UPPER FERNTREE GULLY,NSW
23162,UPWEY,VIC
15237,UPWEY,NSW
15237,SELBY,NSW
22995,TECOMA,VIC
14650,TECOMA,NSW
23296,WAVERLEY GARDENS,VIC
23296,WAVERLEY GARDENS,NSW
23376,WINDSOR,VIC
15363,WINDSOR,NSW
14836,RIPPONLEA,NSW
23316,WERE STREET PO,VIC
23316,WERE STREET PO,NSW
23391,WISHART,VIC
70394,WISHART,NSW
23281,WATERWAYS,VIC
15194,WATERWAYS,NSW
23219,WANDANA HEIGHTS,VIC
23219,WANDANA HEIGHTS,NSW
23295,WAURN PONDS,VIC
23031,THOMSON,VIC
14849,THOMSON,NSW
23343,WHITTINGTON,VIC
15311,WHITTINGTON,NSW
23211,WALLINGTON,VIC
15239,WALLINGTON,NSW
23403,WONGARRA,VIC
14858,WONGARRA,NSW
23468,WYE RIVER,VIC
15556,WYE RIVER,NSW
14880,PORTARLINGTON,NSW
23082,TORQUAY,VIC
14801,TORQUAY,NSW
15521,SKENES CREEK,NSW
23290,WATTLE HILL,VIC
23302,WEEAPROINAH,VIC
23302,WEEAPROINAH,NSW
23470,WYELANGTA,VIC
15487,WYELANGTA,NSW
23536,YUULONG,VIC
14978,YUULONG,NSW
15526,PARAPARAP,NSW
23314,WENSLEYDALE,VIC
15283,WENSLEYDALE,NSW
23373,WINCHELSEA,VIC
23373,WINCHELSEA,NSW
23374,WINCHELSEA SOUTH,VIC
23374,WINCHELSEA SOUTH,NSW
23461,WURDIBOLUC,VIC
23461,WURDIBOLUC,NSW
23249,WARNCOORT,VIC
15185,WARNCOORT,NSW
23345,WHOOREL,VIC
15451,WHOOREL,NSW
22962,TANYBRYN,VIC
14682,TANYBRYN,NSW
23265,WARRION,VIC
15177,WARRION,NSW
23430,WOOL WOOL,VIC
15450,WOOL WOOL,NSW
23522,YEO,VIC
15569,YEO,NSW
23523,YEODENE,VIC
15498,YEODENE,NSW
15264,COLAC WEST,NSW
23304,WEERING,VIC
15229,WEERING,NSW
14972,SKIBO,NSW
22953,TANDAROOK,VIC
15131,TANDAROOK,NSW
23014,TESBURY,VIC
23305,WEERITE,VIC
15248,WEERITE,NSW
23009,TERANG,VIC
14892,TERANG,NSW
22971,TAROON,VIC
14702,TAROON,NSW
23028,THE SISTERS,VIC
14788,THE SISTERS,NSW
70324,SIMPSON,NSW
15329,NULLAWARRE,NSW
23020,THE COVE,VIC
14767,THE COVE,NSW
23043,TIMBOON,VIC
14849,TIMBOON,NSW
23044,TIMBOON WEST,VIC
23044,TIMBOON WEST,NSW
23184,WAARRE,VIC
15175,WAARRE,NSW
23446,WOORNDOO,VIC
15448,WOORNDOO,NSW
23435,WOOLSTHORPE,VIC
23435,WOOLSTHORPE,NSW
15271,PURNIM WEST,NSW
23236,WANGOOM,VIC
15131,WANGOOM,NSW
23266,WARRNAMBOOL,VIC
15124,WARRNAMBOOL,NSW
23267,WARRNAMBOOL EAST,VIC
23267,WARRNAMBOOL EAST,NSW
23268,WARRNAMBOOL WEST,VIC
23268,WARRNAMBOOL WEST,NSW
23385,WINSLOW,VIC
15309,WINSLOW,NSW
23417,WOODFORD,VIC
22981,TARRONE,VIC
14707,TARRONE,NSW
23094,TOWER HILL,VIC
23270,WARRONG,VIC
15171,WARRONG,NSW
23356,WILLATOOK,VIC
15109,WILLATOOK,NSW
23493,YANGERY,VIC
23498,YARPTURK,VIC
23071,TOOLONG,VIC
23138,TYRENDARRA,VIC
14898,TYRENDARRA,NSW
23139,TYRENDARRA EAST,VIC
23139,TYRENDARRA EAST,NSW
23485,YAMBUK,VIC
15516,YAMBUK,NSW
23252,WARRABKOOK,VIC
15142,WARRABKOOK,NSW
14688,TABOR,NSW
23174,VICTORIA POINT,VIC
33629,VICTORIA POINT,NSW
23175,VICTORIA VALLEY,VIC
23419,WOODHOUSE,VIC
15433,WOODHOUSE,NSW
14710,TAHARA,NSW
22980,TARRINGTON,VIC
14880,TARRINGTON,NSW
23237,WANNON,VIC
23261,WARRAYURE,VIC
15169,WARRAYURE,NSW
23516,YATCHAW,VIC
15557,YATCHAW,NSW
23533,YULECART,VIC
23533,YULECART,NSW
23202,WALLACEDALE,VIC
15096,WALLACEDALE,NSW
23383,WINNAP,VIC
15370,WINNAP,NSW
15269,GORAE WEST,NSW
14699,TAHARA WEST,NSW
15035,PURALKA,NSW
23224,WANDO BRIDGE,VIC
23224,WANDO BRIDGE,NSW
23225,WANDO VALE,VIC
15147,WANDO VALE,NSW
23269,WARROCK,VIC
15185,WARROCK,NSW
23429,WOOHLPOOER,VIC
15459,WOOHLPOOER,NSW
22977,TARRAYOUKYAN,VIC
22977,TARRAYOUKYAN,NSW
22979,TARRENLEA,VIC
14696,TARRENLEA,NSW
23449,WOOTONG VALE,VIC
23449,WOOTONG VALE,NSW
23145,ULLSWATER,VIC
23378,WINGEEL,VIC
15367,WINGEEL,NSW
23179,VITE VITE,VIC
23179,VITE VITE,NSW
23180,VITE VITE NORTH,VIC
23180,VITE VITE NORTH,NSW
23000,TEESDALE,VIC
15283,TEESDALE,NSW
14776,SHE OAKS,NSW
33280,STEIGLITZ,NSW
23035,THORNHILL PARK,VIC
15292,THORNHILL PARK,NSW
15267,MELTON WEST,NSW
23067,TOOLERN VALE,VIC
23307,WEIR VIEWS,VIC
23307,WEIR VIEWS,NSW
15260,BALLARAT WEST,NSW
23210,WALLINDUC,VIC
15116,WALLINDUC,NSW
23331,WESTMERE,VIC
15287,WESTMERE,NSW
15047,SULKY,NSW
23201,WALLACE,VIC
15096,WALLACE,NSW
23263,WARRENHEIP,VIC
15175,WARRENHEIP,NSW
23288,WATTLE FLAT,VIC
15207,WATTLE FLAT,NSW
23294,WAUBRA,VIC
15141,WAUBRA,NSW
23298,WEATHERBOARD,VIC
23298,WEATHERBOARD,NSW
23317,WERNETH,VIC
23375,WINDERMERE,VIC
23521,YENDON,VIC
15568,YENDON,NSW
23312,WENDOUREE,VIC
15242,WENDOUREE,NSW
23313,WENDOUREE VILLAGE,VIC
23313,WENDOUREE VILLAGE,NSW
23511,YARROWEE,VIC
15550,YARROWEE,NSW
23386,WINTER VALLEY,VIC
15348,WINTER VALLEY,NSW
23366,WILLOWVALE,VIC
15328,WILLOWVALE,NSW
23090,TOURELLO,VIC
14953,TOURELLO,NSW
23143,ULLINA,VIC
23318,WERONA,VIC
15060,WERONA,NSW
14702,TALBOT,NSW
14802,STONELEIGH,NSW
23105,TRAWALLA,VIC
15036,TRAWALLA,NSW
23280,WATERLOO,VIC
14630,RHYMNEY,NSW
23257,WARRAK,VIC
15164,WARRAK,NSW
22988,TATYOON,VIC
14711,TATYOON,NSW
23479,YALLA-Y-POORA,VIC
23479,YALLA-Y-POORA,NSW
23282,WATGANIA,VIC
15192,WATGANIA,NSW
23350,WICKLIFFE,VIC
15156,WICKLIFFE,NSW
23357,WILLAURA,VIC
15345,WILLAURA,NSW
23358,WILLAURA NORTH,VIC
23358,WILLAURA NORTH,NSW
14699,STAWELL WEST,NSW
23379,WINJALLOK,VIC
15369,WINJALLOK,NSW
23193,WAL WAL,VIC
15515,WAL WAL,NSW
23204,WALLALOO,VIC
15108,WALLALOO,NSW
23206,WALLALOO EAST,VIC
23207,WALLALOO EAST,NSW
23118,TULKARA,VIC
14688,TULKARA,NSW
23287,WATTLE CREEK,VIC
15494,WATTLE CREEK,NSW
15557,RIACHELLA,NSW
23253,WARRACKNABEAL,VIC
23253,WARRACKNABEAL,NSW
23354,WILKUR,VIC
15345,WILKUR,NSW
23359,WILLENABRINA,VIC
15336,WILLENABRINA,NSW
23515,YARTO,VIC
15550,YARTO,NSW
14636,SYDNEY SOUTH,NSW
14636,SYDNEY SOUTH,NSW
14784,THE ROCKS,NSW
14784,THE ROCKS,NSW
15470,WORLD SQUARE,NSW
15470,WORLD SQUARE,NSW
14980,ULTIMO,NSW
14980,ULTIMO,NSW
14712,TAYLOR SQUARE,NSW
14712,TAYLOR SQUARE,NSW
15455,WOOLLOOMOOLOO,NSW
15455,WOOLLOOMOOLOO,NSW
15195,WATERLOO,NSW
15195,WATERLOO,NSW
15198,WATERLOO DC,NSW
15198,WATERLOO DC,NSW
15592,ZETLAND,NSW
15592,ZETLAND,NSW
14631,SYDNEY DOMESTIC AIRPORT,NSW
14631,SYDNEY DOMESTIC AIRPORT,NSW
14633,SYDNEY INTERNATIONAL AIRPORT,NSW
14633,SYDNEY INTERNATIONAL AIRPORT,NSW
15216,WAVERLEY,NSW
15216,WAVERLEY,NSW
15452,WOOLLAHRA,NSW
15452,WOOLLAHRA,NSW
14670,TAMARAMA,NSW
14670,TAMARAMA,NSW
15058,VAUCLUSE,NSW
15058,VAUCLUSE,NSW
15202,WATSONS BAY,NSW
15202,WATSONS BAY,NSW
14723,TEMPE,NSW
14723,TEMPE,NSW
15150,WAREEMBA,NSW
15150,WAREEMBA,NSW
15285,WESTGATE,NSW
15285,WESTGATE,NSW
14990,UNSW SYDNEY,NSW
14990,UNSW SYDNEY,NSW
15218,WAVERTON,NSW
15218,WAVERTON,NSW
15404,WOLLSTONECRAFT,NSW
15404,WOLLSTONECRAFT,NSW
15338,WILLOUGHBY,NSW
15338,WILLOUGHBY,NSW
15339,WILLOUGHBY EAST,NSW
15339,WILLOUGHBY EAST,NSW
15340,WILLOUGHBY NORTH,NSW
15340,WILLOUGHBY NORTH,NSW
15271,WEST PYMBLE,NSW
15271,WEST PYMBLE,NSW
14951,TURRAMURRA,NSW
14951,TURRAMURRA,NSW
15169,WARRAWEE,NSW
15169,WARRAWEE,NSW
15078,WAHROONGA,NSW
15078,WAHROONGA,NSW
15079,WAITARA,NSW
15079,WAITARA,NSW
14744,TERREY HILLS,NSW
14744,TERREY HILLS,NSW
15298,WHEELER HEIGHTS,NSW
15298,WHEELER HEIGHTS,NSW
15368,WINGALA,NSW
15368,WINGALA,NSW
15183,WARRINGAH MALL,NSW
15183,WARRINGAH MALL,NSW
15178,WARRIEWOOD,NSW
15178,WARRIEWOOD,NSW
15179,WARRIEWOOD DC,NSW
15179,WARRIEWOOD DC,NSW
15180,WARRIEWOOD SHOPPING SQUARE,NSW
15180,WARRIEWOOD SHOPPING SQUARE,NSW
14716,TAYLORS POINT,NSW
14716,TAYLORS POINT,NSW
15297,WHALE BEACH,NSW
15297,WHALE BEACH,NSW
14754,THE BASIN,NSW
14754,THE BASIN,NSW
15461,WOOLWICH,NSW
15461,WOOLWICH,NSW
14728,TENNYSON POINT,NSW
14728,TENNYSON POINT,NSW
15272,WEST RYDE,NSW
15272,WEST RYDE,NSW
14720,TELOPEA,NSW
14720,TELOPEA,NSW
14802,THORNLEIGH,NSW
14802,THORNLEIGH,NSW
15286,WESTLEIGH,NSW
15286,WESTLEIGH,NSW
15270,WEST PENNANT HILLS,NSW
15270,WEST PENNANT HILLS,NSW
14635,SYDNEY OLYMPIC PARK,NSW
14635,SYDNEY OLYMPIC PARK,NSW
15245,WENTWORTH POINT,NSW
15245,WENTWORTH POINT,NSW
14634,SYDNEY MARKETS,NSW
14634,SYDNEY MARKETS,NSW
15247,WENTWORTHVILLE,NSW
15247,WENTWORTHVILLE,NSW
15287,WESTMEAD,NSW
15287,WESTMEAD,NSW
14865,TOONGABBIE,NSW
14865,TOONGABBIE,NSW
14866,TOONGABBIE EAST,NSW
14866,TOONGABBIE EAST,NSW
15374,WINSTON HILLS,NSW
15374,WINSTON HILLS,NSW
15571,YENNORA,NSW
15571,YENNORA,NSW
15062,VILLAWOOD,NSW
15062,VILLAWOOD,NSW
15291,WETHERILL PARK,NSW
15291,WETHERILL PARK,NSW
15293,WETHERILL PARK BC,NSW
15293,WETHERILL PARK BC,NSW
15437,WOODPARK,NSW
15437,WOODPARK,NSW
15189,WARWICK FARM,NSW
15189,WARWICK FARM,NSW
15267,WEST HOXTON,NSW
15267,WEST HOXTON,NSW
15067,VOYAGER POINT,NSW
15067,VOYAGER POINT,NSW
15208,WATTLE GROVE,NSW
15208,WATTLE GROVE,NSW
15082,WAKELEY,NSW
15082,WAKELEY,NSW
15246,WENTWORTH PORT,NSW
15246,WENTWORTH PORT,NSW
15327,WILEY PARK,NSW
15327,WILEY PARK,NSW
15508,YAGOONA,NSW
15508,YAGOONA,NSW
15509,YAGOONA WEST,NSW
15509,YAGOONA WEST,NSW
14953,TURRELLA,NSW
14953,TURRELLA,NSW
15394,WOLLI CREEK,NSW
15394,WOLLI CREEK,NSW
14985,UNDERCLIFFE,NSW
14985,UNDERCLIFFE,NSW
14642,SYLVANIA,NSW
14642,SYLVANIA,NSW
14643,SYLVANIA SOUTHGATE,NSW
14643,SYLVANIA SOUTHGATE,NSW
14644,SYLVANIA WATERS,NSW
14644,SYLVANIA WATERS,NSW
15586,YOWIE BAY,NSW
15586,YOWIE BAY,NSW
14700,TAREN POINT,NSW
14700,TAREN POINT,NSW
15187,WARUMBUL,NSW
15187,WARUMBUL,NSW
15459,WOOLOOWARE,NSW
15459,WOOLOOWARE,NSW
14979,ULOOLA,NSW
14979,ULOOLA,NSW
15204,WATTAMOLLA,NSW
15204,WATTAMOLLA,NSW
15472,WORONORA,NSW
15472,WORONORA,NSW
15567,YENABILLI,NSW
15567,YENABILLI,NSW
15194,WATERFALL,NSW
15194,WATERFALL,NSW
15474,WORONORA HEIGHTS,NSW
15474,WORONORA HEIGHTS,NSW
15546,YARRAWARRAH,NSW
15546,YARRAWARRAH,NSW
14708,TASCOTT,NSW
14708,TASCOTT,NSW
14724,TEN MILE HOLLOW,NSW
14724,TEN MILE HOLLOW,NSW
15019,UPPER MANGROVE,NSW
15019,UPPER MANGROVE,NSW
15242,WENDOREE PARK,NSW
15242,WENDOREE PARK,NSW
15265,WEST GOSFORD,NSW
15265,WEST GOSFORD,NSW
15499,WYOMING,NSW
15499,WYOMING,NSW
15558,YATTALUNGA,NSW
15558,YATTALUNGA,NSW
15417,WONDABYNE,NSW
15417,WONDABYNE,NSW
15478,WOY WOY,NSW
15478,WOY WOY,NSW
15479,WOY WOY BAY,NSW
15479,WOY WOY BAY,NSW
14981,UMINA BEACH,NSW
14981,UMINA BEACH,NSW
15077,WAGSTAFFE,NSW
15077,WAGSTAFFE,NSW
14650,TACOMA,NSW
14650,TACOMA,NSW
14651,TACOMA SOUTH,NSW
14651,TACOMA SOUTH,NSW
14919,TUGGERAH,NSW
14919,TUGGERAH,NSW
14920,TUGGERAWONG,NSW
14920,TUGGERAWONG,NSW
15068,WADALBA,NSW
15068,WADALBA,NSW
15105,WALLARAH,NSW
15105,WALLARAH,NSW
15158,WARNERVALE,NSW
15158,WARNERVALE,NSW
15193,WATANOBBI,NSW
15193,WATANOBBI,NSW
15464,WOONGARRAH,NSW
15464,WOONGARRAH,NSW
15491,WYBUNG,NSW
15491,WYBUNG,NSW
15492,WYEE,NSW
15492,WYEE,NSW
15493,WYEE POINT,NSW
15493,WYEE POINT,NSW
15500,WYONG,NSW
15500,WYONG,NSW
15501,WYONG CREEK,NSW
15501,WYONG CREEK,NSW
15502,WYONGAH,NSW
15502,WYONGAH,NSW
15535,YARRAMALONG,NSW
15535,YARRAMALONG,NSW
14745,TERRIGAL,NSW
14745,TERRIGAL,NSW
15122,WAMBERAL,NSW
15122,WAMBERAL,NSW
14761,THE ENTRANCE,NSW
14761,THE ENTRANCE,NSW
14762,THE ENTRANCE NORTH,NSW
14762,THE ENTRANCE NORTH,NSW
14876,TOOWOON BAY,NSW
14876,TOOWOON BAY,NSW
14931,TUMBI UMBI,NSW
14931,TUMBI UMBI,NSW
14886,TOUKLEY,NSW
14886,TOUKLEY,NSW
15359,WINDERMERE PARK,NSW
15359,WINDERMERE PARK,NSW
15548,YARRAWONGA PARK,NSW
15548,YARRAWONGA PARK,NSW
15136,WANGI WANGI,NSW
15136,WANGI WANGI,NSW
15081,WAKEFIELD,NSW
15081,WAKEFIELD,NSW
15052,VALENTINE,NSW
15052,VALENTINE,NSW
15157,WARNERS BAY,NSW
15157,WARNERS BAY,NSW
14879,TORONTO,NSW
14879,TORONTO,NSW
14732,TERALBA,NSW
14732,TERALBA,NSW
15438,WOODRISING,NSW
15438,WOODRISING,NSW
15275,WEST WALLSEND,NSW
15275,WEST WALLSEND,NSW
15116,WALLSEND,NSW
15116,WALLSEND,NSW
15117,WALLSEND DC,NSW
15117,WALLSEND DC,NSW
15118,WALLSEND SOUTH,NSW
15118,WALLSEND SOUTH,NSW
14831,TINGIRA HEIGHTS,NSW
14831,TINGIRA HEIGHTS,NSW
15307,WHITEBRIDGE,NSW
15307,WHITEBRIDGE,NSW
14772,THE JUNCTION,NSW
14772,THE JUNCTION,NSW
15318,WICKHAM,NSW
15318,WICKHAM,NSW
14817,TIGHES HILL,NSW
14817,TIGHES HILL,NSW
15143,WARATAH,NSW
15143,WARATAH,NSW
15144,WARATAH WEST,NSW
15144,WARATAH WEST,NSW
14771,THE HILL,NSW
14771,THE HILL,NSW
15142,WARABROOK,NSW
15142,WARABROOK,NSW
15353,WINDALE,NSW
15353,WINDALE,NSW
14993,UPPER ALLYN,NSW
14993,UPPER ALLYN,NSW
15333,WILLIAMTOWN RAAF,NSW
15333,WILLIAMTOWN RAAF,NSW
14714,TAYLORS BEACH,NSW
14714,TAYLORS BEACH,NSW
15332,WILLIAMTOWN,NSW
15332,WILLIAMTOWN,NSW
14680,TANILBA BAY,NSW
14680,TANILBA BAY,NSW
14822,TILLIGERRY CREEK,NSW
14822,TILLIGERRY CREEK,NSW
14718,TELARAH,NSW
14718,TELARAH,NSW
15100,WALLALONG,NSW
15100,WALLALONG,NSW
15355,WINDELLA,NSW
15355,WINDELLA,NSW
15358,WINDERMERE,NSW
15358,WINDERMERE,NSW
15386,WOERDEN,NSW
15386,WOERDEN,NSW
15446,WOODVILLE,NSW
15446,WOODVILLE,NSW
14707,TARRO,NSW
14707,TARRO,NSW
14803,THORNTON,NSW
14803,THORNTON,NSW
14846,TOMAGO,NSW
14846,TOMAGO,NSW
15423,WOODBERRY,NSW
15423,WOODBERRY,NSW
14725,TENAMBIT,NSW
14725,TENAMBIT,NSW
14652,TAHLEE,NSW
14652,TAHLEE,NSW
14717,TEA GARDENS,NSW
14717,TEA GARDENS,NSW
14960,TWELVE MILE CREEK,NSW
14960,TWELVE MILE CREEK,NSW
15108,WALLAROO,NSW
15108,WALLAROO,NSW
15192,WATAGAN,NSW
15192,WATAGAN,NSW
15396,WOLLOMBI,NSW
15396,WOLLOMBI,NSW
15513,YALLAMBIE,NSW
15513,YALLAMBIE,NSW
15569,YENGO,NSW
15569,YENGO,NSW
15570,YENGO NATIONAL PARK,NSW
15570,YENGO NATIONAL PARK,NSW
15288,WESTON,NSW
15288,WESTON,NSW
15319,WIDDEN,NSW
15319,WIDDEN,NSW
15545,YARRAWA,NSW
15545,YARRAWA,NSW
14971,UARBRY,NSW
14971,UARBRY,NSW
15155,WARKWORTH,NSW
15155,WARKWORTH,NSW
15209,WATTLE PONDS,NSW
15209,WATTLE PONDS,NSW
15279,WESTBROOK,NSW
15279,WESTBROOK,NSW
15310,WHITTINGHAM,NSW
15310,WHITTINGHAM,NSW
15393,WOLLEMI,NSW
15393,WOLLEMI,NSW
15495,WYLIES FLAT,NSW
15495,WYLIES FLAT,NSW
15490,WYBONG,NSW
15490,WYBONG,NSW
15005,UPPER DARTBROOK,NSW
15005,UPPER DARTBROOK,NSW
15027,UPPER ROUCHEL,NSW
15027,UPPER ROUCHEL,NSW
14848,TOMALLA,NSW
14848,TOMALLA,NSW
15217,WAVERLY,NSW
15217,WAVERLY,NSW
15370,WINGEN,NSW
15370,WINGEN,NSW
15458,WOOLOOMA,NSW
15458,WOOLOOMA,NSW
14827,TIMOR,NSW
14827,TIMOR,NSW
15164,WARRAH,NSW
15164,WARRAH,NSW
15165,WARRAH CREEK,NSW
15165,WARRAH CREEK,NSW
15341,WILLOW TREE,NSW
15341,WILLOW TREE,NSW
14675,TAMINDA,NSW
14675,TAMINDA,NSW
14676,TAMWORTH,NSW
14676,TAMWORTH,NSW
14677,TAMWORTH SOUTH,NSW
14677,TAMWORTH SOUTH,NSW
14826,TIMBUMBURI,NSW
14826,TIMBUMBURI,NSW
15101,WALLAMORE,NSW
15101,WALLAMORE,NSW
15167,WARRAL,NSW
15167,WARRAL,NSW
15221,WEABONGA,NSW
15221,WEABONGA,NSW
15274,WEST TAMWORTH,NSW
15274,WEST TAMWORTH,NSW
15281,WESTDALE,NSW
15281,WESTDALE,NSW
15457,WOOLOMIN,NSW
15457,WOOLOMIN,NSW
15257,WERRIS CREEK,NSW
15257,WERRIS CREEK,NSW
15090,WALHALLOW,NSW
15090,WALHALLOW,NSW
15092,WALLABADAH,NSW
15092,WALLABADAH,NSW
15166,WARRAH RIDGE,NSW
15166,WARRAH RIDGE,NSW
15365,WINDY,NSW
15365,WINDY,NSW
15523,YANNERGEE,NSW
15523,YANNERGEE,NSW
15536,YARRAMAN,NSW
15536,YARRAMAN,NSW
15375,WINTON,NSW
15375,WINTON,NSW
15020,UPPER MANILLA,NSW
15020,UPPER MANILLA,NSW
15159,WARRABAH,NSW
15159,WARRABAH,NSW
15351,WIMBORNE,NSW
15351,WIMBORNE,NSW
15421,WONGO CREEK,NSW
15421,WONGO CREEK,NSW
14797,THIRLDENE,NSW
14797,THIRLDENE,NSW
14799,THIRLOENE,NSW
14799,THIRLOENE,NSW
15012,UPPER HORTON,NSW
15012,UPPER HORTON,NSW
15441,WOODSREEF,NSW
15441,WOODSREEF,NSW
14751,THALGARRAH,NSW
14751,THALGARRAH,NSW
14820,TILBUSTER,NSW
14820,TILBUSTER,NSW
15148,WARDS MISTAKE,NSW
15148,WARDS MISTAKE,NSW
15259,WEST ARMIDALE,NSW
15259,WEST ARMIDALE,NSW
15397,WOLLOMOMBI,NSW
15397,WOLLOMOMBI,NSW
15422,WONGWIBINDA,NSW
15422,WONGWIBINDA,NSW
14988,UNIVERSITY OF NEW ENGLAND,NSW
14988,UNIVERSITY OF NEW ENGLAND,NSW
14835,TINTINHULL,NSW
14835,TINTINHULL,NSW
15033,UPPER YARROWITCH,NSW
15033,UPPER YARROWITCH,NSW
15086,WALCHA,NSW
15086,WALCHA,NSW
15087,WALCHA ROAD,NSW
15087,WALCHA ROAD,NSW
15406,WOLLUN,NSW
15406,WOLLUN,NSW
15448,WOOLBROOK,NSW
15448,WOOLBROOK,NSW
15552,YARROWITCH,NSW
15552,YARROWITCH,NSW
15203,WATSONS CREEK,NSW
15203,WATSONS CREEK,NSW
14682,TANNABAR,NSW
14682,TANNABAR,NSW
14973,ULAMAMBRI,NSW
14973,ULAMAMBRI,NSW
15211,WATTLE SPRINGS,NSW
15211,WATTLE SPRINGS,NSW
15561,YEARINAN,NSW
15561,YEARINAN,NSW
14881,TORRYBURN,NSW
14881,TORRYBURN,NSW
15036,URALLA,NSW
15036,URALLA,NSW
15553,YARROWYCK,NSW
15553,YARROWYCK,NSW
15103,WALLANGRA,NSW
15103,WALLANGRA,NSW
15130,WANDERA,NSW
15130,WANDERA,NSW
15442,WOODSTOCK,NSW
15442,WOODSTOCK,NSW
14730,TENTERDEN,NSW
14730,TENTERDEN,NSW
14768,THE GULF,NSW
14768,THE GULF,NSW
14911,TUBBAMURRA,NSW
14911,TUBBAMURRA,NSW
15132,WANDSWORTH,NSW
15132,WANDSWORTH,NSW
14830,TINGHA,NSW
14830,TINGHA,NSW
15238,WELLINGROVE,NSW
15238,WELLINGROVE,NSW
15551,YARROWFORD,NSW
15551,YARROWFORD,NSW
14729,TENT HILL,NSW
14729,TENT HILL,NSW
14880,TORRINGTON,NSW
14880,TORRINGTON,NSW
14940,TUNGSTEN,NSW
14940,TUNGSTEN,NSW
15240,WELLINGTON VALE,NSW
15240,WELLINGTON VALE,NSW
15563,YELLOW DAM,NSW
15563,YELLOW DAM,NSW
14693,TARBAN,NSW
14693,TARBAN,NSW
14731,TENTERFIELD,NSW
14731,TENTERFIELD,NSW
14787,THE SCRUB,NSW
14787,THE SCRUB,NSW
14824,TIMBARRA,NSW
14824,TIMBARRA,NSW
15344,WILLSONS DOWNFALL,NSW
15344,WILLSONS DOWNFALL,NSW
15439,WOODSIDE,NSW
15439,WOODSIDE,NSW
15494,WYLIE CREEK,NSW
15494,WYLIE CREEK,NSW
14672,TAMBAR SPRINGS,NSW
14672,TAMBAR SPRINGS,NSW
15222,WEAN,NSW
15222,WEAN,NSW
15328,WILLALA,NSW
15328,WILLALA,NSW
14777,THE PILLIGA,NSW
14777,THE PILLIGA,NSW
15227,WEE WAA,NSW
15227,WEE WAA,NSW
15549,YARRIE LAKE,NSW
15549,YARRIE LAKE,NSW
14706,TARRIARO,NSW
14706,TARRIARO,NSW
14952,TURRAWAN,NSW
14952,TURRAWAN,NSW
15231,WEETALIBA,NSW
15231,WEETALIBA,NSW
14749,THALABA,NSW
14749,THALABA,NSW
14746,TERRY HIE HIE,NSW
14746,TERRY HIE HIE,NSW
14818,TIKITERE,NSW
14818,TIKITERE,NSW
14928,TULLOONA,NSW
14928,TULLOONA,NSW
15152,WARIALDA,NSW
15152,WARIALDA,NSW
15153,WARIALDA RAIL,NSW
15153,WARIALDA RAIL,NSW
14994,UPPER BINGARA,NSW
14994,UPPER BINGARA,NSW
15309,WHITLOW,NSW
15309,WHITLOW,NSW
15230,WEEMELAH,NSW
15230,WEEMELAH,NSW
15514,YALLAROI,NSW
15514,YALLAROI,NSW
14963,TWIN RIVERS,NSW
14963,TWIN RIVERS,NSW
15580,YETMAN,NSW
15580,YETMAN,NSW
15015,UPPER KARUAH RIVER,NSW
15015,UPPER KARUAH RIVER,NSW
15234,WEISMANTELS,NSW
15234,WEISMANTELS,NSW
14645,TABBIL CREEK,NSW
14645,TABBIL CREEK,NSW
14821,TILLEGRA,NSW
14821,TILLEGRA,NSW
14984,UNDERBANK,NSW
14984,UNDERBANK,NSW
14998,UPPER CHICHESTER,NSW
14998,UPPER CHICHESTER,NSW
15106,WALLARINGA,NSW
15106,WALLARINGA,NSW
15107,WALLAROBBA,NSW
15107,WALLAROBBA,NSW
15379,WIRRAGULLA,NSW
15379,WIRRAGULLA,NSW
14841,TOCAL,NSW
14841,TOCAL,NSW
14900,TREVALLYN,NSW
14900,TREVALLYN,NSW
15050,VACY,NSW
15050,VACY,NSW
15223,WEBBERS CREEK,NSW
15223,WEBBERS CREEK,NSW
14743,TERREEL,NSW
14743,TERREEL,NSW
14813,TIBBUC,NSW
14813,TIBBUC,NSW
14840,TITAATEE CREEK,NSW
14840,TITAATEE CREEK,NSW
14921,TUGRABAKH,NSW
14921,TUGRABAKH,NSW
14995,UPPER BOWMAN,NSW
14995,UPPER BOWMAN,NSW
15102,WALLANBAH,NSW
15102,WALLANBAH,NSW
15141,WAPRA,NSW
15141,WAPRA,NSW
15149,WARDS RIVER,NSW
15149,WARDS RIVER,NSW
15215,WAUKIVORY,NSW
15215,WAUKIVORY,NSW
15378,WIRRADGURIE,NSW
15378,WIRRADGURIE,NSW
15389,WOKO,NSW
15389,WOKO,NSW
14878,TOPI TOPI,NSW
14878,TOPI TOPI,NSW
15022,UPPER MYALL,NSW
15022,UPPER MYALL,NSW
15065,VIOLET HILL,NSW
15065,VIOLET HILL,NSW
15113,WALLINGAT,NSW
15113,WALLINGAT,NSW
15133,WANG WAUK,NSW
15133,WANG WAUK,NSW
15168,WARRANULLA,NSW
15168,WARRANULLA,NSW
15336,WILLINA,NSW
15336,WILLINA,NSW
15468,WOOTTON,NSW
15468,WOOTTON,NSW
15507,YAGON,NSW
15507,YAGON,NSW
14838,TIRI,NSW
14838,TIRI,NSW
14757,THE BRANCH,NSW
14757,THE BRANCH,NSW
15190,WASHPOOL,NSW
15190,WASHPOOL,NSW
14694,TARBUCK BAY,NSW
14694,TARBUCK BAY,NSW
14836,TIONA,NSW
14836,TIONA,NSW
14938,TUNCURRY,NSW
14938,TUNCURRY,NSW
15115,WALLIS LAKE,NSW
15115,WALLIS LAKE,NSW
15312,WHOOTA,NSW
15312,WHOOTA,NSW
14756,THE BIGHT,NSW
14756,THE BIGHT,NSW
14837,TIPPERARY,NSW
14837,TIPPERARY,NSW
15184,WARRIWILLAH,NSW
15184,WARRIWILLAH,NSW
15301,WHERROL FLAT,NSW
15301,WHERROL FLAT,NSW
15371,WINGHAM,NSW
15371,WINGHAM,NSW
15543,YARRATT FOREST,NSW
15543,YARRATT FOREST,NSW
14666,TALLWOODS VILLAGE,NSW
14666,TALLWOODS VILLAGE,NSW
14696,TAREE,NSW
14696,TAREE,NSW
14697,TAREE DC,NSW
14697,TAREE DC,NSW
14698,TAREE SOUTH,NSW
14698,TAREE SOUTH,NSW
14699,TAREE WEST,NSW
14699,TAREE WEST,NSW
14832,TINONEE,NSW
14832,TINONEE,NSW
15016,UPPER LANSDOWNE,NSW
15016,UPPER LANSDOWNE,NSW
15093,WALLABI POINT,NSW
15093,WALLABI POINT,NSW
15034,UPSALLS CREEK,NSW
15034,UPSALLS CREEK,NSW
14721,TEMAGOG,NSW
14721,TEMAGOG,NSW
14873,TOOROOKA,NSW
14873,TOOROOKA,NSW
14947,TURNERS FLAT,NSW
14947,TURNERS FLAT,NSW
15059,VERGES CREEK,NSW
15059,VERGES CREEK,NSW
15268,WEST KEMPSEY,NSW
15268,WEST KEMPSEY,NSW
15329,WILLAWARRIN,NSW
15329,WILLAWARRIN,NSW
15331,WILLI WILLI,NSW
15331,WILLI WILLI,NSW
15385,WITTITRIN,NSW
15385,WITTITRIN,NSW
15544,YARRAVEL,NSW
15544,YARRAVEL,NSW
15577,YESSABAH,NSW
15577,YESSABAH,NSW
14671,TAMBAN,NSW
14671,TAMBAN,NSW
14719,TELEGRAPH POINT,NSW
14719,TELEGRAPH POINT,NSW
15026,UPPER ROLLANDS PLAINS,NSW
15026,UPPER ROLLANDS PLAINS,NSW
15534,YARRAHAPINNI,NSW
15534,YARRAHAPINNI,NSW
15080,WAITUI,NSW
15080,WAITUI,NSW
15266,WEST HAVEN,NSW
15266,WEST HAVEN,NSW
14770,THE HATCH,NSW
14770,THE HATCH,NSW
14806,THRUMSTER,NSW
14806,THRUMSTER,NSW
14855,TOMS CREEK,NSW
14855,TOMS CREEK,NSW
15025,UPPER PAPPINBARRA,NSW
15025,UPPER PAPPINBARRA,NSW
15213,WAUCHOPE,NSW
15213,WAUCHOPE,NSW
15253,WERRIKIMBE,NSW
15253,WERRIKIMBE,NSW
15541,YARRAS,NSW
15541,YARRAS,NSW
14636,SYDNEY SOUTH,NSW
14636,SYDNEY SOUTH,NSW
14784,THE ROCKS,NSW
14784,THE ROCKS,NSW
15470,WORLD SQUARE,NSW
15470,WORLD SQUARE,NSW
14980,ULTIMO,NSW
14980,ULTIMO,NSW
14712,TAYLOR SQUARE,NSW
14712,TAYLOR SQUARE,NSW
15455,WOOLLOOMOOLOO,NSW
15455,WOOLLOOMOOLOO,NSW
15195,WATERLOO,NSW
15195,WATERLOO,NSW
15198,WATERLOO DC,NSW
15198,WATERLOO DC,NSW
15592,ZETLAND,NSW
15592,ZETLAND,NSW
14631,SYDNEY DOMESTIC AIRPORT,NSW
14631,SYDNEY DOMESTIC AIRPORT,NSW
14633,SYDNEY INTERNATIONAL AIRPORT,NSW
14633,SYDNEY INTERNATIONAL AIRPORT,NSW
15216,WAVERLEY,NSW
15216,WAVERLEY,NSW
15452,WOOLLAHRA,NSW
15452,WOOLLAHRA,NSW
14670,TAMARAMA,NSW
14670,TAMARAMA,NSW
15058,VAUCLUSE,NSW
15058,VAUCLUSE,NSW
15202,WATSONS BAY,NSW
15202,WATSONS BAY,NSW
14723,TEMPE,NSW
14723,TEMPE,NSW
15150,WAREEMBA,NSW
15150,WAREEMBA,NSW
15285,WESTGATE,NSW
15285,WESTGATE,NSW
14990,UNSW SYDNEY,NSW
14990,UNSW SYDNEY,NSW
15218,WAVERTON,NSW
15218,WAVERTON,NSW
15404,WOLLSTONECRAFT,NSW
15404,WOLLSTONECRAFT,NSW
15338,WILLOUGHBY,NSW
15338,WILLOUGHBY,NSW
15339,WILLOUGHBY EAST,NSW
15339,WILLOUGHBY EAST,NSW
15340,WILLOUGHBY NORTH,NSW
15340,WILLOUGHBY NORTH,NSW
15271,WEST PYMBLE,NSW
15271,WEST PYMBLE,NSW
14951,TURRAMURRA,NSW
14951,TURRAMURRA,NSW
15169,WARRAWEE,NSW
15169,WARRAWEE,NSW
15078,WAHROONGA,NSW
15078,WAHROONGA,NSW
15079,WAITARA,NSW
15079,WAITARA,NSW
14744,TERREY HILLS,NSW
14744,TERREY HILLS,NSW
15298,WHEELER HEIGHTS,NSW
15298,WHEELER HEIGHTS,NSW
15368,WINGALA,NSW
15368,WINGALA,NSW
15183,WARRINGAH MALL,NSW
15183,WARRINGAH MALL,NSW
15178,WARRIEWOOD,NSW
15178,WARRIEWOOD,NSW
15179,WARRIEWOOD DC,NSW
15179,WARRIEWOOD DC,NSW
15180,WARRIEWOOD SHOPPING SQUARE,NSW
15180,WARRIEWOOD SHOPPING SQUARE,NSW
14716,TAYLORS POINT,NSW
14716,TAYLORS POINT,NSW
15297,WHALE BEACH,NSW
15297,WHALE BEACH,NSW
14754,THE BASIN,NSW
14754,THE BASIN,NSW
15461,WOOLWICH,NSW
15461,WOOLWICH,NSW
14728,TENNYSON POINT,NSW
14728,TENNYSON POINT,NSW
15272,WEST RYDE,NSW
15272,WEST RYDE,NSW
14720,TELOPEA,NSW
14720,TELOPEA,NSW
14802,THORNLEIGH,NSW
14802,THORNLEIGH,NSW
15286,WESTLEIGH,NSW
15286,WESTLEIGH,NSW
15270,WEST PENNANT HILLS,NSW
15270,WEST PENNANT HILLS,NSW
14635,SYDNEY OLYMPIC PARK,NSW
14635,SYDNEY OLYMPIC PARK,NSW
15245,WENTWORTH POINT,NSW
15245,WENTWORTH POINT,NSW
14634,SYDNEY MARKETS,NSW
14634,SYDNEY MARKETS,NSW
15247,WENTWORTHVILLE,NSW
15247,WENTWORTHVILLE,NSW
15287,WESTMEAD,NSW
15287,WESTMEAD,NSW
14865,TOONGABBIE,NSW
14865,TOONGABBIE,NSW
14866,TOONGABBIE EAST,NSW
14866,TOONGABBIE EAST,NSW
15374,WINSTON HILLS,NSW
15374,WINSTON HILLS,NSW
15571,YENNORA,NSW
15571,YENNORA,NSW
15062,VILLAWOOD,NSW
15062,VILLAWOOD,NSW
15291,WETHERILL PARK,NSW
15291,WETHERILL PARK,NSW
15293,WETHERILL PARK BC,NSW
15293,WETHERILL PARK BC,NSW
15437,WOODPARK,NSW
15437,WOODPARK,NSW
15189,WARWICK FARM,NSW
15189,WARWICK FARM,NSW
15267,WEST HOXTON,NSW
15267,WEST HOXTON,NSW
15067,VOYAGER POINT,NSW
15067,VOYAGER POINT,NSW
15208,WATTLE GROVE,NSW
15208,WATTLE GROVE,NSW
15082,WAKELEY,NSW
15082,WAKELEY,NSW
15246,WENTWORTH PORT,NSW
15246,WENTWORTH PORT,NSW
15327,WILEY PARK,NSW
15327,WILEY PARK,NSW
15508,YAGOONA,NSW
15508,YAGOONA,NSW
15509,YAGOONA WEST,NSW
15509,YAGOONA WEST,NSW
14953,TURRELLA,NSW
14953,TURRELLA,NSW
15394,WOLLI CREEK,NSW
15394,WOLLI CREEK,NSW
14985,UNDERCLIFFE,NSW
14985,UNDERCLIFFE,NSW
14642,SYLVANIA,NSW
14642,SYLVANIA,NSW
14643,SYLVANIA SOUTHGATE,NSW
14643,SYLVANIA SOUTHGATE,NSW
14644,SYLVANIA WATERS,NSW
14644,SYLVANIA WATERS,NSW
15586,YOWIE BAY,NSW
15586,YOWIE BAY,NSW
14700,TAREN POINT,NSW
14700,TAREN POINT,NSW
15187,WARUMBUL,NSW
15187,WARUMBUL,NSW
15459,WOOLOOWARE,NSW
15459,WOOLOOWARE,NSW
14979,ULOOLA,NSW
14979,ULOOLA,NSW
15204,WATTAMOLLA,NSW
15204,WATTAMOLLA,NSW
15472,WORONORA,NSW
15472,WORONORA,NSW
15567,YENABILLI,NSW
15567,YENABILLI,NSW
15194,WATERFALL,NSW
15194,WATERFALL,NSW
15474,WORONORA HEIGHTS,NSW
15474,WORONORA HEIGHTS,NSW
15546,YARRAWARRAH,NSW
15546,YARRAWARRAH,NSW
14708,TASCOTT,NSW
14708,TASCOTT,NSW
14724,TEN MILE HOLLOW,NSW
14724,TEN MILE HOLLOW,NSW
15019,UPPER MANGROVE,NSW
15019,UPPER MANGROVE,NSW
15242,WENDOREE PARK,NSW
15242,WENDOREE PARK,NSW
15265,WEST GOSFORD,NSW
15265,WEST GOSFORD,NSW
15499,WYOMING,NSW
15499,WYOMING,NSW
15558,YATTALUNGA,NSW
15558,YATTALUNGA,NSW
15417,WONDABYNE,NSW
15417,WONDABYNE,NSW
15478,WOY WOY,NSW
15478,WOY WOY,NSW
15479,WOY WOY BAY,NSW
15479,WOY WOY BAY,NSW
14981,UMINA BEACH,NSW
14981,UMINA BEACH,NSW
15077,WAGSTAFFE,NSW
15077,WAGSTAFFE,NSW
14650,TACOMA,NSW
14650,TACOMA,NSW
14651,TACOMA SOUTH,NSW
14651,TACOMA SOUTH,NSW
14919,TUGGERAH,NSW
14919,TUGGERAH,NSW
14920,TUGGERAWONG,NSW
14920,TUGGERAWONG,NSW
15068,WADALBA,NSW
15068,WADALBA,NSW
15105,WALLARAH,NSW
15105,WALLARAH,NSW
15158,WARNERVALE,NSW
15158,WARNERVALE,NSW
15193,WATANOBBI,NSW
15193,WATANOBBI,NSW
15464,WOONGARRAH,NSW
15464,WOONGARRAH,NSW
15491,WYBUNG,NSW
15491,WYBUNG,NSW
15492,WYEE,NSW
15492,WYEE,NSW
15493,WYEE POINT,NSW
15493,WYEE POINT,NSW
15500,WYONG,NSW
15500,WYONG,NSW
15501,WYONG CREEK,NSW
15501,WYONG CREEK,NSW
15502,WYONGAH,NSW
15502,WYONGAH,NSW
15535,YARRAMALONG,NSW
15535,YARRAMALONG,NSW
14745,TERRIGAL,NSW
14745,TERRIGAL,NSW
15122,WAMBERAL,NSW
15122,WAMBERAL,NSW
14761,THE ENTRANCE,NSW
14761,THE ENTRANCE,NSW
14762,THE ENTRANCE NORTH,NSW
14762,THE ENTRANCE NORTH,NSW
14876,TOOWOON BAY,NSW
14876,TOOWOON BAY,NSW
14931,TUMBI UMBI,NSW
14931,TUMBI UMBI,NSW
14886,TOUKLEY,NSW
14886,TOUKLEY,NSW
15359,WINDERMERE PARK,NSW
15359,WINDERMERE PARK,NSW
15548,YARRAWONGA PARK,NSW
15548,YARRAWONGA PARK,NSW
15136,WANGI WANGI,NSW
15136,WANGI WANGI,NSW
15081,WAKEFIELD,NSW
15081,WAKEFIELD,NSW
15052,VALENTINE,NSW
15052,VALENTINE,NSW
15157,WARNERS BAY,NSW
15157,WARNERS BAY,NSW
14879,TORONTO,NSW
14879,TORONTO,NSW
14732,TERALBA,NSW
14732,TERALBA,NSW
15438,WOODRISING,NSW
15438,WOODRISING,NSW
15275,WEST WALLSEND,NSW
15275,WEST WALLSEND,NSW
15116,WALLSEND,NSW
15116,WALLSEND,NSW
15117,WALLSEND DC,NSW
15117,WALLSEND DC,NSW
15118,WALLSEND SOUTH,NSW
15118,WALLSEND SOUTH,NSW
14831,TINGIRA HEIGHTS,NSW
14831,TINGIRA HEIGHTS,NSW
15307,WHITEBRIDGE,NSW
15307,WHITEBRIDGE,NSW
14772,THE JUNCTION,NSW
14772,THE JUNCTION,NSW
15318,WICKHAM,NSW
15318,WICKHAM,NSW
14817,TIGHES HILL,NSW
14817,TIGHES HILL,NSW
15143,WARATAH,NSW
15143,WARATAH,NSW
15144,WARATAH WEST,NSW
15144,WARATAH WEST,NSW
14771,THE HILL,NSW
14771,THE HILL,NSW
15142,WARABROOK,NSW
15142,WARABROOK,NSW
15353,WINDALE,NSW
15353,WINDALE,NSW
14993,UPPER ALLYN,NSW
14993,UPPER ALLYN,NSW
15333,WILLIAMTOWN RAAF,NSW
15333,WILLIAMTOWN RAAF,NSW
14714,TAYLORS BEACH,NSW
14714,TAYLORS BEACH,NSW
15332,WILLIAMTOWN,NSW
15332,WILLIAMTOWN,NSW
14680,TANILBA BAY,NSW
14680,TANILBA BAY,NSW
14822,TILLIGERRY CREEK,NSW
14822,TILLIGERRY CREEK,NSW
14718,TELARAH,NSW
14718,TELARAH,NSW
15100,WALLALONG,NSW
15100,WALLALONG,NSW
15355,WINDELLA,NSW
15355,WINDELLA,NSW
15358,WINDERMERE,NSW
15358,WINDERMERE,NSW
15386,WOERDEN,NSW
15386,WOERDEN,NSW
15446,WOODVILLE,NSW
15446,WOODVILLE,NSW
14707,TARRO,NSW
14707,TARRO,NSW
14803,THORNTON,NSW
14803,THORNTON,NSW
14846,TOMAGO,NSW
14846,TOMAGO,NSW
15423,WOODBERRY,NSW
15423,WOODBERRY,NSW
14725,TENAMBIT,NSW
14725,TENAMBIT,NSW
14652,TAHLEE,NSW
14652,TAHLEE,NSW
14717,TEA GARDENS,NSW
14717,TEA GARDENS,NSW
14960,TWELVE MILE CREEK,NSW
14960,TWELVE MILE CREEK,NSW
15108,WALLAROO,NSW
15108,WALLAROO,NSW
15192,WATAGAN,NSW
15192,WATAGAN,NSW
15396,WOLLOMBI,NSW
15396,WOLLOMBI,NSW
15513,YALLAMBIE,NSW
15513,YALLAMBIE,NSW
15569,YENGO,NSW
15569,YENGO,NSW
15570,YENGO NATIONAL PARK,NSW
15570,YENGO NATIONAL PARK,NSW
15288,WESTON,NSW
15288,WESTON,NSW
15319,WIDDEN,NSW
15319,WIDDEN,NSW
15545,YARRAWA,NSW
15545,YARRAWA,NSW
14971,UARBRY,NSW
14971,UARBRY,NSW
15155,WARKWORTH,NSW
15155,WARKWORTH,NSW
15209,WATTLE PONDS,NSW
15209,WATTLE PONDS,NSW
15279,WESTBROOK,NSW
15279,WESTBROOK,NSW
15310,WHITTINGHAM,NSW
15310,WHITTINGHAM,NSW
15393,WOLLEMI,NSW
15393,WOLLEMI,NSW
15495,WYLIES FLAT,NSW
15495,WYLIES FLAT,NSW
15490,WYBONG,NSW
15490,WYBONG,NSW
15005,UPPER DARTBROOK,NSW
15005,UPPER DARTBROOK,NSW
15027,UPPER ROUCHEL,NSW
15027,UPPER ROUCHEL,NSW
14848,TOMALLA,NSW
14848,TOMALLA,NSW
15217,WAVERLY,NSW
15217,WAVERLY,NSW
15370,WINGEN,NSW
15370,WINGEN,NSW
15458,WOOLOOMA,NSW
15458,WOOLOOMA,NSW
14827,TIMOR,NSW
14827,TIMOR,NSW
15164,WARRAH,NSW
15164,WARRAH,NSW
15165,WARRAH CREEK,NSW
15165,WARRAH CREEK,NSW
15341,WILLOW TREE,NSW
15341,WILLOW TREE,NSW
14675,TAMINDA,NSW
14675,TAMINDA,NSW
14676,TAMWORTH,NSW
14676,TAMWORTH,NSW
14677,TAMWORTH SOUTH,NSW
14677,TAMWORTH SOUTH,NSW
14826,TIMBUMBURI,NSW
14826,TIMBUMBURI,NSW
15101,WALLAMORE,NSW
15101,WALLAMORE,NSW
15167,WARRAL,NSW
15167,WARRAL,NSW
15221,WEABONGA,NSW
15221,WEABONGA,NSW
15274,WEST TAMWORTH,NSW
15274,WEST TAMWORTH,NSW
15281,WESTDALE,NSW
15281,WESTDALE,NSW
15457,WOOLOMIN,NSW
15457,WOOLOMIN,NSW
15257,WERRIS CREEK,NSW
15257,WERRIS CREEK,NSW
15090,WALHALLOW,NSW
15090,WALHALLOW,NSW
15092,WALLABADAH,NSW
15092,WALLABADAH,NSW
15166,WARRAH RIDGE,NSW
15166,WARRAH RIDGE,NSW
15365,WINDY,NSW
15365,WINDY,NSW
15523,YANNERGEE,NSW
15523,YANNERGEE,NSW
15536,YARRAMAN,NSW
15536,YARRAMAN,NSW
15375,WINTON,NSW
15375,WINTON,NSW
15020,UPPER MANILLA,NSW
15020,UPPER MANILLA,NSW
15159,WARRABAH,NSW
15159,WARRABAH,NSW
15351,WIMBORNE,NSW
15351,WIMBORNE,NSW
15421,WONGO CREEK,NSW
15421,WONGO CREEK,NSW
14797,THIRLDENE,NSW
14797,THIRLDENE,NSW
14799,THIRLOENE,NSW
14799,THIRLOENE,NSW
15012,UPPER HORTON,NSW
15012,UPPER HORTON,NSW
15441,WOODSREEF,NSW
15441,WOODSREEF,NSW
14751,THALGARRAH,NSW
14751,THALGARRAH,NSW
14820,TILBUSTER,NSW
14820,TILBUSTER,NSW
15148,WARDS MISTAKE,NSW
15148,WARDS MISTAKE,NSW
15259,WEST ARMIDALE,NSW
15259,WEST ARMIDALE,NSW
15397,WOLLOMOMBI,NSW
15397,WOLLOMOMBI,NSW
15422,WONGWIBINDA,NSW
15422,WONGWIBINDA,NSW
14988,UNIVERSITY OF NEW ENGLAND,NSW
14988,UNIVERSITY OF NEW ENGLAND,NSW
14835,TINTINHULL,NSW
14835,TINTINHULL,NSW
15033,UPPER YARROWITCH,NSW
15033,UPPER YARROWITCH,NSW
15086,WALCHA,NSW
15086,WALCHA,NSW
15087,WALCHA ROAD,NSW
15087,WALCHA ROAD,NSW
15406,WOLLUN,NSW
15406,WOLLUN,NSW
15448,WOOLBROOK,NSW
15448,WOOLBROOK,NSW
15552,YARROWITCH,NSW
15552,YARROWITCH,NSW
15203,WATSONS CREEK,NSW
15203,WATSONS CREEK,NSW
14682,TANNABAR,NSW
14682,TANNABAR,NSW
14973,ULAMAMBRI,NSW
14973,ULAMAMBRI,NSW
15211,WATTLE SPRINGS,NSW
15211,WATTLE SPRINGS,NSW
15561,YEARINAN,NSW
15561,YEARINAN,NSW
14881,TORRYBURN,NSW
14881,TORRYBURN,NSW
15036,URALLA,NSW
15036,URALLA,NSW
15553,YARROWYCK,NSW
15553,YARROWYCK,NSW
15103,WALLANGRA,NSW
15103,WALLANGRA,NSW
15130,WANDERA,NSW
15130,WANDERA,NSW
15442,WOODSTOCK,NSW
15442,WOODSTOCK,NSW
14730,TENTERDEN,NSW
14730,TENTERDEN,NSW
14768,THE GULF,NSW
14768,THE GULF,NSW
14911,TUBBAMURRA,NSW
14911,TUBBAMURRA,NSW
15132,WANDSWORTH,NSW
15132,WANDSWORTH,NSW
14830,TINGHA,NSW
14830,TINGHA,NSW
15238,WELLINGROVE,NSW
15238,WELLINGROVE,NSW
15551,YARROWFORD,NSW
15551,YARROWFORD,NSW
14729,TENT HILL,NSW
14729,TENT HILL,NSW
14880,TORRINGTON,NSW
14880,TORRINGTON,NSW
14940,TUNGSTEN,NSW
14940,TUNGSTEN,NSW
15240,WELLINGTON VALE,NSW
15240,WELLINGTON VALE,NSW
15563,YELLOW DAM,NSW
15563,YELLOW DAM,NSW
14693,TARBAN,NSW
14693,TARBAN,NSW
14731,TENTERFIELD,NSW
14731,TENTERFIELD,NSW
14787,THE SCRUB,NSW
14787,THE SCRUB,NSW
14824,TIMBARRA,NSW
14824,TIMBARRA,NSW
15344,WILLSONS DOWNFALL,NSW
15344,WILLSONS DOWNFALL,NSW
15439,WOODSIDE,NSW
15439,WOODSIDE,NSW
15494,WYLIE CREEK,NSW
15494,WYLIE CREEK,NSW
14672,TAMBAR SPRINGS,NSW
14672,TAMBAR SPRINGS,NSW
15222,WEAN,NSW
15222,WEAN,NSW
15328,WILLALA,NSW
15328,WILLALA,NSW
14777,THE PILLIGA,NSW
14777,THE PILLIGA,NSW
15227,WEE WAA,NSW
15227,WEE WAA,NSW
15549,YARRIE LAKE,NSW
15549,YARRIE LAKE,NSW
14706,TARRIARO,NSW
14706,TARRIARO,NSW
14952,TURRAWAN,NSW
14952,TURRAWAN,NSW
15231,WEETALIBA,NSW
15231,WEETALIBA,NSW
14749,THALABA,NSW
14749,THALABA,NSW
14746,TERRY HIE HIE,NSW
14746,TERRY HIE HIE,NSW
14818,TIKITERE,NSW
14818,TIKITERE,NSW
14928,TULLOONA,NSW
14928,TULLOONA,NSW
15152,WARIALDA,NSW
15152,WARIALDA,NSW
15153,WARIALDA RAIL,NSW
15153,WARIALDA RAIL,NSW
14994,UPPER BINGARA,NSW
14994,UPPER BINGARA,NSW
15309,WHITLOW,NSW
15309,WHITLOW,NSW
15230,WEEMELAH,NSW
15230,WEEMELAH,NSW
15514,YALLAROI,NSW
15514,YALLAROI,NSW
14963,TWIN RIVERS,NSW
14963,TWIN RIVERS,NSW
15580,YETMAN,NSW
15580,YETMAN,NSW
15015,UPPER KARUAH RIVER,NSW
15015,UPPER KARUAH RIVER,NSW
15234,WEISMANTELS,NSW
15234,WEISMANTELS,NSW
14645,TABBIL CREEK,NSW
14645,TABBIL CREEK,NSW
14821,TILLEGRA,NSW
14821,TILLEGRA,NSW
14984,UNDERBANK,NSW
14984,UNDERBANK,NSW
14998,UPPER CHICHESTER,NSW
14998,UPPER CHICHESTER,NSW
15106,WALLARINGA,NSW
15106,WALLARINGA,NSW
15107,WALLAROBBA,NSW
15107,WALLAROBBA,NSW
15379,WIRRAGULLA,NSW
15379,WIRRAGULLA,NSW
14841,TOCAL,NSW
14841,TOCAL,NSW
14900,TREVALLYN,NSW
14900,TREVALLYN,NSW
15050,VACY,NSW
15050,VACY,NSW
15223,WEBBERS CREEK,NSW
15223,WEBBERS CREEK,NSW
14743,TERREEL,NSW
14743,TERREEL,NSW
14813,TIBBUC,NSW
14813,TIBBUC,NSW
14840,TITAATEE CREEK,NSW
14840,TITAATEE CREEK,NSW
14921,TUGRABAKH,NSW
14921,TUGRABAKH,NSW
14995,UPPER BOWMAN,NSW
14995,UPPER BOWMAN,NSW
15102,WALLANBAH,NSW
15102,WALLANBAH,NSW
15141,WAPRA,NSW
15141,WAPRA,NSW
15149,WARDS RIVER,NSW
15149,WARDS RIVER,NSW
15215,WAUKIVORY,NSW
15215,WAUKIVORY,NSW
15378,WIRRADGURIE,NSW
15378,WIRRADGURIE,NSW
15389,WOKO,NSW
15389,WOKO,NSW
14878,TOPI TOPI,NSW
14878,TOPI TOPI,NSW
15022,UPPER MYALL,NSW
15022,UPPER MYALL,NSW
15065,VIOLET HILL,NSW
15065,VIOLET HILL,NSW
15113,WALLINGAT,NSW
15113,WALLINGAT,NSW
15133,WANG WAUK,NSW
15133,WANG WAUK,NSW
15168,WARRANULLA,NSW
15168,WARRANULLA,NSW
15336,WILLINA,NSW
15336,WILLINA,NSW
15468,WOOTTON,NSW
15468,WOOTTON,NSW
15507,YAGON,NSW
15507,YAGON,NSW
14838,TIRI,NSW
14838,TIRI,NSW
14757,THE BRANCH,NSW
14757,THE BRANCH,NSW
15190,WASHPOOL,NSW
15190,WASHPOOL,NSW
14694,TARBUCK BAY,NSW
14694,TARBUCK BAY,NSW
14836,TIONA,NSW
14836,TIONA,NSW
14938,TUNCURRY,NSW
14938,TUNCURRY,NSW
15115,WALLIS LAKE,NSW
15115,WALLIS LAKE,NSW
15312,WHOOTA,NSW
15312,WHOOTA,NSW
14756,THE BIGHT,NSW
14756,THE BIGHT,NSW
14837,TIPPERARY,NSW
14837,TIPPERARY,NSW
15184,WARRIWILLAH,NSW
15184,WARRIWILLAH,NSW
15301,WHERROL FLAT,NSW
15301,WHERROL FLAT,NSW
15371,WINGHAM,NSW
15371,WINGHAM,NSW
15543,YARRATT FOREST,NSW
15543,YARRATT FOREST,NSW
14666,TALLWOODS VILLAGE,NSW
14666,TALLWOODS VILLAGE,NSW
14696,TAREE,NSW
14696,TAREE,NSW
14697,TAREE DC,NSW
14697,TAREE DC,NSW
14698,TAREE SOUTH,NSW
14698,TAREE SOUTH,NSW
14699,TAREE WEST,NSW
14699,TAREE WEST,NSW
14832,TINONEE,NSW
14832,TINONEE,NSW
15016,UPPER LANSDOWNE,NSW
15016,UPPER LANSDOWNE,NSW
15093,WALLABI POINT,NSW
15093,WALLABI POINT,NSW
15034,UPSALLS CREEK,NSW
15034,UPSALLS CREEK,NSW
14721,TEMAGOG,NSW
14721,TEMAGOG,NSW
14873,TOOROOKA,NSW
14873,TOOROOKA,NSW
14947,TURNERS FLAT,NSW
14947,TURNERS FLAT,NSW
15059,VERGES CREEK,NSW
15059,VERGES CREEK,NSW
15268,WEST KEMPSEY,NSW
15268,WEST KEMPSEY,NSW
15329,WILLAWARRIN,NSW
15329,WILLAWARRIN,NSW
15331,WILLI WILLI,NSW
15331,WILLI WILLI,NSW
15385,WITTITRIN,NSW
15385,WITTITRIN,NSW
15544,YARRAVEL,NSW
15544,YARRAVEL,NSW
15577,YESSABAH,NSW
15577,YESSABAH,NSW
14671,TAMBAN,NSW
14671,TAMBAN,NSW
14719,TELEGRAPH POINT,NSW
14719,TELEGRAPH POINT,NSW
15026,UPPER ROLLANDS PLAINS,NSW
15026,UPPER ROLLANDS PLAINS,NSW
15534,YARRAHAPINNI,NSW
15534,YARRAHAPINNI,NSW
15080,WAITUI,NSW
15080,WAITUI,NSW
15266,WEST HAVEN,NSW
15266,WEST HAVEN,NSW
14770,THE HATCH,NSW
14770,THE HATCH,NSW
14806,THRUMSTER,NSW
14806,THRUMSTER,NSW
14855,TOMS CREEK,NSW
14855,TOMS CREEK,NSW
15025,UPPER PAPPINBARRA,NSW
15025,UPPER PAPPINBARRA,NSW
15213,WAUCHOPE,NSW
15213,WAUCHOPE,NSW
15253,WERRIKIMBE,NSW
15253,WERRIKIMBE,NSW
15541,YARRAS,NSW
15541,YARRAS,NSW
15581,YIPPIN CREEK,NSW
15581,YIPPIN CREEK,NSW
14654,TALARM,NSW
14654,TALARM,NSW
14713,TAYLORS ARM,NSW
14713,TAYLORS ARM,NSW
14809,THUMB CREEK,NSW
14809,THUMB CREEK,NSW
15028,UPPER TAYLORS ARM,NSW
15028,UPPER TAYLORS ARM,NSW
15049,UTUNGUN,NSW
15049,UTUNGUN,NSW
15174,WARRELL CREEK,NSW
15174,WARRELL CREEK,NSW
15219,WAY WAY,NSW
15219,WAY WAY,NSW
15381,WIRRIMBI,NSW
15381,WIRRIMBI,NSW
15539,YARRANBELLA,NSW
15539,YARRANBELLA,NSW
15054,VALLA,NSW
15054,VALLA,NSW
15055,VALLA BEACH,NSW
15055,VALLA BEACH,NSW
15061,VIEWMONT,NSW
15061,VIEWMONT,NSW
14748,TEWINGA,NSW
14748,TEWINGA,NSW
14978,ULONG,NSW
14978,ULONG,NSW
15024,UPPER ORARA,NSW
15024,UPPER ORARA,NSW
14872,TOORMINA,NSW
14872,TOORMINA,NSW
14664,TALLOWWOOD RIDGE,NSW
14664,TALLOWWOOD RIDGE,NSW
14970,TYRINGHAM,NSW
14970,TYRINGHAM,NSW
15325,WILD CATTLE CREEK,NSW
15325,WILD CATTLE CREEK,NSW
14801,THORA,NSW
14801,THORA,NSW
15029,UPPER THORA,NSW
15029,UPPER THORA,NSW
15053,VALERY,NSW
15053,VALERY,NSW
14701,TARKEETH,NSW
14701,TARKEETH,NSW
15048,URUNGA,NSW
15048,URUNGA,NSW
15003,UPPER CORINDI,NSW
15003,UPPER CORINDI,NSW
15450,WOOLGOOLGA,NSW
15450,WOOLGOOLGA,NSW
14778,THE PINNACLES,NSW
14778,THE PINNACLES,NSW
14793,THE WHITEMAN,NSW
14793,THE WHITEMAN,NSW
14888,TOWALLUM,NSW
14888,TOWALLUM,NSW
14898,TRENAYR,NSW
14898,TRENAYR,NSW
14969,TYNDALE,NSW
14969,TYNDALE,NSW
15002,UPPER COPMANHURST,NSW
15002,UPPER COPMANHURST,NSW
15009,UPPER FINE FLOWER,NSW
15009,UPPER FINE FLOWER,NSW
15161,WARRAGAI CREEK,NSW
15161,WARRAGAI CREEK,NSW
15200,WATERVIEW,NSW
15200,WATERVIEW,NSW
15201,WATERVIEW HEIGHTS,NSW
15201,WATERVIEW HEIGHTS,NSW
15241,WELLS CROSSING,NSW
15241,WELLS CROSSING,NSW
15308,WHITEMAN CREEK,NSW
15308,WHITEMAN CREEK,NSW
15366,WINEGROVE,NSW
15366,WINEGROVE,NSW
15410,WOMBAT CREEK,NSW
15410,WOMBAT CREEK,NSW
14913,TUCABIA,NSW
14913,TUCABIA,NSW
14977,ULMARRA,NSW
14977,ULMARRA,NSW
15451,WOOLI,NSW
15451,WOOLI,NSW
14669,TALOUMBI,NSW
14669,TALOUMBI,NSW
14786,THE SANDON,NSW
14786,THE SANDON,NSW
14890,TOWNSEND,NSW
14890,TOWNSEND,NSW
14929,TULLYMORGAN,NSW
14929,TULLYMORGAN,NSW
15429,WOODFORD,NSW
15429,WOODFORD,NSW
15431,WOODFORD ISLAND,NSW
15431,WOODFORD ISLAND,NSW
15460,WOOLOWEYAH,NSW
15460,WOOLOWEYAH,NSW
15516,YAMBA,NSW
15516,YAMBA,NSW
15590,YURAYGIR,NSW
15590,YURAYGIR,NSW
14763,THE FRESHWATER,NSW
14763,THE FRESHWATER,NSW
15447,WOODY HEAD,NSW
15447,WOODY HEAD,NSW
14649,TABULAM,NSW
14649,TABULAM,NSW
14794,THERESA CREEK,NSW
14794,THERESA CREEK,NSW
14939,TUNGLEBUNG,NSW
14939,TUNGLEBUNG,NSW
15006,UPPER DUCK CREEK,NSW
15006,UPPER DUCK CREEK,NSW
15173,WARREGAH ISLAND,NSW
15173,WARREGAH ISLAND,NSW
15303,WHIPORIE,NSW
15303,WHIPORIE,NSW
15463,WOOMBAH,NSW
15463,WOOMBAH,NSW
15485,WYAN,NSW
15485,WYAN,NSW
15504,YABBRA,NSW
15504,YABBRA,NSW
14854,TOMKI,NSW
14854,TOMKI,NSW
15021,UPPER MONGOGARIE,NSW
15021,UPPER MONGOGARIE,NSW
15445,WOODVIEW,NSW
15445,WOODVIEW,NSW
15456,WOOLNERS ARM,NSW
15456,WOOLNERS ARM,NSW
15467,WOOROOWOOLGAN,NSW
15467,WOOROOWOOLGAN,NSW
15583,YORKLEA,NSW
15583,YORKLEA,NSW
14709,TATHAM,NSW
14709,TATHAM,NSW
15262,WEST BUNGAWALBIN,NSW
15262,WEST BUNGAWALBIN,NSW
15264,WEST CORAKI,NSW
15264,WEST CORAKI,NSW
14646,TABBIMOBLE,NSW
14646,TABBIMOBLE,NSW
14764,THE GAP,NSW
14764,THE GAP,NSW
14910,TRUSTUMS HILL,NSW
14910,TRUSTUMS HILL,NSW
15425,WOODBURN,NSW
15425,WOODBURN,NSW
14739,TERRACE CREEK,NSW
14739,TERRACE CREEK,NSW
14782,THE RISK,NSW
14782,THE RISK,NSW
14868,TOONUMBAR,NSW
14868,TOONUMBAR,NSW
14992,UNUMGAR,NSW
14992,UNUMGAR,NSW
15008,UPPER EDEN CREEK,NSW
15008,UPPER EDEN CREEK,NSW
15011,UPPER HORSESHOE CREEK,NSW
15011,UPPER HORSESHOE CREEK,NSW
15070,WADEVILLE,NSW
15070,WADEVILLE,NSW
15172,WARRAZAMBIL CREEK,NSW
15172,WARRAZAMBIL CREEK,NSW
15276,WEST WIANGAREE,NSW
15276,WEST WIANGAREE,NSW
15316,WIANGAREE,NSW
15316,WIANGAREE,NSW
15498,WYNEDEN,NSW
15498,WYNEDEN,NSW
14862,TOOLOOM,NSW
14862,TOOLOOM,NSW
15030,UPPER TOOLOOM,NSW
15030,UPPER TOOLOOM,NSW
15042,URBENVILLE,NSW
15042,URBENVILLE,NSW
15094,WALLABY CREEK,NSW
15094,WALLABY CREEK,NSW
14766,THE GLEN,NSW
14766,THE GLEN,NSW
15428,WOODENBONG,NSW
15428,WOODENBONG,NSW
14915,TUCKOMBIL,NSW
14915,TUCKOMBIL,NSW
15035,URALBA,NSW
15035,URALBA,NSW
15146,WARDELL,NSW
15146,WARDELL,NSW
15398,WOLLONGBAR,NSW
15398,WOLLONGBAR,NSW
14747,TEVEN,NSW
14747,TEVEN,NSW
14834,TINTENBAR,NSW
14834,TINTENBAR,NSW
15260,WEST BALLINA,NSW
15260,WEST BALLINA,NSW
14733,TERANIA CREEK,NSW
14733,TERANIA CREEK,NSW
14759,THE CHANNON,NSW
14759,THE CHANNON,NSW
14896,TREGEAGLE,NSW
14896,TREGEAGLE,NSW
14914,TUCKI TUCKI,NSW
14914,TUCKI TUCKI,NSW
14916,TUCKURIMBA,NSW
14916,TUCKURIMBA,NSW
14925,TULLERA,NSW
14925,TULLERA,NSW
14937,TUNCESTER,NSW
14937,TUNCESTER,NSW
14941,TUNTABLE CREEK,NSW
14941,TUNTABLE CREEK,NSW
14942,TUNTABLE FALLS,NSW
14942,TUNTABLE FALLS,NSW
15000,UPPER COOPERS CREEK,NSW
15000,UPPER COOPERS CREEK,NSW
15302,WHIAN WHIAN,NSW
15302,WHIAN WHIAN,NSW
15436,WOODLAWN,NSW
15436,WOODLAWN,NSW
15503,WYRALLAH,NSW
15503,WYRALLAH,NSW
14668,TALOFA,NSW
14668,TALOFA,NSW
14965,TYAGARAH,NSW
14965,TYAGARAH,NSW
15018,UPPER MAIN ARM,NSW
15018,UPPER MAIN ARM,NSW
15032,UPPER WILSONS CREEK,NSW
15032,UPPER WILSONS CREEK,NSW
15135,WANGANUI,NSW
15135,WANGANUI,NSW
15347,WILSONS CREEK,NSW
15347,WILSONS CREEK,NSW
14779,THE POCKET,NSW
14779,THE POCKET,NSW
14996,UPPER BURRINGBAR,NSW
14996,UPPER BURRINGBAR,NSW
15469,WOOYUNG,NSW
15469,WOOYUNG,NSW
15562,YELGUN,NSW
15562,YELGUN,NSW
14740,TERRAGON,NSW
14740,TERRAGON,NSW
14852,TOMEWIN,NSW
14852,TOMEWIN,NSW
14966,TYALGUM,NSW
14966,TYALGUM,NSW
14967,TYALGUM CREEK,NSW
14967,TYALGUM CREEK,NSW
14968,TYGALGAH,NSW
14968,TYGALGAH,NSW
14972,UKI,NSW
14972,UKI,NSW
15004,UPPER CRYSTAL CREEK,NSW
15004,UPPER CRYSTAL CREEK,NSW
15046,URLIUP,NSW
15046,URLIUP,NSW
15147,WARDROP VALLEY,NSW
15147,WARDROP VALLEY,NSW
15591,ZARA,NSW
15591,ZARA,NSW
14955,TWEED HEADS,NSW
14955,TWEED HEADS,NSW
14958,TWEED HEADS WEST,NSW
14958,TWEED HEADS WEST,NSW
14742,TERRANORA,NSW
14742,TERRANORA,NSW
14956,TWEED HEADS SOUTH,NSW
14956,TWEED HEADS SOUTH,NSW
14957,TWEED HEADS SOUTH DC,NSW
14957,TWEED HEADS SOUTH DC,NSW
15007,UPPER DUROBY,NSW
15007,UPPER DUROBY,NSW
14678,TANGLEWOOD,NSW
14678,TANGLEWOOD,NSW
14933,TUMBULGUM,NSW
14933,TUMBULGUM,NSW
15277,WEST WOLLONGONG,NSW
15277,WEST WOLLONGONG,NSW
15399,WOLLONGONG,NSW
15399,WOLLONGONG,NSW
15401,WOLLONGONG DC,NSW
15401,WOLLONGONG DC,NSW
15402,WOLLONGONG NORTH,NSW
15402,WOLLONGONG NORTH,NSW
15403,WOLLONGONG WEST,NSW
15403,WOLLONGONG WEST,NSW
15171,WARRAWONG,NSW
15171,WARRAWONG,NSW
15473,WORONORA DAM,NSW
15473,WORONORA DAM,NSW
14800,THIRROUL,NSW
14800,THIRROUL,NSW
15408,WOMBARRA,NSW
15408,WOMBARRA,NSW
15465,WOONONA,NSW
15465,WOONONA,NSW
15466,WOONONA EAST,NSW
15466,WOONONA EAST,NSW
14705,TARRAWANNA,NSW
14705,TARRAWANNA,NSW
14891,TOWRADGI,NSW
14891,TOWRADGI,NSW
14989,UNIVERSITY OF WOLLONGONG,NSW
14989,UNIVERSITY OF WOLLONGONG,NSW
14982,UNANDERRA,NSW
14982,UNANDERRA,NSW
14983,UNANDERRA DC,NSW
14983,UNANDERRA DC,NSW
14858,TONGARRA,NSW
14858,TONGARRA,NSW
14927,TULLIMBAR,NSW
14927,TULLIMBAR,NSW
15565,YELLOW ROCK,NSW
15565,YELLOW ROCK,NSW
15154,WARILLA,NSW
15154,WARILLA,NSW
15354,WINDANG,NSW
15354,WINDANG,NSW
15420,WONGAWILLI,NSW
15420,WONGAWILLI,NSW
15511,YALLAH,NSW
15511,YALLAH,NSW
14861,TOOLIJOOA,NSW
14861,TOOLIJOOA,NSW
15252,WERRI BEACH,NSW
15252,WERRI BEACH,NSW
15342,WILLOW VALE,NSW
15342,WILLOW VALE,NSW
15432,WOODHILL,NSW
15432,WOODHILL,NSW
15434,WOODLANDS,NSW
15434,WOODLANDS,NSW
14847,TOMAKIN,NSW
14847,TOMAKIN,NSW
14946,TURLINJAH,NSW
14946,TURLINJAH,NSW
14950,TUROSS HEAD,NSW
14950,TUROSS HEAD,NSW
15120,WAMBAN,NSW
15120,WAMBAN,NSW
14736,TERMEIL,NSW
14736,TERMEIL,NSW
14975,ULLADULLA,NSW
14975,ULLADULLA,NSW
15505,YADBORO,NSW
15505,YADBORO,NSW
15559,YATTE YATTAH,NSW
15559,YATTE YATTAH,NSW
14663,TALLOWAL,NSW
14663,TALLOWAL,NSW
14687,TAPITALLEE,NSW
14687,TAPITALLEE,NSW
14734,TERARA,NSW
14734,TERARA,NSW
14851,TOMERONG,NSW
14851,TOMERONG,NSW
14924,TULLARWALLA,NSW
14924,TULLARWALLA,NSW
14961,TWELVE MILE PEG,NSW
14961,TWELVE MILE PEG,NSW
15063,VINCENTIA,NSW
15063,VINCENTIA,NSW
15128,WANDANDIAN,NSW
15128,WANDANDIAN,NSW
15199,WATERSLEIGH,NSW
15199,WATERSLEIGH,NSW
15405,WOLLUMBOOLA,NSW
15405,WOLLUMBOOLA,NSW
15454,WOOLLAMIA,NSW
15454,WOOLLAMIA,NSW
15475,WORRIGEE,NSW
15475,WORRIGEE,NSW
15476,WORROWING HEIGHTS,NSW
15476,WORROWING HEIGHTS,NSW
15481,WRIGHTS BEACH,NSW
15481,WRIGHTS BEACH,NSW
15515,YALWAL,NSW
15515,YALWAL,NSW
15576,YERRIYONG,NSW
15576,YERRIYONG,NSW
15269,WEST NOWRA,NSW
15269,WEST NOWRA,NSW
14819,TILBA TILBA,NSW
14819,TILBA TILBA,NSW
14833,TINPOT,NSW
14833,TINPOT,NSW
15069,WADBILLIGA,NSW
15069,WADBILLIGA,NSW
15097,WALLAGA LAKE,NSW
15097,WALLAGA LAKE,NSW
15098,WALLAGA LAKE HEIGHTS,NSW
15098,WALLAGA LAKE HEIGHTS,NSW
14944,TURA BEACH,NSW
14944,TURA BEACH,NSW
15564,YELLOW PINCH,NSW
15564,YELLOW PINCH,NSW
14681,TANJA,NSW
14681,TANJA,NSW
14685,TANTAWANGALO,NSW
14685,TANTAWANGALO,NSW
14704,TARRAGANDA,NSW
14704,TARRAGANDA,NSW
14710,TATHRA,NSW
14710,TATHRA,NSW
14874,TOOTHDALE,NSW
14874,TOOTHDALE,NSW
14889,TOWAMBA,NSW
14889,TOWAMBA,NSW
15060,VERONA,NSW
15060,VERONA,NSW
15099,WALLAGOOT,NSW
15099,WALLAGOOT,NSW
15129,WANDELLA,NSW
15129,WANDELLA,NSW
15140,WAPENGO,NSW
15140,WAPENGO,NSW
15387,WOG WOG,NSW
15387,WOG WOG,NSW
15407,WOLUMLA,NSW
15407,WOLUMLA,NSW
15497,WYNDHAM,NSW
15497,WYNDHAM,NSW
15517,YAMBULLA,NSW
15517,YAMBULLA,NSW
15521,YANKEES CREEK,NSW
15521,YANKEES CREEK,NSW
15587,YOWRIE,NSW
15587,YOWRIE,NSW
14825,TIMBILLICA,NSW
14825,TIMBILLICA,NSW
15414,WONBOYN,NSW
15414,WONBOYN,NSW
15415,WONBOYN LAKE,NSW
15415,WONBOYN LAKE,NSW
15416,WONBOYN NORTH,NSW
15416,WONBOYN NORTH,NSW
15225,WEDDERBURN,NSW
15225,WEDDERBURN,NSW
15424,WOODBINE,NSW
15424,WOODBINE,NSW
15057,VARROVILLE,NSW
15057,VARROVILLE,NSW
14776,THE OAKS,NSW
14776,THE OAKS,NSW
14795,THERESA PARK,NSW
14795,THERESA PARK,NSW
15251,WEROMBI,NSW
15251,WEROMBI,NSW
15349,WILTON,NSW
15349,WILTON,NSW
14798,THIRLMERE,NSW
14798,THIRLMERE,NSW
14653,TAHMOOR,NSW
14653,TAHMOOR,NSW
15519,YANDERRA,NSW
15519,YANDERRA,NSW
15210,WATTLE RIDGE,NSW
15210,WATTLE RIDGE,NSW
15237,WELBY,NSW
15237,WELBY,NSW
15575,YERRINBOOL,NSW
15575,YERRINBOOL,NSW
15013,UPPER KANGAROO RIVER,NSW
15013,UPPER KANGAROO RIVER,NSW
15014,UPPER KANGAROO VALLEY,NSW
15014,UPPER KANGAROO VALLEY,NSW
15248,WERAI,NSW
15248,WERAI,NSW
15326,WILDES MEADOW,NSW
15326,WILDES MEADOW,NSW
15554,YARRUNGA,NSW
15554,YARRUNGA,NSW
14662,TALLONG,NSW
14662,TALLONG,NSW
15369,WINGELLO,NSW
15369,WINGELLO,NSW
14690,TARAGO,NSW
14690,TARAGO,NSW
14691,TARALGA,NSW
14691,TARALGA,NSW
14702,TARLO,NSW
14702,TARLO,NSW
14839,TIRRANNAVILLE,NSW
14839,TIRRANNAVILLE,NSW
14892,TOWRANG,NSW
14892,TOWRANG,NSW
15220,WAYO,NSW
15220,WAYO,NSW
15314,WIABOROUGH,NSW
15314,WIABOROUGH,NSW
15317,WIARBOROUGH,NSW
15317,WIARBOROUGH,NSW
15356,WINDELLAMA,NSW
15356,WINDELLAMA,NSW
15411,WOMBEYAN CAVES,NSW
15411,WOMBEYAN CAVES,NSW
15433,WOODHOUSELEE,NSW
15433,WOODHOUSELEE,NSW
15477,WOWAGIN,NSW
15477,WOWAGIN,NSW
15510,YALBRAITH,NSW
15510,YALBRAITH,NSW
15527,YARRA,NSW
15527,YARRA,NSW
14658,TALLAGANDA,NSW
14658,TALLAGANDA,NSW
15395,WOLLOGORANG,NSW
15395,WOLLOGORANG,NSW
14679,TANGMANGAROO,NSW
14679,TANGMANGAROO,NSW
15226,WEE JASPER,NSW
15226,WEE JASPER,NSW
15449,WOOLGARLO,NSW
15449,WOOLGARLO,NSW
15555,YASS,NSW
15555,YASS,NSW
15556,YASS RIVER,NSW
15556,YASS RIVER,NSW
14796,THIRD CREEK,NSW
14796,THIRD CREEK,NSW
14918,TUENA,NSW
14918,TUENA,NSW
15300,WHEEO,NSW
15300,WHEEO,NSW
14715,TAYLORS FLAT,NSW
14715,TAYLORS FLAT,NSW
15409,WOMBAT,NSW
15409,WOMBAT,NSW
15110,WALLENDBEEN,NSW
15110,WALLENDBEEN,NSW
14807,THUDDUNGRA,NSW
14807,THUDDUNGRA,NSW
14912,TUBBUL,NSW
14912,TUBBUL,NSW
15228,WEEDALLION,NSW
15228,WEEDALLION,NSW
15522,YANNAWAH,NSW
15522,YANNAWAH,NSW
15585,YOUNG,NSW
15585,YOUNG,NSW
23326,WEST MELBOURNE,VIC
23326,WEST MELBOURNE,NSW
23450,WORLD TRADE CENTRE,VIC
23451,WORLD TRADE CENTRE,NSW
14698,SOUTH WHARF,NSW
23152,UNIVERSITY OF MELBOURNE,VIC
23152,UNIVERSITY OF MELBOURNE,NSW
15275,SEDDON WEST,NSW
23087,TOTTENHAM,VIC
14884,TOTTENHAM,NSW
23325,WEST FOOTSCRAY,VIC
23325,WEST FOOTSCRAY,NSW
23506,YARRAVILLE,VIC
15057,YARRAVILLE,NSW
23507,YARRAVILLE WEST,VIC
23507,YARRAVILLE WEST,NSW
23362,WILLIAMSTOWN,VIC
15332,WILLIAMSTOWN,NSW
23363,WILLIAMSTOWN NORTH,VIC
23363,WILLIAMSTOWN NORTH,NSW
15579,SEAHOLME,NSW
23471,WYNDHAM VALE,VIC
15497,WYNDHAM VALE,NSW
23360,WILLIAMS LANDING,VIC
23360,WILLIAMS LANDING,NSW
23361,WILLIAMS RAAF,VIC
15333,WILLIAMS RAAF,NSW
22969,TARNEIT,VIC
14696,TARNEIT,NSW
23115,TRUGANINA,VIC
14692,TRUGANINA,NSW
23319,WERRIBEE,VIC
15253,WERRIBEE,NSW
23320,WERRIBEE SOUTH,VIC
14698,WERRIBEE SOUTH,NSW
23104,TRAVANCORE,VIC
22992,TAYLORS HILL,VIC
14715,TAYLORS HILL,NSW
22993,TAYLORS LAKES,VIC
14715,TAYLORS LAKES,NSW
23278,WATERGARDENS,VIC
23278,WATERGARDENS,NSW
23120,TULLAMARINE,VIC
14923,TULLAMARINE,NSW
23330,WESTMEADOWS,VIC
15287,WESTMEADOWS,NSW
23535,YUROKE,VIC
23034,THORNBURY,VIC
14699,REGENT WEST,NSW
23030,THOMASTOWN,VIC
14803,THOMASTOWN,NSW
23176,VIEWBANK,VIC
23480,YALLAMBIE,VIC
23283,WATSONIA,VIC
15212,WATSONIA,NSW
23284,WATSONIA NORTH,VIC
23284,WATSONIA NORTH,NSW
23505,YARRAMBAT,VIC
15536,YARRAMBAT,NSW
14897,RESEARCH,NSW
23289,WATTLE GLEN,VIC
15208,WATTLE GLEN,NSW
23285,WATSONS CREEK,VIC
14731,NUTFIELD,NSW
23004,TEMPLESTOWE,VIC
14723,TEMPLESTOWE,NSW
23005,TEMPLESTOWE LOWER,VIC
23005,TEMPLESTOWE LOWER,NSW
23026,THE PINES,VIC
14778,THE PINES,NSW
23122,TUNSTALL SQUARE PO,VIC
23122,TUNSTALL SQUARE PO,NSW
23258,WARRANDYTE,VIC
15160,WARRANDYTE,NSW
23402,WONGA PARK,VIC
15548,WONGA PARK,NSW
23173,VICTORIA GARDENS,VIC
23173,VICTORIA GARDENS,NSW
23291,WATTLE PARK,VIC
15327,WATTLE PARK,NSW
15127,NUNAWADING,NSW
23169,VERMONT,VIC
15061,VERMONT,NSW
23170,VERMONT SOUTH,VIC
23170,VERMONT SOUTH,NSW
23259,WARRANDYTE SOUTH,VIC
23259,WARRANDYTE SOUTH,NSW
23260,WARRANWOOD,VIC
15178,WARRANWOOD,NSW
23222,WANDIN EAST,VIC
23222,WANDIN EAST,NSW
23223,WANDIN NORTH,VIC
23223,WANDIN NORTH,NSW
23442,WOORI YALLOCK,VIC
23442,WOORI YALLOCK,NSW
23519,YELLINGBO,VIC
15569,YELLINGBO,NSW
23077,TOORAK,VIC
14801,TOORAK,NSW
23292,WATTLETREE ROAD PO,VIC
23292,WATTLETREE ROAD PO,NSW
23079,TOORONGA,VIC
14859,TOORONGA,NSW
14969,SYNDAL,NSW
15216,GLEN WAVERLEY,NSW
23335,WHEELERS HILL,VIC
23335,WHEELERS HILL,NSW
23238,WANTIRNA,VIC
15079,WANTIRNA,NSW
23239,WANTIRNA SOUTH,VIC
23239,WANTIRNA SOUTH,NSW
23019,THE BASIN,VIC
23156,UPPER FERNTREE GULLY,VIC
23156,UPPER FERNTREE GULLY,NSW
23162,UPWEY,VIC
15237,UPWEY,NSW
15237,SELBY,NSW
22995,TECOMA,VIC
14650,TECOMA,NSW
23296,WAVERLEY GARDENS,VIC
23296,WAVERLEY GARDENS,NSW
23376,WINDSOR,VIC
15363,WINDSOR,NSW
14836,RIPPONLEA,NSW
23316,WERE STREET PO,VIC
23316,WERE STREET PO,NSW
23391,WISHART,VIC
70394,WISHART,NSW
23281,WATERWAYS,VIC
15194,WATERWAYS,NSW
23219,WANDANA HEIGHTS,VIC
23219,WANDANA HEIGHTS,NSW
23295,WAURN PONDS,VIC
23031,THOMSON,VIC
14849,THOMSON,NSW
23343,WHITTINGTON,VIC
15311,WHITTINGTON,NSW
23211,WALLINGTON,VIC
15239,WALLINGTON,NSW
23403,WONGARRA,VIC
14858,WONGARRA,NSW
23468,WYE RIVER,VIC
15556,WYE RIVER,NSW
14880,PORTARLINGTON,NSW
23082,TORQUAY,VIC
14801,TORQUAY,NSW
15521,SKENES CREEK,NSW
23290,WATTLE HILL,VIC
23302,WEEAPROINAH,VIC
23302,WEEAPROINAH,NSW
23470,WYELANGTA,VIC
15487,WYELANGTA,NSW
23536,YUULONG,VIC
14978,YUULONG,NSW
15526,PARAPARAP,NSW
23314,WENSLEYDALE,VIC
15283,WENSLEYDALE,NSW
23373,WINCHELSEA,VIC
23373,WINCHELSEA,NSW
23374,WINCHELSEA SOUTH,VIC
23374,WINCHELSEA SOUTH,NSW
23461,WURDIBOLUC,VIC
23461,WURDIBOLUC,NSW
23249,WARNCOORT,VIC
15185,WARNCOORT,NSW
23345,WHOOREL,VIC
15451,WHOOREL,NSW
22962,TANYBRYN,VIC
14682,TANYBRYN,NSW
23265,WARRION,VIC
15177,WARRION,NSW
23430,WOOL WOOL,VIC
15450,WOOL WOOL,NSW
23522,YEO,VIC
15569,YEO,NSW
23523,YEODENE,VIC
15498,YEODENE,NSW
15264,COLAC WEST,NSW
23304,WEERING,VIC
15229,WEERING,NSW
14972,SKIBO,NSW
22953,TANDAROOK,VIC
15131,TANDAROOK,NSW
23014,TESBURY,VIC
23305,WEERITE,VIC
15248,WEERITE,NSW
23009,TERANG,VIC
14892,TERANG,NSW
22971,TAROON,VIC
14702,TAROON,NSW
23028,THE SISTERS,VIC
14788,THE SISTERS,NSW
70324,SIMPSON,NSW
15329,NULLAWARRE,NSW
23020,THE COVE,VIC
14767,THE COVE,NSW
23043,TIMBOON,VIC
14849,TIMBOON,NSW
23044,TIMBOON WEST,VIC
23044,TIMBOON WEST,NSW
23184,WAARRE,VIC
15175,WAARRE,NSW
23446,WOORNDOO,VIC
15448,WOORNDOO,NSW
23435,WOOLSTHORPE,VIC
23435,WOOLSTHORPE,NSW
15271,PURNIM WEST,NSW
23236,WANGOOM,VIC
15131,WANGOOM,NSW
23266,WARRNAMBOOL,VIC
15124,WARRNAMBOOL,NSW
23267,WARRNAMBOOL EAST,VIC
23267,WARRNAMBOOL EAST,NSW
23268,WARRNAMBOOL WEST,VIC
23268,WARRNAMBOOL WEST,NSW
23385,WINSLOW,VIC
15309,WINSLOW,NSW
23417,WOODFORD,VIC
22981,TARRONE,VIC
14707,TARRONE,NSW
23094,TOWER HILL,VIC
23270,WARRONG,VIC
15171,WARRONG,NSW
23356,WILLATOOK,VIC
15109,WILLATOOK,NSW
23493,YANGERY,VIC
23498,YARPTURK,VIC
23071,TOOLONG,VIC
23138,TYRENDARRA,VIC
14898,TYRENDARRA,NSW
23139,TYRENDARRA EAST,VIC
23139,TYRENDARRA EAST,NSW
23485,YAMBUK,VIC
15516,YAMBUK,NSW
23252,WARRABKOOK,VIC
15142,WARRABKOOK,NSW
14688,TABOR,NSW
23174,VICTORIA POINT,VIC
33629,VICTORIA POINT,NSW
23175,VICTORIA VALLEY,VIC
23419,WOODHOUSE,VIC
15433,WOODHOUSE,NSW
14710,TAHARA,NSW
22980,TARRINGTON,VIC
14880,TARRINGTON,NSW
23237,WANNON,VIC
23261,WARRAYURE,VIC
15169,WARRAYURE,NSW
23516,YATCHAW,VIC
15557,YATCHAW,NSW
23533,YULECART,VIC
23533,YULECART,NSW
23202,WALLACEDALE,VIC
15096,WALLACEDALE,NSW
23383,WINNAP,VIC
15370,WINNAP,NSW
15269,GORAE WEST,NSW
14699,TAHARA WEST,NSW
15035,PURALKA,NSW
23224,WANDO BRIDGE,VIC
23224,WANDO BRIDGE,NSW
23225,WANDO VALE,VIC
15147,WANDO VALE,NSW
23269,WARROCK,VIC
15185,WARROCK,NSW
23429,WOOHLPOOER,VIC
15459,WOOHLPOOER,NSW
22977,TARRAYOUKYAN,VIC
22977,TARRAYOUKYAN,NSW
22979,TARRENLEA,VIC
14696,TARRENLEA,NSW
23449,WOOTONG VALE,VIC
23449,WOOTONG VALE,NSW
23145,ULLSWATER,VIC
23378,WINGEEL,VIC
15367,WINGEEL,NSW
23179,VITE VITE,VIC
23179,VITE VITE,NSW
23180,VITE VITE NORTH,VIC
23180,VITE VITE NORTH,NSW
23000,TEESDALE,VIC
15283,TEESDALE,NSW
14776,SHE OAKS,NSW
33280,STEIGLITZ,NSW
23035,THORNHILL PARK,VIC
15292,THORNHILL PARK,NSW
15267,MELTON WEST,NSW
23067,TOOLERN VALE,VIC
23307,WEIR VIEWS,VIC
23307,WEIR VIEWS,NSW
15260,BALLARAT WEST,NSW
23210,WALLINDUC,VIC
15116,WALLINDUC,NSW
23331,WESTMERE,VIC
15287,WESTMERE,NSW
15047,SULKY,NSW
23201,WALLACE,VIC
15096,WALLACE,NSW
23263,WARRENHEIP,VIC
15175,WARRENHEIP,NSW
23288,WATTLE FLAT,VIC
15207,WATTLE FLAT,NSW
23294,WAUBRA,VIC
15141,WAUBRA,NSW
23298,WEATHERBOARD,VIC
23298,WEATHERBOARD,NSW
23317,WERNETH,VIC
23375,WINDERMERE,VIC
23521,YENDON,VIC
15568,YENDON,NSW
23312,WENDOUREE,VIC
15242,WENDOUREE,NSW
23313,WENDOUREE VILLAGE,VIC
23313,WENDOUREE VILLAGE,NSW
23511,YARROWEE,VIC
15550,YARROWEE,NSW
23386,WINTER VALLEY,VIC
15348,WINTER VALLEY,NSW
23366,WILLOWVALE,VIC
15328,WILLOWVALE,NSW
23090,TOURELLO,VIC
14953,TOURELLO,NSW
23143,ULLINA,VIC
23318,WERONA,VIC
15060,WERONA,NSW
14702,TALBOT,NSW
14802,STONELEIGH,NSW
23105,TRAWALLA,VIC
15036,TRAWALLA,NSW
23280,WATERLOO,VIC
14630,RHYMNEY,NSW
23257,WARRAK,VIC
15164,WARRAK,NSW
22988,TATYOON,VIC
14711,TATYOON,NSW
23479,YALLA-Y-POORA,VIC
23479,YALLA-Y-POORA,NSW
23282,WATGANIA,VIC
15192,WATGANIA,NSW
23350,WICKLIFFE,VIC
15156,WICKLIFFE,NSW
23357,WILLAURA,VIC
15345,WILLAURA,NSW
23358,WILLAURA NORTH,VIC
23358,WILLAURA NORTH,NSW
14699,STAWELL WEST,NSW
23379,WINJALLOK,VIC
15369,WINJALLOK,NSW
23193,WAL WAL,VIC
15515,WAL WAL,NSW
23204,WALLALOO,VIC
15108,WALLALOO,NSW
23206,WALLALOO EAST,VIC
23207,WALLALOO EAST,NSW
23118,TULKARA,VIC
14688,TULKARA,NSW
23287,WATTLE CREEK,VIC
15494,WATTLE CREEK,NSW
15557,RIACHELLA,NSW
23253,WARRACKNABEAL,VIC
23253,WARRACKNABEAL,NSW
23354,WILKUR,VIC
15345,WILKUR,NSW
23359,WILLENABRINA,VIC
15336,WILLENABRINA,NSW
23515,YARTO,VIC
15550,YARTO,NSW
