Postcode,Number of individuals lodging an income tax return,Count taxable income or loss,Average taxable income or loss,Median taxable income or loss,Proportion with salary or wages,Count salary or wages,Average salary or wages,Median salary or wages,Proportion with net rent,Count net rent,Average net rent,Median net rent,Count total income or loss,Average total income or loss,Median total income or loss,Count total deductions,Average total deductions,Median total deductions,Proportion with total business income,Count total business income,Average total business income,Median total business income,Proportion with total business expenses,Count total business expenses,Average total business expenses,Median total business expenses,Proportion with net tax,Count net tax,Average net tax,Median net tax,Count super total accounts balance,Average super total accounts balance,Median super total accounts balance
0800,5430,5430,73761,62290,0.9,4914,73453,65348,0.14,784,531,318,5430,76809,65246,5430,2982,1167,0.08,452,57608,17878,0.08,426,38294,8321,0.84,4583,19221,12297,6063,110815,24788
0810,22405,22405,75210,64580,0.88,19685,75474,68388,0.18,3968,1528,736,22405,78100,67030,22405,2856,1125,0.11,2396,73036,23312,0.1,2253,47210,10307,0.82,18474,20261,14031,24757,140623,49520
0812,11116,11116,69663,62488,0.87,9696,71590,66964,0.16,1802,785,134,11116,72005,64821,11116,2323,940,0.08,850,74433,26369,0.07,822,51214,11475,0.81,9057,17730,13510,12700,148748,63277
0820,13865,13865,86116,69758,0.88,12247,80159,71736,0.2,2767,2538,1023,13865,89300,72742,13865,3089,1210,0.1,1354,77366,19407,0.09,1277,52431,8902,0.86,11885,24424,15135,15471,171019,52818
0822,7214,7214,52855,39596,0.87,6260,50815,38966,0.09,644,1279,867,7214,54654,40605,7214,1466,180,0.05,389,107427,40546,0.05,376,84723,20062,0.67,4845,13754,7882,9765,61763,9385
0828,1052,1052,85915,66476,0.87,910,75469,68867,0.16,169,4883,1836,1052,89095,70616,1052,3136,1266,0.09,99,117701,29092,0.09,91,98201,14391,0.85,891,25122,14460,1163,112007,47569
0829,517,517,71286,71029,0.97,503,71086,73435,0.07,37,2853,1729,517,74283,73886,517,2913,2361,0.03,14,95884,21448,0.03,15,62752,13646,0.94,487,14120,12324,551,63740,25423
0830,11440,11440,71173,64404,0.9,10290,72580,68236,0.14,1552,-945,-699,11440,73714,67030,11440,2503,1082,0.07,745,75837,31099,0.06,718,53698,16185,0.83,9458,18003,13815,12667,117400,55112
0832,12245,12245,76316,70906,0.94,11456,77654,73907,0.13,1565,-923,-713,12245,79138,73700,12245,2811,1449,0.07,871,61778,24787,0.07,845,40326,13313,0.87,10603,18996,14837,12945,107564,55560
0834,827,827,78977,70072,0.87,716,78323,71650,0.23,187,1623,1454,827,81792,73108,827,2758,1042,0.08,66,90288,38336,0.08,66,59511,22830,0.86,709,20710,15648,906,148863,85542
0835,2770,2770,77902,67836,0.84,2323,78938,73290,0.23,631,491,232,2770,81205,71120,2770,3155,1082,0.11,296,97468,48282,0.1,289,65792,19844,0.82,2281,21428,15942,3144,182345,99184
0836,5252,5252,78068,68618,0.86,4529,79470,73769,0.19,985,345,-29,5252,81075,71410,5252,2820,1072,0.09,479,104378,53707,0.09,473,72755,22517,0.84,4426,20784,15436,5907,154363,89733
0837,443,443,68391,55870,0.72,321,72240,62373,0.17,74,2902,747,443,71114,59022,443,2319,758,0.13,57,69763,33019,0.13,57,44019,16277,0.75,333,19456,13145,509,134710,71960
0838,577,577,73350,64427,0.85,491,77895,70525,0.18,101,362,-639,577,76304,67572,577,2907,1146,0.11,64,110061,41631,0.11,64,90925,26966,0.81,466,19373,15495,633,148132,81122
0839,571,571,74980,67551,0.89,509,76593,71009,0.16,91,1136,-3,571,77755,69860,571,2690,1241,0.11,60,66229,33368,0.1,57,41009,16896,0.87,498,18261,13557,578,127615,57909
0840,208,208,52820,42268,0.62,130,66506,53456,0.17,35,981,2547,208,55256,44111,208,1994,403,0.19,39,95782,18827,0.18,37,88347,11075,0.65,135,15170,9573,247,174409,89719
0841,386,386,70930,61126,0.84,324,71928,64440,0.17,65,2079,612,386,73733,63242,386,2324,710,0.1,40,90544,57739,0.1,40,59929,19353,0.79,306,19441,13168,476,122993,61336
0845,310,310,61148,48539,0.8,249,60767,57114,0.11,33,3702,1969,310,63947,49476,310,2548,592,0.1,31,53737,25832,0.09,29,48842,24393,0.71,221,17398,10632,368,103341,55255
0846,204,204,67316,49886,0.75,152,64649,54474,0.2,41,-180,730,204,71972,53701,204,2611,442,0.08,17,45512,29601,0.08,16,44434,45047,0.72,147,20649,10118,235,106489,54450
0847,161,161,50504,38130,0.83,133,51447,43728,0.14,22,6681,3668,161,51962,40010,161,1272,246,0.04,7,17696,4694,0.03,5,14764,5014,0.68,109,12630,7132,209,66582,15577
0850,4354,4354,68647,62260,0.9,3935,67770,64451,0.13,548,3081,1840,4354,71285,64357,4354,2491,766,0.06,273,117226,41311,0.06,265,91509,22096,0.84,3647,16860,12587,5417,96818,30407
0852,2152,2152,46612,37742,0.88,1894,44908,35989,0.06,138,1846,2162,2152,48554,38890,2152,1556,0,0.03,72,125106,36158,0.03,66,92586,22875,0.65,1406,11276,6389,3151,39899,5493
0853,496,496,78356,80504,0.97,481,80196,82959,0.27,133,1665,1621,496,81079,83116,496,2723,1940,0.03,13,33833,17285,0.03,13,15438,9714,0.91,451,17350,16211,521,200900,117115
0854,450,450,52316,38968,0.85,381,51651,42913,0.05,24,4480,4134,450,53819,40261,450,1110,74,0.02,11,46679,17514,0.02,11,34972,12518,0.66,298,13707,8050,607,58603,9701
0860,1356,1356,66374,62548,0.94,1268,67543,64992,0.13,172,2064,974,1356,69129,65069,1356,2680,918,0.04,56,51773,25598,0.04,57,35627,9839,0.81,1102,15690,12602,1671,75100,26671
0862,282,282,49861,48546,0.9,253,51485,51701,0.04,10,3787,1137,282,52410,51108,282,2251,388,0.03,9,128659,36568,0.04,10,112691,20491,0.73,205,10178,7974,363,49090,14728
0870,13612,13612,73542,65697,0.91,12434,72886,67352,0.16,2220,2944,1638,13612,76495,68288,13612,2935,1040,0.09,1175,69380,20154,0.08,1096,50062,9461,0.85,11524,18743,13686,15969,118772,44557
0872,3837,3837,46784,36654,0.88,3391,43692,34797,0.06,227,1885,1123,3837,48222,37157,3837,1234,0,0.02,80,77006,19474,0.02,65,69370,9136,0.64,2445,11192,6199,5677,39225,4817
0873,773,773,71059,61525,0.91,700,68677,63603,0.19,147,3334,3189,773,74047,64420,773,2620,780,0.07,56,93947,27678,0.07,53,80096,16984,0.81,624,18992,13169,806,112350,49447
0874,194,194,77464,73439,0.97,188,78152,75278,0.14,28,-185,1318,194,80441,76030,194,2977,856,0.06,12,39569,15836,0.06,11,20162,5743,0.87,168,20294,15778,229,119726,29581
0875,913,913,68068,60246,0.92,839,69049,63191,0.11,100,231,1104,913,70390,62658,913,2322,671,0.05,47,42865,20013,0.05,47,26147,16046,0.81,741,17134,12772,1043,94611,31604
0880,1495,1495,73770,59134,0.95,1425,72155,61704,0.22,331,1720,834,1495,76337,61400,1495,2548,1023,0.05,74,164494,22812,0.05,70,153065,9672,0.8,1203,20062,13409,1915,102484,32380
0885,590,590,93761,74169,0.95,563,95449,78893,0.32,191,1346,749,590,97097,77868,590,2670,1135,0.04,25,91121,31965,0.04,25,76623,9876,0.88,520,26585,17666,675,148664,81791
0886,644,644,65909,57734,0.96,619,64428,59831,0.13,85,365,542,644,68093,60254,644,2184,649,0.04,26,75034,9364,0.04,25,59957,9160,0.8,515,16194,10941,792,98550,28964
2000,22833,22833,107563,42927,0.81,18410,75978,46612,0.14,3259,2892,1799,22833,112144,45157,22833,4243,652,0.11,2434,155943,22103,0.09,1993,124278,8525,0.71,16163,48320,9662,27317,169394,11051
2007,5159,5159,61333,41108,0.85,4395,62247,46633,0.13,649,1916,770,5159,63802,42726,5159,2339,534,0.11,561,54882,19001,0.09,463,43837,7463,0.68,3499,20310,9894,5800,76676,12958
2008,6773,6773,68064,47408,0.86,5851,68915,52365,0.12,823,2220,682,6773,99566,49285,6773,31459,699,0.1,670,63811,18494,0.08,573,41365,7133,0.71,4807,22928,12159,7737,91729,17599
2009,8920,8920,105118,63456,0.8,7133,95156,69740,0.2,1801,2131,1288,8920,109227,66726,8920,3944,1167,0.1,930,6927671,24309,0.09,838,7649500,10122,0.78,6984,39900,17567,10294,224871,51183
2010,19012,19012,114577,72740,0.85,16184,100987,76788,0.16,2956,2861,1570,19012,119513,75980,19012,4807,1368,0.12,2346,160014,29012,0.11,2099,122893,11115,0.83,15820,41096,19017,23491,173351,48979
2011,12968,12968,137254,74032,0.79,10288,104772,78768,0.16,2119,4097,2169,12968,143087,77856,12968,5492,1486,0.12,1597,131786,30370,0.11,1473,75334,12100,0.83,10767,53996,19613,16091,269759,63289
2015,8369,8369,116200,81946,0.89,7437,100416,86681,0.17,1409,-559,338,8369,119984,85391,8369,3705,1600,0.11,895,72353,26657,0.1,831,40514,9728,0.87,7264,39632,20934,9553,149062,68444
2016,8532,8532,95585,67875,0.86,7296,90777,72736,0.16,1357,3779,2202,8532,99140,70942,8532,3445,1254,0.12,1065,190707,22734,0.11,958,167665,9852,0.81,6892,32343,17693,10364,145860,48989
2017,18874,18874,80942,66364,0.86,16307,84344,74149,0.14,2698,-622,-315,18874,84034,69695,18874,3026,1386,0.11,2044,76755,24973,0.1,1808,53147,10326,0.81,15195,24781,16371,20780,86003,30277
2018,12453,12453,74031,59079,0.84,10502,76733,66413,0.17,2179,2697,1345,12453,76911,61851,12453,2835,1168,0.11,1418,80104,25792,0.1,1300,58815,10848,0.78,9659,22505,14224,13510,104010,42056
2019,8498,8498,80117,66778,0.87,7429,81872,72062,0.17,1453,1770,538,8498,83370,69772,8498,3156,1470,0.1,862,69846,32166,0.09,787,41640,12950,0.83,7048,23062,15874,9425,138184,69547
2020,14886,14886,65966,52962,0.86,12866,69165,59100,0.15,2304,915,42,14886,68640,55477,14886,2597,1160,0.11,1600,60384,24378,0.1,1427,43927,9700,0.77,11422,18790,11580,15926,80935,23932
2021,10317,10317,176804,84541,0.77,7980,134642,85438,0.2,2058,4579,2783,10317,183850,88829,10317,6172,1582,0.12,1285,161171,35583,0.12,1202,81248,13375,0.83,8550,74746,25258,12346,337086,79968
2022,9548,9548,116534,66897,0.78,7403,108706,73952,0.18,1701,7889,4089,9548,121410,71547,9548,4748,1487,0.12,1132,161631,31030,0.11,1019,115685,11717,0.79,7551,45307,19191,10834,218783,51644
2023,7193,7193,245728,84477,0.69,4929,140886,76007,0.22,1577,12753,6335,7193,264687,89899,7193,18258,1594,0.14,975,454638,47750,0.13,906,368501,18146,0.82,5921,113439,26685,8008,602236,88781
2024,7339,7339,177370,80924,0.77,5679,133588,82396,0.21,1564,6970,3359,7339,183174,85503,7339,5642,1626,0.14,1007,132386,36680,0.13,929,63066,15073,0.81,5974,77170,24513,8607,272918,82019
2025,4978,4978,215123,86070,0.67,3357,141989,83592,0.2,1005,9051,4538,4978,225440,90750,4978,8224,1620,0.13,660,260404,42486,0.13,623,154270,15371,0.8,3991,99087,27606,5690,620753,107186
2026,22939,22939,147052,75296,0.81,18589,112086,79653,0.16,3695,6970,3366,22939,152590,79384,22939,5441,1600,0.15,3369,127671,31471,0.14,3118,89040,11559,0.83,18929,59518,21040,28127,177249,46865
2027,5703,5703,269777,87915,0.63,3583,142295,85657,0.23,1330,11316,5570,5703,289087,94543,5703,18174,1651,0.12,659,329224,46145,0.11,615,254103,18970,0.8,4566,132095,29478,6240,828583,115743
2028,3304,3304,354308,88066,0.68,2241,133723,86778,0.22,712,12613,6218,3304,364637,94132,3304,9861,1610,0.11,368,178807,33860,0.1,337,109723,16333,0.82,2715,177456,27852,3702,555381,86093
2029,6790,6790,162055,75958,0.7,4764,115006,76284,0.21,1407,12103,5328,6790,174129,79888,6790,11733,1406,0.13,885,150276,39712,0.12,820,89022,15756,0.81,5512,69488,21697,7555,439440,81650
2030,9590,9590,239974,79934,0.64,6179,129789,69108,0.25,2355,12494,6181,9590,251272,85000,9590,10730,1190,0.13,1208,372874,43400,0.12,1110,289584,16620,0.8,7647,114269,26689,10242,618208,105279
2031,23035,23035,120485,74279,0.81,18772,104847,79508,0.18,4096,5431,2729,23035,125393,78522,23035,4846,1562,0.12,2677,138540,33060,0.11,2495,89362,12685,0.82,18857,45281,20077,26602,212366,67245
2032,9145,9145,77494,50428,0.79,7243,73327,56779,0.18,1690,6053,4446,9145,80442,52762,9145,2817,770,0.11,1023,84114,25500,0.1,936,52340,9698,0.72,6557,27934,13113,9946,149949,38044
2033,7548,7548,88130,57559,0.8,6053,81041,62228,0.17,1310,6259,3517,7548,91655,60000,7548,3389,984,0.11,837,113830,30774,0.1,751,69384,11599,0.75,5654,32332,15430,8302,177312,41480
2034,13832,13832,130664,77978,0.81,11249,107574,81716,0.2,2828,7951,3490,13832,135575,82008,13832,4814,1608,0.11,1554,127886,32941,0.1,1445,77037,11408,0.83,11429,50006,21313,16349,240338,64399
2035,22148,22148,99411,60836,0.78,17291,89413,68529,0.23,5020,6950,3718,22148,104925,64042,22148,5452,1152,0.12,2711,105937,30214,0.11,2467,72760,11780,0.77,17047,37221,16615,24746,190860,66878
2036,19897,19897,81442,58132,0.81,16150,80734,65106,0.2,3961,4471,2195,19897,84680,60973,19897,3191,1130,0.11,2116,122830,29890,0.1,1932,99153,12384,0.77,15295,27068,14449,22027,161890,62533
2037,10658,10658,98811,62419,0.81,8620,92163,69898,0.17,1814,3840,2398,10658,102696,66128,10658,3681,1152,0.12,1267,98068,27728,0.11,1166,51990,9622,0.77,8214,36762,17496,12420,223001,55115
2038,6159,6159,121333,78637,0.82,5068,108505,81720,0.21,1274,3403,1945,6159,126431,82094,6159,4797,1476,0.13,784,118517,33783,0.12,734,58769,11540,0.82,5043,45370,22576,7241,254102,103884
2039,5796,5796,130784,87621,0.8,4634,121446,95354,0.23,1307,2550,856,5796,135576,91588,5796,4708,1726,0.11,641,127822,33681,0.1,593,74520,12598,0.82,4763,49934,27034,6792,267743,122995
2040,14163,14163,110287,78986,0.84,11908,105637,84865,0.2,2779,2407,834,14163,114215,82466,14163,3867,1522,0.11,1617,111763,33985,0.11,1519,65948,11337,0.83,11685,38721,22271,16412,201167,105587
2041,10322,10322,162760,87400,0.75,7757,134880,92437,0.23,2395,4226,1967,10322,170665,92308,10322,7424,1666,0.11,1143,202196,38000,0.11,1095,132998,12829,0.8,8291,69390,28641,12234,402525,142638
2042,12923,12923,94610,68874,0.87,11274,88367,72316,0.15,1912,4027,1948,12923,97877,71863,12923,3215,1288,0.12,1533,66104,23253,0.11,1401,31798,8989,0.83,10709,30776,17310,15466,157187,57281
2043,7096,7096,106268,88982,0.9,6394,103899,92323,0.17,1174,1735,628,7096,109846,92032,7096,3501,1670,0.11,783,75540,22560,0.1,720,45368,7532,0.88,6246,33225,23049,7999,151038,72556
2044,5418,5418,86772,71567,0.88,4773,87947,76739,0.17,912,2206,634,5418,89824,74476,5418,3010,1414,0.11,587,66375,27097,0.1,540,39241,9536,0.84,4574,25653,17559,6361,135857,72418
2045,4091,4091,122034,65957,0.75,3079,105402,71773,0.28,1146,7292,4332,4091,127325,70068,4091,5272,1147,0.11,431,154313,42268,0.1,396,91480,16040,0.76,3110,51027,20670,4429,308393,130314
2046,16723,16723,106430,70935,0.79,13136,97254,77500,0.26,4372,5445,2732,16723,110463,74039,16723,3882,1300,0.1,1699,121015,30400,0.09,1570,80061,13031,0.79,13189,39538,19756,18710,241134,106296
2047,7729,7729,120152,76386,0.76,5891,107057,81731,0.26,1989,5248,3014,7729,125057,80041,7729,4722,1466,0.1,809,162893,41370,0.1,783,103333,14490,0.79,6138,46804,22479,8645,339446,119056
2048,5045,5045,101915,71401,0.85,4293,94166,75761,0.18,909,4206,2096,5045,105486,74461,5045,3549,1336,0.12,619,254389,25353,0.11,568,230344,9912,0.82,4140,34896,18880,5928,186074,78497
2049,8078,8078,93245,68681,0.86,6957,89027,73522,0.15,1199,2976,1750,8078,96383,71324,8078,3127,1304,0.12,936,72664,24208,0.11,850,35169,8428,0.82,6632,30449,17195,9298,157334,67130
2050,5798,5798,94603,74214,0.88,5089,90848,79074,0.16,903,1801,768,5798,98167,77120,5798,3403,1415,0.11,634,105749,25159,0.1,575,66575,10094,0.82,4729,31280,19435,6814,158894,58886
2052,140,140,20892,9716,0.86,120,19132,10154,0.06,9,7430,6116,140,22001,9841,140,1109,0,0.06,8,138882,3566,0.02,3,280410,1781,0.22,31,14003,5847,144,45765,1909
2060,10891,10891,137385,79536,0.78,8452,111123,86420,0.21,2289,4071,2151,10891,143394,83582,10891,5723,1440,0.1,1052,123570,28192,0.09,972,65094,10725,0.81,8855,54774,22951,12370,356109,76071
2061,4302,4302,169561,84945,0.73,3143,125648,88754,0.23,970,8607,3496,4302,177748,89926,4302,8029,1532,0.09,387,183353,38076,0.08,356,101629,13276,0.82,3521,72174,26403,4921,533156,90007
2062,4726,4726,148337,84980,0.77,3662,131577,90597,0.21,983,5327,2607,4726,153604,89516,4726,5151,1568,0.1,487,138500,34550,0.1,462,65527,11660,0.81,3841,60142,25966,5417,384009,128460
2063,4275,4275,212476,81137,0.64,2751,152534,79359,0.27,1140,7705,4401,4275,219683,86278,4275,7100,1285,0.09,405,277156,58116,0.09,375,153560,19281,0.77,3290,103020,29782,4485,590827,184421
2064,6216,6216,100979,66735,0.79,4920,96808,75350,0.22,1368,1717,1132,6216,104841,70252,6216,3768,1200,0.1,622,158102,25107,0.09,561,108693,8693,0.78,4824,37435,18798,6659,222871,67107
2065,22640,22640,119168,82151,0.81,18289,111090,88796,0.2,4533,2985,1563,22640,123616,85883,22640,4360,1494,0.09,2078,146688,30570,0.08,1911,100634,10613,0.82,18625,43786,23633,24953,277961,84070
2066,22382,22382,126742,76890,0.79,17740,110722,82856,0.22,4864,3536,976,22382,131118,80476,22382,4309,1459,0.1,2201,186135,30560,0.09,2039,125086,11268,0.8,17971,49735,22565,24306,303256,98941
2067,17726,17726,84295,51934,0.73,12859,87287,64585,0.27,4753,2684,1800,17726,87618,54493,17726,3083,726,0.09,1584,114940,28076,0.08,1422,82117,10873,0.71,12544,32283,15567,18107,186992,45715
2068,10963,10963,152575,73684,0.73,7981,120844,79780,0.24,2641,5539,2471,10963,159875,78263,10963,6990,1304,0.1,1094,186305,32992,0.09,1019,119698,11819,0.77,8434,68165,25795,11864,358192,141549
2069,9568,9568,147156,69376,0.7,6667,125144,72469,0.27,2602,4260,3128,9568,153626,73973,9568,6128,1196,0.09,891,188207,38301,0.09,821,110574,14368,0.75,7222,65365,23592,10048,412849,129475
2070,9774,9774,136425,65597,0.68,6690,112732,73822,0.27,2617,4010,2053,9774,142002,69543,9774,5337,1066,0.09,901,226116,32500,0.08,815,162411,13896,0.75,7300,61143,21788,9997,386221,116478
2071,9034,9034,129981,60608,0.67,6020,107832,69649,0.3,2745,4409,2328,9034,135434,65414,9034,5077,936,0.09,811,274805,39930,0.08,736,186432,15447,0.73,6605,58814,20863,9128,373508,99172
2072,5937,5937,106280,58223,0.7,4173,97305,70500,0.26,1534,2364,1615,5937,110591,61501,5937,4093,988,0.09,564,258435,33500,0.09,516,222034,11470,0.72,4300,44699,18998,5981,305080,76047
2073,11308,11308,123199,68464,0.73,8266,110700,77704,0.27,3020,2537,1492,11308,128028,72398,11308,4600,1162,0.09,1049,186303,45334,0.09,985,112220,16153,0.75,8517,51855,23069,11967,366160,123481
2074,15052,15052,124637,66542,0.69,10385,113047,77418,0.23,3455,3174,1810,15052,129484,69944,15052,4707,1120,0.08,1249,220393,32568,0.08,1165,155103,12111,0.74,11083,54305,23607,15795,367850,140415
2075,13881,13881,109339,61962,0.69,9544,107376,76504,0.25,3453,2357,1250,13881,114042,65983,13881,4507,970,0.09,1276,142226,33258,0.09,1182,99365,12130,0.72,10054,46024,21949,14366,332158,115413
2076,15900,15900,112612,63267,0.72,11434,104834,74890,0.25,3896,2623,1036,15900,117073,67188,15900,4281,1130,0.09,1420,200632,31818,0.08,1306,126607,12084,0.74,11744,46684,21704,16880,313587,117747
2077,26955,26955,74096,57776,0.82,22115,79158,66875,0.18,4934,789,288,26955,76825,60228,26955,2550,1014,0.09,2444,99499,22867,0.08,2258,81622,8906,0.76,20352,23301,15144,28573,139931,57355
2079,5075,5075,78291,61756,0.83,4188,81736,69232,0.18,924,1692,646,5075,81026,64910,5075,2708,1022,0.09,456,89342,29248,0.08,431,66213,10610,0.77,3931,24656,15783,5484,187117,91067
2080,1143,1143,71311,56164,0.8,912,78042,65503,0.21,238,1703,84,1143,74359,58153,1143,3015,1047,0.1,120,85324,25960,0.1,120,57876,10520,0.73,838,22746,14890,1247,197253,99898
2081,3456,3456,82915,61188,0.83,2855,84190,70008,0.19,663,1546,239,3456,85906,64243,3456,2930,1122,0.09,312,67477,29103,0.08,292,41504,10566,0.77,2659,27429,16882,3857,204440,115292
2082,3414,3414,81656,61588,0.82,2789,81530,67416,0.17,583,2330,1032,3414,84557,64434,3414,2876,1052,0.09,318,72384,35376,0.09,299,39313,15072,0.77,2618,26836,16524,3849,200214,117771
2083,1034,1034,75117,50714,0.72,744,78523,60996,0.22,224,5732,3944,1034,78012,52180,1034,2843,800,0.15,150,61330,26812,0.13,136,34658,11142,0.72,749,24905,14425,1214,231576,109071
2084,2425,2425,140085,63070,0.71,1715,98714,63581,0.2,490,9403,5476,2425,146887,66207,2425,6711,952,0.11,257,96931,34580,0.1,251,55747,12629,0.76,1836,62886,18234,2701,421756,120681
2085,7295,7295,92593,58511,0.75,5435,95328,68017,0.2,1449,3849,2430,7295,96668,61553,7295,3921,960,0.08,614,115484,33320,0.08,590,82014,10892,0.74,5389,34783,17607,7981,251211,127053
2086,8915,8915,95265,64078,0.8,7092,93894,70534,0.2,1750,5035,2242,8915,98859,67264,8915,3485,1027,0.1,900,91466,34432,0.1,848,60792,12196,0.76,6782,34941,18756,9909,220073,110200
2087,8096,8096,102756,60880,0.75,6044,99865,68594,0.23,1889,5557,3217,8096,106873,64444,8096,4077,984,0.09,769,129480,39655,0.09,726,91776,13610,0.74,6021,40578,19582,8820,285065,117193
2088,19568,19568,211999,80424,0.67,13116,155166,81584,0.21,4112,7310,4242,19568,221491,85582,19568,9053,1440,0.1,1916,234611,38842,0.09,1781,164603,14185,0.79,15411,100012,27162,21556,605374,134192
2089,8415,8415,129365,77686,0.78,6522,115246,82980,0.19,1568,4228,2661,8415,134798,81546,8415,5162,1490,0.1,808,166883,29970,0.09,757,123338,10777,0.81,6856,50293,21828,9641,344425,84392
2090,9321,9321,145996,79508,0.76,7053,120379,86444,0.19,1805,5013,2210,9321,152220,83493,9321,5968,1554,0.09,882,161909,30837,0.09,835,103881,10154,0.8,7456,60523,24201,10595,381091,105333
2092,4527,4527,163558,75163,0.73,3314,140630,80000,0.23,1028,8783,3412,4527,170073,80313,4527,5347,1341,0.09,413,211527,35857,0.09,387,155232,12900,0.78,3527,73042,27421,4955,384578,147733
2093,15369,15369,142792,71248,0.77,11840,115920,74174,0.19,2934,6800,3236,15369,147412,75234,15369,4548,1286,0.11,1637,112162,31685,0.1,1528,74244,11121,0.79,12152,60232,21557,17048,294814,111103
2094,4261,4261,131696,75784,0.76,3251,118303,79999,0.2,844,6954,4514,4261,136810,80142,4261,5033,1481,0.11,467,96638,36264,0.1,442,55224,11682,0.8,3395,52976,23417,4837,345122,110406
2095,11707,11707,152492,78912,0.77,9001,118882,81346,0.19,2225,9212,4390,11707,157989,82989,11707,5303,1473,0.1,1217,113979,27829,0.1,1129,67338,9924,0.82,9548,62621,23546,13819,335593,69718
2096,10220,10220,142097,76205,0.8,8181,117197,79731,0.2,2054,5944,2936,10220,147667,80434,10220,5444,1440,0.12,1192,478240,31296,0.11,1127,467147,10887,0.81,8317,57858,21109,11670,255523,86301
2097,10457,10457,102902,62391,0.77,8095,90972,65689,0.21,2208,6436,3682,10457,107274,65709,10457,4291,1045,0.11,1143,86022,31042,0.1,1061,56808,11876,0.77,8075,38868,17251,11518,257851,96337
2099,28118,28118,89368,59490,0.82,23003,81729,63737,0.17,4796,5090,2585,28118,92545,61816,28118,3095,996,0.12,3342,91185,30470,0.11,3103,64157,11195,0.79,22157,30543,14053,30991,161905,64660
2100,14277,14277,95850,60523,0.8,11459,91453,65706,0.2,2797,6648,2997,14277,99173,63334,14277,3293,984,0.11,1571,82610,31900,0.1,1470,52579,12390,0.78,11141,34539,15938,15853,185313,85752
2101,12616,12616,89034,58901,0.75,9493,83257,65138,0.19,2437,6873,3814,12616,92634,62040,12616,3534,953,0.12,1520,170850,33474,0.11,1445,145709,13048,0.77,9668,31228,15489,13973,230698,91051
2102,5163,5163,98033,63222,0.8,4111,88287,69145,0.19,978,4399,1538,5163,101524,65889,5163,3426,1023,0.1,515,76600,29951,0.09,480,47254,10618,0.78,4011,35828,17075,5584,208004,100842
2103,7323,7323,92771,57373,0.72,5251,83122,62400,0.21,1538,7762,4824,7323,96641,60819,7323,3764,897,0.11,824,94427,39844,0.11,769,57037,14154,0.75,5465,34609,16222,8093,312385,112986
2104,2337,2337,143147,55714,0.61,1416,94233,60612,0.18,419,12969,7561,2337,148819,59736,2337,5545,796,0.1,244,126039,28860,0.1,233,103316,11956,0.71,1648,70061,18803,2539,522381,154715
2105,1370,1370,120580,58256,0.64,881,93139,59776,0.2,280,9766,4843,1370,125914,62740,1370,5239,886,0.14,187,204725,38187,0.12,168,170848,13855,0.73,995,53303,19062,1587,414440,142186
2106,6726,6726,106867,60500,0.73,4928,87816,62752,0.19,1271,8921,5269,6726,111542,64094,6726,4351,930,0.13,845,113805,33839,0.12,803,82194,12749,0.76,5142,41860,16566,7463,346244,108744
2107,10186,10186,113232,55182,0.67,6872,90191,59823,0.2,2064,9458,5456,10186,118442,58955,10186,4925,814,0.13,1372,106943,35168,0.13,1279,67319,13214,0.73,7390,48665,17030,11403,388676,113858
2108,1283,1283,216262,60959,0.53,682,95901,60000,0.2,263,12575,6053,1283,238669,66517,1283,22223,992,0.11,146,222172,48247,0.11,142,145655,26448,0.71,909,119376,24171,1410,1027343,184322
2110,6062,6062,215456,79612,0.69,4170,128737,74796,0.27,1608,9219,4033,6062,225165,83751,6062,9386,1258,0.1,596,285372,46332,0.09,556,175624,19703,0.78,4721,104330,28246,6587,600829,156112
2111,9957,9957,113496,71123,0.8,7944,97984,75155,0.22,2152,5213,2100,9957,117659,74126,9957,4064,1292,0.1,1017,156682,30000,0.09,934,112163,11365,0.8,7979,42732,19385,11091,252669,93850
2112,24261,24261,79910,58406,0.8,19431,80482,66545,0.23,5544,1830,744,24261,83102,61017,24261,3102,1107,0.1,2500,131134,27107,0.1,2326,105838,10604,0.76,18476,26505,14998,25461,162280,55780
2113,18305,18305,78890,59967,0.83,15135,82394,68820,0.2,3611,809,240,18305,81939,62709,18305,2958,1114,0.09,1716,107914,22722,0.09,1569,88598,8909,0.76,13839,26060,15990,19034,135108,43960
2114,16766,16766,73631,56918,0.81,13610,77376,65736,0.22,3642,1812,720,16766,76449,59510,16766,2712,1008,0.1,1650,73911,23708,0.09,1498,51624,9213,0.76,12688,23101,14502,17659,148091,51584
2115,7303,7303,68277,54567,0.82,5999,72293,63916,0.22,1587,698,8,7303,70820,56905,7303,2493,920,0.1,747,64594,24705,0.09,659,46634,10989,0.75,5454,20424,13825,7698,126308,54802
2116,4243,4243,65729,53369,0.84,3546,69670,60244,0.18,755,1197,72,4243,68252,55901,4243,2512,905,0.09,400,60522,27626,0.09,378,40492,11910,0.75,3189,19072,12305,4566,115807,49666
2117,13038,13038,67867,49350,0.77,10103,69684,58970,0.23,2968,2224,324,13038,70584,51649,13038,2676,756,0.11,1371,72428,28956,0.1,1267,50279,11932,0.72,9380,21747,13017,13562,152019,51894
2118,17133,17133,65948,48178,0.75,12783,72477,60720,0.27,4698,1422,539,17133,68526,50328,17133,2497,699,0.11,1929,86683,26177,0.1,1748,68235,9322,0.7,11963,21568,13202,17304,158220,50213
2119,7786,7786,104369,64161,0.72,5593,98975,75362,0.29,2271,2245,1067,7786,108646,68522,7786,4159,1170,0.09,681,153134,37125,0.08,640,85824,12473,0.73,5694,42280,22044,8291,363506,139498
2120,13583,13583,84997,62265,0.79,10685,89661,73974,0.23,3100,1641,598,13583,88240,65333,13583,3196,1095,0.09,1163,154566,24706,0.08,1083,130319,10016,0.75,10163,29559,18424,15025,220226,103182
2121,22812,22812,77286,54708,0.77,17545,81765,66921,0.27,6079,1453,805,22812,80243,57192,22812,2895,908,0.09,2050,108636,24208,0.08,1853,86640,8760,0.72,16473,27023,15887,22959,193466,50414
2122,20564,20564,72380,47123,0.75,15447,72231,59671,0.25,5147,1859,855,20564,75298,49408,20564,2817,672,0.1,2065,98273,23760,0.09,1829,82745,9046,0.69,14146,26333,13683,21006,166769,47613
2125,11085,11085,99644,60238,0.74,8201,95454,72716,0.29,3260,1519,985,11085,103812,63968,11085,3989,1024,0.08,919,134124,32720,0.08,873,91884,12034,0.73,8106,39855,19285,11837,292393,112250
2126,12073,12073,86460,61160,0.77,9307,93426,76010,0.31,3692,363,-30,12073,89670,64341,12073,3123,1130,0.08,938,118496,28706,0.07,873,87683,10042,0.73,8795,31669,19378,12856,218550,92471
2127,15503,15503,71808,60486,0.84,13000,78018,70365,0.19,3005,-1225,-1167,15503,74546,63189,15503,2670,1216,0.11,1701,80947,24828,0.1,1547,61247,9608,0.77,11906,21520,15156,15607,96066,35163
2128,1403,1403,58257,48417,0.81,1142,62667,55770,0.12,170,2141,-53,1403,60489,50736,1403,2207,578,0.14,196,63478,30346,0.13,183,44050,11794,0.75,1052,15324,9818,1458,68907,28485
2130,5094,5094,93458,70270,0.85,4335,90537,74421,0.19,948,2904,1303,5094,96884,73086,5094,3400,1339,0.13,659,170714,23361,0.12,598,146954,8188,0.82,4200,30313,17621,5822,182944,74358
2131,15301,15301,67998,51756,0.82,12553,69888,59351,0.16,2424,3576,2114,15301,70347,53856,15301,2311,812,0.11,1674,66501,21792,0.1,1474,46304,8085,0.75,11446,20504,12003,16606,124336,37971
2132,6567,6567,79060,57049,0.79,5165,80933,64896,0.26,1739,3521,2006,6567,82139,59409,6567,2956,976,0.1,680,162388,22666,0.09,599,148012,10568,0.74,4888,26768,15223,7072,176487,71311
2133,6414,6414,69769,53655,0.8,5159,72737,61153,0.22,1440,4536,1980,6414,72482,56054,6414,2672,920,0.12,739,91033,29695,0.11,691,65777,11966,0.75,4807,21229,13306,7150,150686,67052
2134,11881,11881,58094,39918,0.79,9383,58553,47474,0.19,2293,2460,1512,11881,60350,41545,11881,2134,488,0.11,1298,83701,24210,0.09,1108,68474,7387,0.66,7893,19005,8709,11990,95621,15129
2135,19042,19042,79511,47628,0.8,15268,65079,49999,0.22,4170,4492,2749,19042,82742,49782,19042,3077,659,0.1,1997,247241,26574,0.09,1761,216098,10243,0.72,13645,29504,11580,19496,196416,21429
2136,4823,4823,69023,52649,0.79,3808,72302,61728,0.23,1105,3248,1992,4823,71954,55085,4823,2857,858,0.11,547,606011,27159,0.11,507,624986,11265,0.74,3568,21588,12920,5179,136182,50724
2137,17615,17615,92073,62222,0.77,13508,87996,70295,0.28,4882,4026,1856,17615,95988,65346,17615,3746,1115,0.1,1727,144379,32137,0.09,1609,105671,13640,0.76,13366,33657,17404,19017,244871,87416
2138,13195,13195,75667,55745,0.81,10696,79755,65773,0.23,3034,961,338,13195,78477,58392,13195,2698,1000,0.1,1361,96758,26055,0.09,1206,75457,10689,0.73,9688,25584,15207,13666,124693,36246
2140,14095,14095,63575,49663,0.87,12229,63624,55860,0.11,1600,458,-384,14095,65651,51940,14095,2031,900,0.12,1700,55809,20487,0.11,1526,41134,7496,0.75,10621,18134,10355,14271,62641,17597
2141,20668,20668,53993,42538,0.8,16481,57924,50061,0.17,3496,1951,920,20668,55871,44172,20668,1847,525,0.13,2761,59988,26664,0.12,2450,40835,8377,0.7,14449,14723,8700,20771,75358,20570
2142,16467,16467,51393,42973,0.82,13546,54932,49033,0.1,1595,1604,871,16467,53282,44792,16467,1865,643,0.15,2459,106300,26587,0.14,2249,94721,9896,0.71,11629,12822,8150,16550,54890,14393
2143,5192,5192,54909,43220,0.78,4040,58909,50643,0.16,839,2383,1892,5192,56926,44585,5192,1990,570,0.13,681,90192,29500,0.12,630,73485,9958,0.71,3666,14944,8996,5430,87157,28295
2144,22872,22872,43725,35430,0.77,17598,47778,42499,0.1,2300,3666,2320,22872,45318,36660,22872,1577,349,0.18,4173,49925,26450,0.16,3727,33635,10092,0.65,14795,10507,6299,21998,43194,9589
2145,50980,50980,66895,55148,0.85,43220,71211,62478,0.17,8891,662,-89,50980,69473,57698,50980,2548,1100,0.1,5341,84767,24000,0.1,4928,68980,10132,0.76,38863,19152,12900,54135,102233,36842
2146,11801,11801,64377,54256,0.86,10165,68501,60444,0.16,1867,777,-68,11801,66756,56738,11801,2356,1059,0.1,1225,50241,22260,0.1,1129,33377,9480,0.77,9107,17461,12076,12739,106071,42936
2147,21199,21199,63817,53497,0.84,17814,68383,61060,0.16,3347,1139,217,21199,66185,55572,21199,2339,961,0.09,1982,67735,27034,0.09,1823,50406,11296,0.76,16018,17686,12440,23633,123430,56157
2148,39876,39876,56894,49716,0.85,33836,60633,55650,0.13,5037,1029,-31,39876,59002,51577,39876,2085,848,0.12,4783,59542,26766,0.11,4413,42491,11029,0.75,29815,14399,10201,42343,82066,32354
2150,24952,24952,65569,54534,0.88,21965,69314,60600,0.1,2399,546,-41,24952,67800,56880,24952,2191,1080,0.1,2599,50330,19625,0.09,2319,35031,6986,0.76,18912,18427,12604,24823,58544,16904
2151,12715,12715,71551,56601,0.81,10312,74481,64838,0.2,2538,1495,543,12715,74334,59312,12715,2732,1030,0.1,1285,91995,22714,0.09,1188,72568,9602,0.75,9588,22092,14012,13795,145516,59291
2152,6712,6712,73259,60130,0.82,5492,77325,68956,0.19,1251,1349,635,6712,76159,62604,6712,2880,1131,0.09,623,69253,23906,0.09,578,45836,9989,0.76,5133,22248,15364,7344,155519,76580
2153,38269,38269,81253,61696,0.8,30718,85401,72000,0.26,10117,923,32,38269,84464,64690,38269,3148,1160,0.09,3330,113352,30388,0.08,3098,84051,12354,0.76,29034,27057,17372,41574,186961,85896
2154,25547,25547,87281,59148,0.77,19707,87745,70596,0.27,7012,1091,348,25547,90794,62186,25547,3449,1016,0.08,2136,113613,29553,0.08,1972,83072,11288,0.74,18893,31725,17642,27237,222229,85300
2155,47518,47518,84713,67357,0.86,40857,86946,74570,0.24,11634,-1163,-1091,47518,87918,70508,47518,3144,1384,0.09,4116,136413,26738,0.08,3828,115162,12180,0.79,37608,27103,18040,49094,141447,68160
2156,8696,8696,113615,60456,0.71,6212,87914,64371,0.25,2139,5546,2885,8696,117748,64310,8696,4025,784,0.08,702,138870,39805,0.08,655,99018,16387,0.75,6497,47460,18658,9260,334555,118968
2157,2569,2569,81540,51200,0.75,1929,75671,56400,0.22,554,6212,3734,2569,84685,54890,2569,3017,627,0.11,279,91528,39322,0.1,263,64266,20100,0.74,1901,28775,13276,2794,204602,79135
2158,5620,5620,153707,60094,0.73,4080,87079,65170,0.26,1481,5126,1998,5620,158247,64590,5620,4370,908,0.09,495,177766,33294,0.08,468,144967,13926,0.75,4220,72350,18382,5993,305750,90334
2159,3264,3264,98640,55272,0.71,2325,82840,62064,0.22,715,6776,3692,3264,103041,58682,3264,3825,680,0.11,344,117863,43500,0.1,329,72777,16990,0.74,2409,39113,15288,3510,291937,107815
2160,20880,20880,53519,42683,0.78,16230,57004,50160,0.14,2908,3932,2158,20880,55594,44624,20880,2042,578,0.15,3172,61751,30206,0.14,2941,43418,12734,0.7,14612,14354,8666,20944,76364,21901
2161,16098,16098,48879,39362,0.77,12362,53218,47810,0.12,1915,3012,1788,16098,50856,41082,16098,1947,450,0.15,2466,56951,32970,0.14,2280,38093,14605,0.67,10744,12622,8053,15990,67507,18759
2162,9583,9583,49821,39945,0.77,7371,54651,47617,0.15,1409,3410,2030,9583,51742,41215,9583,1875,472,0.13,1221,64184,30563,0.12,1129,44645,12254,0.67,6401,13201,8620,9725,86583,26606
2163,4469,4469,46848,39328,0.78,3488,51133,47678,0.1,451,2912,1357,4469,48697,41004,4469,1823,492,0.12,555,85278,31764,0.11,499,69420,15194,0.67,3007,11379,7498,4638,57166,16553
2164,9991,9991,58455,45488,0.8,8038,58099,52216,0.17,1659,5127,2512,9991,60557,46968,9991,2067,710,0.1,1030,79780,31350,0.1,962,61165,15354,0.71,7099,16907,9909,10641,103077,34384
2165,18776,18776,48729,40190,0.81,15134,51480,46148,0.14,2660,4507,2583,18776,50497,41788,18776,1745,497,0.11,2061,76816,30227,0.1,1954,59489,13052,0.67,12652,12259,8153,19618,68064,19996
2166,26855,26855,48675,40807,0.83,22205,50087,45395,0.15,4018,3858,2310,26855,50315,42160,26855,1592,465,0.09,2397,93393,30705,0.08,2216,76021,13642,0.68,18163,12271,7968,28582,59326,18293
2167,6020,6020,62554,54130,0.88,5284,66396,60550,0.17,1040,378,-92,6020,64949,56640,6020,2375,1129,0.08,502,49433,18550,0.08,479,37153,9039,0.77,4633,16563,12129,6557,95524,43267
2168,21071,21071,50683,43690,0.83,17589,53884,49412,0.12,2525,1548,646,21071,52661,45357,21071,1959,713,0.09,1954,86705,31252,0.09,1845,70910,14560,0.7,14840,12462,8713,22460,71215,24336
2170,58772,58772,57150,48608,0.84,49115,60412,54770,0.14,8053,2137,475,58772,59458,50604,58772,2268,860,0.1,6169,77313,28361,0.1,5747,59895,13104,0.74,43320,14914,10285,62098,90004,33198
2171,21996,21996,65449,53829,0.85,18777,66291,59232,0.2,4398,1807,0,21996,68104,56272,21996,2578,1143,0.1,2114,88235,29372,0.09,1992,68289,14491,0.77,16922,18275,12059,22892,105436,48494
2172,1752,1752,87283,70858,0.87,1522,84239,73304,0.33,570,2574,949,1752,91183,74758,1752,3846,1589,0.08,136,79006,25644,0.07,124,46575,14551,0.8,1406,27895,19593,1917,213373,107766
2173,8661,8661,70977,63539,0.89,7677,74149,68871,0.21,1824,360,-81,8661,73861,66338,8661,2843,1394,0.08,670,84617,23618,0.07,630,63992,11257,0.81,7009,19205,14542,9382,142354,73277
2174,7505,7505,69664,60669,0.89,6693,73478,66858,0.21,1569,-696,-778,7505,72383,63675,7505,2697,1410,0.09,695,62555,24620,0.09,666,42385,11788,0.81,6078,18699,13861,7329,75677,40369
2175,1114,1114,86952,55631,0.73,810,65661,57352,0.28,314,12024,6555,1114,90199,58449,1114,3049,790,0.11,122,110238,45014,0.1,115,81045,22521,0.76,851,30741,13545,1154,258515,59305
2176,24291,24291,59155,46194,0.81,19664,59091,52000,0.21,5144,5130,2990,24291,61367,48076,24291,2168,728,0.1,2359,96427,29800,0.09,2228,77250,13892,0.71,17281,17063,10371,25907,109377,40400
2177,8428,8428,54376,46092,0.84,7070,56345,51581,0.16,1368,2855,1417,8428,56412,47710,8428,2014,754,0.09,732,71350,28746,0.08,694,53734,12266,0.72,6090,14021,9491,8959,79918,30037
2178,2203,2203,84398,52072,0.76,1673,61630,51721,0.27,602,9755,6276,2203,87276,54155,2203,2664,550,0.09,206,246311,50012,0.09,190,224937,29784,0.76,1682,29590,11893,2304,230747,47597
2179,10471,10471,66554,57771,0.86,9046,69274,63718,0.15,1576,2102,-68,10471,69192,60254,10471,2618,1327,0.1,1070,59300,22833,0.1,1004,43459,11480,0.79,8295,17936,12893,10360,88122,39964
2190,12932,12932,53524,39418,0.77,9921,56711,46936,0.15,1892,4048,1960,12932,55682,40896,12932,2113,502,0.14,1793,73339,32876,0.13,1698,54050,15610,0.67,8645,15652,8789,12997,81378,24926
2191,3485,3485,64254,47992,0.79,2736,66657,55956,0.23,796,4352,2470,3485,66677,50026,3485,2379,710,0.13,442,73284,27764,0.12,410,52162,12349,0.73,2550,19154,10996,3721,121339,51208
2192,7483,7483,55205,44459,0.8,5989,58922,52022,0.15,1151,3881,1996,7483,57241,46098,7483,2027,693,0.13,1004,123702,26942,0.12,933,111637,12123,0.71,5343,14733,9156,7981,80895,31081
2193,10867,10867,70657,54084,0.83,8980,73248,61458,0.18,1982,4049,2162,10867,73236,56398,10867,2564,1000,0.12,1351,79980,25810,0.11,1209,58306,9812,0.76,8253,21501,13007,11879,140933,55396
2194,15082,15082,48587,39674,0.79,11979,52854,46403,0.13,2032,2513,1078,15082,50283,41048,15082,1653,420,0.15,2235,46597,25224,0.13,1967,30274,7578,0.67,10170,12333,7620,15329,60941,18404
2195,13433,13433,43895,34243,0.75,10055,49113,43245,0.08,1120,3546,1766,13433,45517,35631,13433,1604,370,0.24,3239,46151,27393,0.23,3097,31911,13450,0.62,8380,11039,6684,13176,49684,13571
2196,17360,17360,51366,40606,0.78,13569,55629,47991,0.14,2491,3782,1948,17360,53363,42261,17360,1965,540,0.15,2555,77178,30770,0.14,2401,60787,15067,0.67,11639,13987,8954,17799,80109,25865
2197,4689,4689,52142,41215,0.78,3639,56591,49591,0.15,698,3123,1708,4689,54259,42883,4689,2077,600,0.12,570,84050,35754,0.11,529,65488,18567,0.67,3142,14449,9393,4817,90901,29070
2198,4769,4769,57921,44260,0.78,3722,60588,50533,0.19,894,4082,2384,4769,60346,46231,4769,2319,691,0.1,498,81620,36735,0.1,478,60137,17560,0.7,3362,16615,10104,5034,129606,50340
2199,9409,9409,52024,40796,0.79,7456,56054,48794,0.15,1388,3505,2132,9409,54042,42551,9409,2000,588,0.12,1145,84316,29522,0.12,1083,65589,13897,0.68,6388,14052,9183,9647,80975,26549
2200,24858,24858,49872,39778,0.8,19838,53030,46226,0.13,3129,3559,1910,24858,51891,41288,24858,1984,539,0.13,3293,74588,27274,0.12,3080,59794,12894,0.67,16640,13253,8250,25117,69039,19410
2203,8749,8749,88898,68749,0.86,7559,86751,73680,0.16,1408,4018,1850,8749,92297,71708,8749,3384,1388,0.12,1056,80727,22526,0.11,975,52169,8558,0.82,7161,28019,16874,10093,171409,80069
2204,16416,16416,82787,64384,0.86,14078,81720,69250,0.16,2640,4241,2238,16416,85814,66862,16416,2934,1204,0.13,2059,65991,24147,0.11,1885,37622,9473,0.82,13394,25157,15600,19110,136278,59082
2205,16434,16434,65084,53017,0.85,13897,69229,60108,0.14,2313,788,155,16434,67374,55303,16434,2271,996,0.13,2203,59201,23909,0.12,1948,43582,9840,0.76,12492,18413,11925,17341,76486,25258
2206,11407,11407,81759,58766,0.78,8940,78878,65037,0.27,3033,5940,3218,11407,84932,61418,11407,3122,1092,0.11,1285,119296,30777,0.11,1201,92645,13454,0.77,8763,27148,15435,12433,175938,81674
2207,16121,16121,68094,52603,0.79,12767,70794,60952,0.22,3487,4204,2365,16121,70693,54844,16121,2572,912,0.11,1798,101913,27530,0.1,1666,84405,12288,0.74,11916,20907,12882,17341,143407,59394
2208,7484,7484,70869,50780,0.77,5780,71460,60000,0.24,1815,5208,3060,7484,73432,52866,7484,2455,800,0.1,773,81786,28040,0.09,709,63375,13848,0.73,5427,22578,12733,8031,144036,65624
2209,9662,9662,60163,46568,0.78,7496,65475,55572,0.22,2121,3250,2494,9662,62545,48762,9662,2331,765,0.11,1038,75359,26436,0.1,939,57790,11143,0.7,6806,17884,11349,10202,122730,46249
2210,18997,18997,65729,49576,0.79,14980,69044,58225,0.2,3707,3285,1591,18997,68363,51588,18997,2590,822,0.1,1956,92162,28404,0.09,1794,74229,11770,0.73,13810,20141,12105,20361,153612,56992
2211,10412,10412,64234,51588,0.8,8375,68752,60045,0.21,2154,3232,1469,10412,66736,53682,10412,2442,875,0.1,993,104470,29858,0.09,939,80612,13339,0.74,7683,18706,12524,11225,140472,62787
2212,9924,9924,62979,51406,0.82,8161,67238,59013,0.19,1892,2680,1318,9924,65367,53443,9924,2361,930,0.09,939,83995,28967,0.09,885,63164,11697,0.74,7365,17834,12218,10544,122151,54318
2213,13540,13540,70911,57228,0.84,11315,73344,64040,0.2,2756,2328,676,13540,73636,59854,13540,2661,1097,0.08,1079,89408,29379,0.07,1011,66507,12875,0.76,10321,21299,14290,14951,158769,74800
2214,2378,2378,67208,56208,0.83,1985,69695,61882,0.17,402,1650,136,2378,69778,58512,2378,2546,1047,0.08,200,69642,29436,0.08,183,48662,13426,0.76,1808,19350,13269,2773,160823,86723
2216,17931,17931,62971,49776,0.83,14840,64401,55600,0.16,2862,4147,1930,17931,65340,51793,17931,2298,847,0.12,2174,74155,24212,0.11,1953,58121,10780,0.74,13259,18064,10738,19427,102655,32448
2217,18505,18505,67997,53633,0.82,15123,69435,59954,0.19,3470,4337,1823,18505,70693,55858,18505,2633,1002,0.11,1976,207781,24844,0.1,1819,199693,10513,0.76,14009,20094,12137,19602,128478,43686
2218,10296,10296,61389,49244,0.82,8471,64931,56032,0.19,1950,2229,1708,10296,63719,51364,10296,2293,855,0.11,1105,75906,23806,0.1,1011,56179,9324,0.73,7558,17387,10988,10998,111617,40055
2219,8075,8075,80273,57022,0.75,6073,77898,64856,0.25,1995,6055,2953,8075,83787,60020,8075,3454,1038,0.1,836,106963,31801,0.1,784,75580,15070,0.76,6155,26568,14684,8908,226335,85198
2220,22865,22865,55088,42850,0.8,18293,58087,49271,0.2,4542,2495,1577,22865,57193,44500,22865,2019,580,0.1,2330,209926,21897,0.09,2005,217776,8468,0.68,15563,16157,8923,22965,90471,19436
2221,10674,10674,84739,54690,0.74,7922,78004,61032,0.29,3120,5728,3132,10674,88335,57510,10674,3438,890,0.11,1159,254340,32141,0.1,1075,222343,13242,0.74,7874,30750,15062,11173,234685,72473
2222,7884,7884,65149,49825,0.82,6440,67570,57709,0.19,1502,2875,1498,7884,67814,52191,7884,2408,864,0.1,765,86034,27022,0.09,693,66206,9707,0.74,5818,19372,11321,8509,141477,49487
2223,13632,13632,84009,59146,0.79,10832,82055,65716,0.24,3286,4103,2304,13632,87155,61662,13632,3087,1080,0.09,1218,104408,27398,0.08,1117,69105,10621,0.76,10425,28607,15387,14816,230510,90955
2224,8922,8922,87285,54466,0.73,6482,77359,61795,0.25,2202,8490,3492,8922,90861,57064,8922,3493,841,0.09,793,115334,37021,0.08,757,86026,14487,0.73,6508,32869,15063,9683,263059,90580
2225,3487,3487,98059,68501,0.8,2800,94631,76442,0.21,747,3583,1878,3487,101640,71137,3487,3503,1340,0.09,323,78828,25670,0.09,306,47982,9348,0.77,2695,35593,20719,3926,255588,136260
2226,7962,7962,89496,66464,0.83,6571,90344,75000,0.2,1612,2403,710,7962,92768,69970,7962,3231,1348,0.08,633,622146,29934,0.07,583,644860,11379,0.79,6262,29956,18210,8892,222994,118530
2227,9494,9494,84808,63852,0.82,7798,85412,69999,0.19,1804,3021,1055,9494,88091,66716,9494,3258,1273,0.08,793,83203,28850,0.08,742,56423,11709,0.79,7525,27307,16534,10617,212486,107930
2228,12985,12985,80564,61570,0.81,10515,79490,67728,0.18,2332,3796,1586,12985,83808,64314,12985,3164,1192,0.09,1162,110070,28206,0.08,1073,86950,12460,0.78,10133,25662,15400,14047,181103,77328
2229,19443,19443,94018,63139,0.78,15254,86549,68792,0.19,3734,4991,2178,19443,97734,66418,19443,3633,1200,0.09,1767,112766,34106,0.09,1661,77907,14184,0.78,15182,33181,16779,21359,242585,101267
2230,20642,20642,100528,65788,0.77,15877,86372,69037,0.22,4526,6839,3204,20642,105117,69226,20642,4388,1304,0.1,2003,93421,31691,0.09,1890,59772,12635,0.79,16308,36282,17172,22872,306276,104342
2231,1451,1451,72245,53946,0.82,1196,69883,58846,0.2,287,5046,2493,1451,75020,56683,1451,2664,1043,0.11,164,60675,32877,0.1,150,38966,15218,0.77,1111,21938,12579,1675,159423,82100
2232,21815,21815,78331,63269,0.83,18181,80532,70453,0.16,3539,2987,1344,21815,81324,65930,21815,2957,1260,0.09,1907,90040,27865,0.08,1810,64661,11658,0.79,17254,23833,15706,24505,183228,91805
2233,18350,18350,74208,61066,0.84,15359,77892,68338,0.16,2964,2393,689,18350,77233,63670,18350,3007,1283,0.08,1441,75101,30180,0.07,1369,52486,11871,0.79,14418,21832,15335,20769,192327,112546
2234,19744,19744,80885,61234,0.82,16103,80838,68000,0.21,4220,3492,1456,19744,84311,64314,19744,3380,1193,0.08,1614,90773,31482,0.08,1519,63791,12736,0.78,15400,25924,15888,21976,228603,109937
2250,41593,41593,65811,50925,0.81,33608,65560,56152,0.12,5001,3815,1867,41593,68488,53107,41593,2583,805,0.1,4038,89601,29967,0.09,3821,63532,12842,0.75,31146,19294,11162,46053,153251,63850
2251,19523,19523,73752,49840,0.76,14852,70338,56559,0.16,3033,4555,2219,19523,77629,52340,19523,3843,887,0.11,2208,106168,33466,0.11,2098,76756,13770,0.73,14259,24725,12562,21681,193294,87502
2256,8692,8692,63125,46950,0.77,6681,64750,53933,0.14,1217,5369,2852,8692,65709,48908,8692,2560,730,0.09,816,76660,24416,0.09,758,56237,10674,0.71,6184,19209,10677,9907,175960,71031
2257,16489,16489,71222,47130,0.75,12363,67040,54984,0.15,2522,5854,3551,16489,74051,49444,16489,2772,762,0.1,1657,98040,32756,0.1,1582,74355,13586,0.71,11723,24417,11175,19093,184855,76881
2258,3217,3217,66722,51042,0.81,2607,65268,55243,0.15,473,3614,2543,3217,69500,54020,3217,2762,808,0.09,290,113012,31124,0.09,281,83039,16057,0.76,2448,19371,11526,3640,181742,77702
2259,36133,36133,59913,49306,0.83,30060,61585,54042,0.11,3849,3565,1404,36133,62643,51718,36133,2663,912,0.08,2979,204575,31752,0.08,2839,188345,15259,0.75,27023,16008,10220,39871,121118,54353
2260,15811,15811,83072,54768,0.76,12084,77189,59891,0.18,2887,4894,2604,15811,86890,57874,15811,3676,1020,0.11,1690,147213,40602,0.1,1621,97133,16692,0.76,11956,28457,14648,17605,235174,92000
2261,32153,32153,61529,49485,0.81,26101,61738,54109,0.12,3728,4327,2082,32153,64289,51981,32153,2736,957,0.09,3003,95199,31520,0.09,2866,72037,14110,0.75,24068,16836,10223,36087,140828,65534
2262,11101,11101,53756,46963,0.85,9411,56089,51097,0.08,887,2684,1157,11101,56171,49136,11101,2394,860,0.07,817,73756,32767,0.07,780,49197,13498,0.75,8306,12706,8698,12450,98161,46074
2263,12737,12737,55378,46443,0.82,10384,56429,50694,0.1,1271,5277,2212,12737,57888,48698,12737,2489,792,0.09,1095,81095,33041,0.08,1025,61157,14534,0.74,9390,13947,8798,14245,115601,49179
2264,8612,8612,59372,46178,0.77,6661,61218,52723,0.13,1097,4455,2410,8612,62179,48261,8612,2749,752,0.08,692,73123,29933,0.08,653,51073,15649,0.71,6108,17232,9938,9746,156918,62960
2265,4246,4246,61666,51183,0.83,3523,61825,55542,0.12,509,3826,2777,4246,64689,54294,4246,2974,888,0.1,404,118755,32071,0.09,382,91912,14700,0.74,3161,16868,11601,4679,138093,64269
2267,1631,1631,58949,44710,0.72,1170,62504,52806,0.16,259,6046,3805,1631,61678,47458,1631,2675,700,0.07,121,84234,40353,0.07,120,54915,16770,0.69,1130,17380,10552,1885,216282,98791
2278,1561,1561,60462,53066,0.87,1357,62726,56896,0.11,169,3212,2681,1561,63270,55431,1561,2804,1091,0.07,113,89110,52919,0.07,112,63322,27219,0.8,1248,14618,10092,1775,140123,74087
2280,15875,15875,68123,52049,0.79,12596,67732,57824,0.15,2310,5272,2619,15875,71237,54700,15875,2996,880,0.08,1263,104804,38342,0.08,1210,70943,15799,0.75,11905,20422,12285,17875,210087,93213
2281,8330,8330,67231,49401,0.78,6482,67684,56261,0.16,1337,4251,2243,8330,70378,51868,8330,3107,900,0.08,680,98200,37780,0.08,659,69590,16249,0.73,6049,21003,11703,9656,198600,97517
2282,9861,9861,75393,54881,0.78,7724,73958,61946,0.17,1698,4175,2354,9861,78767,57636,9861,3348,1008,0.08,786,106101,29930,0.07,735,59882,12717,0.75,7426,24307,14087,10954,232416,115684
2283,13564,13564,68865,48449,0.77,10481,64951,54564,0.14,1876,5765,2606,13564,71856,51019,13564,2895,794,0.08,1019,115889,30486,0.07,964,89572,14945,0.73,9864,22233,11076,15518,202651,82500
2284,7294,7294,66158,53608,0.84,6115,66084,58531,0.12,898,3845,1792,7294,69094,56064,7294,2896,962,0.08,565,83032,28974,0.07,537,52617,14665,0.77,5604,18491,11858,8091,150771,71176
2285,19990,19990,64095,55534,0.88,17494,65898,59628,0.1,1995,1927,987,19990,66735,57970,19990,2616,1060,0.07,1413,82860,27671,0.07,1350,59706,12164,0.8,15915,16421,11614,21946,129086,68953
2286,2710,2710,60217,53428,0.87,2350,63281,58183,0.09,255,2680,690,2710,62765,56194,2710,2543,1097,0.07,179,69140,33219,0.07,177,40734,11964,0.79,2149,14591,11051,3019,124512,65884
2287,23923,23923,62737,53207,0.86,20557,64650,57610,0.11,2616,2503,1205,23923,65316,55386,23923,2560,992,0.08,1978,70842,24500,0.08,1857,48489,11239,0.78,18599,16423,11255,26112,130871,60600
2289,12549,12549,72758,58587,0.83,10392,73096,63761,0.16,1950,3392,1438,12549,75916,61445,12549,3117,1130,0.08,1052,101112,33924,0.08,996,67034,14612,0.78,9837,21278,14156,13733,183155,90344
2290,20570,20570,74186,55166,0.83,17020,68931,59830,0.14,2793,4442,2090,20570,77889,58066,20570,3676,1032,0.08,1744,93645,34581,0.08,1668,54175,13346,0.78,15980,22833,12642,22924,185584,82805
2291,9499,9499,104298,63522,0.78,7429,82243,63788,0.21,2033,5503,3100,9499,109070,67320,9499,4659,1220,0.11,1005,206394,42704,0.1,940,112298,16972,0.79,7518,38459,17112,10335,302274,105718
2292,1720,1720,69267,59139,0.88,1516,70722,62950,0.15,261,2550,647,1720,72287,61808,1720,3000,1140,0.09,157,80122,23351,0.09,147,50002,11694,0.82,1416,18100,13090,1935,135782,67821
2293,2390,2390,72204,60910,0.85,2028,71887,64770,0.16,390,2838,1188,2390,75355,63960,2390,3113,1194,0.09,222,73297,26218,0.09,208,45998,12048,0.82,1949,19645,13499,2613,173142,65015
2294,1263,1263,69849,57683,0.85,1077,69016,61385,0.15,192,2279,1766,1263,72972,60396,1263,3116,1135,0.1,126,84475,25197,0.1,122,48667,11916,0.79,1000,19379,13151,1444,139122,60029
2295,4358,4358,69477,57311,0.81,3542,72444,63704,0.16,695,3103,1706,4358,72485,60092,4358,2934,1052,0.07,326,104890,25997,0.07,318,79844,10769,0.76,3318,20193,14002,4929,184076,94974
2296,1375,1375,68541,56152,0.89,1220,65948,58079,0.13,178,2403,1458,1375,71163,57828,1375,2570,1041,0.11,154,89685,28815,0.1,143,50688,12063,0.81,1109,18066,11811,1553,133300,55119
2297,1154,1154,67543,53271,0.86,998,67303,55454,0.15,177,5253,2416,1154,70476,55299,1154,2854,1100,0.11,131,95670,22946,0.11,125,63520,9357,0.79,907,18778,12214,1278,139642,71870
2298,5756,5756,61694,52115,0.87,5013,63139,56024,0.1,595,3330,1494,5756,64222,54564,5756,2518,897,0.09,498,54552,22868,0.08,466,31320,10278,0.79,4519,15703,10644,6277,116868,50741
2299,6989,6989,62832,49526,0.85,5944,61677,53620,0.12,804,4727,2568,6989,65478,51767,6989,2622,835,0.1,676,123384,23889,0.09,636,99064,10292,0.74,5197,17884,10652,7573,137157,44912
2300,8582,8582,94504,59876,0.78,6679,75905,60904,0.19,1649,6605,3357,8582,99474,63953,8582,4809,1152,0.12,991,170862,36400,0.11,935,101192,14990,0.79,6752,32745,14899,9439,318103,68557
2302,963,963,71134,57002,0.78,753,72756,64343,0.16,152,5334,2072,963,74553,59141,963,3305,1020,0.08,75,88509,27855,0.07,70,49760,13546,0.77,740,21043,13164,1011,200265,59280
2303,5813,5813,79417,54389,0.79,4582,72582,58326,0.17,1000,5784,3589,5813,83295,57602,5813,3847,970,0.1,598,119335,35095,0.09,541,67484,14512,0.77,4494,25727,13787,6511,224668,78980
2304,9053,9053,62683,53451,0.87,7839,64625,57962,0.12,1051,2337,1781,9053,65196,55644,9053,2500,967,0.09,790,64060,26688,0.08,742,40063,11827,0.8,7212,15682,11150,10236,122426,57557
2305,8261,8261,81538,59855,0.82,6793,76081,63293,0.16,1359,4620,2732,8261,85290,62458,8261,3720,1162,0.09,751,158019,35628,0.09,711,88564,14975,0.78,6446,26259,15027,9105,221207,102735
2306,1114,1114,42700,36726,0.84,937,43721,39429,0.03,36,1748,1014,1114,44220,38423,1114,1513,384,0.04,44,43176,23634,0.04,42,30397,11650,0.65,728,8947,5808,1268,49670,17379
2307,2522,2522,53595,47138,0.86,2178,55696,50980,0.06,159,3732,3000,2522,55702,49048,2522,2068,768,0.08,203,56183,25500,0.08,190,37124,11016,0.75,1893,12578,8906,2780,91977,37055
2308,236,236,20878,17879,0.95,225,17798,14228,0,1,-2110,-2110,236,21192,18078,236,313,0,0.03,8,2782,883,0,1,333,333,0.32,76,3964,951,243,9154,2337
2311,516,516,57550,38362,0.72,374,59744,50053,0.13,68,7347,7434,516,60376,40375,516,2605,419,0.15,78,50589,32863,0.16,82,51835,24109,0.66,341,19238,9034,571,181455,75828
2312,819,819,47727,37841,0.7,577,50859,45133,0.16,133,7041,4415,819,50425,40587,819,2411,433,0.12,100,88649,47790,0.12,99,72830,26382,0.64,525,13453,7718,907,113745,53907
2315,8799,8799,61400,42502,0.69,6074,59765,48118,0.16,1404,5755,3802,8799,64312,44892,8799,2846,600,0.09,812,86334,34129,0.09,769,55965,14294,0.67,5878,19947,9971,9873,237287,92673
2316,3748,3748,57641,43274,0.74,2788,58804,47868,0.16,584,4767,3007,3748,60513,45928,3748,2754,616,0.1,374,123735,36210,0.1,361,97884,17274,0.69,2592,16775,9474,4217,179411,78594
2317,3641,3641,57350,41547,0.67,2451,57508,46887,0.14,511,6659,3877,3641,60257,43412,3641,2694,540,0.1,348,95246,35565,0.09,336,69136,19468,0.66,2410,17811,9421,4064,232084,88720
2318,8099,8099,65770,53664,0.82,6618,65524,58517,0.14,1136,3801,2189,8099,68461,55979,8099,2604,902,0.07,586,93695,32210,0.07,578,69386,14618,0.76,6127,18630,12218,8799,167984,81146
2319,3499,3499,52993,43604,0.77,2698,56711,49394,0.1,360,4374,2057,3499,55422,45486,3499,2390,667,0.08,264,70071,27914,0.07,253,50094,12680,0.7,2432,13747,8790,4002,136591,66156
2320,23085,23085,68211,53781,0.86,19776,69054,58096,0.11,2502,2362,386,23085,71397,56492,23085,3052,1059,0.07,1601,98403,27695,0.07,1540,77541,15386,0.77,17865,19455,12093,25043,158999,66492
2321,12385,12385,68019,55779,0.86,10632,69515,60796,0.11,1351,2822,1031,12385,70953,58652,12385,2835,1139,0.08,994,97234,32595,0.08,973,79671,17387,0.79,9774,18790,12213,13236,151176,69714
2322,14419,14419,64656,55616,0.87,12584,65806,59818,0.11,1530,2122,656,14419,67542,58353,14419,2839,1058,0.07,944,68242,26519,0.06,903,50252,13423,0.8,11483,16737,11657,15593,130224,61513
2323,15173,15173,64560,52533,0.84,12792,65440,57457,0.11,1735,3229,1251,15173,67244,54890,15173,2664,890,0.07,1059,69161,24950,0.07,1013,46825,11814,0.76,11556,17999,11592,16680,158681,69170
2324,13758,13758,55209,45394,0.77,10542,57680,52010,0.11,1465,5239,2660,13758,57898,47600,13758,2514,666,0.08,1032,95044,29596,0.07,985,73790,17163,0.71,9702,15131,9545,15150,158253,65665
2325,15480,15480,59024,47059,0.84,12998,60741,51543,0.09,1367,3115,1679,15480,61612,49080,15480,2502,834,0.07,1110,88843,29967,0.07,1054,71296,15426,0.73,11355,16033,9546,17502,128012,53790
2326,4207,4207,57847,49553,0.85,3585,60902,53739,0.08,347,2522,1590,4207,60382,51766,4207,2512,814,0.06,268,85975,36154,0.06,260,62887,18668,0.76,3206,14415,9706,4704,110833,53117
2327,4044,4044,56100,49368,0.86,3494,58871,53909,0.07,273,2185,1537,4044,58380,51608,4044,2248,810,0.06,226,86506,29623,0.05,210,67509,14054,0.77,3108,13316,9489,4625,103505,48634
2328,1435,1435,65354,50779,0.83,1191,74257,60668,0.12,170,2811,1572,1435,68688,54166,1435,2726,933,0.08,121,75280,34208,0.08,117,81143,43083,0.75,1078,19094,11449,1628,147227,71109
2329,1134,1134,54531,46714,0.74,838,59852,53216,0.15,171,5387,3486,1134,60371,50450,1134,3313,500,0.13,146,111865,40700,0.13,149,100768,33937,0.71,803,14951,9280,1238,139326,59387
2330,12681,12681,73751,54785,0.85,10834,78578,62628,0.13,1615,2617,1015,12681,76929,57641,12681,2894,1129,0.08,988,80195,27794,0.08,999,75618,28216,0.76,9644,22875,14346,14080,172223,75135
2333,7550,7550,70561,54689,0.87,6536,75100,61353,0.09,715,2058,275,7550,73490,57132,7550,2771,1080,0.06,439,76191,30043,0.06,436,66683,26918,0.77,5791,20749,13258,8499,144536,60739
2334,2056,2056,66916,56024,0.91,1863,70097,60365,0.08,174,1387,530,2056,69715,58778,2056,2763,1288,0.07,142,66892,26364,0.07,137,59673,15813,0.81,1657,17475,12103,2250,107502,54304
2335,5162,5162,74478,60172,0.88,4533,77528,65207,0.12,638,1367,408,5162,77706,63300,5162,3085,1385,0.08,403,70936,34402,0.08,404,60357,25483,0.79,4093,21709,14930,5566,149510,77756
2336,1425,1425,69002,52485,0.81,1158,72729,60602,0.12,177,3885,1596,1425,72535,56160,1425,2920,1026,0.1,136,102268,36946,0.1,137,90986,35323,0.75,1071,21332,12108,1680,158827,68477
2337,4883,4883,97090,51552,0.83,4053,69082,57388,0.13,630,3481,1657,4883,101466,54208,4883,3696,839,0.1,493,113982,37668,0.1,483,112580,37510,0.75,3670,35708,10889,5432,150066,63356
2338,708,708,52657,42502,0.75,528,58941,50372,0.12,87,3861,3083,708,55773,45826,708,2648,458,0.13,91,76693,36550,0.13,89,75917,29772,0.67,471,15307,9513,809,141284,65920
2339,492,492,47688,38518,0.7,343,52466,45377,0.16,78,5493,3230,492,54008,43950,492,2525,237,0.15,74,120690,54238,0.14,70,113115,39497,0.63,312,14932,8807,504,146622,52092
2340,30441,30441,61542,51084,0.83,25259,60696,55370,0.12,3578,4775,2583,30441,64935,53893,30441,2866,797,0.08,2441,113183,35294,0.08,2386,87482,20361,0.76,23262,16540,9982,33006,134398,53362
2341,689,689,52002,43835,0.81,556,55827,48664,0.1,72,5100,1815,689,56119,47301,689,2052,525,0.08,55,70248,32268,0.08,55,56371,25734,0.69,476,13280,8745,796,123240,55796
2342,293,293,56661,48498,0.71,208,60900,56515,0.16,46,4218,4310,293,61061,52251,293,2835,502,0.17,49,94758,55314,0.17,49,72969,56048,0.7,206,17407,9387,312,115958,58792
2343,2646,2646,53537,45354,0.74,1962,57058,51184,0.12,317,3338,2088,2646,61557,48040,2646,2923,490,0.11,297,259957,41038,0.11,285,247231,30199,0.69,1825,15700,9092,2830,129694,56986
2344,442,442,55619,45361,0.71,312,65173,59201,0.12,54,4785,1860,442,61719,48501,442,3781,618,0.12,55,80731,30858,0.12,54,79730,36634,0.69,307,16003,9117,472,172485,80951
2345,437,437,57828,49246,0.77,338,65013,55992,0.14,59,3792,1686,437,62452,52404,437,2869,686,0.17,75,160847,46504,0.17,73,142158,47125,0.72,315,18116,10377,471,126263,67583
2346,1579,1579,50415,43012,0.77,1216,56995,50633,0.13,202,6565,2566,1579,55334,46549,1579,2236,513,0.11,169,142433,38887,0.11,172,122208,36112,0.67,1060,13927,8630,1673,98093,46876
2347,814,814,42149,36790,0.67,543,50905,46374,0.13,108,4405,2890,814,49896,43135,814,1982,296,0.12,100,96350,39422,0.12,96,85101,31634,0.61,496,12544,7050,891,127238,49688
2350,14926,14926,60875,48388,0.79,11736,60294,52877,0.14,2022,5098,2959,14926,64095,50876,14926,2681,608,0.09,1383,98748,29078,0.09,1323,77049,14960,0.72,10759,17537,10423,17341,163879,46874
2352,1623,1623,58136,48189,0.82,1324,57387,53180,0.11,182,6204,3830,1623,61191,50685,1623,2756,741,0.09,150,96269,34832,0.09,147,77998,25255,0.75,1212,15684,9178,1782,110730,55107
2353,622,622,51995,49232,0.82,507,56667,53396,0.14,84,4041,2488,622,54282,50938,622,2158,659,0.12,77,85218,29019,0.13,79,75427,19019,0.75,468,12110,8805,709,111481,66029
2354,2124,2124,54430,43134,0.64,1363,51588,46557,0.14,299,5746,2758,2124,61604,47948,2124,3578,324,0.14,288,125521,48047,0.13,280,106866,32723,0.66,1409,15956,8770,2107,195596,69956
2355,359,359,42382,36355,0.71,254,52197,46103,0.1,36,4242,1619,359,46372,39136,359,2277,362,0.14,52,74558,40154,0.15,54,65692,19928,0.62,223,12741,7113,371,129106,50193
2356,60,60,41145,33649,0.78,47,38433,33143,0.02,1,3002,3002,60,44645,36910,60,1085,118,0.12,7,273588,160383,0.13,8,210296,80948,0.68,41,7793,4876,70,68597,25842
2357,2014,2014,51216,42891,0.71,1437,54715,49111,0.13,252,4696,2728,2014,55811,46376,2014,2296,310,0.11,221,125271,39700,0.11,218,114295,22244,0.67,1354,14595,9127,2193,130869,55115
2358,2153,2153,50332,43501,0.74,1597,52176,48093,0.13,283,5715,3079,2153,54573,46267,2153,2379,446,0.12,253,109184,39266,0.12,248,76534,23136,0.68,1468,13479,8242,2332,148763,58664
2359,380,380,43273,38012,0.68,258,47096,43196,0.11,41,5331,3958,380,48331,42543,380,2511,158,0.13,48,170501,43496,0.13,49,133088,20463,0.61,230,11623,6515,385,88624,39867
2360,7880,7880,52563,45262,0.77,6057,53579,50253,0.11,885,4826,2564,7880,56239,48110,7880,2413,539,0.1,764,107236,40072,0.09,741,86967,23706,0.72,5638,13501,7977,8498,126752,47620
2361,426,426,34832,31036,0.65,275,45962,44376,0.1,41,5376,4150,426,40830,35212,426,2445,172,0.14,60,123979,50762,0.15,64,112631,44482,0.54,228,10011,7011,437,100357,43285
2365,2084,2084,50298,40042,0.68,1418,49558,45218,0.12,251,5512,3927,2084,56208,44679,2084,3025,310,0.12,249,101845,47473,0.12,247,73203,25066,0.67,1399,13897,7059,2197,130869,48265
2369,365,365,40457,36685,0.78,283,46087,43882,0.07,24,3489,2773,365,43644,39668,365,1685,350,0.07,27,58698,26987,0.07,27,55408,24996,0.65,236,9150,5862,406,78450,18573
2370,3936,3936,45711,37787,0.71,2789,50072,45280,0.12,468,4077,2071,3936,49869,41074,3936,2454,331,0.13,517,113275,39000,0.13,510,102083,30169,0.64,2503,12108,7132,4160,136727,47127
2371,567,567,39896,33306,0.63,358,45209,40362,0.08,48,50,2093,567,43291,36078,567,2098,180,0.16,89,80147,28590,0.16,89,67491,19610,0.57,326,10603,6099,611,129456,47246
2372,2544,2544,42900,34752,0.64,1631,49683,43685,0.15,380,4874,2398,2544,46078,37672,2544,2141,278,0.16,419,108361,36000,0.16,418,100561,36913,0.61,1546,11889,6589,2614,156300,63471
2379,190,190,51395,40984,0.66,125,48789,42894,0.09,18,7720,3802,190,64026,48606,190,3832,399,0.14,26,174518,85138,0.14,27,154181,34962,0.66,126,18515,10205,190,146626,37824
2380,6175,6175,68854,53499,0.82,5084,71436,59080,0.12,760,3927,2292,6175,73112,56688,6175,2565,696,0.09,562,103571,37922,0.09,555,90608,28749,0.76,4715,20645,12146,6657,137742,59497
2381,665,665,63131,51741,0.77,510,61275,54902,0.12,79,5382,3408,665,68485,55187,665,3091,698,0.09,63,129949,49606,0.09,61,113086,20718,0.72,479,18767,11471,725,126078,44973
2382,730,730,58655,46662,0.75,545,71343,60000,0.13,96,3519,3406,730,63613,49735,730,2263,404,0.13,93,175087,32509,0.13,96,156549,29878,0.69,506,18316,11915,789,115103,57418
2386,196,196,54379,44361,0.61,119,52681,49165,0.11,21,-8931,3173,196,89564,60288,196,3290,289,0.19,37,144160,68440,0.2,40,109540,20570,0.66,130,15882,9833,189,114557,43627
2387,130,130,56949,39602,0.66,86,54392,50312,0.14,18,-1938,-252,130,137079,63278,130,3701,300,0.1,13,235355,99156,0.12,16,137632,40839,0.58,76,23316,13120,152,105402,29846
2388,1414,1414,57929,47363,0.75,1066,56288,50720,0.08,109,4254,2126,1414,63930,50836,1414,3276,322,0.08,120,160406,43044,0.08,117,145849,37639,0.71,1003,17511,10423,1487,104801,42656
2390,4999,4999,62145,52353,0.8,4018,65404,56589,0.12,620,4353,2034,4999,65819,54727,4999,2461,506,0.08,407,112378,40633,0.08,405,90668,26486,0.76,3823,17287,11025,5427,138492,56495
2395,306,306,43221,34642,0.67,204,46445,41952,0.08,25,14552,5777,306,48825,36468,306,2432,199,0.13,41,115942,64616,0.13,41,93182,50090,0.59,182,11524,6203,319,95647,35641
2396,421,421,53156,41013,0.73,307,51842,44601,0.09,36,4310,2667,421,63779,44151,421,1833,300,0.13,53,113346,42359,0.12,50,77831,26847,0.65,274,15514,7783,439,92010,36392
2397,222,222,31972,44182,0.63,139,50462,44197,0.13,28,11201,4192,222,42001,47668,222,4848,451,0.09,19,101109,59896,0.08,17,111351,122291,0.65,145,13968,10637,221,205378,57520
2398,147,147,75508,53651,0.67,98,50671,49586,0.1,15,5064,2998,147,111282,64234,147,1522,150,0.11,16,153679,27287,0.1,15,94292,23437,0.75,110,22652,10809,130,121312,39769
2399,378,378,60511,52232,0.78,294,63084,62125,0.1,37,5252,1819,378,73593,59280,378,3712,851,0.12,44,105120,65756,0.11,41,91814,39981,0.74,281,17323,12588,403,188644,53109
2400,5512,5512,65981,54510,0.8,4435,61574,56602,0.11,629,3902,1896,5512,73530,58466,5512,3133,635,0.08,424,156110,68810,0.08,420,125306,33977,0.77,4246,19042,11492,6022,150026,43068
2401,172,172,41063,37548,0.64,110,59283,58722,0.11,19,3259,1909,172,65192,49626,172,1849,202,0.15,26,122581,89157,0.14,24,141489,70585,0.58,99,15012,11182,183,102704,52813
2402,921,921,46136,41102,0.72,662,54865,49105,0.09,85,2403,1785,921,51484,44753,921,2159,379,0.11,100,157750,54344,0.11,100,135309,29184,0.66,609,14166,8274,954,129529,44599
2403,365,365,37350,33469,0.6,220,46656,44179,0.14,52,8305,3332,365,47381,39637,365,1880,237,0.15,56,176589,73483,0.15,56,160467,48208,0.6,219,10946,5982,363,99998,44326
2404,889,889,43389,35325,0.67,595,49319,45278,0.11,100,7769,4074,889,49651,39531,889,2260,273,0.11,95,92178,37173,0.11,95,76858,26800,0.61,543,11427,7220,930,129152,58565
2405,273,273,58892,46032,0.68,186,50373,47227,0.17,47,2064,1086,273,94585,55888,273,3427,300,0.07,19,243694,52841,0.06,17,214953,26553,0.7,191,18860,8176,266,125492,32286
2406,455,455,67570,50486,0.77,351,58031,54520,0.11,48,1471,1696,455,96922,56581,455,8407,494,0.12,54,90982,23380,0.11,49,66964,21698,0.73,333,21922,11214,470,107760,41070
2408,217,217,58832,47239,0.65,142,56648,56790,0.15,33,12906,3960,217,100500,65842,217,6765,920,0.07,16,232795,30111,0.07,15,231309,33130,0.69,149,17658,11465,213,260614,72365
2409,344,344,42839,38914,0.78,269,45126,39421,0.05,17,8535,2628,344,47278,40660,344,2433,232,0.07,25,149443,49843,0.07,25,179117,16782,0.67,229,15782,6686,375,127988,21323
2410,107,107,55827,41787,0.65,70,55426,48652,0.1,11,13635,7463,107,72136,54196,107,5020,192,0.22,24,150887,29137,0.21,23,198348,23199,0.59,63,26805,12629,116,138239,49419
2411,59,59,38102,33272,0.75,44,50468,49122,0.15,9,2576,1551,59,64562,51624,59,4976,528,0.03,2,78854,78854,0.03,2,40521,40521,0.58,34,12121,7876,68,72551,36417
2415,229,229,48389,35709,0.74,169,54550,45680,0.12,27,4580,1648,229,52596,39368,229,3490,462,0.11,25,103256,60879,0.11,25,96919,49311,0.64,147,13010,7299,260,160844,72692
2420,2315,2315,57745,41628,0.73,1684,58565,48727,0.14,330,5304,1922,2315,63107,44175,2315,4473,688,0.14,324,83518,37708,0.14,324,61807,24335,0.68,1570,17837,8641,2573,168525,74316
2421,1238,1238,64942,51468,0.79,975,69740,58554,0.14,178,3177,2798,1238,68126,54102,1238,2997,911,0.13,162,95144,32176,0.13,163,82992,19982,0.75,929,19216,12730,1348,178170,95169
2422,2858,2858,47078,37921,0.68,1930,53300,46676,0.13,385,6688,4829,2858,50756,40821,2858,2126,346,0.13,385,85365,33614,0.14,386,76242,25528,0.63,1805,13222,7281,3150,167755,74775
2423,1715,1715,48273,37774,0.69,1186,47790,41252,0.14,237,6739,4654,1715,51421,39374,1715,2519,342,0.14,245,73822,36755,0.14,244,55690,18536,0.64,1097,13520,6961,1905,145221,57905
2424,225,225,37996,32226,0.61,138,43652,37944,0.09,21,11233,6796,225,41181,34012,225,1529,200,0.2,44,169367,33768,0.19,42,153666,24110,0.57,129,9371,5711,224,104341,38440
2425,1057,1057,55327,43707,0.75,797,61511,51503,0.15,156,3822,1973,1057,58754,47142,1057,2699,701,0.13,141,86932,34903,0.13,141,71185,25199,0.71,753,15112,8972,1203,142217,71513
2426,384,384,46693,42938,0.74,284,50090,47018,0.12,47,5001,3820,384,49111,45518,384,1776,447,0.15,59,79253,42704,0.15,56,72857,32147,0.7,268,11200,7064,430,115461,56435
2427,1611,1611,49783,36964,0.64,1031,52433,46500,0.13,215,5901,3410,1611,52834,39494,1611,2893,384,0.09,144,100332,33578,0.09,145,81628,14246,0.61,988,15410,8014,1975,203416,94852
2428,12852,12852,53260,40297,0.68,8722,51970,45216,0.13,1637,6216,3135,12852,55888,42306,12852,2513,393,0.11,1390,109991,43150,0.11,1351,79115,17885,0.66,8475,15713,7622,14336,175433,67683
2429,5308,5308,47836,40800,0.72,3848,52090,46809,0.12,629,5513,3519,5308,50340,42704,5308,2131,420,0.12,659,91941,32619,0.12,649,77096,22581,0.67,3563,12273,7383,5822,142183,61923
2430,18739,18739,52927,43441,0.74,13939,53854,48250,0.13,2362,5398,3340,18739,55405,45355,18739,2325,490,0.09,1741,107086,33488,0.09,1677,84690,16497,0.69,12926,14269,8116,20668,154799,62893
2431,2887,2887,51708,40193,0.68,1958,53617,46024,0.15,433,4721,3017,2887,54483,42251,2887,2681,465,0.12,348,94207,34352,0.11,326,71613,14200,0.65,1888,14890,7948,3258,184191,78525
2439,2045,2045,49871,40600,0.72,1468,54439,48322,0.12,239,5415,3473,2045,52448,42990,2045,2381,566,0.11,234,78315,35536,0.11,233,58976,20231,0.67,1363,13230,7527,2227,152705,73576
2440,11033,11033,48191,42102,0.77,8524,51560,47019,0.12,1354,4788,2744,11033,50692,44217,11033,2237,538,0.12,1277,87017,37270,0.12,1276,71030,22130,0.69,7628,11876,7395,12388,115824,47888
2441,2542,2542,48860,37762,0.7,1783,51130,44720,0.15,376,5906,3218,2542,52149,40318,2542,2485,398,0.16,398,89739,34762,0.15,384,77104,25798,0.65,1647,14349,7218,2755,149824,53799
2443,4388,4388,46510,37506,0.64,2805,52043,45319,0.13,570,6691,4532,4388,48748,39184,4388,2155,399,0.11,491,82720,31213,0.11,484,61664,15656,0.62,2740,12588,7288,4978,173569,79750
2444,29039,29039,61152,46603,0.75,21697,59941,51417,0.15,4373,5078,3147,29039,64108,48926,29039,2865,695,0.11,3085,106479,36500,0.1,3000,69553,15084,0.72,20879,17833,9619,31450,179310,72352
2445,4321,4321,56054,44650,0.73,3157,58646,50781,0.15,648,4099,2366,4321,59115,46858,4321,2916,621,0.11,456,98287,33464,0.1,443,69840,14972,0.69,2965,15971,9889,4846,186377,96523
2446,8408,8408,54309,43820,0.76,6410,53810,48408,0.12,1015,5949,3442,8408,57346,45968,8408,2687,584,0.12,1007,108007,40185,0.12,1008,80485,20910,0.7,5920,15106,8057,9003,144134,60219
2447,4206,4206,47794,38499,0.71,2971,51856,45450,0.13,563,5885,3531,4206,50561,40363,4206,2402,398,0.13,531,149727,32000,0.12,516,130523,20738,0.64,2676,13534,7515,4500,159198,63163
2448,4664,4664,53671,39093,0.71,3297,50570,44271,0.13,595,4898,3613,4664,55955,40732,4664,2080,398,0.12,551,95621,35710,0.11,536,68314,16368,0.66,3086,16103,7108,5226,138158,55120
2449,1107,1107,41122,32195,0.68,758,44730,40665,0.14,153,5577,3864,1107,43074,33731,1107,1636,247,0.15,168,87578,33142,0.16,175,74471,22920,0.59,653,11267,6115,1225,102483,38341
2450,27474,27474,58866,46236,0.77,21100,56693,49344,0.15,4148,5705,3570,27474,61832,48554,27474,2838,650,0.11,3006,103542,33992,0.11,2929,71613,16201,0.73,19956,16363,9028,30096,156998,56006
2452,8368,8368,54084,45827,0.79,6601,55238,50159,0.13,1113,5509,3114,8368,56552,47720,8368,2428,706,0.11,889,77093,33248,0.11,888,49027,13940,0.72,6056,13635,8498,9260,136995,59446
2453,1580,1580,45229,34872,0.6,953,49805,42900,0.15,236,6252,5100,1580,48958,38688,1580,2502,294,0.18,291,99965,35721,0.18,289,78527,24395,0.61,967,12872,6079,1641,165855,58535
2454,4463,4463,52928,41205,0.69,3064,52463,44352,0.16,728,6062,4373,4463,55682,43045,4463,2599,403,0.18,785,77713,29000,0.17,755,53667,12920,0.65,2915,15709,8782,4955,157728,60028
2455,1663,1663,53347,44164,0.74,1224,55921,48366,0.15,248,6665,4557,1663,56674,46541,1663,2996,639,0.13,209,60819,30889,0.12,200,38965,14932,0.71,1184,13690,7760,1928,163871,70955
2456,10230,10230,53315,43336,0.76,7759,54273,47667,0.14,1453,4947,3113,10230,56234,45684,10230,2707,650,0.1,1062,82085,30690,0.1,1029,59780,13651,0.71,7229,14092,7884,11087,132294,49201
2460,15615,15615,51889,44000,0.78,12114,54958,49612,0.12,1936,4958,2813,15615,54406,46047,15615,2274,550,0.1,1539,90282,34775,0.1,1541,71201,20146,0.7,10982,13316,8320,17300,128061,54626
2462,1321,1321,47779,39433,0.7,930,53295,46278,0.15,200,5223,3250,1321,50336,41769,1321,2151,366,0.14,190,85958,37146,0.14,188,67620,25125,0.66,873,12606,6997,1462,126151,58631
2463,4394,4394,50445,40478,0.72,3142,52843,46426,0.14,596,5648,3442,4394,53243,42520,4394,2512,436,0.12,545,101555,30614,0.12,534,82797,16282,0.67,2929,13799,7659,4886,151286,62613
2464,3838,3838,54622,40879,0.65,2500,54389,45355,0.18,692,6157,4174,3838,57324,42652,3838,2590,390,0.14,542,88061,32848,0.14,519,64546,16456,0.66,2530,16677,8073,4319,201675,76987
2465,210,210,48152,37638,0.69,145,49068,42481,0.18,38,3464,3379,210,51430,40973,210,2907,422,0.14,30,70356,30768,0.14,30,63767,22304,0.65,136,13065,8932,208,130955,48313
2466,753,753,45657,34633,0.58,438,51556,44838,0.18,138,6797,4942,753,47785,35884,753,1946,330,0.15,110,48979,23286,0.14,103,31783,12916,0.58,437,13400,7266,882,170576,72790
2469,2044,2044,40430,31170,0.64,1305,45603,39983,0.11,227,5845,3297,2044,43109,33994,2044,1841,208,0.14,283,99298,34000,0.14,283,83057,23149,0.57,1164,11241,6235,2493,106256,36113
2470,8028,8028,48977,45419,0.81,6465,51117,48868,0.1,811,4307,2348,8028,51318,47229,8028,2007,572,0.09,748,114563,39502,0.09,743,102217,24075,0.73,5874,10895,7462,8876,104958,47285
2471,1436,1436,44828,40000,0.75,1077,50032,45816,0.11,151,4148,2981,1436,48521,42253,1436,2250,482,0.13,185,123613,45139,0.13,182,100815,41533,0.66,948,11056,7250,1573,92245,47225
2472,1083,1083,48484,42176,0.74,797,51054,46934,0.13,145,3386,2893,1083,51528,44384,1083,2417,499,0.16,168,135105,49769,0.15,166,118621,26771,0.69,744,11911,8362,1218,115308,51270
2473,1626,1626,52860,43141,0.73,1180,53128,47456,0.16,262,5604,3685,1626,56650,46189,1626,2895,587,0.11,177,119224,37895,0.1,169,100834,15570,0.68,1106,14430,8389,1882,148285,70541
2474,3480,3480,45464,37110,0.69,2403,50011,44900,0.13,450,5083,3074,3480,48146,39282,3480,1980,300,0.17,580,104162,27566,0.17,588,89696,19602,0.62,2169,12761,6792,3845,127399,53449
2475,187,187,43708,35350,0.66,123,50787,45302,0.06,11,406,73,187,46684,38575,187,2509,200,0.14,26,88505,28792,0.13,25,78136,52803,0.59,111,11212,6299,176,127256,41565
2476,385,385,40278,32357,0.6,232,48697,45138,0.12,47,6693,3284,385,42812,35253,385,1625,200,0.11,42,90787,25494,0.12,45,79998,15773,0.55,213,11939,7069,394,106946,46816
2477,7553,7553,57100,45399,0.73,5524,55828,49842,0.16,1175,6919,4327,7553,60074,47663,7553,2750,595,0.13,977,92549,32807,0.13,951,65204,15817,0.7,5303,16382,9133,8226,171576,70068
2478,19120,19120,61422,45709,0.72,13725,58455,48837,0.17,3300,7270,4410,19120,64804,48262,19120,3255,669,0.14,2769,88444,34489,0.14,2634,56259,13602,0.72,13750,18018,9331,20593,189326,69579
2479,3711,3711,89588,44670,0.63,2326,65416,47424,0.22,802,9563,5454,3711,95892,47384,3711,6053,491,0.23,841,87279,30940,0.22,813,56908,15896,0.69,2546,38188,11267,3957,236408,59580
2480,25818,25818,56795,44372,0.76,19627,53370,48056,0.13,3481,5342,3375,25818,59967,46390,25818,2911,594,0.14,3682,97869,31582,0.14,3587,74556,16026,0.71,18314,16288,8323,28915,137957,56082
2481,9479,9479,84268,40571,0.68,6415,54822,40167,0.2,1934,13105,7546,9479,88580,43169,9479,4110,540,0.24,2271,84089,29000,0.22,2124,61370,13670,0.71,6729,33870,7372,10615,181246,30330
2482,4447,4447,60723,33183,0.59,2644,48295,35956,0.19,851,11415,6936,4447,63257,34859,4447,2374,270,0.27,1182,105505,24570,0.25,1128,90116,11340,0.6,2690,24257,6617,4744,132068,35564
2483,7065,7065,56231,40444,0.68,4798,53011,43655,0.17,1220,8774,5588,7065,59237,42345,7065,2908,488,0.23,1651,70015,30285,0.22,1589,47693,12187,0.69,4888,16237,7401,7906,142819,44929
2484,11036,11036,51177,40716,0.7,7754,51702,45414,0.14,1525,6773,4183,11036,54188,42824,11036,2668,529,0.17,1833,75938,28714,0.16,1789,55195,14845,0.68,7451,13834,7579,12136,139964,53843
2485,8511,8511,58261,44308,0.73,6236,55239,48162,0.13,1123,7125,4501,8511,60999,46226,8511,2660,620,0.13,1078,71389,27322,0.12,1013,51198,11319,0.71,6067,16701,8033,9405,155172,51971
2486,18342,18342,56389,45340,0.75,13845,56425,49899,0.12,2213,5402,3401,18342,59002,47422,18342,2565,660,0.11,2094,86927,32038,0.11,2013,64172,13252,0.72,13195,15179,8595,20043,142079,61752
2487,8881,8881,73234,48434,0.71,6328,65964,51256,0.2,1739,6637,3975,8881,77077,51300,8881,3594,742,0.13,1136,98750,31470,0.12,1079,65881,13161,0.73,6468,24368,11287,9751,213728,84508
2488,2038,2038,59997,46026,0.77,1579,58722,47821,0.16,322,6617,4530,2038,63422,48304,2038,3109,689,0.17,341,83913,33352,0.16,323,56969,12450,0.74,1515,16583,8458,2297,142998,59328
2489,4323,4323,59562,46031,0.74,3219,60526,51353,0.15,636,5735,3544,4323,62603,48200,4323,2992,740,0.15,632,64658,28110,0.14,603,41736,11069,0.72,3092,17051,9969,4800,160575,77677
2490,412,412,59590,44001,0.75,310,57701,46008,0.15,61,7833,3671,412,62472,46100,412,2726,670,0.17,70,99051,31888,0.17,69,76334,13754,0.73,300,15731,9050,470,146475,65440
2500,26975,26975,67429,49340,0.81,21965,64108,53625,0.13,3619,5978,3170,26975,70227,51679,26975,2723,885,0.1,2786,88054,22418,0.1,2564,63315,8981,0.73,19818,20925,11752,29256,174613,44976
2502,6000,6000,53391,44912,0.82,4891,55506,49799,0.1,611,5431,3382,6000,55589,46750,6000,2176,840,0.1,614,61066,25872,0.1,585,43697,12785,0.72,4317,13294,8538,6737,107511,40125
2505,2767,2767,65626,51815,0.84,2326,65060,55819,0.16,435,4240,2198,2767,68350,53813,2767,2710,1175,0.08,227,80082,24400,0.08,213,63142,12621,0.77,2137,18337,11146,3170,144092,61350
2506,3899,3899,56149,46791,0.83,3238,58338,52260,0.1,373,4498,2615,3899,58529,48894,3899,2376,980,0.08,329,94984,26688,0.08,311,78309,14634,0.74,2878,14348,9437,4365,115356,46174
2508,5722,5722,78086,60010,0.83,4756,77272,65458,0.16,925,3544,1635,5722,81729,62995,5722,3453,1291,0.11,648,87095,32014,0.11,621,57078,12479,0.79,4536,23721,15139,6453,197250,99123
2515,7357,7357,92455,60782,0.75,5541,86458,67500,0.21,1572,5761,3234,7357,96361,64245,7357,3844,1220,0.13,920,196438,31772,0.12,878,154829,12788,0.76,5569,33718,18296,8323,273506,122745
2516,4085,4085,94447,63846,0.82,3337,83564,68310,0.2,820,3509,1915,4085,98882,67185,4085,4424,1530,0.11,462,131100,27391,0.11,445,86088,13592,0.79,3224,33065,17657,4545,221899,112775
2517,7884,7884,75149,56944,0.81,6390,75402,65117,0.15,1169,3087,1404,7884,78444,60041,7884,3235,1361,0.09,737,79809,28958,0.09,710,47098,11710,0.76,5985,23741,15040,8871,203744,102587
2518,11176,11176,67716,53536,0.81,9037,68638,59806,0.14,1580,5154,2618,11176,70710,56227,11176,2966,1162,0.1,1073,86750,26601,0.09,1003,63376,11972,0.76,8501,19635,12334,12469,164552,73761
2519,10007,10007,71731,52688,0.79,7945,69610,57950,0.16,1620,6172,3472,10007,74851,55615,10007,3093,1070,0.09,939,102665,30019,0.09,903,69678,13448,0.75,7525,22358,12810,11046,197066,79614
2525,7332,7332,74250,56868,0.81,5913,73645,63203,0.17,1233,5267,2988,7332,77502,59834,7332,3174,1226,0.09,641,94400,29000,0.08,611,59321,12727,0.77,5619,22899,14818,8047,202946,94270
2526,9918,9918,71170,56566,0.83,8240,70323,61464,0.15,1441,4742,2994,9918,74168,59461,9918,2974,1269,0.08,821,85975,27412,0.08,791,55358,11138,0.78,7688,20923,13535,10992,185232,79074
2527,15780,15780,63951,54718,0.87,13800,65727,59103,0.09,1486,2307,652,15780,66729,57276,15780,2753,1416,0.08,1273,69982,27849,0.08,1237,47989,11648,0.79,12488,16505,11643,17133,133229,62841
2528,12043,12043,59295,48348,0.83,9958,59817,52102,0.11,1268,5402,2860,12043,62015,50605,12043,2679,1037,0.08,938,72577,29904,0.07,898,51359,12729,0.75,9059,15448,9444,13974,135525,58449
2529,17310,17310,68934,53920,0.83,14441,68547,58306,0.16,2725,4165,1891,17310,72124,56866,17310,3148,1245,0.08,1399,79197,30598,0.08,1342,53401,14036,0.77,13298,19919,12577,19071,167828,79046
2530,19977,19977,64232,52102,0.85,16946,64899,57470,0.1,2014,3305,1073,19977,67171,54687,19977,2855,1240,0.07,1470,70325,27252,0.07,1417,49936,13504,0.77,15326,17328,11346,22228,146033,69841
2533,10283,10283,72846,49973,0.71,7309,70947,58914,0.19,2000,5904,3813,10283,76390,53126,10283,3442,991,0.11,1120,149103,31942,0.1,1045,125984,14023,0.71,7298,24998,14140,11535,271514,115783
2534,3418,3418,77583,48862,0.71,2434,73654,55060,0.21,713,6561,3568,3418,81262,52348,3418,3459,953,0.12,426,94687,34695,0.12,408,62109,16726,0.71,2441,27749,13204,3832,261134,110664
2535,4386,4386,73884,47208,0.65,2844,66527,53475,0.2,867,7120,4839,4386,77730,51078,4386,3451,665,0.13,590,124986,43075,0.13,565,91589,20329,0.69,3020,27068,12189,4942,302302,118973
2536,10549,10549,52277,42100,0.7,7336,50739,44900,0.12,1258,5439,3439,10549,54927,44005,10549,2561,470,0.1,1021,108959,38743,0.09,1000,81803,17550,0.68,7161,13889,7471,11638,164098,64808
2537,7399,7399,55477,43256,0.68,5002,53821,47130,0.15,1130,5560,3539,7399,58258,45277,7399,2496,514,0.12,914,229016,33625,0.12,883,205923,16138,0.69,5101,15538,8134,8078,185552,81252
2538,1454,1454,65219,41916,0.64,937,56864,45427,0.17,250,6584,3963,1454,68743,44523,1454,3448,512,0.14,202,95809,34277,0.13,191,69978,19553,0.68,983,22455,8993,1615,250412,87412
2539,11006,11006,53090,40512,0.69,7596,52314,44514,0.16,1751,6667,4152,11006,55881,42508,11006,2734,489,0.13,1479,93207,37647,0.13,1443,66563,15616,0.67,7421,14900,7512,12521,184565,73276
2540,24753,24753,58031,46037,0.74,18308,57965,50328,0.16,3849,6285,3489,24753,60811,48269,24753,2627,697,0.11,2635,107840,36688,0.1,2538,81534,16530,0.72,17703,15954,9269,27861,177074,71499
2541,14984,14984,57706,47426,0.81,12073,57078,50947,0.1,1541,4606,2462,14984,60050,49331,14984,2268,774,0.09,1384,83666,30000,0.09,1308,57213,11664,0.74,11065,14948,9170,16505,130818,49894
2545,696,696,45269,36641,0.65,450,49193,43204,0.11,80,8889,4491,696,47864,38650,696,2201,300,0.12,83,188081,34230,0.12,82,163374,22190,0.64,447,11516,6767,756,198302,67413
2546,5372,5372,51133,37558,0.63,3362,48331,40946,0.15,832,6436,3944,5372,53583,39492,5372,2377,345,0.14,744,93037,37247,0.14,727,70072,18822,0.63,3380,15360,6605,6095,203462,73270
2548,5098,5098,57964,44362,0.66,3378,55469,47971,0.16,801,6187,3527,5098,60500,46098,5098,2422,428,0.1,507,100541,35974,0.09,484,65167,15098,0.69,3540,16544,8757,5455,217894,91813
2549,2393,2393,55823,43903,0.72,1721,53424,46081,0.15,354,6298,3490,2393,58574,45823,2393,2583,432,0.12,289,110813,44581,0.12,283,80242,18458,0.7,1685,15299,9143,2639,180059,77158
2550,10110,10110,52812,43114,0.72,7265,53035,47274,0.15,1479,5579,3664,10110,55483,45296,10110,2291,374,0.13,1313,94320,32627,0.12,1261,71699,15895,0.69,6936,14516,8738,10944,161455,69478
2551,2094,2094,51051,41129,0.74,1541,49773,44202,0.1,203,6564,4205,2094,53353,43222,2094,1962,343,0.09,189,95774,40703,0.09,182,67940,21010,0.69,1436,13145,7332,2306,163764,69744
2555,83,83,65843,46082,0.73,61,64161,49923,0.37,31,4940,5708,83,67999,47985,83,1440,328,0.06,5,197460,35226,0.06,5,175019,21354,0.73,61,20066,9065,108,92336,33077
2556,1442,1442,96465,47172,0.77,1107,60643,51477,0.24,348,10704,4760,1442,99463,49550,1442,2835,557,0.08,117,201492,63368,0.08,115,172221,42105,0.72,1035,41201,11342,1553,159729,50231
2557,12707,12707,70086,61504,0.88,11132,71933,66560,0.14,1825,1990,-25,12707,73018,64290,12707,2896,1479,0.09,1120,62892,26508,0.08,1060,42614,13054,0.81,10330,18888,13722,12773,98969,49523
2558,6420,6420,58298,53436,0.88,5657,61365,58695,0.11,707,-439,-536,6420,60673,55606,6420,2325,1119,0.07,473,46171,24610,0.07,450,30110,12286,0.78,4987,14139,10880,7018,99125,48762
2559,1245,1245,49080,42070,0.84,1046,52224,47190,0.06,78,638,44,1245,51121,43881,1245,2041,689,0.08,100,44035,25589,0.07,93,28726,9310,0.69,858,11905,8686,1381,45602,13789
2560,45332,45332,58483,50956,0.86,38857,61603,56429,0.1,4731,1352,31,45332,60819,53127,45332,2298,979,0.08,3436,63296,23636,0.07,3207,47223,11731,0.76,34283,14910,10557,50073,101938,43649
2563,161,161,59383,48501,0.8,129,57524,48751,0.11,17,2443,3507,161,61489,50281,161,2106,615,0.12,19,133253,74000,0.11,18,117240,54640,0.77,124,15011,8332,183,86675,47800
2564,7290,7290,52507,46459,0.85,6163,56269,51880,0.11,772,302,56,7290,54474,48232,7290,1959,746,0.08,605,65646,22393,0.08,564,54360,12326,0.72,5279,12859,9377,7879,77726,30106
2565,19253,19253,64687,55105,0.86,16573,67124,60702,0.16,3016,808,68,19253,67170,57407,19253,2466,1070,0.09,1721,70091,23889,0.08,1609,53123,10330,0.77,14808,17854,12355,19931,99215,41347
2566,15696,15696,56582,50659,0.86,13515,60174,55745,0.12,1957,426,-84,15696,58847,52697,15696,2244,974,0.09,1408,57688,25360,0.08,1324,42390,13956,0.75,11772,14138,10336,16830,94802,41381
2567,25025,25025,71131,59590,0.89,22231,72195,63997,0.15,3704,194,-448,25025,74132,62153,25025,2957,1364,0.08,1920,81614,29132,0.07,1847,57550,13714,0.81,20160,19605,13647,26968,134820,72668
2568,665,665,73068,52436,0.71,471,73035,59553,0.2,134,2770,1248,665,77204,54524,665,4077,1072,0.08,51,132764,27276,0.08,52,106584,20345,0.71,473,25556,14422,734,224198,98189
2569,863,863,67982,54205,0.83,719,70504,60923,0.19,164,4694,2394,863,70982,58587,863,2945,960,0.09,75,66990,25513,0.08,72,58045,12076,0.77,664,19459,13327,960,170626,89622
2570,37835,37835,73383,59861,0.86,32699,71897,64581,0.14,5235,1648,-9,37835,76333,62688,37835,2895,1301,0.09,3320,78695,27048,0.08,3135,58810,14163,0.8,30159,21316,13849,39927,136090,64448
2571,8228,8228,73566,59752,0.85,6960,74124,64546,0.15,1264,1546,-34,8228,76608,62278,8228,2927,1188,0.08,657,79700,32083,0.08,647,56085,17802,0.79,6526,21436,14102,8995,159578,84216
2572,3277,3277,65685,56006,0.84,2754,67920,61152,0.11,370,3571,882,3277,68687,58689,3277,2919,1062,0.08,253,74299,35020,0.08,250,51200,16968,0.77,2538,17939,12809,3558,134388,61892
2573,3334,3334,62048,54034,0.86,2868,65039,58374,0.1,325,3233,1131,3334,64480,56155,3334,2385,1020,0.07,245,84111,36856,0.07,235,63192,16943,0.78,2602,15828,11321,3586,109259,55602
2574,3455,3455,64201,52574,0.83,2857,64685,57758,0.14,483,3160,1076,3455,66804,54784,3455,2524,864,0.09,296,111142,38226,0.08,290,89399,23652,0.76,2636,17755,11624,3759,128713,64982
2575,10820,10820,115204,51282,0.78,8421,66617,56533,0.14,1469,6342,2901,10820,118421,53626,10820,3050,796,0.12,1295,95883,35663,0.12,1245,66932,15786,0.75,8145,49811,11429,11597,171367,67313
2576,8609,8609,95668,50181,0.62,5317,79799,55360,0.18,1512,7531,4095,8609,100114,53122,8609,4222,650,0.11,949,149664,38011,0.11,920,105951,15474,0.69,5981,40343,14606,9245,365525,122650
2577,9936,9936,72517,49134,0.72,7162,67049,54607,0.16,1626,6207,3309,9936,75825,51590,9936,3022,646,0.13,1319,101487,37287,0.13,1262,76160,19148,0.72,7138,25175,11435,10895,251075,78839
2578,1633,1633,61613,40317,0.6,976,65325,51058,0.17,272,7714,4837,1633,64993,42459,1633,3349,481,0.13,211,84371,27502,0.12,201,66553,16659,0.63,1030,22266,9928,1866,266268,114637
2579,2642,2642,68902,49604,0.74,1946,67461,54952,0.14,382,6425,3867,2642,72275,52580,2642,3010,600,0.13,347,85535,31629,0.13,344,63780,17300,0.73,1926,22099,11708,2957,205862,72005
2580,17657,17657,63157,52173,0.82,14403,63352,56985,0.11,2014,4672,2394,17657,66024,54411,17657,2540,830,0.09,1580,93936,29771,0.09,1572,71843,18408,0.76,13415,17372,11086,19326,146880,64588
2581,1478,1478,69055,59194,0.76,1128,72045,66010,0.16,236,4335,2612,1478,73977,62714,1478,2784,790,0.12,171,110926,37567,0.11,168,87550,32221,0.78,1157,19308,13564,1562,188058,90932
2582,8445,8445,76422,61885,0.78,6574,76918,68178,0.16,1326,3615,1500,8445,79986,65480,8445,3080,850,0.09,795,96160,36841,0.09,775,76219,20892,0.78,6591,23187,15860,9054,218864,104639
2583,2568,2568,56211,44749,0.67,1709,53474,47489,0.12,318,5546,3275,2568,59837,47282,2568,3275,505,0.15,385,117111,50000,0.15,383,91177,30561,0.7,1810,15703,9263,2720,173226,75093
2584,321,321,63389,47632,0.68,218,65241,55096,0.16,51,4726,1498,321,67521,50250,321,3246,644,0.16,52,95006,37563,0.16,50,72220,21620,0.74,237,17796,9477,343,161885,77064
2585,181,181,73822,53718,0.68,123,51321,46305,0.19,35,18707,6027,181,83047,57105,181,5806,632,0.07,13,128029,76338,0.07,12,129929,47151,0.74,134,25848,12384,181,318012,52243
2586,1542,1542,56326,46481,0.72,1114,54932,49874,0.13,196,6068,2200,1542,61485,50232,1542,3644,600,0.12,178,148055,35629,0.12,178,129396,21690,0.71,1093,15788,8977,1645,167693,66292
2587,1498,1498,58189,47080,0.74,1105,55041,50288,0.13,192,5801,2299,1498,61915,50186,1498,3397,646,0.11,160,101060,47184,0.1,152,86044,30228,0.73,1096,15676,9785,1607,159296,62567
2588,230,230,76888,49119,0.66,152,56817,46466,0.19,44,10813,4731,230,83563,59286,230,5486,878,0.11,25,85564,46435,0.1,23,72095,35634,0.69,159,27742,17106,239,231903,74880
2590,3716,3716,59241,46557,0.75,2770,56986,50210,0.13,479,4817,2832,3716,63127,49286,3716,3452,664,0.09,331,134994,39550,0.09,328,100312,22784,0.72,2663,16993,9315,4141,171212,71836
2594,6590,6590,56294,46660,0.77,5066,54009,48821,0.11,748,6069,2678,6590,60400,49358,6590,3343,629,0.1,651,128421,41713,0.1,637,107353,23636,0.73,4786,15045,8833,7186,142743,50728
2600,5951,5951,132955,86986,0.68,4044,114379,90514,0.26,1545,1404,1155,5951,138192,91614,5951,5191,1213,0.07,422,165310,37268,0.07,394,83717,11574,0.83,4967,49010,24558,6234,511930,210191
2601,3614,3614,73493,51364,0.84,3052,68149,54386,0.14,517,-190,571,3614,76058,53577,3614,2539,356,0.06,203,78971,20789,0.05,174,45814,8868,0.68,2457,27200,16116,3825,162240,19853
2602,23085,23085,87803,71027,0.81,18786,85695,76431,0.18,4120,1093,1106,23085,90967,74082,23085,3120,1013,0.08,1881,89625,18345,0.07,1719,67041,7495,0.82,18948,26713,17495,24437,247977,89360
2603,7558,7558,139612,85907,0.74,5565,105761,83482,0.24,1820,307,1507,7558,145723,89532,7558,6034,1189,0.07,531,274980,30300,0.06,490,169443,13036,0.85,6398,52297,23456,7851,452615,146764
2604,9137,9137,104330,84603,0.82,7455,100484,89775,0.22,2038,71,609,9137,108185,87334,9137,3793,1152,0.07,645,87517,21360,0.06,591,60559,7484,0.86,7880,32664,21517,9749,304521,118845
2605,8111,8111,106518,76552,0.74,6036,102253,84182,0.21,1734,917,832,8111,110565,80471,8111,4022,1131,0.08,621,156616,24661,0.07,567,116462,9064,0.83,6754,35448,20097,8482,335665,154364
2606,8907,8907,84770,67876,0.83,7405,81019,72228,0.15,1336,2078,726,8907,88084,70964,8907,3301,1102,0.08,701,95312,17201,0.07,641,70164,6955,0.84,7524,24454,15155,9252,194400,56317
2607,9988,9988,93421,69862,0.74,7363,90704,78590,0.19,1926,1321,726,9988,97088,73420,9988,3602,1058,0.07,727,115723,25542,0.07,676,73159,10569,0.81,8114,29862,17745,10324,290970,128200
2609,583,583,95436,56513,0.75,439,65784,60000,0.14,79,7788,4831,583,99265,59917,583,2351,621,0.1,57,163849,39712,0.09,54,147772,19827,0.78,455,34872,12732,683,162408,57964
2611,24273,24273,88053,74016,0.81,19563,87963,81090,0.17,4131,148,251,24273,91006,76661,24273,2933,1115,0.07,1752,70126,23676,0.07,1643,43230,9150,0.83,20223,26086,18013,25192,224025,100362
2612,14024,14024,94097,73130,0.86,11995,85391,75209,0.17,2318,557,587,14024,97256,75735,14024,3121,969,0.06,868,73953,16128,0.05,762,43654,6026,0.85,11924,28740,16931,14741,233874,54230
2614,13576,13576,81740,65134,0.75,10180,82977,73598,0.16,2171,1145,653,13576,84690,68172,13576,2930,920,0.08,1069,58064,18060,0.07,999,34774,7927,0.8,10856,24418,15796,14168,266373,112355
2615,30318,30318,73572,65087,0.82,24799,75483,72047,0.12,3769,-386,-53,30318,76051,67641,30318,2453,950,0.07,2200,80131,23290,0.07,2102,58024,9734,0.82,24735,19814,14959,31984,182290,87712
2617,26134,26134,72626,60138,0.82,21434,72858,65482,0.14,3738,391,326,26134,75294,62912,26134,2645,882,0.08,2049,83141,17000,0.07,1865,66883,7650,0.8,20893,20130,13501,27087,177358,52060
2618,951,951,124752,65403,0.7,661,81154,67514,0.23,217,6767,3168,951,129228,69626,951,4155,655,0.11,102,101755,30608,0.1,99,79031,26006,0.77,733,52267,18031,1004,370597,139607
2619,6326,6326,100663,81946,0.85,5396,93544,84334,0.22,1362,557,33,6326,104068,84946,6326,3384,1258,0.06,390,81568,23537,0.06,377,51682,11000,0.85,5363,31749,21123,6664,290001,155773
2620,29817,29817,78511,66686,0.84,25194,77229,70672,0.15,4410,2677,1104,29817,81369,69447,29817,2779,1020,0.08,2382,68695,23051,0.08,2303,48700,10811,0.83,24870,21735,15145,31892,192111,82931
2621,4448,4448,88831,73082,0.8,3555,86922,79958,0.19,826,2823,806,4448,92404,76382,4448,3325,1058,0.09,404,133250,32571,0.09,391,112692,16492,0.82,3658,27261,18393,4765,252596,133337
2622,2494,2494,61091,46704,0.69,1731,67235,56500,0.17,419,6667,4391,2494,64585,50256,2494,2642,481,0.15,385,97364,37814,0.15,386,78001,26648,0.69,1732,18939,11261,2665,180381,79844
2623,365,365,65371,62926,0.84,307,69969,69138,0.07,27,4546,5066,365,67630,65225,365,2259,927,0.07,26,45977,19729,0.07,24,33813,10028,0.79,290,16525,13555,418,133712,80990
2624,54,54,56811,26528,0.94,51,36818,23489,0.2,11,3059,3257,54,60367,31586,54,3556,566,0.07,4,12758,7887,0.09,5,5672,3350,0.7,38,20804,4894,68,91044,9858
2625,178,178,62996,45002,0.79,141,47681,41921,0.21,38,7893,4125,178,66399,50141,178,3282,874,0.15,27,100508,38080,0.11,20,80940,23600,0.74,132,19162,9970,211,174174,40338
2626,311,311,66237,57907,0.8,248,70587,65694,0.15,46,2240,1019,311,68422,62759,311,2052,900,0.1,32,53595,36268,0.1,32,44706,21531,0.79,245,17365,13899,334,184463,94394
2627,3399,3399,64036,48557,0.84,2842,59008,49212,0.22,738,7011,3932,3399,68455,51474,3399,3454,950,0.13,450,85415,33714,0.12,424,63357,16900,0.77,2624,17816,9732,3788,153375,55459
2628,1267,1267,56601,44959,0.75,954,57545,48470,0.18,223,3929,2597,1267,59601,47019,1267,2716,648,0.14,180,116281,53777,0.14,179,90700,33964,0.71,896,15604,9364,1376,134936,68442
2629,260,260,54165,40461,0.67,174,52847,43854,0.17,43,14103,9734,260,57836,43792,260,3335,358,0.15,38,81674,48550,0.13,34,70799,31474,0.64,167,16501,9301,287,139311,64514
2630,5268,5268,63060,51670,0.78,4126,64857,56078,0.14,713,5947,3311,5268,66162,54240,5268,2761,637,0.1,510,95383,30002,0.1,502,75874,20200,0.75,3969,17375,11269,5704,158589,62858
2631,373,373,52542,42844,0.7,261,52128,47932,0.13,50,4504,3656,373,56233,45155,373,3127,385,0.15,56,110239,35942,0.15,55,109303,34761,0.66,245,15464,9531,404,146655,45774
2632,1135,1135,59791,48345,0.77,874,57302,52296,0.12,135,5516,3685,1135,63228,52165,1135,3238,641,0.12,138,83332,37321,0.12,139,66903,22439,0.74,840,16240,10830,1227,159072,70316
2633,196,196,49044,38691,0.72,142,54346,43233,0.09,18,702,-749,196,52628,40016,196,3172,488,0.12,23,69760,29410,0.12,23,67852,28788,0.66,130,13467,8886,218,125143,66142
2640,24555,24555,67130,53064,0.8,19690,62922,56158,0.13,3208,4226,2242,24555,70441,55755,24555,3159,795,0.09,2280,102051,31805,0.09,2170,70021,14293,0.77,18992,19062,11082,26319,193050,74908
2641,9295,9295,52752,47725,0.83,7736,53408,51058,0.08,701,4618,2151,9295,55136,49765,9295,2341,625,0.09,852,76360,24914,0.09,804,57061,11464,0.76,7052,11853,8424,10208,112835,45425
2642,3404,3404,60641,50175,0.74,2529,57982,52806,0.14,465,5768,2807,3404,65021,53750,3404,3436,592,0.11,358,136411,42879,0.1,345,108131,26068,0.76,2572,16069,10256,3526,162675,74136
2643,1790,1790,52329,46654,0.79,1423,53881,50881,0.11,189,4181,2542,1790,55112,49990,1790,2622,698,0.08,138,81511,33350,0.07,133,63958,12438,0.74,1333,12204,8582,1909,130431,61862
2644,1450,1450,67369,48704,0.72,1049,55835,51219,0.15,219,3960,2201,1450,73755,52486,1450,4300,564,0.12,174,101944,33430,0.12,172,78170,22074,0.73,1062,20952,9771,1549,179332,66900
2645,227,227,56654,46942,0.67,151,46632,44529,0.09,21,3319,1968,227,59989,49124,227,2649,244,0.1,23,134931,74312,0.09,21,75897,51288,0.71,162,14172,9862,225,103001,36160
2646,4017,4017,55888,47077,0.75,2995,55198,51658,0.13,503,4847,2114,4017,60176,50418,4017,3162,600,0.07,299,99625,33209,0.07,279,77140,18010,0.73,2920,14493,9669,4394,177914,73632
2647,1490,1490,52163,44020,0.71,1058,53260,49236,0.13,187,4831,2260,1490,55483,46042,1490,2584,510,0.09,131,83747,31578,0.09,127,68467,19195,0.68,1016,13913,9166,1610,193588,79689
2648,1318,1318,45749,40516,0.71,930,50550,46668,0.1,137,5207,1534,1318,49844,43428,1318,2871,376,0.11,145,139543,30160,0.1,132,144613,32226,0.66,865,13204,8513,1499,124255,50011
2650,36990,36990,66177,54252,0.83,30560,62585,56849,0.13,4806,4637,2239,36990,69584,56983,36990,3232,906,0.09,3172,121525,32872,0.08,3017,88417,17006,0.79,29143,17927,11129,39760,164953,60562
2651,1437,1437,58973,54991,0.93,1331,59351,56363,0.07,107,3101,1643,1437,61355,57187,1437,2365,948,0.06,87,79496,20344,0.06,87,66175,10519,0.84,1203,12599,9696,1547,102065,41718
2652,3063,3063,60596,51041,0.71,2171,58267,54293,0.13,399,5663,2607,3063,67172,55476,3063,3788,544,0.11,339,188253,59100,0.11,332,164506,35265,0.74,2272,16101,10341,3122,144682,67066
2653,1444,1444,58313,48354,0.75,1078,58287,53997,0.14,205,5928,3222,1444,61868,51573,1444,2943,692,0.1,149,141431,48798,0.1,144,134261,33802,0.72,1040,15777,10673,1548,165153,76332
2655,832,832,55500,49267,0.72,602,59195,55087,0.15,121,5017,2246,832,59305,52094,832,3268,614,0.11,90,101517,56710,0.1,85,103366,34279,0.74,612,14199,9455,885,145879,75766
2656,744,744,58689,50544,0.67,498,54132,49704,0.15,115,7688,2386,744,63994,53308,744,4580,516,0.08,62,180734,47060,0.08,63,161134,24833,0.73,543,15860,10794,755,177525,59359
2658,790,790,53488,45938,0.7,554,49061,46091,0.13,100,4366,3823,790,58032,47963,790,4046,516,0.1,81,107710,38692,0.1,80,87545,27790,0.74,582,13046,8116,833,145309,60067
2659,507,507,56775,46349,0.68,346,51964,47404,0.09,47,6015,3845,507,61323,49352,507,2892,450,0.1,53,108860,55875,0.11,54,81649,18034,0.72,367,14335,9005,525,157000,61796
2660,891,891,56771,48531,0.76,679,54503,50031,0.12,106,4357,1918,891,61797,51880,891,4064,628,0.09,83,125740,38214,0.09,82,90859,19174,0.74,656,14435,9424,966,127526,66020
2661,145,145,80018,87491,0.94,136,79538,89848,0.18,26,28,134,145,83090,90153,145,3071,2357,0.04,6,41895,37869,0.04,6,25549,20244,0.9,130,18884,18449,159,261054,139519
2663,2649,2649,57876,49321,0.81,2149,59772,53647,0.12,330,4434,2472,2649,60908,52487,2649,2704,604,0.06,171,85849,44213,0.06,163,70351,24179,0.77,2033,14156,9554,2928,134139,50556
2665,1201,1201,54869,43652,0.61,729,50597,43991,0.12,147,7036,3162,1201,62865,48554,1201,4187,326,0.12,139,202514,65594,0.11,128,179581,34064,0.68,819,14827,8668,1194,162929,58058
2666,3215,3215,54515,44217,0.71,2289,54523,48528,0.13,417,4988,3147,3215,60453,47998,3215,3358,666,0.11,348,151771,57462,0.11,343,127633,27496,0.7,2266,14985,8816,3479,178151,69713
2668,214,214,56416,43270,0.65,140,47932,45481,0.12,25,10289,3400,214,64965,45890,214,5509,455,0.08,18,95110,45906,0.08,17,82195,32115,0.67,143,16519,7804,235,163761,49878
2669,900,900,49211,43044,0.64,576,49209,44066,0.1,94,6809,2844,900,59143,49092,900,4121,324,0.12,105,221240,63220,0.12,104,191855,52200,0.69,619,11994,8076,899,111249,37357
2671,2359,2359,63164,49618,0.77,1805,64489,54385,0.13,315,6204,3037,2359,68171,52637,2359,2959,577,0.1,235,164917,48126,0.1,227,144815,38506,0.75,1774,17599,10220,2599,154240,57760
2672,852,852,61950,50113,0.73,621,53377,47998,0.12,101,5590,1824,852,67229,53480,852,3455,353,0.08,71,431767,45692,0.08,67,408910,22700,0.74,634,16021,10153,895,133555,40647
2675,1023,1023,54037,47688,0.81,831,53305,51500,0.12,120,4244,2093,1023,60429,52559,1023,3478,578,0.09,88,203435,59711,0.08,85,179082,57038,0.74,761,13238,9100,1115,88665,31369
2680,16817,16817,58989,51341,0.84,14116,57108,54088,0.11,1890,6885,3380,16817,62462,54624,16817,3209,692,0.07,1159,119597,31051,0.07,1110,92488,15694,0.78,13139,14796,9740,17952,145813,34424
2681,1109,1109,56933,51590,0.82,906,59711,54373,0.1,115,4205,2949,1109,60133,54467,1109,2762,564,0.07,80,125062,38936,0.07,81,81019,22484,0.78,860,14206,9288,1164,150653,58503
2700,2758,2758,54645,47876,0.76,2108,56235,52701,0.13,353,4373,1844,2758,57882,50650,2758,2749,759,0.08,234,105763,41850,0.08,230,85656,31790,0.74,2032,13433,9029,2979,126821,48740
2701,1545,1545,61518,51001,0.76,1172,60059,54482,0.14,216,6578,2762,1545,64685,54153,1545,2724,575,0.1,149,121031,42905,0.09,140,99530,28192,0.74,1149,16593,11190,1591,160481,71481
2702,426,426,66232,52454,0.71,303,52911,50162,0.12,49,4902,1144,426,69529,55498,426,2772,520,0.11,46,207505,51729,0.11,46,163086,30559,0.76,322,17195,9905,460,108653,50354
2703,405,405,52565,45278,0.84,341,53951,49747,0.12,49,1685,266,405,55439,49205,405,2581,778,0.07,30,71851,28162,0.08,32,49896,17583,0.76,306,12162,8483,469,102267,47326
2705,6192,6192,54711,49518,0.81,5010,57125,53921,0.11,692,3330,1722,6192,57796,52058,6192,2516,638,0.07,456,110290,39554,0.07,447,100190,24889,0.74,4612,14099,9669,6606,135395,51213
2706,685,685,57054,53252,0.86,589,56626,54940,0.1,68,5629,1816,685,59740,55449,685,2355,824,0.05,37,117284,33151,0.05,37,88897,15414,0.79,543,13725,9422,769,115770,45486
2707,827,827,47213,44968,0.66,543,52937,50000,0.1,81,4812,2816,827,55751,52479,827,4322,334,0.11,88,152242,57056,0.1,79,173335,44337,0.71,586,15221,8923,851,211688,50798
2710,5880,5880,52725,45538,0.75,4404,54596,49942,0.11,638,4334,2860,5880,57225,48460,5880,3119,580,0.1,588,175584,50342,0.1,560,174582,28845,0.71,4162,14581,8997,6307,161848,61272
2711,1872,1872,55189,49318,0.77,1440,54912,50087,0.13,237,4615,1638,1872,59054,52160,1872,2769,574,0.11,214,155370,45312,0.12,217,127783,21484,0.74,1388,14370,9684,2033,142297,49322
2712,741,741,54227,42632,0.68,505,50320,46398,0.1,75,9865,6235,741,59486,45123,741,3544,410,0.11,82,200091,52689,0.11,78,178999,32030,0.67,500,15053,8755,800,152172,57380
2713,1571,1571,49402,42037,0.72,1129,52553,47674,0.1,156,3452,2172,1571,55528,45678,1571,3467,520,0.09,142,166189,57180,0.09,141,153702,34330,0.68,1072,13296,7930,1682,150818,59021
2714,1637,1637,53225,42777,0.7,1153,54543,47427,0.12,199,6586,2122,1637,57855,45460,1637,3073,675,0.1,160,102649,41758,0.09,154,84474,25540,0.69,1129,14582,8402,1810,185482,77989
2715,869,869,53529,47213,0.74,643,54650,51203,0.12,101,3980,2419,869,57419,51015,869,3348,656,0.09,82,146494,48104,0.09,79,136748,31705,0.74,643,13717,8838,963,113480,39947
2716,652,652,58516,45843,0.7,459,53965,49561,0.13,84,2948,1124,652,63247,48892,652,3566,496,0.09,59,171434,53557,0.09,56,130157,53635,0.73,478,16293,8996,709,250239,66542
2717,609,609,50284,40717,0.79,480,49447,45046,0.05,31,8296,4462,609,53029,42538,609,2654,407,0.1,58,169974,46803,0.09,57,148619,23008,0.66,402,13387,8640,675,106837,40415
2720,4676,4676,63847,51848,0.81,3779,64285,55872,0.11,529,4706,3224,4676,66755,54109,4676,2725,653,0.08,372,100891,53718,0.08,367,72536,33063,0.77,3591,17077,11032,5190,148797,69640
2721,112,112,38660,36260,0.54,61,42770,39750,0.14,16,14880,2423,112,43699,41780,112,2488,180,0.11,12,232884,129020,0.11,12,205994,111937,0.67,75,9151,4747,118,142966,54158
2722,1929,1929,58483,45578,0.78,1498,53542,48366,0.13,245,4278,2481,1929,62442,48553,1929,2892,488,0.1,195,106466,45729,0.1,195,79290,28126,0.71,1379,16653,9388,2109,154108,50251
2725,169,169,67147,50726,0.69,117,51421,44705,0.12,21,1952,1348,169,75956,62700,169,5169,810,0.15,26,782156,57948,0.16,27,723905,31180,0.71,120,19813,12021,191,203910,58241
2726,177,177,61323,42883,0.59,104,48528,46901,0.19,34,8349,5051,177,66285,44780,177,4628,187,0.16,29,95256,72328,0.16,29,82621,47087,0.66,117,21531,9791,178,177201,57395
2727,252,252,70510,48142,0.67,170,49616,45914,0.15,37,14659,4701,252,80607,52516,252,5855,535,0.07,18,125635,50348,0.08,19,94839,24085,0.76,191,21057,8783,266,263451,57864
2729,989,989,61313,47878,0.75,742,59367,52072,0.13,132,5353,1973,989,65796,51165,989,3884,648,0.12,114,160178,48276,0.11,111,130989,32519,0.75,737,16656,10483,1054,153669,71100
2730,767,767,52092,44521,0.78,598,51429,49439,0.1,73,3642,2729,767,54245,45976,767,1965,466,0.07,52,67262,26861,0.07,56,55684,19178,0.7,537,13907,7967,932,117968,55149
2731,4344,4344,63504,48732,0.75,3249,58177,51658,0.12,507,3796,2657,4344,67956,52179,4344,3658,806,0.09,408,119582,47331,0.09,386,97468,25014,0.74,3201,18575,10223,4746,197573,87438
2732,1088,1088,49782,40268,0.68,736,51986,46700,0.12,131,9446,3594,1088,54115,43618,1088,3544,482,0.09,98,103359,51384,0.09,95,81194,35405,0.66,717,13769,8274,1174,184229,75675
2733,357,357,47686,45449,0.69,246,49901,46454,0.07,26,2463,460,357,52528,49886,357,4015,531,0.08,30,191946,71891,0.08,30,169787,40507,0.71,255,13205,9100,373,156599,50158
2734,218,218,72359,45090,0.72,158,51341,42650,0.13,28,3599,3221,218,79897,49488,218,5496,468,0.1,22,141857,50445,0.1,22,123965,35254,0.72,157,25056,10378,224,215194,82406
2735,198,198,43612,42308,0.75,149,45214,39756,0.1,20,2601,1116,198,47619,45338,198,1849,274,0.08,15,112014,64014,0.08,15,81050,29178,0.7,139,9127,7127,214,76308,30286
2736,234,234,52352,44929,0.74,172,50065,48072,0.08,18,7426,1530,234,56689,49649,234,4181,518,0.05,12,302457,118052,0.06,13,261293,77370,0.68,160,14440,9298,257,109877,42210
2737,521,521,55003,42536,0.77,399,48741,47174,0.08,44,2932,2088,521,59164,45898,521,3262,588,0.04,22,612245,36204,0.04,21,663962,23188,0.71,368,17197,7431,650,72184,20501
2738,1328,1328,66760,53632,0.79,1045,64469,55520,0.12,159,2315,1956,1328,71170,56678,1328,3349,918,0.07,96,75274,23964,0.07,91,59933,14069,0.76,1008,19271,12311,1390,239940,85775
2739,877,877,60842,46939,0.78,686,54644,48530,0.1,91,7247,1685,877,64681,48683,877,3386,540,0.08,69,67323,25612,0.08,68,53105,17200,0.72,632,17958,8983,1999,105597,6896
2745,19556,19556,78495,62538,0.88,17170,73569,65949,0.18,3482,2049,36,19556,81585,65190,19556,3028,1260,0.07,1403,97746,30650,0.07,1346,73159,15211,0.81,15786,23584,14732,20937,158003,75502
2747,30812,30812,64052,56725,0.89,27297,66257,61238,0.12,3759,824,-61,30812,66581,58928,30812,2512,1169,0.08,2311,74843,21573,0.07,2189,58651,10770,0.79,24488,16446,12152,33149,95981,48699
2748,1235,1235,111580,57305,0.73,898,67164,57682,0.32,401,7169,4495,1235,116853,60496,1235,5001,770,0.07,91,297756,32821,0.07,84,267137,27286,0.77,952,45642,13593,1301,241653,71950
2749,10034,10034,67599,57018,0.86,8670,67754,61415,0.14,1400,1568,118,10034,70317,59458,10034,2669,1066,0.07,752,75934,25198,0.07,717,53594,12587,0.79,7949,18389,12850,10901,127849,62473
2750,28627,28627,65623,56417,0.86,24590,67414,61498,0.12,3531,2037,334,28627,68228,58680,28627,2568,1042,0.07,2058,76880,22806,0.07,1924,57538,10984,0.78,22432,17594,12454,31721,124576,57988
2752,3865,3865,69259,61845,0.87,3362,70812,64956,0.16,615,3393,441,3865,72202,64641,3865,2903,1252,0.08,294,73765,26400,0.07,286,51569,16044,0.81,3135,18396,14397,4167,130017,72115
2753,10395,10395,66242,52694,0.82,8496,65143,57352,0.16,1696,5864,2851,10395,68880,54926,10395,2514,792,0.1,1039,78387,35685,0.1,1006,54777,16615,0.76,7918,18903,11580,11415,139899,58491
2754,4328,4328,66091,54726,0.81,3503,68830,61691,0.14,605,5262,1444,4328,68699,57480,4328,2533,887,0.09,387,81877,26813,0.08,366,62908,15383,0.75,3261,18914,12853,4589,151112,70129
2756,21526,21526,68724,55194,0.84,17994,66649,59252,0.15,3195,4374,1645,21526,71574,58002,21526,2708,910,0.1,2101,94430,36016,0.09,2019,72632,17221,0.79,16920,19406,12132,23556,141568,62770
2757,554,554,67143,51236,0.77,426,64292,54813,0.19,104,5249,4198,554,70025,53576,554,2730,710,0.12,65,75852,32499,0.11,63,53301,19300,0.77,426,19399,11659,592,191165,72449
2758,5664,5664,71906,54255,0.78,4431,70561,60155,0.2,1106,4785,2354,5664,75137,57362,5664,3120,816,0.11,623,92509,32658,0.11,609,64909,18718,0.75,4274,22280,14026,6270,189005,87108
2759,15914,15914,63145,56872,0.87,13908,65820,61482,0.14,2230,603,-152,15914,65768,59110,15914,2585,1115,0.08,1228,66759,29312,0.07,1169,47405,13311,0.79,12612,16038,11987,17548,120400,61220
2760,20436,20436,57058,52709,0.88,18080,60192,57292,0.09,1796,-438,-856,20436,59380,54802,20436,2309,998,0.07,1460,54930,22307,0.07,1353,40292,9646,0.78,15844,13513,10336,22403,74536,33462
2761,20763,20763,61557,55623,0.9,18606,65019,60306,0.13,2785,-778,-686,20763,63936,58025,20763,2367,1191,0.08,1662,55079,24928,0.08,1560,40468,11578,0.79,16452,15302,11557,21960,87020,42045
2762,14400,14400,77416,68164,0.91,13081,81226,73215,0.16,2269,-1444,-1324,14400,80013,70811,14400,2556,1510,0.09,1290,124309,22100,0.08,1200,113267,9597,0.83,11896,21717,16271,14407,71836,39116
2763,20181,20181,69267,59977,0.88,17773,72961,65718,0.16,3215,-875,-741,20181,71755,62377,20181,2456,1229,0.09,1835,68047,25000,0.09,1718,51067,9502,0.8,16070,18930,13756,21532,106669,51429
2765,30741,30741,77559,65820,0.89,27241,77268,70308,0.17,5104,884,-453,30741,80303,68454,30741,2715,1418,0.09,2893,72477,24071,0.09,2729,55078,10602,0.82,25351,22132,15491,30971,99037,48947
2766,9578,9578,58215,52474,0.88,8408,61937,57530,0.12,1168,-629,-759,9578,60414,54532,9578,2185,1030,0.08,754,51149,25264,0.07,715,35429,10452,0.77,7408,14379,10620,10175,82305,36458
2767,13601,13601,60059,53318,0.87,11890,63647,58222,0.16,2211,-841,-1005,13601,62330,55331,13601,2257,1100,0.08,1137,65991,24226,0.08,1062,50006,10047,0.77,10420,15468,11263,14733,91393,38504
2768,16909,16909,78843,65214,0.87,14795,82304,72000,0.25,4255,-1344,-1204,16909,81767,68119,16909,2868,1374,0.09,1459,102145,27819,0.08,1363,83587,12469,0.8,13461,23903,16755,17955,124992,64254
2769,9519,9519,90151,76993,0.88,8399,93588,84205,0.28,2682,-2480,-1690,9519,93357,80147,9519,3188,1625,0.09,828,97355,26868,0.08,784,75368,11706,0.82,7850,28096,20978,9730,113447,68232
2770,30171,30171,50523,45845,0.85,25777,53993,51268,0.08,2291,318,-133,30171,52551,47748,30171,1976,700,0.07,2194,49871,23573,0.07,2055,34764,11405,0.71,21558,11975,8948,33345,63092,21713
2773,3783,3783,85895,62524,0.79,2987,85352,70000,0.23,860,2150,1122,3783,89567,65501,3783,3625,1145,0.1,360,108963,29894,0.09,345,67921,10203,0.76,2878,29529,17987,4325,246345,134149
2774,7769,7769,77896,61485,0.82,6398,77690,69881,0.17,1305,2636,1144,7769,81028,64237,7769,3021,1162,0.09,664,88324,22596,0.08,635,62626,9261,0.76,5889,25268,16463,8944,192333,105710
2775,850,850,62512,45620,0.7,595,62661,53191,0.15,130,20577,3348,850,64965,47782,850,2276,492,0.14,117,61204,33607,0.14,115,40387,16037,0.69,587,20672,10803,996,150911,68337
2776,2457,2457,68701,57561,0.83,2034,71819,63298,0.16,398,3021,285,2457,71657,59635,2457,2813,1074,0.11,261,72405,29470,0.1,243,49556,13269,0.76,1872,19940,14559,2819,181916,98612
2777,10584,10584,71095,57910,0.81,8592,73500,65170,0.16,1735,2716,1388,10584,74091,60519,10584,2936,1084,0.09,968,82594,30780,0.09,909,56516,12581,0.77,8130,21018,14333,12012,189598,103144
2778,1562,1562,65295,53114,0.8,1254,69493,61712,0.14,211,4148,2223,1562,68181,55061,1562,2877,982,0.12,191,58378,20096,0.11,170,34603,7726,0.75,1175,18616,13416,1746,191913,97854
2779,2930,2930,62353,52942,0.81,2381,67005,61555,0.11,321,3973,1845,2930,64770,54998,2930,2391,900,0.11,315,79314,20107,0.1,302,60380,7988,0.73,2139,17809,12937,3273,149467,83977
2780,7633,7633,61499,44833,0.72,5494,61683,51054,0.15,1121,5400,3742,7633,64167,46464,7633,2613,600,0.16,1185,75621,23512,0.15,1129,49429,9555,0.68,5228,19518,10648,8777,172332,69017
2782,3581,3581,67583,46418,0.7,2504,69408,55302,0.17,600,5798,4110,3581,70479,48756,3581,2823,724,0.15,521,84692,28133,0.14,502,53814,10928,0.68,2435,23078,13543,4069,227260,107715
2783,1623,1623,59497,48699,0.77,1256,64219,56043,0.12,194,4278,2786,1623,62026,51308,1623,2506,741,0.14,228,66268,27501,0.13,209,42103,11119,0.72,1168,16777,11973,1822,149008,77990
2784,772,772,62415,47572,0.79,611,67460,56358,0.13,104,3126,2084,772,64890,50631,772,2407,672,0.14,110,52925,33330,0.14,109,36841,15868,0.73,562,18423,11934,889,153354,80683
2785,2739,2739,61292,43903,0.67,1824,65125,53442,0.18,480,5963,4036,2739,64386,46248,2739,2925,617,0.17,474,78120,23686,0.17,453,54798,10456,0.66,1803,20534,11339,3097,217861,96356
2786,712,712,58740,40572,0.71,508,61391,46981,0.18,126,5614,3112,712,61239,42364,712,2322,478,0.17,118,58562,25994,0.16,112,38574,10178,0.65,462,19313,10610,823,187877,71807
2787,2586,2586,59964,50708,0.77,1984,62433,58283,0.12,310,5328,3022,2586,62857,53784,2586,2395,659,0.12,322,92242,35293,0.12,307,83118,24298,0.74,1916,16579,11090,2853,161292,65715
2790,7943,7943,61515,48799,0.79,6301,64498,55561,0.1,834,4991,2988,7943,64130,50943,7943,2459,704,0.1,763,87458,28515,0.09,736,69630,17573,0.73,5794,17500,10775,9052,163242,66678
2791,176,176,55284,47154,0.73,128,61010,58171,0.2,36,9331,6903,176,60294,54654,176,3447,790,0.1,18,179911,50260,0.1,17,178406,34190,0.7,123,15981,10655,183,280779,98495
2792,233,233,67622,51818,0.67,156,62769,56008,0.17,40,14772,4950,233,76834,53895,233,3157,550,0.11,25,182312,73487,0.1,24,150791,36786,0.71,166,21160,12466,245,160269,51650
2793,475,475,63101,42494,0.69,326,54431,49960,0.13,60,6938,4410,475,66954,44752,475,2247,343,0.11,54,122505,48924,0.12,55,105438,40289,0.69,326,22326,8763,517,149670,53697
2794,5762,5762,52909,45135,0.74,4285,53942,49742,0.11,621,5083,2851,5762,56108,47492,5762,2488,479,0.1,566,114147,34960,0.1,559,95572,25053,0.71,4080,14224,8325,6207,135653,52343
2795,25850,25850,64262,53283,0.83,21333,64178,58027,0.13,3244,4723,2282,25850,67165,55867,25850,2643,817,0.09,2280,115017,37022,0.09,2230,91186,20568,0.77,19802,17741,11723,28318,158319,67037
2797,258,258,56287,49062,0.78,201,62439,57659,0.12,30,3081,2922,258,60098,52050,258,2587,851,0.16,41,128220,43675,0.16,41,113457,27800,0.74,190,14991,9354,280,130424,61929
2798,1330,1330,77067,55156,0.74,982,74109,62916,0.18,243,5375,2679,1330,81953,59027,1330,3270,946,0.15,203,133196,46165,0.15,205,103577,29512,0.72,957,27635,14129,1420,200289,102670
2799,2479,2479,61796,53497,0.81,2019,64780,57888,0.12,287,3663,2239,2479,64929,55815,2479,2795,1001,0.1,236,107444,31557,0.09,230,88820,32066,0.76,1892,16532,11389,2673,130217,62804
2800,27825,27825,70009,55765,0.83,23141,68314,59766,0.14,3916,4973,2246,27825,73446,58595,27825,3159,1046,0.09,2551,109959,34419,0.09,2472,77535,17929,0.78,21805,20153,12203,30380,166013,68793
2803,155,155,57406,46111,0.67,104,58202,48722,0.11,17,5518,3374,155,60931,47326,155,3150,348,0.12,19,115625,57273,0.12,19,84623,54288,0.71,110,15309,8015,164,154811,57636
2804,1496,1496,51712,42766,0.73,1096,53846,48124,0.13,196,5625,3554,1496,56899,45734,1496,3112,466,0.14,213,157486,45140,0.14,206,128854,31336,0.7,1048,14527,8197,1635,136687,56446
2805,246,246,51299,46229,0.75,185,52206,46956,0.14,34,6360,2800,246,55217,49000,246,2655,452,0.13,31,129649,48575,0.13,31,122011,30937,0.71,175,14766,8285,284,106764,53866
2806,497,497,62381,44407,0.71,354,56145,52933,0.13,67,4568,1451,497,66368,47413,497,3289,590,0.12,59,148949,64007,0.12,59,140297,54891,0.7,346,21042,9279,527,131725,66670
2807,214,214,43675,38822,0.68,145,47241,43790,0.11,24,4806,2868,214,48962,41896,214,3425,466,0.11,24,120740,26740,0.11,23,129478,22872,0.69,147,10629,7175,228,94566,45455
2808,77,77,49535,39886,0.81,62,51709,40394,0.14,11,4622,4933,77,52297,42137,77,1724,590,0.25,19,52927,11188,0.22,17,44805,8826,0.71,55,12211,7758,93,121256,60847
2809,118,118,56494,46536,0.63,74,48617,46614,0.08,10,15248,4454,118,66102,49748,118,6364,372,0.14,16,285693,99659,0.13,15,287843,101630,0.7,83,17003,7513,133,179147,56672
2810,1698,1698,52196,43534,0.66,1127,50471,45883,0.15,251,5972,2677,1698,57382,47474,1698,3159,399,0.1,174,117881,56828,0.1,175,98653,34167,0.68,1155,14171,7894,1795,167921,67748
2817,105,105,41232,35181,0.57,60,45687,39506,0.11,12,3983,5086,105,53956,40279,105,4780,295,0.19,20,63485,46518,0.19,20,34270,12521,0.56,59,15158,6870,106,151442,72147
2818,472,472,53646,50056,0.79,374,61208,58068,0.12,59,3567,2761,472,58851,53868,472,2306,464,0.11,52,200510,59154,0.11,54,205447,49480,0.71,333,15782,11076,507,143977,60137
2820,3385,3385,50819,44004,0.76,2572,55316,50954,0.1,353,4592,2401,3385,54577,47344,3385,2586,550,0.09,299,157535,38133,0.09,298,139412,23856,0.68,2294,13663,9050,3614,117894,43169
2821,2647,2647,56378,47480,0.75,1975,56554,51717,0.12,317,4552,2944,2647,61478,50762,2647,2735,440,0.1,253,114777,44102,0.09,246,96836,29458,0.73,1922,15962,9242,2834,139419,50622
2822,195,195,45665,40378,0.7,136,58731,50336,0.07,14,3573,986,195,49570,42502,195,2966,316,0.14,27,90835,48311,0.14,28,73568,30004,0.65,126,13343,8205,199,123280,49716
2823,795,795,56591,48031,0.71,563,55801,50576,0.16,124,6139,3690,795,67158,54272,795,3146,418,0.1,77,269458,61219,0.09,75,236249,34124,0.72,573,16128,10349,817,153680,57083
2824,1257,1257,65665,50666,0.73,923,57149,52559,0.13,160,4769,2746,1257,76039,55407,1257,4181,632,0.1,131,110534,47163,0.1,123,94214,34553,0.74,935,19247,10655,1369,152284,45589
2825,1352,1352,58996,49567,0.77,1037,64816,55599,0.12,165,5625,2374,1352,66419,53590,1352,2944,673,0.09,126,246920,46396,0.09,122,236749,33830,0.74,999,16896,11133,1446,123341,50855
2826,126,126,61937,53662,0.61,77,54591,53718,0.15,19,7354,2973,126,67835,61104,126,4760,338,0.17,21,331189,168667,0.17,22,286213,102089,0.76,96,18223,10942,129,161703,58562
2827,1990,1990,50370,44460,0.72,1430,52868,48870,0.12,232,5828,2666,1990,57113,48504,1990,2547,403,0.1,196,173262,46066,0.1,193,155851,37036,0.67,1337,13613,8842,2052,114266,45169
2828,403,403,45555,39847,0.62,250,46129,43016,0.14,58,4791,2282,403,57232,43836,403,4221,236,0.15,60,139680,54934,0.15,59,139809,43490,0.61,246,15737,8380,428,161586,38822
2829,1678,1678,66223,44428,0.69,1160,54747,48874,0.12,198,3963,1768,1678,74931,47746,1678,3069,300,0.1,162,311691,69762,0.1,161,267646,52093,0.66,1112,23298,10655,1728,136645,37802
2830,26521,26521,63823,54042,0.84,22342,62674,57228,0.12,3214,4946,2418,26521,67170,56583,26521,2830,792,0.09,2288,104227,33330,0.08,2246,79470,19762,0.79,20819,16846,10816,28712,138801,50730
2831,1221,1221,51285,42824,0.68,831,57365,52004,0.14,174,6126,3515,1221,61771,50013,1221,2465,297,0.13,162,176215,63479,0.13,161,151825,50472,0.67,818,15471,8893,1320,113361,48876
2832,1282,1282,50401,43203,0.73,937,53594,48326,0.13,169,3867,1777,1282,70983,49374,1282,2991,294,0.08,97,321075,82529,0.08,98,270523,49508,0.65,829,15589,10090,1357,90265,25827
2833,286,286,59481,50399,0.73,208,55848,51458,0.07,19,3679,183,286,75134,54996,286,3376,294,0.11,31,149194,40044,0.1,29,130761,44506,0.71,203,16105,9974,318,89608,17074
2834,946,946,44631,35714,0.74,702,47133,40276,0.12,116,5520,2768,946,47229,37970,946,1540,210,0.11,101,158272,38260,0.11,107,127492,19193,0.63,597,11173,6217,1062,60436,22813
2835,2105,2105,72269,59253,0.83,1757,74756,64950,0.13,269,2104,835,2105,75540,62304,2105,2534,649,0.08,159,153750,54654,0.08,159,108641,33849,0.79,1666,20687,15078,2415,136131,63464
2836,337,337,61111,47911,0.74,249,58370,52287,0.07,24,2222,832,337,65166,52527,337,2069,359,0.13,43,128444,44249,0.13,44,99176,25546,0.69,234,18275,9767,406,88801,25093
2838,69,69,50792,48797,0.78,54,57775,54290,0.03,2,-11419,-11419,69,55970,49649,69,2048,861,0.06,4,216161,43310,0.06,4,163062,35258,0.68,47,12423,10366,92,51302,11157
2839,539,539,55921,48963,0.77,415,55017,52679,0.08,45,3507,3900,539,60421,51663,539,2125,299,0.09,47,266439,64829,0.08,45,226518,35997,0.72,386,14680,10168,613,78072,22976
2840,1380,1380,62705,52940,0.76,1046,62617,58560,0.13,177,2001,1117,1380,67626,56380,1380,2778,495,0.1,137,301350,53562,0.09,127,273156,42777,0.75,1033,17237,11404,1536,103267,38313
2842,338,338,43016,33106,0.64,215,52017,48150,0.12,42,1404,1155,338,48029,40196,338,2274,152,0.14,49,179856,47172,0.14,49,155651,44587,0.57,191,13377,7755,354,78460,41406
2843,670,670,48472,38148,0.71,479,51576,45924,0.14,94,5659,2638,670,56324,42177,670,3286,348,0.13,87,123726,26500,0.12,83,125815,36066,0.67,449,13321,7330,721,133100,49806
2844,677,677,55784,44447,0.71,483,54137,47698,0.12,82,4726,2826,677,59713,47231,677,2853,450,0.12,83,137185,31970,0.12,81,127116,30778,0.69,470,17589,9377,714,112813,48553
2845,1089,1089,64537,54352,0.86,938,66724,58468,0.08,89,-821,172,1089,66774,56425,1089,2093,982,0.08,86,146448,30874,0.08,84,128928,18643,0.78,851,16872,11738,1235,144940,65728
2846,135,135,59967,46807,0.76,102,65154,54614,0.13,18,10553,6831,135,63046,49432,135,3038,537,0.18,24,134107,19778,0.19,25,111027,11767,0.74,100,16980,11164,162,149150,63424
2847,1189,1189,60354,50028,0.83,984,65001,56475,0.1,115,1655,918,1189,62697,51909,1189,2272,950,0.08,101,78483,39000,0.08,101,66478,24425,0.74,881,16276,10646,1399,145036,67269
2848,604,604,48940,37689,0.74,449,53797,44727,0.08,47,9720,6274,604,50605,39362,604,1621,360,0.1,63,70181,31275,0.1,62,57157,18066,0.65,393,13304,7022,735,119442,44395
2849,811,811,53493,39382,0.68,555,60855,49480,0.16,130,4663,1521,811,58488,44481,811,3230,570,0.18,147,93959,29800,0.19,154,70621,21328,0.65,529,16491,9180,876,164833,75785
2850,10943,10943,66284,50109,0.8,8757,71008,57048,0.15,1611,4613,2136,10943,69742,52883,10943,2823,865,0.11,1211,101807,34388,0.11,1206,87536,25771,0.74,8119,20047,11565,11829,154302,68241
2852,1994,1994,57374,44826,0.8,1602,66279,52136,0.11,224,3958,2776,1994,60963,47227,1994,2393,735,0.1,193,111305,35986,0.1,205,98144,32161,0.7,1387,17301,10580,2162,123359,61345
2864,482,482,71847,51388,0.73,354,64695,58080,0.15,71,4110,2640,482,77374,55744,482,3390,676,0.11,53,102995,50301,0.11,52,85046,48101,0.72,348,24554,12716,519,144618,72934
2865,492,492,60129,54953,0.77,380,61494,58172,0.12,60,16214,4852,492,64539,57978,492,2963,784,0.13,62,204025,65362,0.12,61,181005,51581,0.79,387,15007,10776,541,130105,75165
2866,1765,1765,61024,49710,0.75,1332,60844,53805,0.16,275,5667,3509,1765,67774,52384,1765,5720,764,0.11,202,92597,38896,0.11,192,77431,27326,0.74,1311,17501,9861,1829,155672,69570
2867,328,328,53260,44380,0.73,239,52330,46863,0.16,51,7309,5794,328,61795,51155,328,3073,455,0.14,47,81423,46545,0.14,45,65087,30905,0.67,220,14742,8599,350,127714,57037
2868,352,352,38043,40098,0.69,243,49468,45885,0.15,52,4827,2615,352,42287,43298,352,3574,359,0.08,28,315341,115188,0.08,28,385920,97268,0.65,229,10176,6585,378,146725,51057
2869,724,724,44488,37825,0.7,506,51071,44443,0.14,101,7519,3936,724,55796,45286,724,3303,319,0.11,78,119971,45334,0.11,78,113935,33816,0.62,447,12965,9185,757,120252,39418
2870,6647,6647,63490,51042,0.81,5382,63674,55984,0.12,824,4333,2042,6647,67116,53860,6647,2698,873,0.08,528,100920,37676,0.08,517,84912,20440,0.76,5025,17927,10542,7236,140540,58214
2871,5116,5116,59020,50176,0.77,3961,59738,53344,0.13,646,5014,2764,5116,63401,53000,5116,2857,754,0.09,484,129672,45632,0.09,484,111311,25335,0.74,3801,16262,9886,5553,144501,52868
2873,383,383,41588,38696,0.59,226,51774,49484,0.12,45,5646,3668,383,59256,49178,383,3571,295,0.16,63,146248,32100,0.15,56,130438,41454,0.62,239,11425,7851,353,143989,56346
2874,230,230,44493,35986,0.6,139,49101,42992,0.13,30,9426,3533,230,51986,45532,230,3319,386,0.13,31,159378,60804,0.13,30,146370,39044,0.62,142,12536,6551,239,154141,49007
2875,458,458,50214,37596,0.64,295,51834,42147,0.12,56,7601,5664,458,58284,42098,458,3683,397,0.13,58,103394,43463,0.13,59,79648,28274,0.65,299,14275,8270,472,149751,45316
2876,238,238,38421,35086,0.65,155,48282,37811,0.09,22,8759,4120,238,46952,40519,238,2984,251,0.11,27,335316,124738,0.11,27,298166,159548,0.6,142,13671,7937,250,125656,37820
2877,1957,1957,53180,45144,0.74,1457,56910,51213,0.11,208,6017,2330,1957,62107,50145,1957,2022,384,0.09,185,182950,51968,0.09,170,161354,43922,0.71,1381,14439,9643,2107,121578,39270
2878,182,182,79242,53436,0.54,98,49765,45691,0.12,22,12929,5454,182,88679,57900,182,4742,384,0.12,22,194184,38741,0.11,20,114059,35128,0.71,130,28581,13040,177,161216,36797
2879,242,242,63980,51182,0.76,183,62772,54265,0.07,18,2678,1084,242,70323,56808,242,2279,544,0.09,22,149859,47340,0.09,22,93577,22816,0.74,180,17800,12036,304,91660,30323
2880,9117,9117,62526,51977,0.84,7670,64773,56828,0.12,1056,2852,1521,9117,64765,54259,9117,2034,750,0.07,598,85538,27218,0.06,573,68609,15841,0.76,6926,16633,11229,10606,129063,54203
2898,306,306,58451,49638,0.8,246,49689,47627,0.16,48,11933,4218,306,59949,50838,306,1498,398,0.18,55,154347,22338,0.17,53,128740,9215,0.78,238,13687,6971,332,153678,51607
2900,3112,3112,72092,65330,0.81,2528,74730,71588,0.11,328,637,36,3112,74410,68131,3112,2306,961,0.07,214,215621,16463,0.07,205,204696,6422,0.84,2614,17993,14183,3116,160615,57270
2902,9967,9967,75656,63895,0.77,7691,78360,71712,0.14,1416,496,82,9967,78384,66928,9967,2704,892,0.07,664,90848,23522,0.06,612,69125,10766,0.8,8008,21001,14808,10799,222842,105012
2903,6159,6159,75647,65693,0.77,4732,78943,74126,0.16,966,1132,516,6159,78283,68379,6159,2607,950,0.06,381,63655,25281,0.06,367,42677,10621,0.81,4995,20712,15253,6623,223328,106704
2904,8646,8646,80622,69042,0.76,6568,83617,77060,0.17,1510,706,424,8646,83650,71838,8646,2974,948,0.06,495,79980,29911,0.05,475,48284,10449,0.82,7089,22747,16315,9036,249180,131243
2905,18652,18652,73781,66572,0.84,15611,75678,71690,0.13,2475,-333,-125,18652,76338,69104,18652,2524,969,0.06,1195,88643,30316,0.06,1166,65386,11914,0.83,15518,19320,14986,19813,182072,87265
2906,11901,11901,75372,68491,0.86,10226,76869,72995,0.13,1569,-676,-437,11901,77805,70799,11901,2420,982,0.06,663,77381,22455,0.05,630,56722,9644,0.84,10001,19780,15600,12434,189883,91242
2911,3144,3144,86587,75729,0.85,2682,88466,81184,0.24,755,-2267,-1033,3144,89391,78444,3144,2767,1240,0.07,228,72579,17948,0.07,210,43122,7798,0.83,2620,25579,18786,3171,198020,102904
2912,5868,5868,67254,56774,0.88,5158,68402,60490,0.15,868,-21,-345,5868,69498,58791,5868,2104,872,0.1,574,47763,20398,0.09,530,29703,7900,0.81,4726,17384,11900,6047,127540,27964
2913,26668,26668,76539,66096,0.86,22976,76813,70936,0.17,4445,-809,-195,26668,79167,68834,26668,2601,1033,0.08,2164,62817,22018,0.08,2038,42507,9080,0.82,21936,21292,15456,27341,174302,65191
2914,21917,21917,80196,70086,0.9,19625,81277,74276,0.19,4075,-1699,-735,21917,82737,72689,21917,2524,1134,0.09,1879,55014,22495,0.08,1767,33694,9743,0.83,18270,22619,16788,22227,160775,62948
3000,33602,33602,57740,37724,0.86,28839,52949,41063,0.08,2759,830,1015,33602,60236,39349,33602,2400,360,0.09,3040,73566,15200,0.07,2465,49815,5722,0.65,21973,20036,7933,35766,79488,7100
3002,3550,3550,175522,78080,0.72,2549,101735,73835,0.18,646,5462,2302,3550,187408,81270,3550,11707,1440,0.13,471,282479,35225,0.12,421,215692,12804,0.82,2919,75887,21508,4121,647330,93681
3003,6005,6005,70007,52489,0.88,5297,68551,56419,0.11,647,1039,529,6005,72876,54728,6005,2804,954,0.12,692,48474,15242,0.1,605,26656,5903,0.76,4543,20723,11904,6425,100612,19365
3004,8882,8882,96605,63691,0.76,6741,86095,69722,0.15,1374,870,342,8882,101750,67156,8882,4930,1214,0.11,951,100455,27607,0.1,880,62056,9173,0.78,6937,35268,16761,9624,343896,46068
3006,18268,18268,76236,56352,0.86,15745,73365,60512,0.11,2092,1800,588,18268,79306,58848,18268,3009,1146,0.1,1883,65211,16405,0.09,1685,45601,6394,0.78,14181,23951,12791,19285,128861,20841
3008,11473,11473,81098,59023,0.84,9657,77972,65583,0.14,1611,294,173,11473,84234,61932,11473,3069,1215,0.08,958,89307,16865,0.07,847,71523,6778,0.77,8780,27180,15149,11600,136829,23938
3011,16575,16575,66186,54151,0.83,13692,70951,62169,0.11,1897,412,-49,16575,68696,56355,16575,2470,998,0.12,1959,53906,19382,0.11,1798,34564,8834,0.76,12534,19331,12944,17474,105789,40560
3012,17223,17223,71176,59588,0.87,15005,72969,64206,0.14,2396,78,-266,17223,74038,62145,17223,2821,1277,0.12,2144,62341,24232,0.12,1993,41030,9760,0.81,13877,19616,13642,19101,112015,52428
3013,9633,9633,93656,74392,0.87,8354,91853,78727,0.2,1894,353,-55,9633,97992,78205,9633,4272,1598,0.1,1007,74856,26000,0.1,970,40984,10052,0.84,8102,29511,18987,11093,173887,95907
3015,11314,11314,91004,74166,0.85,9649,91825,79249,0.19,2140,-64,-238,11314,94663,77748,11314,3600,1598,0.1,1155,68859,25092,0.1,1098,39767,9465,0.83,9367,28405,19661,12850,190143,105869
3016,10319,10319,106120,68768,0.77,7954,94382,72524,0.22,2289,825,533,10319,110686,73008,10319,4479,1390,0.09,912,122435,29792,0.08,869,80315,11966,0.78,8078,39673,20054,11639,315951,141803
3018,8198,8198,80630,64896,0.8,6550,83322,72320,0.2,1610,1179,830,8198,83914,67998,8198,3256,1311,0.08,679,66154,22429,0.08,626,42894,8756,0.79,6447,24945,16850,9408,209718,102212
3019,5770,5770,53912,45564,0.86,4940,56716,50362,0.12,709,-611,-572,5770,55941,47538,5770,2018,753,0.13,774,55599,23719,0.13,725,41391,11700,0.73,4218,13391,8990,6235,59844,19670
3020,24996,24996,54734,47250,0.83,20866,57384,52415,0.12,3069,981,79,24996,56834,49167,24996,2078,745,0.13,3273,65232,25000,0.12,3059,49729,11419,0.73,18348,13677,9311,27490,79824,26718
3021,27703,27703,47811,42061,0.82,22735,50556,47250,0.1,2656,1280,490,27703,49631,43719,27703,1797,578,0.13,3536,63410,28223,0.12,3293,46124,12484,0.7,19387,11051,7456,30392,70524,20282
3022,1949,1949,56812,48937,0.84,1632,60115,54555,0.14,270,-1037,503,1949,58995,50857,1949,2126,723,0.13,246,130364,26198,0.12,232,120965,10324,0.75,1457,14207,9805,2127,94958,36711
3023,36592,36592,60111,51179,0.85,31033,62848,56457,0.16,5694,-1519,-1141,36592,62441,53110,36592,2301,973,0.11,3940,69459,27060,0.1,3715,51051,12425,0.76,27731,15800,11047,38521,95698,41258
3024,21094,21094,62764,53973,0.88,18635,66501,59425,0.1,2154,-2785,-2117,21094,65214,56508,21094,2424,1234,0.1,2103,44582,20172,0.09,1987,29727,9193,0.78,16515,16224,11503,21716,69172,30533
3025,6902,6902,75496,61150,0.83,5706,75776,67676,0.18,1214,1787,253,6902,78505,64330,6902,2991,1259,0.11,737,78424,28767,0.1,690,58350,13511,0.8,5495,22239,14680,7628,126122,65333
3026,3170,3170,64623,53232,0.88,2782,62319,56242,0.16,512,-2594,-2110,3170,67032,55304,3170,2325,996,0.1,312,68385,23808,0.09,301,50588,10717,0.77,2433,18085,11277,3126,79388,32564
3027,6237,6237,69205,56048,0.85,5285,73787,63284,0.21,1307,-2834,-2094,6237,71993,59012,6237,2728,1269,0.13,839,84434,26540,0.12,770,64508,11138,0.77,4823,19990,13375,6180,73426,30173
3028,16363,16363,61056,53374,0.85,13929,64424,58625,0.14,2231,266,-119,16363,63517,55479,16363,2423,1017,0.1,1628,47323,22312,0.09,1528,30729,9777,0.77,12668,15613,11307,18638,122874,54484
3029,80121,80121,57650,49884,0.84,67350,61783,55899,0.13,10079,-2315,-1869,80121,59938,52038,80121,2270,974,0.16,12872,52990,24182,0.15,11922,37998,10612,0.76,60662,14549,10178,80390,72261,26083
3030,73417,73417,69115,55738,0.84,62010,71014,61708,0.16,11944,-1879,-1584,73417,71996,58277,73417,2793,1182,0.1,7264,86535,24220,0.09,6782,69667,10022,0.78,57032,19888,12705,76930,107630,42072
3031,11463,11463,81601,64520,0.87,9988,80367,68288,0.14,1656,424,196,11463,84914,67416,11463,3302,1330,0.12,1319,66526,19100,0.11,1210,37373,8443,0.81,9305,24687,15891,13050,149149,55104
3032,19652,19652,82819,60258,0.84,16464,78724,65026,0.18,3473,1023,303,19652,86325,63232,19652,3473,1255,0.11,2134,84298,21838,0.1,1965,58740,9307,0.79,15594,26534,14849,21798,174652,60471
3033,8724,8724,77687,57291,0.8,6967,73401,63405,0.2,1710,1589,812,8724,80812,59752,8724,3074,1106,0.08,730,94094,29940,0.08,709,65886,11692,0.76,6633,25389,14581,9812,175335,91269
3034,6730,6730,69956,54772,0.77,5209,71764,61806,0.23,1525,3045,1396,6730,72906,57362,6730,2925,1003,0.08,546,94066,26752,0.08,512,71328,11626,0.75,5065,21086,13591,7539,192279,78595
3036,3835,3835,79364,57887,0.74,2839,76551,63289,0.23,875,2013,1031,3835,83201,61563,3835,3819,1152,0.08,297,133865,35759,0.07,286,107543,14283,0.77,2937,25988,15255,4275,284348,107831
3037,29879,29879,62804,53326,0.86,25647,64547,57662,0.16,4782,-921,-887,29879,65375,55538,29879,2537,1109,0.09,2774,80304,26372,0.09,2598,63620,11446,0.78,23193,16575,11526,31939,109160,51135
3038,16370,16370,64211,52558,0.81,13291,66065,58365,0.2,3354,1652,980,16370,67020,55018,16370,2779,1028,0.08,1336,100133,29773,0.08,1284,80108,12313,0.75,12357,18112,12348,18191,166453,75282
3039,10923,10923,92840,66481,0.83,9053,86727,69929,0.18,1947,1113,351,10923,96779,69259,10923,3886,1363,0.09,1016,100747,24626,0.09,954,69675,8954,0.81,8821,31159,16715,12109,225370,79782
3040,17792,17792,105368,64452,0.79,14137,83114,66096,0.19,3372,1368,646,17792,109779,67936,17792,4372,1311,0.09,1640,163592,28023,0.09,1541,130914,10966,0.8,14176,39079,16598,19716,260333,92472
3041,8465,8465,86592,63712,0.79,6711,81675,66996,0.19,1633,1178,703,8465,90432,66697,8465,3812,1300,0.08,674,442471,26139,0.08,641,435028,10055,0.79,6691,28588,16387,9356,247299,104796
3042,10115,10115,74643,61285,0.82,8313,75471,67049,0.18,1782,823,-42,10115,77924,64231,10115,3234,1324,0.09,902,93630,26998,0.08,853,73445,10372,0.79,7988,21993,14953,11433,172296,86138
3043,10082,10082,61447,52540,0.82,8228,64971,58836,0.14,1390,1352,457,10082,64084,55080,10082,2603,1064,0.1,1024,60320,26174,0.1,967,42324,11994,0.75,7603,16486,11705,11484,136792,66391
3044,17316,17316,76851,62954,0.85,14720,76891,67978,0.17,3001,1679,502,17316,80160,65960,17316,3278,1380,0.1,1802,67789,22956,0.1,1676,47867,9588,0.81,13970,22405,15242,19026,156860,73826
3046,21803,21803,62285,52845,0.84,18252,65686,59015,0.12,2637,578,-99,21803,64711,55174,21803,2388,1055,0.13,2810,60424,24554,0.12,2599,43004,9470,0.77,16736,16475,11350,23285,101976,39938
3047,9664,9664,45909,37920,0.78,7520,48772,43928,0.06,600,1284,530,9664,47625,39418,9664,1707,450,0.18,1746,53062,25999,0.17,1623,37947,11663,0.66,6403,11100,6957,10033,52809,13397
3048,7689,7689,45666,38897,0.76,5856,49837,46341,0.07,565,1269,667,7689,47335,40315,7689,1662,461,0.16,1250,64821,29067,0.15,1190,48139,14540,0.67,5117,10855,7428,7910,57384,16798
3049,5886,5886,63514,53364,0.84,4934,66286,59565,0.15,859,0,-158,5886,66472,55968,5886,2926,1210,0.1,580,65781,28758,0.09,548,46004,12553,0.77,4544,17005,11820,6563,141398,67275
3051,9757,9757,72409,52111,0.85,8332,70341,57009,0.13,1248,1090,362,9757,75285,54320,9757,2807,828,0.12,1137,73697,20731,0.11,1037,43711,9074,0.74,7215,23679,13207,10872,126038,27668
3052,3887,3887,81577,47575,0.83,3207,65372,48961,0.13,496,3774,1896,3887,84840,49819,3887,3189,660,0.13,488,110628,20347,0.11,432,90342,7932,0.7,2740,31779,12239,4320,204268,24533
3053,11091,11091,55545,35531,0.84,9338,52182,36446,0.08,884,3081,1945,11091,57751,36842,11091,2163,300,0.11,1195,58039,17371,0.09,999,36530,7154,0.63,7019,19037,8918,11901,121672,10682
3054,5721,5721,103942,63274,0.78,4452,88055,66062,0.16,906,3008,2504,5721,108836,66842,5721,4790,1300,0.14,793,92723,23200,0.13,724,46262,9044,0.79,4537,37815,16094,6613,293389,62473
3055,9589,9589,77470,59451,0.87,8317,73498,63104,0.13,1288,1957,1112,9589,80395,61873,9589,2897,1217,0.13,1207,64579,18676,0.11,1092,42095,6945,0.81,7765,23115,13680,10846,151989,52233
3056,17396,17396,78587,62533,0.87,15138,76296,65408,0.13,2275,2773,1612,17396,81709,65276,17396,3087,1236,0.14,2401,62860,19268,0.12,2167,35651,7664,0.82,14201,23144,14693,20040,137113,50117
3057,9483,9483,81377,67436,0.89,8405,78474,69964,0.12,1163,2421,1265,9483,84427,70210,9483,3006,1366,0.12,1185,52581,16363,0.11,1087,31284,7039,0.84,8007,23294,15493,10716,123523,50703
3058,21856,21856,73532,58592,0.85,18478,73969,63816,0.15,3387,2450,1125,21856,76425,61278,21856,2865,1196,0.13,2735,69023,22140,0.12,2530,47123,8496,0.8,17420,21234,13748,24479,139933,63843
3059,13327,13327,69128,55082,0.81,10761,68556,60351,0.18,2451,592,-220,13327,72393,57624,13327,3228,1152,0.11,1400,102988,33471,0.1,1339,82239,14483,0.77,10273,20187,13076,13540,145876,55008
3060,7474,7474,56008,45831,0.79,5889,59935,52922,0.12,918,1775,584,7474,58302,47717,7474,2268,782,0.17,1244,55408,22935,0.15,1149,40310,10128,0.71,5305,15386,10072,7671,90205,32074
3061,2266,2266,50974,41374,0.73,1643,52771,48201,0.09,213,3441,1583,2266,53120,43086,2266,2138,500,0.17,383,185415,36500,0.16,367,173912,18918,0.69,1556,13434,8371,2429,74965,21745
3062,76,76,103237,75798,0.7,53,69952,62104,0.09,7,4537,1501,76,105866,78869,76,2356,300,0.09,7,1537299,141321,0.09,7,1497086,208907,0.84,64,34729,19548,84,257750,83877
3063,388,388,76576,49448,0.78,303,68052,56040,0.18,69,-14867,1293,388,80035,52160,388,3410,677,0.07,29,66162,26520,0.08,30,49061,12295,0.71,275,27909,13686,425,235522,90479
3064,63822,63822,55758,48461,0.83,53274,59182,54230,0.11,7048,-1604,-1217,63822,57946,50394,63822,2173,907,0.15,9746,52009,25351,0.14,9122,35695,11220,0.75,48023,13783,9627,62510,64860,24844
3065,6978,6978,96670,66738,0.82,5753,90113,70673,0.14,988,3275,1356,6978,101080,70611,6978,4290,1396,0.15,1012,106654,26808,0.14,943,64169,11150,0.81,5684,32731,17075,8245,203447,48575
3066,6565,6565,89360,70312,0.87,5733,83807,73212,0.12,795,2142,910,6565,92802,73269,6565,3394,1428,0.13,865,72787,24955,0.12,807,41042,10107,0.84,5518,27324,17233,7513,125107,43757
3067,6700,6700,88427,68277,0.87,5817,82746,71500,0.13,868,650,725,6700,92190,71308,6700,3730,1382,0.11,724,109208,20134,0.1,670,77536,7066,0.84,5607,27280,15932,7495,148960,47472
3068,12666,12666,107638,71020,0.81,10318,94332,72804,0.17,2138,3347,1931,12666,116910,74929,12666,9240,1500,0.15,1837,109512,27669,0.14,1742,61119,10514,0.82,10425,37971,18348,14745,244463,74782
3070,16446,16446,96636,68780,0.84,13861,88709,71294,0.16,2657,3545,1773,16446,100773,72353,16446,4058,1447,0.14,2268,99280,23455,0.13,2089,64209,8852,0.82,13546,32039,17441,18882,196244,79947
3071,11865,11865,81011,62561,0.86,10158,78315,65954,0.15,1800,2609,1188,11865,84136,65347,11865,3097,1280,0.13,1532,57370,22073,0.12,1416,32085,9278,0.83,9789,24049,14485,13601,149281,69300
3072,21208,21208,70878,57317,0.85,17944,71049,61678,0.15,3163,2320,1093,21208,73635,59667,21208,2712,1120,0.13,2734,56558,21662,0.12,2522,34667,8820,0.79,16809,20073,13079,23777,126878,56144
3073,28925,28925,63081,53290,0.82,23859,65470,58823,0.13,3839,3345,1400,28925,65510,55402,28925,2408,946,0.13,3652,53713,21762,0.12,3396,36199,9010,0.77,22269,16855,11520,32047,110082,48770
3074,10388,10388,51833,45222,0.8,8325,54697,50310,0.12,1284,1702,710,10388,53765,46904,10388,1922,630,0.13,1354,74791,27974,0.12,1279,58542,11559,0.72,7470,12655,8442,11491,80286,30139
3075,11682,11682,53242,46211,0.81,9500,56571,51752,0.14,1603,2262,680,11682,55324,47982,11682,2063,740,0.13,1504,71520,26100,0.12,1408,55603,11687,0.73,8568,12982,8893,12733,81043,33475
3076,18718,18718,56762,49550,0.84,15646,59331,54477,0.12,2315,-260,-552,18718,59061,51568,18718,2247,888,0.12,2267,54970,25763,0.11,2105,37153,11055,0.76,14247,13996,9728,19781,90237,38473
3078,7991,7991,100763,67612,0.82,6546,90013,70406,0.18,1405,2128,1635,7991,105025,70714,7991,4243,1418,0.13,1072,111180,23236,0.12,983,76280,9009,0.82,6519,35110,17180,8992,240241,91315
3079,11627,11627,113928,66123,0.76,8779,92163,69706,0.2,2321,2181,1269,11627,118948,70105,11627,4948,1314,0.11,1231,185561,28620,0.1,1125,137775,10946,0.78,9125,44541,18224,12762,318518,111289
3081,8240,8240,63593,53599,0.83,6871,66900,59729,0.12,972,189,-182,8240,66122,55758,8240,2506,988,0.14,1121,58980,22587,0.13,1063,40470,11047,0.77,6347,17150,12135,9195,104920,43193
3082,17327,17327,59867,50905,0.83,14440,62168,56008,0.16,2815,1016,476,17327,62346,53044,17327,2453,947,0.09,1617,61543,27591,0.09,1518,41190,10842,0.77,13269,15462,10656,19167,127955,57763
3083,18911,18911,60668,48714,0.8,15203,62932,54855,0.17,3167,1228,414,18911,63096,51012,18911,2395,802,0.11,2045,88469,22428,0.1,1872,71817,9660,0.73,13784,17223,11022,20778,129306,49905
3084,16847,16847,89512,62501,0.77,12948,85042,69498,0.19,3285,1932,882,16847,93469,65670,16847,3875,1221,0.09,1569,103711,26520,0.09,1489,65408,9134,0.77,12912,31511,17166,18442,268498,107472
3085,8527,8527,77118,59455,0.8,6846,78610,67554,0.17,1471,893,267,8527,80212,62324,8527,3038,1199,0.09,733,69307,23281,0.08,674,46722,9188,0.77,6524,24457,15543,9361,200935,99885
3086,70,70,78412,52668,0.8,56,71066,63014,0.1,7,5863,2262,70,81688,58272,70,3276,752,0.17,12,102737,30804,0.19,13,30736,5734,0.71,50,27580,16260,75,212726,82020
3087,5388,5388,70179,58828,0.82,4402,74199,65966,0.16,836,1412,124,5388,72868,61051,5388,2685,1137,0.09,480,59644,21348,0.08,447,40137,9876,0.78,4187,20083,14502,6166,175865,89245
3088,16743,16743,72862,59814,0.81,13501,75848,67254,0.16,2634,820,50,16743,76023,62575,16743,3135,1186,0.09,1553,91383,25330,0.09,1454,70753,9427,0.77,12942,21664,15317,19047,199289,104662
3089,8155,8155,75124,60426,0.84,6851,74154,64023,0.15,1215,2,-263,8155,78523,63752,8155,3385,1377,0.09,707,64824,29523,0.08,675,38214,10037,0.79,6472,22101,14831,9068,207713,99442
3090,1759,1759,94728,62540,0.78,1369,77241,58648,0.22,381,3050,935,1759,100213,65934,1759,5371,1060,0.08,133,126825,35137,0.07,127,95104,19395,0.8,1410,32646,15983,1861,267998,114214
3091,1101,1101,105921,60907,0.7,776,69847,52878,0.2,215,5213,1510,1101,109755,64205,1101,3771,660,0.09,100,115452,37612,0.09,99,91367,15108,0.78,857,40812,16351,1191,299895,106817
3093,2523,2523,96479,61162,0.73,1843,79951,64434,0.18,448,3614,2033,2523,100443,64573,2523,3942,956,0.09,230,82352,29520,0.08,213,53283,9953,0.76,1909,36380,18233,2796,375411,124359
3094,5573,5573,74409,59470,0.78,4373,77220,66898,0.15,818,1318,500,5573,77588,62274,5573,3131,1193,0.1,563,55049,27415,0.09,528,32331,9176,0.76,4213,23234,15709,6408,216315,117155
3095,18368,18368,83775,60033,0.77,14211,81476,66716,0.17,3166,955,149,18368,87485,63616,18368,3665,1156,0.1,1876,81484,29574,0.1,1752,51479,10342,0.76,13917,28667,16834,20815,262414,125651
3096,1223,1223,71376,51722,0.79,961,69872,58198,0.12,142,1761,75,1223,74719,55437,1223,3334,1246,0.1,119,46037,25474,0.09,107,30409,12933,0.76,926,22025,12864,1362,214758,97531
3097,970,970,116710,53961,0.66,636,82214,59102,0.19,183,2188,1917,970,121183,58188,970,4269,831,0.13,123,874772,33579,0.12,119,877647,12221,0.75,723,50139,17774,1076,326810,126196
3099,3130,3130,71047,53900,0.77,2416,68487,58740,0.15,456,2136,1048,3130,74299,57610,3130,3234,1038,0.14,435,67334,27915,0.13,418,47676,13717,0.75,2338,22302,13300,3592,218652,98341
3101,16351,16351,130274,65866,0.69,11257,99613,66488,0.21,3505,2091,1965,16351,136250,70095,16351,5777,1153,0.11,1861,336699,39408,0.11,1724,261019,14972,0.76,12502,55421,19996,17437,430008,104589
3102,4324,4324,111815,61031,0.73,3142,91691,64068,0.22,968,3120,1938,4324,117926,64268,4324,5906,1126,0.11,478,153467,35155,0.1,448,96798,13222,0.75,3243,46092,18937,4643,310819,113622
3103,10580,10580,94720,49450,0.63,6673,83783,56433,0.25,2642,1964,1746,10580,99163,52828,10580,4229,707,0.1,1017,300718,28574,0.09,937,259299,11921,0.69,7297,40288,16741,10631,381778,87766
3104,13677,13677,93672,52318,0.67,9200,82514,59364,0.26,3602,1824,1278,13677,98116,55897,13677,4253,726,0.1,1325,513612,31713,0.09,1212,507030,12756,0.7,9630,39060,16817,13912,295058,88311
3105,6989,6989,74767,51411,0.71,4976,74453,60174,0.24,1680,4115,1882,6989,77998,54093,6989,3191,750,0.1,714,142105,27806,0.1,665,117538,12278,0.72,5004,25960,14446,7383,209967,75406
3106,10834,10834,87583,50112,0.67,7262,77360,57996,0.25,2683,2699,1319,10834,91327,52958,10834,3628,646,0.09,1012,239411,30000,0.08,911,223276,11226,0.71,7650,34780,14642,11369,297101,86549
3107,8544,8544,73246,51038,0.72,6133,75222,60518,0.22,1912,2038,1000,8544,76465,53486,8544,3168,793,0.1,861,81421,28844,0.09,803,57131,10807,0.71,6082,25165,14173,9245,204972,82816
3108,16155,16155,64955,44966,0.69,11227,67620,54610,0.21,3440,2830,1240,16155,67901,47002,16155,2849,554,0.11,1780,184702,24597,0.1,1604,173391,9916,0.68,10966,22099,11930,16422,178950,45692
3109,19187,19187,64105,45467,0.71,13588,69495,56741,0.23,4425,1733,709,19187,66987,47840,19187,2757,596,0.1,2000,114041,23596,0.1,1830,95404,9001,0.68,12999,21587,12801,19561,175913,58294
3111,8046,8046,79544,50838,0.71,5732,78010,58543,0.21,1697,2036,817,8046,83733,54238,8046,4115,788,0.1,766,93920,25988,0.09,699,63683,9118,0.71,5742,29009,15002,8601,295371,91276
3113,5561,5561,95575,58015,0.73,4082,80992,60757,0.18,1015,1536,621,5561,99746,61894,5561,4116,957,0.12,649,83135,30955,0.11,611,51105,10536,0.75,4153,36507,16874,6294,290828,123035
3114,2543,2543,103795,59391,0.72,1822,87511,59044,0.2,512,2343,358,2543,111571,63893,2543,7760,803,0.09,224,145981,30755,0.08,207,108144,11216,0.74,1891,41369,18715,2813,364736,142401
3115,2656,2656,110872,58578,0.75,1989,78611,58240,0.18,466,1680,570,2656,115044,61208,2656,4141,881,0.09,241,92742,26060,0.09,238,60093,8632,0.78,2059,44059,16085,2901,304334,122379
3116,7380,7380,67718,54426,0.81,5967,68448,59835,0.13,953,2055,-28,7380,70997,57043,7380,3052,932,0.1,703,65274,25404,0.09,667,43751,10000,0.76,5612,19794,12956,8068,180633,78182
3121,21349,21349,97993,73373,0.87,18489,90042,75325,0.15,3153,1798,750,21349,102554,76521,21349,4506,1490,0.1,2075,120823,25000,0.09,1884,87904,9549,0.85,18138,31361,17772,24648,187325,57080
3122,16174,16174,150935,66283,0.78,12575,93577,65999,0.15,2454,2492,1594,16174,158061,69833,16174,7030,1248,0.11,1705,155233,28258,0.1,1539,78515,10547,0.79,12705,66508,18168,17677,361527,66601
3123,10254,10254,115203,69014,0.77,7857,93920,70035,0.16,1683,1024,943,10254,120355,72572,10254,5002,1286,0.1,1005,138715,23635,0.09,918,80497,9103,0.79,8103,44439,18546,10982,325763,74031
3124,15160,15160,116332,62587,0.69,10530,97980,66166,0.22,3323,821,1148,15160,122010,67088,15160,5506,1141,0.1,1482,230599,31960,0.09,1392,169071,11612,0.74,11289,48990,19489,16078,394217,119074
3125,9630,9630,65067,44956,0.77,7397,65976,51240,0.17,1664,365,0,9630,67820,47010,9630,2682,628,0.11,1077,68591,20000,0.1,958,48303,7051,0.68,6538,22224,11944,10107,146534,34475
3126,5420,5420,146840,66441,0.63,3401,110209,64376,0.23,1252,1014,1472,5420,153833,71861,5420,6741,1100,0.1,547,268016,40000,0.09,497,181498,13534,0.74,4010,68055,25425,5648,559613,163643
3127,12671,12671,105164,62708,0.72,9146,97702,68356,0.2,2533,1226,695,12671,109967,66502,12671,4686,1152,0.1,1214,162633,30000,0.09,1109,113247,10782,0.74,9425,42270,19202,13626,328438,124925
3128,14465,14465,59399,41895,0.76,10980,63318,49438,0.16,2314,1003,589,14465,62071,43857,14465,2577,498,0.11,1591,853920,20280,0.1,1387,951024,6607,0.67,9669,19539,10261,14944,132611,24983
3129,11023,11023,72598,49249,0.76,8380,73751,58002,0.2,2168,802,372,11023,75767,51897,11023,3074,824,0.11,1215,88428,23358,0.1,1096,63887,8346,0.71,7787,25275,13666,11836,181135,64537
3130,20871,20871,79417,54699,0.77,16019,76568,62201,0.19,3909,625,95,20871,82804,57509,20871,3315,998,0.1,2062,116313,23630,0.09,1852,95337,8894,0.73,15289,27782,15031,22486,214112,85502
3131,14008,14008,67301,52229,0.78,10906,71630,60794,0.18,2542,676,23,14008,70051,54519,14008,2718,906,0.1,1421,54349,22678,0.09,1304,33916,8294,0.73,10181,20871,13372,15073,160296,69927
3132,10837,10837,73886,56319,0.8,8688,75109,64068,0.18,1899,732,147,10837,76830,58822,10837,2905,1081,0.1,1123,61356,21927,0.09,1025,39402,8358,0.76,8220,23151,14299,11769,180061,78927
3133,14241,14241,68628,49751,0.73,10445,72804,60478,0.23,3340,908,186,14241,71659,52487,14241,2983,777,0.1,1374,88242,24562,0.09,1266,65965,10018,0.7,9951,22980,13872,15423,210272,82283
3134,21671,21671,72954,54567,0.8,17409,72359,60431,0.15,3250,506,70,21671,75985,57453,21671,2964,975,0.09,2016,70979,24538,0.09,1885,48418,9182,0.76,16442,22816,13296,23792,183750,77976
3135,12435,12435,70612,55766,0.81,10056,72606,62676,0.15,1844,619,35,12435,73568,58480,12435,2931,1060,0.1,1198,67537,23137,0.09,1128,45183,7980,0.76,9404,21436,13919,14057,183088,85516
3136,28137,28137,67330,55043,0.81,22918,69538,60844,0.13,3629,392,-32,28137,70100,57498,28137,2751,991,0.1,2677,68587,25193,0.09,2522,45859,9619,0.77,21630,19118,12617,31278,163033,78950
3137,8953,8953,63320,54434,0.83,7398,64758,59150,0.1,913,909,110,8953,65943,56762,8953,2586,905,0.09,841,125880,26136,0.09,800,105757,11331,0.79,7031,16469,11649,10091,140760,71386
3138,13921,13921,64721,54119,0.84,11650,65824,58263,0.11,1550,338,-198,13921,67441,56376,13921,2693,956,0.1,1362,58235,26000,0.09,1312,34315,10656,0.78,10887,17305,11681,15607,138376,69869
3139,8943,8943,62017,50756,0.79,7082,60716,54540,0.11,1017,2947,881,8943,65033,53668,8943,2936,746,0.12,1042,87210,36601,0.12,1036,60517,15701,0.77,6871,16809,10659,10097,151782,69664
3140,10937,10937,65152,53562,0.81,8872,65624,58324,0.12,1271,1922,265,10937,68042,56024,10937,2853,874,0.09,982,76472,25656,0.08,928,54346,11610,0.77,8389,18169,11975,12072,154187,74618
3141,18289,18289,128008,70554,0.81,14726,92003,71940,0.14,2482,2169,1084,18289,134499,73847,18289,6351,1413,0.11,1962,126309,26942,0.1,1807,69177,10728,0.82,15054,49416,17882,20562,299859,43290
3142,9540,9540,266020,79919,0.6,5720,114110,66951,0.19,1816,8817,3326,9540,283281,85725,9540,16792,1370,0.1,995,704815,48490,0.1,928,625204,18350,0.8,7631,130624,25497,10135,956724,124464
3143,6757,6757,136611,74769,0.74,4985,101917,73836,0.15,984,3786,1340,6757,144222,79022,6757,7495,1473,0.1,708,257073,29622,0.1,658,196820,9694,0.81,5495,54697,20970,7388,425685,86494
3144,7756,7756,177268,77710,0.67,5163,115801,70147,0.17,1309,4460,2580,7756,185084,81820,7756,7662,1450,0.1,814,207837,40646,0.1,748,111047,16206,0.8,6200,79405,24122,8291,561877,141307
3145,15619,15619,111222,62754,0.76,11833,94131,64300,0.18,2856,1556,966,15619,116144,66804,15619,4822,1203,0.1,1581,189020,26310,0.09,1466,135875,9226,0.77,11985,44233,18007,16971,304129,88512
3146,17104,17104,119793,69427,0.75,12821,101436,70907,0.2,3358,1306,722,17104,125407,73237,17104,5527,1342,0.09,1622,174718,32652,0.09,1519,115225,11019,0.78,13337,47883,20524,18347,334481,117666
3147,9405,9405,93828,61918,0.77,7281,90012,68727,0.21,2011,410,161,9405,98140,65507,9405,4237,1156,0.1,914,108067,25610,0.09,836,74950,10484,0.75,7080,34710,19016,10141,236044,96940
3148,6097,6097,69553,55259,0.81,4933,71734,62277,0.21,1295,680,112,6097,72502,57982,6097,2919,1061,0.12,739,73237,23478,0.11,669,54144,11100,0.77,4677,20499,13140,6518,121864,46185
3149,22934,22934,75260,51624,0.73,16658,75681,61102,0.24,5574,872,90,22934,78620,54254,22934,3278,801,0.1,2295,89408,22956,0.09,2094,62703,8404,0.71,16342,26427,14208,23864,206879,67850
3150,39923,39923,70920,45586,0.69,27492,71191,57095,0.26,10565,1087,377,39923,73984,47891,39923,2964,576,0.1,3890,116755,24606,0.09,3532,94000,9124,0.68,26955,26188,13126,41138,210994,62252
3151,6971,6971,60119,45312,0.73,5100,65947,55844,0.2,1415,1552,54,6971,62875,47098,6971,2639,614,0.12,802,82138,20350,0.1,717,66836,8064,0.68,4771,18805,11674,7394,156691,47619
3152,21961,21961,64267,50025,0.77,16912,68666,58384,0.22,4813,301,-43,21961,67045,52414,21961,2716,784,0.1,2116,125610,23498,0.09,1947,108229,8983,0.72,15732,19747,12447,23597,165630,68178
3153,12864,12864,60671,53449,0.84,10791,63790,58833,0.12,1570,-20,-382,12864,62993,55503,12864,2282,892,0.09,1222,66972,22444,0.09,1139,47364,8708,0.77,9965,15596,11106,14422,121258,60039
3154,2698,2698,66132,54820,0.81,2191,67572,60514,0.13,344,1064,648,2698,68929,57458,2698,2789,947,0.1,273,82888,31069,0.1,257,52536,13406,0.76,2040,19031,13181,3061,174729,93731
3155,14125,14125,60783,53508,0.84,11795,64381,59103,0.12,1662,525,-82,14125,63125,55546,14125,2314,876,0.1,1373,81539,25232,0.09,1292,64380,8762,0.77,10934,15494,11289,16057,124656,62953
3156,23844,23844,67165,54364,0.83,19726,67580,58718,0.14,3427,463,-115,23844,69942,56630,23844,2749,878,0.1,2290,104153,26500,0.09,2110,85188,10050,0.77,18435,19030,12168,26812,157731,76619
3158,4313,4313,67163,53508,0.82,3527,70615,60844,0.13,540,844,-34,4313,69966,56175,4313,2707,950,0.12,514,59934,24550,0.11,486,38969,9445,0.76,3259,19606,13231,4964,170393,92905
3159,1593,1593,70462,57173,0.8,1277,70590,61654,0.16,252,836,438,1593,73407,59352,1593,2924,973,0.12,196,68281,24580,0.12,189,42636,10501,0.75,1198,21443,14587,1836,200017,93277
3160,5645,5645,74901,57258,0.82,4641,70915,62480,0.14,791,1035,292,5645,77874,59670,5645,2805,960,0.12,690,58183,25825,0.12,654,36778,11143,0.77,4371,23333,13732,6548,164948,89917
3161,11280,11280,121381,66022,0.72,8101,83318,60965,0.17,1887,6249,3250,11280,127940,70073,11280,6358,1207,0.13,1459,291144,30000,0.12,1324,239649,10170,0.79,8915,48341,18391,12014,395480,68531
3162,11815,11815,101539,63596,0.71,8424,88091,65403,0.19,2301,5616,2652,11815,106425,67246,11815,4691,1100,0.12,1464,105315,32108,0.11,1339,65245,11929,0.77,9073,38242,18312,12592,312267,89882
3163,21829,21829,78800,59392,0.83,18104,77710,64611,0.15,3325,2013,1025,21829,81888,62124,21829,3041,1173,0.11,2445,70667,19500,0.1,2256,46714,7090,0.78,17128,24615,14492,23734,161457,56748
3165,18080,18080,80918,60349,0.79,14324,82397,67616,0.21,3770,845,79,18080,84270,63244,18080,3305,1146,0.11,1910,89023,28562,0.1,1773,64809,10658,0.77,13846,26617,16095,19646,168182,85947
3166,15550,15550,72835,56480,0.83,12899,73591,61492,0.18,2745,2073,768,15550,75753,58915,15550,2891,1054,0.11,1676,74070,22130,0.1,1509,53969,8694,0.77,12045,21953,13342,16983,146571,54566
3167,6005,6005,67562,53834,0.82,4952,70606,60234,0.2,1194,1292,316,6005,70167,56304,6005,2569,915,0.11,647,78015,21880,0.1,619,61970,9575,0.76,4557,19709,12620,6609,135312,57685
3168,14050,14050,49241,39532,0.84,11842,50961,44178,0.1,1409,2012,851,14050,51229,41304,14050,1920,460,0.15,2170,44193,16591,0.14,1937,32639,6985,0.66,9239,13587,8163,14644,59814,10159
3169,12397,12397,56716,48722,0.83,10302,59871,54012,0.16,1938,1364,560,12397,58856,50853,12397,2103,770,0.13,1657,44186,20838,0.12,1500,27506,8593,0.74,9178,14544,9861,13579,85861,30013
3170,12039,12039,66919,52100,0.79,9548,68503,59902,0.21,2503,260,-130,12039,69564,54338,12039,2602,885,0.11,1278,75423,23310,0.1,1190,56503,9504,0.74,8930,20200,12459,13077,138290,59018
3171,12786,12786,47968,41026,0.82,10456,50216,46267,0.13,1663,2444,1453,12786,50201,43684,12786,2201,450,0.13,1628,79874,24744,0.12,1481,67419,10750,0.7,8908,11478,6974,13569,58884,14287
3172,13714,13714,57575,46614,0.81,11125,59377,52187,0.15,2092,1762,503,13714,60175,49310,13714,2579,701,0.09,1244,83359,29278,0.09,1200,61550,11610,0.73,10010,15619,9461,15234,128280,45163
3173,17948,17948,60990,50896,0.83,14945,62579,55692,0.2,3640,-352,-528,17948,63514,52886,17948,2492,783,0.1,1723,86120,27042,0.09,1593,65681,11537,0.76,13594,16492,10444,19109,96772,40578
3174,22671,22671,49648,44832,0.84,19122,52894,49956,0.1,2263,997,29,22671,51788,47008,22671,2117,640,0.13,2951,60758,23155,0.12,2746,45591,9930,0.73,16551,11202,7975,24717,68356,20182
3175,28286,28286,51782,45011,0.78,22140,53932,50124,0.11,3075,1557,117,28286,53964,46910,28286,2164,566,0.17,4703,62393,32530,0.16,4452,42317,13758,0.73,20613,12444,7964,30281,77255,22244
3177,6125,6125,47176,43679,0.78,4769,50407,47989,0.06,386,801,129,6125,49025,45018,6125,1842,463,0.2,1229,57337,35000,0.19,1154,35741,14740,0.73,4466,9984,6971,6353,51651,16493
3178,21848,21848,67154,55447,0.82,17934,70269,61558,0.2,4276,-200,-327,21848,70084,57958,21848,2893,970,0.09,1865,90742,27800,0.08,1741,69336,10734,0.77,16758,19140,12929,23826,160818,75371
3179,3783,3783,62376,51733,0.82,3116,64954,56826,0.16,603,-831,-342,3783,65026,53789,3783,2528,802,0.11,399,71420,25449,0.1,372,52858,9643,0.75,2846,17360,11328,4227,127770,60787
3180,4807,4807,60613,51331,0.8,3847,65447,59176,0.17,817,277,-315,4807,63120,53423,4807,2468,873,0.1,472,59241,22748,0.09,438,40781,9352,0.73,3510,17033,12002,5335,149101,64499
3181,13941,13941,104694,70690,0.85,11827,91114,73531,0.13,1881,2191,913,13941,108801,73955,13941,4005,1503,0.11,1577,152118,22800,0.1,1435,119328,9284,0.84,11768,35465,17133,16150,181129,50909
3182,16526,16526,87572,61424,0.83,13773,79834,64896,0.12,2000,2279,1274,16526,91774,64676,16526,4158,1334,0.13,2174,76839,22542,0.12,2025,43773,8650,0.82,13515,28147,14453,20002,173400,42623
3183,11921,11921,88910,61788,0.83,9906,79099,64194,0.12,1408,3352,1564,11921,93075,65348,11921,4127,1381,0.13,1543,108421,24450,0.12,1427,78535,8805,0.81,9660,29039,15205,13885,190468,48751
3184,10360,10360,108247,72472,0.82,8459,93171,72307,0.15,1592,2108,1420,10360,113465,76523,10360,5145,1586,0.14,1479,119123,28037,0.13,1358,84722,10810,0.83,8629,37684,18421,12251,225244,76217
3185,8966,8966,106903,66890,0.77,6910,92707,68283,0.16,1477,3534,1977,8966,112142,70409,8966,5087,1384,0.12,1112,107423,31358,0.12,1049,55819,10185,0.79,7059,40113,17890,9923,266612,80892
3186,16352,16352,170500,73381,0.62,10202,119195,69008,0.22,3560,5525,3077,16352,177525,78462,16352,6777,1163,0.1,1607,266346,37011,0.09,1482,209083,14255,0.76,12471,79524,25301,17279,619061,165674
3187,10539,10539,111098,64400,0.68,7179,104939,70349,0.2,2156,3234,1638,10539,116264,69592,10539,5005,1126,0.1,1016,212732,36134,0.09,945,177081,12818,0.75,7871,45391,20952,11219,332368,129297
3188,11786,11786,117213,65933,0.75,8796,105561,70220,0.18,2143,1842,932,11786,121978,70122,11786,4629,1228,0.1,1152,118154,28308,0.09,1059,84419,10353,0.76,8968,47731,21203,13019,300551,120841
3189,4056,4056,74933,59274,0.8,3238,79819,67718,0.17,686,913,190,4056,77989,61594,4056,2925,1190,0.11,441,66696,32223,0.1,421,40758,12500,0.78,3148,22742,14505,4459,162143,77633
3190,7499,7499,84092,64386,0.82,6151,87296,70938,0.15,1118,763,47,7499,87508,67379,7499,3394,1299,0.1,775,77487,26700,0.1,732,49791,10000,0.79,5931,26751,16685,8274,176506,91654
3191,7083,7083,120264,68927,0.72,5085,103648,72127,0.18,1285,2114,1282,7083,125334,72934,7083,4950,1300,0.1,688,122312,24656,0.09,660,85661,8854,0.76,5416,49093,21433,7724,372947,146321
3192,14983,14983,76888,59910,0.8,12027,79677,67234,0.16,2396,899,-48,14983,80381,62815,14983,3464,1125,0.1,1491,72808,25100,0.09,1393,49500,9950,0.77,11588,23803,15233,16494,167543,82617
3193,13548,13548,114222,63808,0.69,9306,100795,67500,0.2,2678,2745,1532,13548,119301,68210,13548,5005,1072,0.09,1205,115983,31697,0.08,1135,78914,10376,0.74,10012,47718,21066,14717,391760,161817
3194,8727,8727,79988,60522,0.78,6846,80301,67016,0.15,1341,2967,1209,8727,83167,62978,8727,3138,1084,0.09,767,104730,21796,0.08,724,82644,8064,0.77,6733,25608,15553,9626,206832,92595
3195,23373,23373,80354,60235,0.81,18885,79602,65846,0.19,4409,1144,10,23373,83859,63438,23373,3435,1150,0.09,2165,243760,32200,0.09,2081,220698,10188,0.78,18210,25637,15651,26030,205339,102770
3196,16192,16192,73684,60930,0.83,13427,74974,66586,0.14,2306,826,14,16192,76861,63514,16192,3131,1224,0.09,1498,88405,28202,0.09,1443,62836,10275,0.79,12871,21336,14428,18296,168974,89308
3197,7557,7557,75398,58180,0.78,5919,72924,62869,0.17,1300,2446,1142,7557,79287,61261,7557,3763,1038,0.09,713,97732,30720,0.09,678,69939,12098,0.77,5824,23426,14178,8510,227348,92647
3198,10097,10097,63005,53931,0.82,8285,65868,59762,0.11,1087,700,7,10097,65712,56035,10097,2676,969,0.11,1070,65164,26736,0.1,1028,40992,9834,0.77,7775,16654,11920,11654,126532,70040
3199,32459,32459,64145,52213,0.81,26130,65606,57580,0.12,3757,1786,458,32459,66981,54363,32459,2805,900,0.1,3277,84794,29350,0.1,3131,60129,11507,0.76,24629,17827,11437,37087,146114,65378
3200,2659,2659,50424,46184,0.86,2280,51711,49544,0.05,144,-184,306,2659,52274,47868,2659,1836,561,0.08,211,55759,27445,0.07,192,33866,12796,0.74,1974,11161,7874,3203,67809,32326
3201,13197,13197,59706,53792,0.88,11638,60854,57252,0.08,1057,13,-279,13197,62196,55884,13197,2459,980,0.09,1181,58726,29192,0.09,1139,39111,11593,0.81,10688,13987,10153,14557,95275,52631
3202,1694,1694,71471,57595,0.83,1399,74159,61744,0.17,294,-272,-340,1694,74918,60225,1694,3317,1095,0.1,176,119766,28614,0.1,166,94747,10529,0.77,1302,21250,14463,1888,141723,71121
3204,20928,20928,85340,61358,0.8,16768,84931,67211,0.2,4098,1538,476,20928,89059,64712,20928,3646,1210,0.1,2197,90713,25893,0.1,2063,60994,9295,0.77,16128,28835,16517,22753,198988,81972
3205,8340,8340,106903,69271,0.8,6667,95317,74257,0.17,1406,1659,558,8340,111407,72847,8340,4421,1420,0.11,947,122080,26581,0.1,875,71788,9238,0.8,6685,38728,18957,9450,248255,64080
3206,6767,6767,178133,80858,0.69,4682,128396,81146,0.23,1580,2146,1710,6767,187606,86236,6767,9133,1679,0.12,805,207801,36000,0.11,759,132465,12731,0.79,5337,78899,27301,7738,522963,155271
3207,11755,11755,113516,76068,0.78,9205,102590,82363,0.21,2453,1399,586,11755,118505,80609,11755,4872,1695,0.11,1237,111312,31500,0.1,1166,71303,11156,0.8,9440,41956,21874,13340,304100,108011
3211,778,778,83648,52344,0.78,607,67942,58369,0.17,134,2845,2002,778,87196,55828,778,3020,731,0.09,72,84877,28657,0.09,71,65019,13778,0.75,586,29811,12779,915,232089,91765
3212,11375,11375,66244,56517,0.85,9677,68412,61516,0.12,1314,1208,272,11375,69085,58886,11375,2785,1183,0.08,945,78604,26883,0.08,911,58590,12655,0.8,9046,17483,12369,12343,143011,71284
3213,2717,2717,69385,53859,0.82,2228,65306,55390,0.16,430,3534,1650,2717,72712,56274,2717,3243,1009,0.09,253,86894,28372,0.09,239,57621,11599,0.78,2110,20139,11895,2965,159530,65120
3214,11726,11726,48499,44606,0.86,10027,50005,47771,0.05,557,1690,888,11726,50473,46370,11726,1956,680,0.1,1174,48555,25604,0.09,1103,30621,12338,0.73,8610,10375,7326,13352,71857,24995
3215,12812,12812,64510,52698,0.83,10604,64392,56538,0.13,1628,3624,1674,12812,67324,55022,12812,2781,1026,0.1,1222,58556,24198,0.09,1150,37600,10723,0.78,10019,17220,10981,14161,156726,62291
3216,36634,36634,67194,51955,0.8,29467,65812,56368,0.13,4721,2212,902,36634,70340,54636,36634,3088,1001,0.1,3714,78785,24463,0.09,3452,55382,10327,0.75,27646,19740,11958,40009,180936,73445
3217,14486,14486,66233,58356,0.89,12934,66809,61098,0.09,1335,338,-356,14486,69084,60900,14486,2816,1362,0.1,1504,49978,22935,0.1,1434,30576,10049,0.83,12040,16384,11984,14650,100323,48592
3218,9488,9488,76119,59048,0.84,7952,72767,62586,0.14,1331,1821,630,9488,79562,62065,9488,3417,1300,0.1,977,80184,23789,0.1,931,50266,9903,0.81,7650,22372,13725,10377,170003,79266
3219,11605,11605,57962,49204,0.84,9757,58380,52496,0.09,1023,2016,895,11605,60548,51234,11605,2564,925,0.1,1118,73086,22022,0.09,1054,51367,9724,0.77,8943,14257,8983,13163,128533,53194
3220,11450,11450,93586,57846,0.75,8635,75853,58333,0.17,2002,3967,1819,11450,98231,61728,11450,4509,1137,0.11,1234,127048,30908,0.1,1150,77738,12886,0.77,8833,33297,15231,12544,306233,94252
3221,1396,1396,102108,55878,0.67,936,71740,58086,0.22,311,3574,2525,1396,108491,59583,1396,6124,928,0.12,166,134068,33813,0.12,162,87080,23381,0.75,1041,41060,15574,1520,351063,139500
3222,10660,10660,63878,49438,0.77,8234,62468,54581,0.12,1231,2872,1221,10660,66852,51951,10660,2947,924,0.1,1062,92514,29184,0.1,1015,62730,12427,0.74,7915,18458,10904,11884,182688,80252
3223,5437,5437,59648,43485,0.68,3706,60387,52302,0.15,825,3363,1984,5437,62869,45777,5437,3145,590,0.11,574,57359,25070,0.1,540,42061,10672,0.66,3595,19421,10767,6333,239474,109431
3224,8823,8823,59795,49792,0.78,6895,61690,55409,0.11,953,2741,992,8823,62439,52025,8823,2545,924,0.09,828,90839,30887,0.09,800,66688,13670,0.74,6573,16158,10666,9650,167665,75403
3225,3454,3454,77742,46813,0.58,2006,68202,54878,0.16,566,4878,3600,3454,82897,50532,3454,4999,823,0.11,384,222536,34374,0.11,381,190098,12376,0.67,2307,30605,14106,3789,444885,173347
3226,10819,10819,71918,53159,0.75,8082,69946,58212,0.16,1705,2600,1221,10819,75536,56022,10819,3567,1105,0.12,1246,79821,32254,0.11,1181,49128,13321,0.75,8085,22586,13187,12039,249289,111567
3227,3448,3448,96038,58863,0.67,2317,83948,59906,0.17,595,3112,1616,3448,101444,63546,3448,5196,1136,0.12,412,86823,31442,0.11,389,54083,11043,0.75,2569,36735,17768,3827,405535,153189
3228,15137,15137,83193,58894,0.75,11375,76332,62432,0.18,2688,2783,1504,15137,87145,62241,15137,3889,1257,0.13,2026,83519,34414,0.13,1922,51580,12698,0.77,11650,27733,15515,16470,237059,103133
3230,1918,1918,74579,46600,0.65,1246,66417,50443,0.18,345,4892,3771,1918,79220,49756,1918,4606,870,0.14,271,75570,29126,0.13,255,47932,12023,0.69,1323,27089,12112,2167,371825,131776
3231,996,996,77309,45559,0.63,628,64411,49074,0.15,154,5896,5545,996,81638,50616,996,4151,974,0.15,149,64115,30130,0.15,146,32553,11450,0.68,678,29315,12882,1081,394354,150662
3232,885,885,83793,43277,0.62,546,53588,45674,0.16,146,6969,4908,885,87757,46154,885,3902,520,0.14,120,111420,35845,0.13,113,81495,18493,0.71,624,33763,8941,978,316447,64264
3233,1437,1437,52951,40523,0.68,971,51627,43060,0.15,210,8396,5120,1437,55884,42981,1437,2683,440,0.16,228,66871,26972,0.15,219,49266,11538,0.67,967,14895,7803,1592,203809,70108
3234,121,121,77753,49004,0.55,67,76239,52930,0.22,27,4880,1797,121,82689,51937,121,4937,858,0.19,23,39316,21232,0.16,19,24127,13479,0.64,77,32374,13677,147,349579,92952
3235,282,282,59669,37048,0.62,175,67767,48152,0.18,52,1743,891,282,64988,43201,282,4374,774,0.22,63,121786,31750,0.21,59,102332,15900,0.66,186,19407,9648,291,260332,95882
3236,151,151,54812,44943,0.72,109,54941,46048,0.16,24,5878,2016,151,58172,45041,151,3110,710,0.13,19,52791,20020,0.12,18,35276,15340,0.66,99,16637,10747,154,188846,79942
3237,160,160,41986,30718,0.58,93,48906,42616,0.17,27,1787,2885,160,44693,33235,160,2462,109,0.2,32,48724,25393,0.22,36,38261,12775,0.58,93,12965,7785,178,141584,56582
3238,161,161,56673,40095,0.6,97,56274,46536,0.16,26,3492,362,161,60983,43570,161,3261,633,0.19,31,229806,37006,0.2,32,175746,18360,0.66,107,18563,7478,176,203040,66453
3239,259,259,59676,43017,0.71,183,56542,49348,0.1,25,5289,4692,259,62959,48362,259,2912,780,0.17,43,79100,31890,0.16,42,67431,23308,0.69,179,17706,8590,295,152097,61403
3240,1502,1502,71596,55250,0.76,1145,67208,56389,0.16,235,2169,1475,1502,75528,57986,1502,3586,1128,0.14,213,110226,34722,0.14,210,83937,24308,0.77,1158,21607,13032,1595,242805,97538
3241,1915,1915,58707,47568,0.76,1454,58536,53454,0.12,226,2850,1601,1915,61883,51014,1915,2748,686,0.13,258,71552,35621,0.13,250,50023,19602,0.73,1398,16200,10455,2050,157521,64164
3242,665,665,58602,47099,0.7,468,58985,50988,0.13,85,4989,2294,665,62318,51049,665,2917,688,0.15,102,109029,41283,0.15,97,90301,22483,0.73,483,16614,10041,683,207054,73591
3243,254,254,56167,43998,0.63,160,59350,52996,0.09,23,8164,5676,254,60733,48648,254,4116,674,0.16,40,76320,34987,0.16,40,65530,24451,0.69,176,15291,9731,265,240468,85493
3249,2208,2208,54287,45860,0.7,1544,53922,49700,0.12,267,4407,2686,2208,58908,49381,2208,3323,605,0.14,314,122553,41010,0.14,311,102736,28546,0.71,1559,14611,9746,2341,180084,74026
3250,7600,7600,56367,49348,0.8,6111,56316,53289,0.1,741,3953,2129,7600,59488,51946,7600,2964,841,0.08,583,115903,32957,0.08,570,97826,17519,0.76,5812,13799,9216,8461,147897,56971
3251,356,356,60110,49574,0.72,255,58096,55886,0.13,45,2017,1157,356,64489,54177,356,3342,779,0.15,52,101556,46648,0.15,54,80583,24572,0.74,262,16358,10272,377,172289,61319
3254,186,186,55383,53091,0.83,155,53208,51351,0.12,22,2106,2444,186,59184,55321,186,2857,764,0.1,19,115099,54940,0.1,18,117785,49011,0.78,146,12710,10556,208,111701,47599
3260,2849,2849,55400,46287,0.72,2055,54114,48085,0.11,301,4675,3190,2849,59129,49005,2849,3219,553,0.1,286,91885,37872,0.1,281,72733,20020,0.72,2052,14370,9433,3142,181318,68990
3264,1461,1461,57592,47800,0.74,1085,54257,51981,0.12,175,4518,2978,1461,61105,50785,1461,3109,755,0.1,140,146270,44452,0.09,133,119823,20455,0.72,1059,15410,9332,1603,169106,67472
3265,1651,1651,58628,50820,0.71,1166,55413,50356,0.11,179,4663,3142,1651,63650,54835,1651,4409,754,0.11,188,105937,42304,0.11,180,97460,22438,0.76,1253,15178,10155,1759,136961,52981
3266,1830,1830,57561,47828,0.7,1283,55057,51257,0.11,193,5073,3478,1830,61633,51582,1830,3411,563,0.11,205,119746,36110,0.11,196,100581,23848,0.73,1344,14841,9478,2011,157226,61593
3267,169,169,51136,48615,0.56,95,52395,49138,0.14,24,4829,4456,169,55059,50488,169,3359,185,0.12,21,149218,29878,0.12,20,116906,17162,0.7,118,12105,8493,175,137950,49225
3268,1809,1809,54930,45413,0.66,1188,52230,45922,0.1,175,5307,2718,1809,61870,49352,1809,3424,517,0.12,219,139332,38431,0.11,206,115125,22324,0.72,1310,13860,8778,1889,177445,53116
3269,443,443,58237,43647,0.7,308,52903,42892,0.15,68,6061,3500,443,63051,47471,443,4262,447,0.15,67,75348,23581,0.14,61,63853,10396,0.69,307,17447,8674,485,190096,54223
3270,171,171,53461,42508,0.55,94,58158,51172,0.22,37,4951,4520,171,59175,46778,171,5073,457,0.19,32,144502,40179,0.18,31,129721,18886,0.65,112,15572,9452,172,240484,83638
3271,135,135,47813,41576,0.58,78,41361,39794,0.12,16,8057,4135,135,55406,44919,135,4895,516,0.16,22,130952,14240,0.16,21,95153,4039,0.7,94,13697,6442,137,164972,39462
3272,902,902,51265,43596,0.71,639,48831,45321,0.08,76,4695,1933,902,55802,45804,902,3208,749,0.12,108,163919,44514,0.11,103,132924,17577,0.7,635,12731,7764,980,135721,54250
3273,98,98,74986,50722,0.52,51,42088,39520,0.07,7,1647,3307,98,81631,53450,98,5111,270,0.1,10,130308,58568,0.1,10,89064,28452,0.73,72,23091,11599,94,332650,41564
3274,158,158,62444,44040,0.52,82,47564,44885,0.15,23,8258,3836,158,73658,50872,158,6530,221,0.11,17,174739,87096,0.1,16,185178,34989,0.66,104,22488,9223,149,189516,72996
3275,324,324,60806,52863,0.83,268,62524,57574,0.12,38,-116,616,324,64285,57742,324,2927,994,0.11,36,107537,69589,0.11,37,66841,27124,0.8,260,14469,10057,346,142616,65342
3276,310,310,52941,43288,0.77,239,49700,42708,0.13,40,5142,4278,310,55680,44992,310,2480,611,0.11,34,57696,34771,0.1,31,48238,20162,0.75,232,12745,7355,326,106350,47463
3277,1166,1166,66389,52325,0.73,849,58874,54859,0.12,142,4555,3278,1166,71202,56083,1166,4066,1098,0.11,123,99471,38290,0.11,124,53099,13461,0.79,924,17933,10129,1238,190672,76118
3278,191,191,62113,49243,0.84,160,50990,47609,0.09,18,9395,4210,191,65505,51482,191,3070,1121,0.13,25,121727,25246,0.13,24,117540,11737,0.79,151,15535,9269,223,128485,50634
3279,226,226,61483,48894,0.65,147,49103,42254,0.15,35,6984,3614,226,67683,52802,226,3685,446,0.19,42,110654,74526,0.19,42,82698,35766,0.76,172,15841,10521,222,130535,40958
3280,20691,20691,60534,49909,0.81,16678,58005,52662,0.1,2156,4163,2109,20691,63930,52599,20691,3270,926,0.09,1842,98756,30448,0.09,1773,65244,11354,0.76,15819,15917,9641,22737,170295,67000
3281,1237,1237,64824,52466,0.75,930,62024,54562,0.15,188,3589,2426,1237,68691,55530,1237,3742,1008,0.1,128,123167,46162,0.1,123,97940,26429,0.77,955,17912,11219,1323,197287,86985
3282,1734,1734,58887,50444,0.77,1332,57137,53162,0.13,230,5008,2344,1734,62469,53564,1734,3362,874,0.12,206,80294,33502,0.11,199,60050,20412,0.77,1331,14636,9758,1863,156687,79188
3283,873,873,61997,49825,0.73,636,57505,50757,0.17,146,4063,2882,873,66757,54160,873,3947,793,0.12,102,140904,51280,0.11,99,109826,22945,0.76,667,16496,10544,934,163284,71507
3284,2184,2184,65024,47130,0.63,1381,59213,51673,0.15,331,8435,4369,2184,69304,50256,2184,4007,728,0.13,291,110510,41725,0.13,289,70867,14344,0.71,1546,20391,11043,2460,277906,109473
3285,789,789,75718,51345,0.7,550,63277,53487,0.16,124,3747,1288,789,79899,54708,789,3926,860,0.15,120,389401,42670,0.14,111,397256,32094,0.75,594,25225,11287,829,205375,85923
3286,366,366,63340,46680,0.63,229,49339,48372,0.12,45,3873,699,366,67046,48252,366,3079,398,0.15,55,116187,42212,0.15,54,71533,29274,0.72,262,19520,8223,377,145007,57958
3287,287,287,63250,52700,0.69,197,51721,47961,0.09,25,1504,1016,287,69693,56283,287,3933,600,0.1,30,139464,72518,0.1,30,98114,47786,0.77,222,16378,9623,308,120121,45578
3289,454,454,55021,45078,0.67,303,46153,44069,0.1,46,3763,1536,454,59589,49024,454,3100,300,0.13,57,104033,61704,0.11,51,92007,55594,0.7,320,14695,8691,501,156753,54834
3292,94,94,49155,37624,0.55,52,59482,48214,0.15,14,6093,4527,94,54617,42617,94,3457,344,0.12,11,64851,38486,0.14,13,20754,13274,0.68,64,13696,5354,112,222365,128230
3293,209,209,65718,48180,0.62,130,48721,44924,0.1,21,1924,273,209,71675,52724,209,4507,508,0.16,33,150091,56097,0.14,30,125325,50952,0.74,154,18064,10482,220,243025,65746
3294,645,645,59668,46089,0.62,401,54268,48400,0.18,113,7066,2753,645,65092,49616,645,3605,385,0.12,78,146319,43611,0.12,77,131753,37457,0.71,457,17445,9128,654,240347,82582
3300,6080,6080,57201,47738,0.76,4616,55279,50415,0.11,688,4746,2616,6080,60274,50306,6080,2864,695,0.09,537,94020,36078,0.08,516,69946,17960,0.74,4501,14983,9065,6699,173023,68623
3301,804,804,72670,49275,0.68,549,53572,47648,0.16,129,7453,3071,804,84105,53496,804,5027,432,0.13,107,204160,44132,0.13,103,194705,38984,0.74,594,25429,9688,836,230392,77710
3302,268,268,63535,48492,0.68,181,51906,48380,0.15,41,6329,3071,268,78837,49713,268,4186,372,0.15,39,98587,32870,0.15,39,78980,22614,0.69,185,19948,11215,275,158863,58858
3303,190,190,56868,45754,0.71,135,55416,51115,0.08,15,21257,4925,190,62639,51606,190,3007,495,0.16,30,171598,92719,0.15,29,140706,66520,0.72,137,15543,9217,193,167183,52863
3304,1539,1539,55741,46790,0.73,1119,53712,48417,0.08,130,4459,2128,1539,58845,48845,1539,2812,507,0.11,170,183591,43193,0.11,173,158337,24529,0.72,1115,14249,9700,1706,158531,67000
3305,7563,7563,58362,47533,0.8,6066,59422,51754,0.11,816,2756,1978,7563,60905,49788,7563,2449,749,0.09,696,84448,31600,0.09,684,63993,17122,0.73,5513,15722,10469,8596,179266,74119
3309,67,67,50048,37318,0.51,34,50242,42892,0.18,12,6176,1763,67,52331,41873,67,1983,350,0.1,7,259358,88741,0.1,7,189833,31239,0.63,42,14532,7542,64,130295,60903
3310,150,150,51185,47622,0.69,104,48176,48759,0.11,16,1386,1470,150,54359,49168,150,2707,431,0.17,25,140097,39768,0.17,26,126358,15914,0.74,111,11686,8040,166,92379,58327
3311,885,885,52909,43385,0.7,622,52615,48630,0.1,86,3818,2630,885,56098,46743,885,2595,483,0.12,109,153557,56238,0.12,108,116140,35906,0.7,620,13544,8386,1015,136026,59791
3312,577,577,62405,46832,0.6,349,47115,40131,0.14,82,5976,2798,577,66624,51378,577,3542,294,0.12,71,130433,45082,0.11,65,106818,34097,0.74,427,16064,8803,575,205336,62996
3314,363,363,57958,45719,0.61,222,51691,43306,0.18,64,4632,2125,363,62699,47323,363,4054,320,0.13,48,136645,64464,0.13,46,120643,45372,0.71,258,16775,9074,365,192119,78734
3315,994,994,56479,44138,0.64,634,49458,44128,0.14,141,4678,2941,994,61737,46864,994,3616,328,0.12,115,130443,45550,0.11,108,103342,32200,0.71,701,15668,8779,1031,188603,64218
3317,120,120,51945,39246,0.67,80,48709,37380,0.22,26,10378,4248,120,55436,41438,120,2733,310,0.18,21,135479,57205,0.19,23,102826,37608,0.7,84,13561,10017,130,141092,49837
3318,714,714,56268,45579,0.68,484,49355,46653,0.14,102,5998,2844,714,61114,48232,714,3628,396,0.11,82,141758,57496,0.11,82,117220,34400,0.7,501,16192,9897,795,142418,58227
3319,243,243,63612,49024,0.63,154,51819,48576,0.15,37,3403,1621,243,68625,53003,243,3422,313,0.12,28,151385,60548,0.12,28,142320,47364,0.72,175,20116,9197,258,165347,71176
3321,1074,1074,68055,55442,0.75,804,66915,58856,0.14,151,1188,254,1074,71736,59551,1074,3298,916,0.11,121,98629,47558,0.11,119,70353,19672,0.75,808,19953,13946,1144,191099,95663
3322,101,101,44893,40620,0.69,70,52795,49066,0.12,12,7707,3000,101,48440,42834,101,3459,560,0.14,14,130385,47916,0.14,14,127079,37763,0.67,68,10643,7560,105,130462,48110
3323,74,74,51304,58878,0.57,42,56775,57950,0.12,9,6394,8545,74,58938,65913,74,6926,846,0.11,8,192175,227062,0.11,8,159835,165642,0.68,50,16714,13884,75,279869,85733
3324,319,319,53997,42244,0.66,211,50397,43121,0.07,23,4050,4880,319,59649,48247,319,4243,600,0.16,51,149375,55549,0.15,48,132225,33034,0.68,216,15609,9351,340,223374,59008
3325,283,283,44604,38844,0.64,182,42278,39320,0.2,56,1244,1240,283,48697,40929,283,3507,391,0.11,31,113789,66935,0.09,26,108705,61886,0.65,184,13196,6524,296,240643,60940
3328,1362,1362,66066,55112,0.84,1143,66219,58163,0.09,119,1582,1019,1362,69284,58086,1362,3044,1238,0.09,126,91696,39180,0.09,123,64386,18715,0.79,1082,17532,12359,1512,139880,83044
3329,195,195,53498,45434,0.66,128,53910,47632,0.14,27,-202,481,195,57237,48036,195,3136,438,0.16,32,147895,45651,0.16,31,131064,32535,0.69,135,14668,9431,201,209242,69125
3330,132,132,49704,42159,0.75,99,48850,48370,0.1,13,6751,3061,132,52550,44309,132,2517,447,0.16,21,60953,29451,0.15,20,53441,36960,0.69,91,12456,7909,143,205396,49524
3331,4366,4366,67937,55630,0.84,3655,66873,59999,0.12,529,1607,353,4366,71399,58384,4366,3318,1164,0.09,394,80988,34690,0.09,377,62626,16089,0.78,3409,19125,12778,4622,176069,82630
3332,763,763,60567,49902,0.8,611,59982,52653,0.15,112,2008,1046,763,63458,52000,763,2678,1020,0.11,85,73211,36486,0.11,81,52598,31102,0.77,584,16167,10558,834,183379,74550
3333,528,528,71906,46210,0.75,396,58865,53163,0.12,62,3583,3748,528,75059,47634,528,3070,646,0.13,70,78380,28753,0.13,71,64307,26512,0.73,388,24824,9439,566,170587,67976
3334,349,349,59190,49469,0.78,273,58541,50837,0.08,29,6531,3360,349,62812,52429,349,3344,910,0.09,33,60656,37529,0.11,37,56278,33722,0.78,273,14612,9489,392,145295,72631
3335,6126,6126,61859,54425,0.87,5299,63362,59313,0.1,605,-1696,-1560,6126,64402,56488,6126,2535,1222,0.14,846,39025,21730,0.13,779,26832,10217,0.79,4828,15888,11174,5954,56080,27160
3336,11751,11751,64322,57259,0.88,10302,67815,62759,0.14,1628,-2515,-1999,11751,66929,59734,11751,2593,1360,0.13,1555,63430,25663,0.12,1459,48076,11530,0.8,9438,16337,12439,11250,62707,35182
3337,22021,22021,56023,49230,0.84,18592,58384,54203,0.09,1912,-22,-672,22021,58535,51485,22021,2478,986,0.09,2002,56897,25730,0.09,1905,39439,11771,0.76,16634,13708,9672,24142,94147,39480
3338,20970,20970,56676,50210,0.86,17991,60302,55557,0.08,1584,-1656,-1326,20970,59211,52477,20970,2516,1056,0.12,2465,42986,22312,0.11,2301,28295,10444,0.76,16018,13755,10026,21544,71961,28625
3340,15268,15268,70056,55512,0.84,12767,68022,60088,0.11,1750,1630,-194,15268,73205,57954,15268,3109,1225,0.09,1349,66611,28170,0.08,1289,46801,13513,0.78,11917,20373,12522,16627,154626,68681
3341,1004,1004,68601,56358,0.83,834,71406,60870,0.17,167,-1008,-868,1004,72199,59746,1004,3497,1295,0.09,94,90908,24956,0.09,89,72675,20248,0.78,781,19428,13920,1153,174577,97065
3342,2278,2278,66292,53991,0.81,1852,67096,60434,0.11,261,1147,-16,2278,69632,57084,2278,3201,1118,0.11,243,78566,29035,0.1,237,60006,18494,0.77,1744,18925,12280,2575,169066,82990
3345,852,852,73594,61246,0.81,688,75940,66026,0.14,118,1278,336,852,76973,62997,852,3346,1364,0.11,92,52135,25326,0.1,83,40827,18236,0.79,676,21382,14295,946,174055,99366
3350,39204,39204,66497,51689,0.82,32068,64522,55740,0.13,4925,1385,597,39204,69864,54447,39204,3274,1132,0.09,3558,91268,25800,0.09,3410,61224,11066,0.77,30035,18973,11266,42744,179802,70649
3351,5461,5461,57906,49053,0.8,4374,59734,53443,0.12,656,2028,1379,5461,61698,52291,5461,3398,1005,0.1,555,103102,34660,0.1,540,82954,19081,0.75,4101,15168,9831,6071,152963,72337
3352,11443,11443,64473,51540,0.8,9117,63125,55452,0.13,1509,3157,1426,11443,68091,54847,11443,3338,1042,0.11,1287,100001,34073,0.11,1233,76437,20337,0.76,8711,18204,10979,12235,172386,77320
3355,6536,6536,56172,45490,0.8,5220,55872,49954,0.08,536,2995,1404,6536,58768,47586,6536,2547,782,0.08,515,71937,27898,0.08,505,44156,12441,0.72,4735,15111,8330,7401,137193,50848
3356,8220,8220,50460,45311,0.84,6888,52483,49063,0.06,531,1699,403,8220,52985,47499,8220,2421,826,0.08,677,67147,28189,0.08,643,48557,13252,0.74,6075,11248,7714,8983,98698,43445
3357,2328,2328,70189,56404,0.77,1781,71072,60864,0.18,408,1616,814,2328,74138,59414,2328,3865,1224,0.09,215,103506,33716,0.09,198,76378,14966,0.75,1745,21371,13734,2567,238782,128537
3358,2339,2339,63520,55139,0.91,2124,61972,57620,0.07,171,651,224,2339,66282,57291,2339,2709,1326,0.08,195,83373,26533,0.08,190,66488,12448,0.83,1946,15333,10267,2348,87837,43976
3360,436,436,55799,49416,0.76,333,57582,53620,0.09,40,2872,2626,436,58946,52616,436,3020,872,0.08,35,132970,15716,0.08,37,105270,8310,0.74,324,13708,10184,487,147311,67067
3361,352,352,49449,42463,0.68,241,53081,51147,0.15,54,3616,1834,352,54047,45417,352,3640,576,0.1,34,142233,31152,0.09,31,146084,24892,0.66,234,13979,9866,363,175438,52754
3363,1902,1902,58614,45833,0.76,1439,57426,51418,0.12,235,3801,2256,1902,61712,48508,1902,2890,772,0.11,208,101426,35072,0.11,202,80455,17104,0.72,1365,16921,8993,2181,165949,80745
3364,1283,1283,55037,43584,0.69,888,56145,47270,0.13,167,2807,2700,1283,59286,46680,1283,3548,560,0.16,205,103284,42757,0.16,203,82296,23470,0.69,887,15513,9773,1381,176069,86275
3370,995,995,51328,43203,0.76,753,53526,47803,0.12,118,3785,2328,995,54006,44881,995,2643,597,0.14,144,69017,25526,0.14,143,52776,15273,0.68,677,13456,8555,1147,125182,67719
3371,531,531,47075,38327,0.74,391,48503,42145,0.1,52,2980,3079,531,49654,40238,531,2363,495,0.15,82,92358,35469,0.15,77,81321,24729,0.68,361,11109,6166,620,119011,50670
3373,1347,1347,52477,42503,0.74,998,57925,51798,0.13,173,1890,2082,1347,56183,46695,1347,2843,694,0.09,125,103403,30089,0.09,121,95162,24765,0.69,934,14313,9019,1502,164122,71517
3374,244,244,60856,53064,0.79,192,61935,57582,0.11,28,8449,2027,244,63987,54818,244,2623,813,0.13,31,80131,42103,0.12,29,72470,52978,0.75,184,16100,11165,269,207414,97053
3375,148,148,70243,45280,0.6,89,51754,44793,0.17,25,9283,1268,148,78206,51831,148,5021,400,0.1,15,259916,41345,0.1,15,236844,97080,0.67,99,24983,12072,149,400946,66040
3377,5124,5124,54693,46346,0.8,4107,56086,50438,0.1,514,4277,2291,5124,57389,48558,5124,2525,714,0.09,441,113298,33162,0.08,413,97088,19423,0.73,3719,14038,9012,5879,152081,60743
3378,103,103,83238,70465,0.53,55,45587,35880,0.09,9,4431,2640,103,93866,77011,103,9556,1693,0.1,10,110654,43246,0.1,10,81286,14132,0.84,87,21833,14664,102,316266,105411
3379,394,394,60609,47479,0.61,242,46642,41541,0.14,55,8655,4003,394,66160,50418,394,5386,472,0.11,45,128153,30302,0.11,42,90956,24838,0.73,287,18230,9329,420,266722,63174
3380,3615,3615,53159,45394,0.79,2860,54292,50000,0.11,382,3356,1546,3615,55891,47973,3615,2367,545,0.07,255,100540,40766,0.07,252,81766,23568,0.73,2632,13477,8259,4074,142526,54974
3381,807,807,55739,43237,0.73,593,53618,46212,0.18,142,6132,2959,807,59513,45438,807,3659,545,0.14,114,76199,26195,0.14,110,53038,14861,0.71,573,15703,8735,862,204684,89763
3384,352,352,45153,40427,0.69,244,48602,45940,0.12,42,7361,3865,352,48765,42422,352,2483,302,0.15,54,102501,34468,0.14,50,87773,25260,0.62,220,12567,8799,381,129134,65007
3385,297,297,59036,39859,0.63,186,52254,48214,0.12,35,4000,2654,297,61356,41088,297,2288,265,0.13,39,249338,49790,0.13,39,218908,21217,0.66,197,18850,8744,312,229939,60382
3387,191,191,57719,45694,0.62,119,44648,38654,0.1,19,9449,2606,191,63152,47483,191,4813,383,0.09,18,71146,15600,0.08,15,81315,33434,0.72,137,14617,10151,189,190450,48738
3388,348,348,70188,52314,0.62,217,51550,50832,0.12,43,10050,3636,348,76633,55690,348,6156,650,0.12,42,141266,42554,0.11,39,121967,23599,0.73,255,20677,12038,376,270161,52163
3390,521,521,56030,45505,0.73,381,50122,44669,0.12,64,2561,1187,521,59452,47066,521,2571,559,0.08,40,219265,34754,0.08,40,177571,14118,0.7,366,15865,10329,568,159679,70175
3391,99,99,57417,45000,0.56,55,43869,42868,0.05,5,7714,4511,99,63235,50367,99,3551,455,0.11,11,94327,27415,0.11,11,47155,11841,0.68,67,15880,7766,91,131645,52620
3392,305,305,64640,41997,0.66,200,45650,36121,0.11,35,7599,2191,305,68964,43290,305,4159,446,0.09,28,59669,23700,0.08,23,55209,25395,0.67,204,20440,10817,330,148932,60266
3393,1442,1442,64912,47309,0.71,1028,50850,48098,0.11,159,6067,2274,1442,68880,50424,1442,3576,497,0.09,134,132718,36528,0.09,133,103216,17508,0.73,1051,19367,9295,1582,221676,72157
3395,243,243,72975,55377,0.6,146,47115,45062,0.09,21,13008,7748,243,81353,58241,243,6059,398,0.06,15,76302,29587,0.06,14,58528,37414,0.76,184,21856,12077,261,247955,51460
3396,429,429,66195,45945,0.61,261,51064,47460,0.1,43,5203,4355,429,70837,47994,429,4274,429,0.08,35,39511,20197,0.08,33,33407,24852,0.65,280,22314,11675,449,255154,62163
3400,8835,8835,58935,49264,0.8,7055,56725,51914,0.11,962,4881,2155,8835,61993,51352,8835,2861,722,0.06,574,84526,36072,0.06,552,58179,14686,0.76,6713,15154,9478,9535,166283,64840
3401,2943,2943,64765,51940,0.73,2134,54583,49541,0.15,447,6460,2835,2943,69475,55462,2943,3981,727,0.11,318,138699,46104,0.11,313,112278,26188,0.76,2229,18058,11381,3052,190720,85649
3407,276,276,57757,47910,0.58,159,48401,42872,0.11,30,4438,2972,276,62995,53263,276,4116,314,0.11,30,83339,35894,0.11,29,62085,17013,0.72,198,16400,10030,297,150411,68631
3409,661,661,58725,46761,0.64,422,48825,44415,0.15,101,7401,3434,661,64000,51148,661,3913,455,0.11,74,109363,47786,0.11,73,80721,21630,0.73,480,16207,9984,674,226127,73477
3412,187,187,63568,48853,0.65,121,54962,54105,0.17,31,8684,881,187,73039,55741,187,3861,582,0.12,22,77731,40184,0.1,19,69058,28151,0.72,134,21166,10254,185,191488,52456
3413,112,112,57513,50778,0.47,53,53657,52300,0.2,22,8191,3731,112,64136,52314,112,4979,51,0.14,16,83614,22227,0.12,13,68660,69925,0.77,86,13545,8791,104,210345,55974
3414,938,938,58590,45834,0.71,663,56134,50299,0.09,89,7888,1965,938,62391,48316,938,3301,584,0.08,71,180145,38606,0.08,79,135879,19497,0.7,658,16588,8914,1059,158738,67484
3418,1655,1655,58089,50534,0.69,1135,52269,50841,0.11,186,8126,3661,1655,63163,53415,1655,3869,555,0.09,142,131321,48762,0.08,138,104097,25934,0.76,1260,14687,8762,1786,185581,54747
3419,566,566,56099,44475,0.64,362,48511,45052,0.13,71,5631,2817,566,62697,47100,566,4174,460,0.1,54,153079,50603,0.09,50,153787,33704,0.7,399,15281,8982,599,219060,72561
3420,158,158,70369,50589,0.51,80,37646,30028,0.13,20,6165,4190,158,80182,55612,158,8459,848,0.1,16,199461,49323,0.09,15,189011,15877,0.77,121,19940,9532,164,361101,63630
3423,203,203,44880,36359,0.66,134,46670,42434,0.08,16,11355,5226,203,48391,39641,203,2138,275,0.1,20,171185,52813,0.1,20,125694,23833,0.64,129,12571,7402,216,169268,60662
3424,467,467,60967,44081,0.61,285,49142,45000,0.13,61,12985,3195,467,66917,48403,467,4270,340,0.1,49,211067,57114,0.1,47,173251,40992,0.67,311,19352,10097,480,271206,68992
3427,3728,3728,66147,59931,0.87,3256,68131,65114,0.1,361,388,-63,3728,68883,62436,3728,2705,1352,0.1,388,111297,27076,0.1,366,97958,11792,0.82,3067,16660,12858,3951,105126,50491
3428,400,400,69594,48665,0.75,300,64090,52970,0.2,82,3532,2177,400,73052,50742,400,3070,921,0.09,36,169088,53798,0.09,35,137704,25129,0.73,293,22146,13375,447,164772,68388
3429,23769,23769,67245,56982,0.85,20198,68853,61611,0.12,2784,448,-74,23769,70240,59466,23769,2961,1222,0.08,1984,63913,24004,0.08,1867,44100,10948,0.79,18833,18260,12728,26583,153982,75647
3430,174,174,85951,51980,0.71,124,65825,53754,0.15,26,3835,78,174,90346,54372,174,3790,730,0.13,23,168517,84170,0.14,24,143405,48784,0.74,129,32355,11689,185,260989,76028
3431,2755,2755,70397,55357,0.81,2219,72018,61841,0.15,425,1373,596,2755,73957,59118,2755,3499,1246,0.11,301,75060,33786,0.11,291,52856,14527,0.76,2105,20938,14008,3090,228668,111401
3432,118,118,97952,48443,0.69,82,73350,55621,0.16,19,4873,3077,118,101847,50224,118,3474,771,0.14,17,111137,78044,0.15,18,90839,42468,0.67,79,47856,11828,133,242128,99523
3433,128,128,70710,49070,0.77,98,72607,50705,0.1,13,3735,1881,128,73996,50753,128,3267,1204,0.16,20,143554,62355,0.16,21,121704,35859,0.71,91,23808,15712,150,215317,104327
3434,3689,3689,72018,57369,0.82,3011,71782,62916,0.11,390,1642,591,3689,75620,60430,3689,3453,1335,0.11,412,83116,33556,0.11,408,58077,14695,0.78,2887,21324,13500,4136,172955,84080
3435,1984,1984,66865,53501,0.77,1521,69634,60118,0.13,261,1792,843,1984,70627,56400,1984,3656,1248,0.15,295,102135,37871,0.15,294,83427,17841,0.76,1511,19540,12394,2199,175092,84388
3437,7200,7200,78733,60710,0.79,5689,78771,66740,0.16,1175,1191,275,7200,82553,63932,7200,3756,1312,0.1,737,87105,31280,0.1,724,58340,12784,0.77,5552,24997,16436,7955,230007,118532
3438,1506,1506,78502,59153,0.79,1195,79120,64829,0.15,227,800,863,1506,82194,62387,1506,3673,1230,0.09,129,139587,24163,0.08,128,121739,14635,0.75,1136,25794,16082,1652,231902,116078
3440,1271,1271,90931,63367,0.76,962,91054,69593,0.17,213,1297,875,1271,95839,67996,1271,4787,1310,0.13,161,107821,42211,0.13,159,65868,14559,0.75,957,33001,18235,1442,269133,128997
3441,877,877,124465,69712,0.69,608,103535,75750,0.18,157,-3298,259,877,130445,73893,877,5833,1329,0.13,118,130365,37038,0.13,114,78850,12205,0.76,663,52870,22179,1024,365293,146243
3442,5025,5025,85317,58122,0.75,3745,84462,65709,0.16,808,2830,1278,5025,89193,61709,5025,3775,1150,0.13,677,85850,30050,0.13,663,58632,13248,0.75,3765,29970,16485,5690,249272,122674
3444,5861,5861,71573,51850,0.74,4343,69212,57205,0.13,785,4742,2357,5861,75131,54953,5861,3407,890,0.14,838,87350,34651,0.14,813,61734,15585,0.75,4393,22598,12579,6605,203003,88735
3446,680,680,61078,50838,0.74,504,64921,56665,0.13,87,2437,2102,680,63498,52568,680,2403,785,0.18,124,58755,38850,0.18,123,34117,16499,0.73,495,17265,12057,768,166920,79818
3447,318,318,62157,42233,0.69,220,67224,55044,0.09,29,3005,3022,318,64534,44761,318,2377,560,0.23,74,58227,28704,0.22,69,39049,11206,0.68,215,20297,12298,368,175324,87319
3448,579,579,64059,45617,0.71,413,61759,50000,0.14,79,5195,1353,579,66765,47790,579,2586,600,0.15,85,75704,33629,0.15,86,45643,18369,0.71,410,19906,10525,664,196983,101027
3450,3973,3973,57802,43927,0.68,2688,58750,49952,0.17,675,6202,3946,3973,61016,46335,3973,3129,732,0.18,705,64063,21146,0.17,676,43460,10363,0.68,2707,17273,10460,4549,228058,90471
3451,3271,3271,60461,47999,0.75,2449,60568,52806,0.14,449,4904,2817,3271,65025,50418,3271,4485,815,0.18,576,66985,27108,0.17,546,44642,13058,0.73,2391,16966,10463,3736,181734,85785
3453,1221,1221,64750,49805,0.76,925,61103,53292,0.15,185,2801,2122,1221,68037,53260,1221,3139,788,0.12,149,98550,29725,0.12,150,70894,12626,0.75,917,18927,11142,1343,200053,88153
3458,1395,1395,66284,46963,0.67,928,72074,58220,0.15,216,4357,2664,1395,69785,50149,1395,3285,759,0.19,262,74769,34858,0.18,255,54540,15682,0.69,960,22353,12613,1588,246366,112514
3460,1626,1626,60967,43468,0.64,1047,62928,48557,0.19,301,6453,3507,1626,64876,46043,1626,3714,690,0.19,303,74870,35202,0.18,299,48058,12021,0.7,1131,18730,8555,1867,247464,94487
3461,2591,2591,67770,42617,0.68,1763,62756,49017,0.15,381,3250,1575,2591,71003,44934,2591,2986,563,0.2,506,64214,26894,0.19,482,43797,12264,0.68,1771,23956,9738,2918,196658,83064
3462,681,681,51850,43293,0.7,476,54173,48884,0.16,107,5269,3997,681,55426,46078,681,3255,620,0.21,141,64567,21117,0.19,130,46496,10535,0.68,466,13603,9374,779,167988,81966
3463,1453,1453,54834,42248,0.66,955,58774,49453,0.15,220,4182,2690,1453,58398,45306,1453,3011,531,0.16,230,67712,28988,0.16,230,45192,15064,0.66,958,16673,9199,1631,190632,87114
3464,635,635,50858,43114,0.78,494,53067,48426,0.11,70,3497,2106,635,54218,45724,635,2372,700,0.11,71,107016,24185,0.11,68,102990,24392,0.7,442,12567,8548,700,131919,62196
3465,4793,4793,49812,42118,0.78,3717,50012,45791,0.11,540,3367,2148,4793,52227,44243,4793,2243,547,0.09,421,83597,31200,0.08,405,63375,14526,0.7,3334,12338,7292,5365,128192,56207
3467,679,679,49129,42352,0.72,488,51076,46466,0.13,89,4795,2703,679,51643,45298,679,2409,465,0.11,73,72183,27707,0.11,72,66432,18558,0.67,457,12331,8363,723,125148,55556
3468,157,157,44519,33488,0.69,108,46490,36168,0.04,7,-10,-1775,157,47699,33839,157,2943,360,0.22,35,63205,34957,0.23,36,48911,21704,0.57,90,11819,7364,160,190478,68840
3469,146,146,60908,40430,0.7,102,56566,44478,0.14,20,3879,7,146,63748,42174,146,2475,386,0.16,23,200821,32838,0.16,23,146790,22276,0.64,94,19074,9634,161,158646,73496
3472,740,740,46555,37753,0.68,506,49073,44702,0.13,93,4003,3418,740,48872,39368,740,2125,407,0.11,80,61434,38491,0.1,77,47564,23357,0.64,473,11697,7109,834,126134,58042
3475,166,166,40260,33188,0.54,90,53705,45207,0.06,10,1910,0,166,46022,36268,166,2151,247,0.16,26,252267,33874,0.15,25,245082,18768,0.58,96,12340,6771,167,155566,59191
3477,486,486,53575,44180,0.64,309,45712,43237,0.09,45,6200,3500,486,57517,46035,486,3212,330,0.12,56,85085,37993,0.12,56,79550,27550,0.69,336,14289,8398,494,186125,62042
3478,1339,1339,50819,42846,0.71,951,52242,48189,0.11,144,4387,1892,1339,54108,45207,1339,2582,601,0.09,123,108968,46160,0.09,123,78997,21517,0.69,928,13030,8652,1481,168233,66846
3480,1067,1067,50015,41028,0.73,781,51270,45824,0.13,134,3613,1531,1067,53908,43931,1067,3089,695,0.09,92,91103,26104,0.08,81,97039,27291,0.69,731,12753,7549,1106,170167,61341
3482,96,96,48930,43846,0.61,59,37823,28191,0.03,3,10071,12125,96,53901,45579,96,2303,102,0.11,11,93853,35550,0.11,11,55532,12965,0.67,64,11305,5889,91,129345,44750
3483,564,564,60522,49188,0.69,389,59083,50681,0.11,61,1147,1164,564,66875,52103,564,3929,562,0.12,70,267468,63526,0.13,72,221208,27751,0.74,417,16264,9738,604,151630,54224
3485,170,170,52216,45441,0.58,98,50102,48576,0.11,19,8079,5207,170,56910,50840,170,4565,421,0.13,22,79264,21864,0.11,19,53146,24333,0.68,116,12202,8988,170,160634,54293
3487,56,56,64844,55044,0.62,35,44728,34373,0.12,7,7122,3288,56,71978,58627,56,7056,609,0.09,5,103173,41976,0.09,5,37560,16741,0.73,41,17316,13928,55,170855,55221
3488,71,71,46898,43350,0.63,45,35207,28500,0.11,8,16712,9472,71,52073,47674,71,5174,608,0.13,9,122672,67803,0.1,7,99934,57566,0.7,50,15416,7172,69,183043,55657
3490,692,692,51864,44666,0.67,463,55920,51545,0.09,65,5452,1960,692,55324,48770,692,2587,467,0.08,57,163666,58500,0.08,56,148233,32668,0.7,485,14485,9728,772,161971,63054
3491,84,84,68600,54150,0.63,53,39843,43234,0.14,12,-664,400,84,75619,57248,84,7018,297,0.12,10,384754,46183,0.14,12,281237,9944,0.73,61,20376,18809,84,121106,39014
3494,340,340,48315,44456,0.81,275,49517,48165,0.08,27,1920,500,340,51238,47765,340,2558,528,0.07,23,186008,49752,0.07,23,177201,19539,0.76,257,10396,7275,408,91701,31146
3496,3773,3773,49697,44799,0.79,2997,51773,49307,0.08,314,2529,1506,3773,53603,47116,3773,3685,707,0.08,302,118852,41264,0.08,297,103589,22419,0.73,2749,12234,7795,4266,109356,43983
3498,3524,3524,54905,47772,0.8,2808,56033,51006,0.13,444,2457,1252,3524,58039,50152,3524,3053,822,0.09,317,138857,40076,0.08,297,124016,23309,0.74,2617,14392,9310,3780,135083,56967
3500,19374,19374,53689,45758,0.84,16198,53786,48926,0.09,1731,3161,1624,19374,56384,47968,19374,2607,754,0.07,1270,73492,30620,0.06,1183,53168,13682,0.74,14256,13351,8195,21661,114584,35552
3501,1824,1824,62271,51554,0.78,1417,62712,55328,0.14,261,2168,860,1824,65657,55459,1824,3070,898,0.08,153,95141,47956,0.08,155,65303,26261,0.77,1397,16742,11053,1983,172419,80897
3505,2753,2753,50141,45536,0.8,2190,53670,50415,0.11,295,2320,1714,2753,52915,48156,2753,2565,795,0.08,218,95937,39511,0.08,216,80456,22347,0.72,1980,12160,8390,3153,119178,50118
3507,79,79,54906,46123,0.59,47,39682,36591,0.18,14,6409,2601,79,58299,47120,79,3168,147,0.08,6,62957,49347,0.08,6,57229,44549,0.68,54,18511,9875,83,140853,67443
3509,143,143,58087,46849,0.51,73,46111,44056,0.17,24,17505,1629,143,70309,50742,143,4364,283,0.08,11,122954,34967,0.08,11,107967,22095,0.69,99,15978,12301,136,238001,79216
3512,212,212,51686,39912,0.62,131,46814,38573,0.11,23,1993,1106,212,57965,46797,212,2435,110,0.11,23,252727,69568,0.1,22,228352,41915,0.64,136,14748,9306,208,155213,71627
3515,1551,1551,68494,54331,0.86,1336,62060,56798,0.1,156,1613,1006,1551,71225,56752,1551,2613,944,0.08,131,56912,27438,0.09,132,39757,12285,0.79,1230,19373,11123,1648,123764,61844
3516,454,454,61052,47341,0.72,325,54288,50464,0.15,66,6092,4075,454,65305,51074,454,3249,454,0.08,37,130918,40144,0.08,37,98859,19593,0.73,332,16928,10257,460,158387,71940
3517,735,735,47852,39330,0.69,510,48394,43846,0.1,74,2662,1460,735,52226,41888,735,2445,410,0.12,86,106542,23907,0.11,79,89910,22190,0.67,495,11846,6713,788,118986,48468
3518,671,671,49145,40416,0.65,435,47250,44329,0.11,71,3371,2893,671,52048,42493,671,2721,319,0.13,89,133078,50369,0.12,83,110053,35392,0.64,429,13080,8285,685,132494,49043
3520,53,53,32303,28383,0.62,33,38031,36174,0.04,2,-438,-438,53,34864,28754,53,2063,1,0.09,5,1534882,373895,0.09,5,1410740,296604,0.55,29,7976,5209,59,57921,38209
3521,437,437,59442,48919,0.78,341,62486,52818,0.06,25,1013,537,437,62386,51305,437,2770,892,0.13,55,118341,51541,0.13,56,88632,39764,0.75,328,15485,10343,479,124379,68404
3522,173,173,55481,43262,0.7,121,64016,51008,0.12,20,2077,1690,173,58351,44539,173,1975,400,0.16,28,85315,62224,0.16,28,75521,33158,0.67,116,16780,10285,184,173768,79125
3523,1948,1948,55036,43850,0.73,1430,56874,51019,0.12,232,2986,1930,1948,57805,46088,1948,2621,620,0.12,227,94817,37529,0.11,224,74285,18164,0.68,1328,15627,9435,2254,143035,74252
3525,755,755,49176,41337,0.68,511,47540,43939,0.1,73,4874,2209,755,53139,43939,755,3564,350,0.1,73,84230,26600,0.09,70,72661,17364,0.66,496,12500,8483,817,188171,71973
3527,448,448,49792,42608,0.63,282,52409,45151,0.13,58,2179,1492,448,55562,45301,448,3044,300,0.14,63,271771,65619,0.14,62,242761,43400,0.67,299,13396,7697,480,179221,86568
3529,75,75,71117,45106,0.71,53,47008,41876,0.09,7,5861,-1350,75,77481,47008,75,5245,1134,0.12,9,225039,84131,0.13,10,157223,57441,0.75,56,21084,8069,81,176443,41613
3530,68,68,52855,52360,0.63,43,48462,41097,0.13,9,-6158,-525,68,59190,57755,68,6335,527,0.13,9,76226,42893,0.13,9,46825,12718,0.81,55,11241,8686,67,177401,65037
3531,123,123,73274,53912,0.73,90,48041,42754,0.11,14,22909,3569,123,79348,55886,123,6065,1025,0.08,10,95993,49512,0.11,13,53494,15482,0.78,96,21408,10715,128,195864,69192
3533,425,425,55656,44436,0.7,298,47682,41602,0.08,35,4799,4324,425,59702,45918,425,4003,362,0.08,35,135193,27865,0.08,33,134505,15786,0.71,301,14229,10358,430,151423,58223
3537,594,594,50756,43304,0.68,406,48581,41584,0.1,58,3429,2377,594,54948,46924,594,3377,450,0.11,66,130642,37380,0.11,65,106310,19831,0.68,401,13551,8539,614,170855,69517
3540,167,167,78656,54821,0.58,97,47666,45975,0.07,12,3283,2149,167,85554,57438,167,5628,320,0.08,14,356991,76206,0.08,13,330134,56607,0.77,129,22872,10742,174,194829,84606
3542,104,104,40051,36302,0.49,51,45513,41772,0.05,5,7071,7571,104,45535,39828,104,4385,298,0.08,8,177431,149596,0.08,8,156769,104349,0.59,61,11637,8071,104,115384,52737
3544,156,156,44179,42158,0.58,91,47636,45117,0.06,9,4495,4922,156,48214,44934,156,2211,144,0.13,20,107483,37460,0.13,21,86686,27922,0.68,106,10069,7039,158,114342,40555
3546,265,265,55248,49989,0.59,156,48661,48752,0.12,33,3812,3658,265,61561,53545,265,5092,699,0.09,24,190822,64370,0.07,19,209264,73117,0.77,203,12313,8531,276,201687,61462
3549,2771,2771,42453,32968,0.82,2279,41400,34375,0.07,195,5904,2997,2771,46154,37145,2771,3522,401,0.04,98,95700,34050,0.03,95,76089,19551,0.64,1769,11090,5944,3657,75531,7039
3550,24509,24509,64653,49429,0.8,19581,60309,52950,0.12,2871,3325,1999,24509,67662,51686,24509,2973,800,0.09,2147,92546,27741,0.08,2056,63592,10900,0.75,18357,18879,10112,26855,175763,60323
3551,22122,22122,65393,54348,0.82,18178,65067,58117,0.13,2834,2494,1147,22122,68447,57062,22122,2954,1000,0.09,1883,94439,31430,0.08,1850,71090,15273,0.77,17069,18025,12118,23438,168410,83315
3555,11661,11661,55677,47895,0.81,9496,56078,51910,0.1,1110,3046,1396,11661,58047,49895,11661,2354,715,0.08,910,79273,28612,0.08,892,56992,12246,0.75,8755,13759,8725,12708,125324,55583
3556,7830,7830,52235,47068,0.84,6571,53849,50593,0.08,614,2210,1582,7830,54500,49083,7830,2145,700,0.08,656,68842,25084,0.08,640,48815,11671,0.75,5875,11967,8221,8714,101863,46962
3557,538,538,59831,51388,0.77,416,57622,51745,0.14,74,3916,3182,538,63201,53264,538,2711,604,0.12,65,160039,44055,0.12,65,129936,28673,0.77,413,15318,10504,576,134684,71149
3558,560,560,78240,45474,0.68,382,57080,49685,0.14,77,5514,3291,560,82658,49392,560,2929,458,0.1,56,168222,42660,0.1,54,134390,21976,0.7,393,29919,9694,599,148549,61888
3559,297,297,56367,41523,0.63,187,52283,45860,0.08,25,4273,4292,297,61447,44050,297,3661,352,0.11,34,161436,21228,0.11,34,128350,21594,0.68,202,16180,8209,297,161053,60788
3561,2607,2607,51815,45334,0.73,1907,53271,49104,0.11,293,3350,2429,2607,55559,48372,2607,3090,636,0.09,232,119690,51721,0.09,222,108462,32075,0.71,1841,13521,8831,2926,161760,68472
3562,161,161,56981,46543,0.71,115,61757,56219,0.09,14,-1506,-3889,161,65454,49082,161,4237,1018,0.13,21,129582,21875,0.12,19,104373,29047,0.74,119,15384,8578,168,171901,76458
3563,434,434,46214,41894,0.71,310,46767,44486,0.11,46,1730,1650,434,49514,43988,434,3004,530,0.12,52,106278,46962,0.12,52,95640,36574,0.7,305,10101,6263,482,141571,59825
3564,10362,10362,59843,48499,0.79,8166,57105,51306,0.11,1111,4761,2394,10362,63267,51433,10362,3156,795,0.09,924,104127,38885,0.09,902,79357,17268,0.75,7814,15985,9278,11502,168923,68295
3565,60,60,57014,49016,0.8,48,68008,56108,0.07,4,-19583,-885,60,59189,51326,60,2175,919,0.07,4,37930,36618,0.07,4,24546,15780,0.67,40,18049,11608,65,120595,57362
3566,331,331,48777,41019,0.69,227,51112,45815,0.1,32,3448,3395,331,52828,45248,331,3178,418,0.09,31,181309,33039,0.09,31,138810,35881,0.68,225,11950,6507,331,169971,55523
3567,395,395,46160,41245,0.64,254,51314,46209,0.12,47,3777,2687,395,52922,45035,395,3190,430,0.09,37,122907,43275,0.09,37,96401,17434,0.67,264,10395,7493,396,137313,58283
3568,1628,1628,52467,44496,0.71,1154,51966,48714,0.09,146,3355,1932,1628,56056,47068,1628,3057,524,0.09,143,109802,48029,0.08,138,81448,29364,0.7,1137,13737,8765,1797,183185,78637
3570,427,427,52897,46050,0.74,316,50368,47070,0.08,36,9728,2930,427,57867,49567,427,3797,700,0.11,47,55092,20684,0.1,44,47574,16224,0.74,315,13026,8206,495,141683,59116
3571,200,200,48112,42636,0.58,115,47240,41400,0.1,21,9614,8503,200,53176,46843,200,2761,235,0.17,34,216225,41494,0.15,30,208869,53444,0.7,139,11576,6443,194,194054,47520
3572,155,155,56125,48632,0.68,105,62685,53532,0.08,13,-2379,-1043,155,63409,54693,155,6152,780,0.12,18,145361,41372,0.1,16,147698,16779,0.77,119,13750,8745,154,143382,45302
3573,216,216,55230,48030,0.61,132,51963,52021,0.1,21,6848,4663,216,61331,52406,216,5107,524,0.11,23,321338,50274,0.11,24,300585,42895,0.77,166,13967,7558,234,155973,55015
3575,494,494,46110,43680,0.65,319,47423,47372,0.07,34,2629,1447,494,50108,46091,494,2722,281,0.1,49,97370,55990,0.1,47,76616,14453,0.67,333,10854,7197,496,130374,36866
3579,2975,2975,50020,42504,0.71,2115,49473,46525,0.11,317,3254,2250,2975,53240,44345,2975,2516,362,0.1,294,96999,42555,0.1,287,78029,25951,0.68,2028,13399,7965,3143,154152,64370
3580,622,622,44983,39552,0.75,467,47264,43186,0.09,55,3661,1062,622,48128,41472,622,2637,464,0.1,61,101270,32227,0.1,61,88342,19753,0.68,425,10512,6472,705,147155,77948
3581,99,99,46133,35697,0.71,70,48964,40945,0.13,13,9615,9743,99,48638,36428,99,2505,299,0.13,13,78946,47463,0.12,12,61812,25744,0.67,66,11941,5607,108,170689,82995
3583,98,98,38148,35910,0.78,76,44938,42074,0.08,8,6998,7196,98,39673,36051,98,1525,300,0.09,9,163149,36460,0.08,8,161458,15886,0.64,63,9427,5689,106,109429,42794
3584,670,670,52402,43924,0.76,510,52090,47112,0.12,81,3702,2227,670,56159,46497,670,3513,588,0.07,50,96177,24720,0.07,49,90003,39848,0.73,491,12883,7420,714,239453,63376
3585,7387,7387,57197,47926,0.78,5770,54317,50349,0.11,805,4331,2374,7387,60685,50705,7387,3287,733,0.08,582,132877,45998,0.08,557,111561,23610,0.75,5556,14616,8916,7986,161985,53751
3586,340,340,54765,46019,0.75,255,55336,47917,0.09,32,1486,1518,340,57574,47751,340,2692,540,0.09,31,109383,54929,0.09,29,88093,36035,0.76,259,13259,7899,388,132450,50124
3588,204,204,45541,42573,0.84,171,44722,44213,0.04,9,5150,4082,204,47139,45152,204,1333,421,0.09,18,116310,84238,0.09,18,72399,33904,0.72,146,9461,8081,238,92073,52479
3589,188,188,54816,41500,0.74,140,46468,43306,0.14,26,4013,2614,188,59565,45352,188,4410,502,0.07,14,173100,61552,0.07,13,185644,87654,0.74,139,14218,7800,193,116734,32277
3590,200,200,53119,45696,0.73,146,53326,49504,0.11,22,6214,4134,200,56071,47950,200,2762,410,0.07,14,102033,49850,0.07,14,83777,29590,0.67,134,14451,9933,224,188830,60587
3591,93,93,56887,47070,0.72,67,56574,51680,0.12,11,2961,2055,93,60642,52152,93,3755,660,0.03,3,229045,161565,0.03,3,200616,159344,0.81,75,12644,7040,110,182980,77252
3594,388,388,44623,39681,0.8,312,46307,42292,0.07,28,674,1318,388,47282,42564,388,2449,463,0.07,29,94565,54611,0.07,29,78248,29634,0.69,266,9727,6459,439,121968,35919
3595,333,333,47585,39720,0.8,266,46294,44455,0.07,24,4743,3522,333,50058,43406,333,2464,550,0.08,25,67063,45000,0.08,25,45771,17972,0.7,232,10775,6874,380,86122,31128
3596,83,83,48398,41697,0.71,59,43417,45759,0.1,8,5600,3026,83,53559,49418,83,4854,1346,0.02,2,20157,20157,0.02,2,31264,31264,0.72,60,10790,7165,80,138267,35031
3597,285,285,52684,47542,0.76,218,54192,51440,0.06,18,3970,3538,285,58052,52955,285,4353,729,0.1,28,169962,56892,0.09,26,154928,37832,0.78,223,12854,8157,348,129000,19054
3599,91,91,57921,54672,0.74,67,51605,56961,0.07,6,4318,4914,91,62301,57824,91,4380,800,0.08,7,54500,56543,0.07,6,52365,53714,0.76,69,14823,10543,94,140149,39157
3607,77,77,69989,50746,0.83,64,58779,48690,0.18,14,3307,558,77,74117,52105,77,4129,908,0.16,12,29685,5592,0.12,9,23230,7166,0.84,65,18466,8808,90,171737,60685
3608,1615,1615,62424,49480,0.75,1210,60119,52899,0.13,210,5564,2521,1615,66144,52362,1615,3383,790,0.11,176,80386,28668,0.1,164,64328,15284,0.74,1196,17944,9634,1849,196390,79256
3610,804,804,51938,45080,0.75,599,53783,48984,0.13,105,5385,2325,804,55364,47548,804,3127,748,0.12,94,181106,40836,0.12,97,151447,25144,0.71,568,13041,8471,920,148594,72299
3612,898,898,51763,40745,0.76,686,50021,45056,0.09,81,5312,2271,898,54452,43228,898,2546,654,0.11,97,80003,35693,0.1,93,65918,19406,0.69,620,13620,7953,1055,135119,62046
3614,602,602,78545,55096,0.82,494,63816,59050,0.14,82,566,1093,602,82625,58202,602,3199,1225,0.11,69,117857,32646,0.1,63,107909,32844,0.78,470,25932,11563,642,181065,85819
3616,3299,3299,55930,47041,0.77,2528,61139,54096,0.11,369,2956,2308,3299,58729,49439,3299,2564,887,0.09,309,89644,30921,0.09,298,76111,19248,0.72,2374,15199,9900,3643,164463,67618
3617,96,96,43182,42709,0.65,62,53705,48041,0.16,15,3929,3377,96,45755,45442,96,2107,368,0.15,14,55656,28217,0.14,13,53684,39362,0.69,66,9681,5970,103,117206,63962
3618,408,408,48439,41114,0.76,312,54080,49357,0.08,34,5150,3354,408,51314,43614,408,2390,611,0.12,51,73754,45000,0.12,49,56082,30508,0.73,296,10840,7085,479,89475,40644
3620,4764,4764,51106,44244,0.77,3655,54610,50494,0.12,553,3788,1698,4764,54008,46764,4764,2585,681,0.08,398,140296,42182,0.08,396,120671,25076,0.71,3374,12836,8493,5285,165659,62414
3621,1386,1386,50318,43920,0.79,1090,52674,49166,0.1,138,2140,1742,1386,52983,45884,1386,2223,546,0.1,139,105603,32789,0.1,139,86582,23422,0.7,977,12464,8655,1513,119425,55682
3622,273,273,44568,37996,0.72,196,54691,50714,0.08,21,2089,2199,273,47739,41298,273,1692,360,0.15,40,145512,53419,0.15,40,130606,39518,0.64,174,11685,9114,291,141622,72111
3623,514,514,47439,40140,0.7,362,54482,49040,0.07,38,264,27,514,50358,42624,514,2500,392,0.11,56,93038,37690,0.11,55,81336,31492,0.67,342,11937,7380,557,153196,57936
3624,307,307,44507,43255,0.73,223,51260,50057,0.07,22,1587,2737,307,47308,45539,307,2358,501,0.1,31,139135,25009,0.1,31,125412,39857,0.69,213,9645,7347,332,111976,42775
3629,5121,5121,50616,45395,0.83,4234,53152,49934,0.08,413,2843,1635,5121,53038,47658,5121,2307,829,0.07,334,75808,29347,0.06,318,63916,17731,0.74,3793,11453,8009,5886,118776,41853
3630,17890,17890,55571,45558,0.83,14813,54221,49647,0.1,1791,3264,1575,17890,58405,48421,17890,2735,962,0.08,1476,74961,27004,0.08,1395,54938,12215,0.74,13245,14230,8237,19854,154791,37176
3631,8952,8952,64190,52114,0.81,7262,62344,54693,0.14,1297,2429,1302,8952,67750,55424,8952,3316,1125,0.09,845,90201,31000,0.09,805,70375,18464,0.78,6965,17423,10958,9464,184253,67721
3633,414,414,53602,46580,0.77,317,56624,52497,0.18,74,3033,1158,414,57167,47745,414,3437,814,0.08,35,128378,26400,0.08,33,123385,10462,0.7,288,14794,10542,430,207441,71303
3634,1155,1155,52108,46491,0.77,884,57554,53342,0.13,146,1377,860,1155,55133,49224,1155,2354,735,0.11,129,71358,26096,0.11,129,61837,27461,0.72,826,13491,9678,1268,152037,74163
3635,332,332,46419,44916,0.74,246,52058,52400,0.08,25,499,987,332,51126,48240,332,2419,659,0.15,49,219369,41433,0.15,49,208508,35874,0.68,227,11382,8343,374,106153,45845
3636,2945,2945,52679,46215,0.76,2248,55061,51748,0.11,324,3208,1795,2945,56235,48623,2945,2785,709,0.1,293,102915,40425,0.1,288,83124,21603,0.73,2150,12914,8542,3319,145696,63030
3637,342,342,46713,41504,0.71,244,55128,53352,0.1,34,3800,2904,342,52323,46940,342,4101,467,0.08,28,72788,52892,0.08,27,69567,44243,0.69,237,11446,8182,363,117094,46881
3638,1221,1221,51614,44613,0.74,902,53340,50189,0.1,123,1346,1128,1221,54741,47178,1221,2564,660,0.12,141,122014,44831,0.12,143,116330,34686,0.69,841,15118,8840,1319,143786,59731
3639,310,310,46336,39270,0.68,211,52154,46700,0.09,27,3168,1344,310,49461,41006,310,2089,300,0.11,35,69363,27886,0.11,35,54390,19504,0.65,203,11912,9392,329,115345,45772
3640,671,671,46333,40364,0.72,484,53730,48433,0.1,68,1541,2815,671,50495,44371,671,2781,500,0.07,44,157822,40660,0.07,45,139270,22855,0.68,454,12241,7245,722,93074,36045
3641,704,704,56316,48980,0.8,562,58590,55034,0.1,69,2197,1688,704,59362,51777,704,2698,800,0.09,64,94782,24204,0.09,60,90305,24528,0.76,534,14530,9367,809,129298,51490
3644,5333,5333,53357,44672,0.79,4214,53166,48719,0.1,546,3839,2246,5333,56786,47787,5333,2967,689,0.08,424,100128,35716,0.07,394,85243,20061,0.71,3809,13949,8663,5974,154123,58523
3646,365,365,53436,44483,0.69,252,57851,50886,0.12,43,3655,1425,365,57646,47364,365,3934,654,0.13,49,192391,35882,0.13,46,164812,25400,0.68,248,14357,10805,393,243298,80119
3649,269,269,53410,41265,0.73,197,49488,44256,0.09,25,5665,2872,269,57660,45734,269,3360,343,0.1,27,84454,52044,0.09,25,63846,31318,0.69,186,13909,9061,288,116216,44360
3658,3714,3714,61986,50838,0.83,3074,62587,55454,0.11,409,285,69,3714,64964,53112,3714,2700,875,0.1,385,94357,39912,0.1,373,73737,20009,0.77,2851,16730,10599,4234,133030,65844
3659,435,435,67951,51733,0.77,337,67571,59744,0.17,72,2324,566,435,72316,54470,435,3744,982,0.12,53,83218,32637,0.12,52,58726,20130,0.77,334,20106,12072,516,239317,119044
3660,4200,4200,55332,46486,0.8,3375,55852,50309,0.11,447,4276,2796,4200,57826,48928,4200,2435,694,0.09,368,115155,35928,0.08,352,96303,19888,0.74,3128,13627,8581,4818,153703,59737
3662,454,454,69939,75198,0.95,430,73846,79435,0.19,88,-87,435,454,72572,77995,454,2589,2002,0.05,21,23981,11728,0.04,19,23793,3936,0.85,385,16131,15414,496,225922,113242
3663,109,109,58456,47776,0.81,88,56146,48622,0.08,9,2072,2497,109,60977,49815,109,2521,824,0.13,14,101029,29792,0.11,12,89638,36410,0.73,80,15190,10825,128,171845,47030
3664,705,705,60015,48469,0.74,525,56501,50940,0.11,81,5205,2100,705,63282,51808,705,3074,729,0.1,73,95274,37072,0.1,67,81696,26632,0.73,513,17503,10523,778,225682,85840
3665,230,230,60459,45486,0.68,156,61741,46007,0.1,22,6428,4816,230,64609,49480,230,3611,702,0.18,42,109092,42404,0.17,38,104185,35492,0.7,162,18629,8286,261,248487,77903
3666,2831,2831,55344,43945,0.68,1937,56391,49766,0.12,344,5996,3294,2831,58475,45920,2831,2843,483,0.15,426,80504,38218,0.15,417,65570,22032,0.68,1938,16143,9235,3079,189482,77928
3669,817,817,52183,37898,0.63,513,56624,47634,0.14,114,3227,2124,817,55530,40641,817,2696,407,0.15,122,71156,26358,0.14,118,60416,21164,0.62,506,16607,8747,922,181611,79067
3670,375,375,50373,43305,0.69,259,57000,54205,0.14,54,11519,1992,375,54672,46087,375,2356,484,0.13,49,129062,58144,0.12,46,119156,35604,0.66,249,14070,10287,389,137062,69713
3672,5992,5992,55515,45789,0.76,4555,56988,51481,0.12,699,5034,2854,5992,58092,48204,5992,2460,590,0.09,523,111390,38144,0.08,509,90470,19360,0.72,4313,14790,9304,6751,161947,66441
3673,1125,1125,53588,40740,0.66,745,56752,51992,0.15,167,8499,4250,1125,57930,43882,1125,3211,389,0.17,195,136208,50717,0.17,188,120922,40128,0.66,739,16528,9272,1216,202857,96477
3675,1234,1234,55282,45516,0.73,906,57327,51268,0.13,166,3890,1964,1234,58683,48841,1234,2732,626,0.14,177,94220,42557,0.14,175,71785,32894,0.7,867,14834,9750,1336,163781,85988
3677,10971,10971,56563,47800,0.81,8889,55995,51898,0.11,1222,4134,2382,10971,59201,50187,10971,2590,700,0.08,834,104991,35504,0.07,806,70469,15332,0.75,8181,14492,9108,12104,154797,66782
3678,4349,4349,63066,48035,0.72,3146,61554,53872,0.16,689,4541,3041,4349,67005,51487,4349,3277,640,0.13,578,148307,45031,0.13,571,122650,29986,0.72,3125,19423,11009,4600,218438,101027
3682,391,391,57712,51265,0.75,293,55657,54492,0.15,59,6481,2742,391,61330,53344,391,2958,589,0.16,63,113744,44206,0.16,61,103377,47888,0.71,278,16500,11082,440,169935,68738
3683,1063,1063,53291,46662,0.8,853,56854,53789,0.1,106,2767,1231,1063,56232,49460,1063,2368,646,0.09,96,66141,30322,0.09,99,56945,19200,0.74,783,12614,9248,1194,147225,76450
3685,1888,1888,57027,49015,0.75,1424,58226,55432,0.12,234,4875,2830,1888,60141,52124,1888,2945,700,0.09,166,101972,40761,0.09,165,82155,20804,0.74,1391,14751,10580,2052,204644,90652
3687,641,641,58050,50381,0.78,503,59835,56351,0.1,67,4639,2346,641,60705,53222,641,2570,779,0.1,63,76103,29962,0.1,61,53128,19349,0.76,487,14774,9714,728,157658,82708
3688,924,924,63745,51691,0.81,747,61828,57781,0.13,121,4686,1910,924,67618,54802,924,3162,860,0.11,100,106498,47765,0.11,105,76369,35106,0.77,708,17427,11028,993,170127,78256
3690,20876,20876,58291,51162,0.83,17337,58555,54600,0.1,2177,3354,1606,20876,60883,53283,20876,2543,734,0.07,1518,80361,31770,0.07,1480,53014,14106,0.77,16048,14358,9918,22659,142259,60725
3691,8072,8072,65258,56812,0.81,6499,64878,60657,0.14,1139,3966,2176,8072,68676,60177,8072,3174,968,0.1,789,93879,36117,0.1,777,65283,20820,0.79,6406,17061,11872,8458,176079,80856
3695,323,323,55154,41418,0.67,217,56513,49374,0.19,62,5547,3980,323,60305,46311,323,4759,462,0.12,40,71388,33656,0.13,43,58194,21666,0.67,216,15685,9703,332,210226,112238
3697,333,333,49851,34001,0.69,230,50850,41115,0.19,63,5247,2742,333,53833,38391,333,3181,300,0.15,50,89380,22948,0.15,50,69433,12175,0.62,208,15122,9254,375,202529,85036
3698,625,625,61787,45236,0.75,468,59454,48036,0.19,121,2234,1046,625,65518,48837,625,3679,709,0.13,81,79520,32022,0.12,74,56064,12912,0.68,428,19200,11167,713,217252,109676
3699,687,687,50749,40409,0.76,521,50591,42801,0.17,115,5446,3664,687,53155,42200,687,2181,440,0.14,98,377811,24748,0.13,92,386505,10385,0.69,476,13287,7143,766,173473,64085
3700,855,855,53687,47097,0.71,608,55391,51024,0.15,125,5743,3772,855,56891,49441,855,3018,500,0.12,103,175768,51158,0.12,102,143283,29775,0.72,618,13290,9837,930,156272,70474
3701,646,646,59517,44444,0.66,428,50832,46506,0.14,88,3207,2764,646,63064,46162,646,3191,335,0.14,89,104693,36400,0.13,86,95447,30242,0.7,450,19372,8311,684,153845,70851
3705,164,164,51315,39622,0.66,109,46446,38885,0.16,26,5580,2910,164,56086,43764,164,3173,218,0.14,23,111613,44261,0.14,23,85370,43175,0.7,114,13209,7431,182,114941,57117
3707,1003,1003,53664,44417,0.67,675,54322,47694,0.15,151,3907,3315,1003,57425,45822,1003,3301,435,0.11,106,95421,46104,0.1,103,70853,24300,0.69,696,14004,9101,1101,151330,67407
3708,51,51,50379,47292,0.76,39,54181,47748,0.14,7,5285,11190,51,54051,48669,51,3666,599,0.14,7,138807,56759,0.12,6,143868,59074,0.73,37,12354,6799,55,128367,69731
3709,184,184,51759,40582,0.56,103,47964,43500,0.14,26,8587,4495,184,57134,43148,184,3923,400,0.18,34,134142,45746,0.17,32,117960,43890,0.68,125,12173,6528,200,177858,78819
3711,346,346,57877,38582,0.67,232,59379,49052,0.12,40,3001,3534,346,60727,41045,346,2479,462,0.13,46,92287,37406,0.13,44,91833,22624,0.61,210,21734,10013,400,209271,103974
3712,207,207,56556,47471,0.76,158,58857,53230,0.15,31,3104,822,207,59219,49887,207,2565,523,0.13,26,58968,34785,0.12,24,52859,24617,0.71,148,15343,9182,242,174740,85208
3713,487,487,52521,45310,0.79,384,52439,48940,0.09,44,7733,2318,487,55363,48661,487,2838,640,0.07,36,63711,34267,0.07,34,44131,8810,0.73,355,12552,8617,607,130596,58430
3714,2164,2164,56482,44888,0.71,1535,54580,48540,0.14,306,4649,2808,2164,59734,46752,2164,2711,499,0.15,322,95113,36357,0.14,302,73587,21168,0.7,1516,16167,8916,2398,175656,83696
3715,212,212,56873,40860,0.62,132,58630,49892,0.19,41,2868,1445,212,62341,45842,212,3705,443,0.19,40,84495,42426,0.2,42,70939,35302,0.64,136,19621,8879,228,168556,69637
3717,1872,1872,54160,42359,0.68,1272,57398,49998,0.12,229,3452,3043,1872,57241,44710,1872,2556,450,0.16,294,109320,33900,0.16,291,85973,23528,0.66,1240,15875,9081,2081,192047,77110
3718,60,60,107171,51997,0.65,39,62010,48155,0.2,12,9264,3974,60,110345,52804,60,3174,315,0.22,13,127669,42856,0.22,13,97801,21284,0.7,42,45387,13978,68,282203,89262
3719,276,276,66410,39033,0.63,175,60831,42588,0.11,29,5854,2926,276,71316,44196,276,2219,312,0.18,49,84363,24957,0.17,46,78764,27273,0.65,179,25222,10638,298,206430,83545
3720,431,431,51270,39650,0.7,303,53645,42765,0.16,71,3846,2040,431,55243,41062,431,3547,444,0.14,62,75554,21928,0.14,62,65052,13383,0.65,281,14682,7582,471,175345,88509
3722,3583,3583,61174,45420,0.72,2581,55982,49167,0.14,501,4758,2675,3583,64807,48470,3583,3390,582,0.14,518,87316,37890,0.14,506,68041,20184,0.73,2615,17624,8712,3876,191339,78606
3723,1781,1781,55208,40176,0.69,1237,54313,44211,0.14,254,4822,3291,1781,58695,42681,1781,3037,469,0.17,299,91756,34854,0.16,290,75887,19575,0.67,1190,17081,8393,2066,195131,73967
3725,420,420,59276,47006,0.68,286,59254,53584,0.14,59,6099,1749,420,62671,50326,420,3043,682,0.12,51,163978,60458,0.12,50,146659,48380,0.73,306,16439,9348,448,207282,83379
3726,237,237,44485,36602,0.62,147,44568,42893,0.11,26,9931,6750,237,48480,39497,237,3209,298,0.12,28,72836,39216,0.11,26,58178,33704,0.62,147,11223,8091,245,198505,79015
3727,198,198,44744,41141,0.66,130,52012,44041,0.09,17,7148,6596,198,52038,45303,198,2679,296,0.15,29,116138,36684,0.14,28,95478,29747,0.68,135,10693,7566,201,212808,57733
3728,373,373,45612,40814,0.76,283,49471,48103,0.07,25,3010,1782,373,50332,45157,373,2537,480,0.09,34,180117,85074,0.1,36,139243,46510,0.69,258,11156,8114,424,130697,57021
3730,5503,5503,57721,45855,0.76,4161,56472,50679,0.12,642,3168,1711,5503,60877,48259,5503,2950,650,0.08,437,87827,34222,0.08,416,67122,16817,0.72,3968,15824,9428,6209,190744,82080
3732,415,415,53255,40675,0.74,306,48880,42513,0.11,45,5317,4375,415,58545,43125,415,3683,503,0.15,63,120709,61362,0.15,63,97773,31255,0.67,277,13179,6751,421,130842,55350
3733,139,139,60733,38666,0.71,98,48212,38648,0.12,16,7405,3249,139,64287,42266,139,2597,374,0.15,21,90552,25008,0.15,21,73261,12644,0.64,89,22302,7436,159,185944,58601
3735,447,447,58700,49920,0.75,334,55640,50980,0.18,82,4198,2398,447,62932,55109,447,3822,635,0.13,58,125445,56674,0.13,57,89784,37648,0.8,359,13378,8391,479,160723,67000
3737,2777,2777,55287,45849,0.77,2145,54892,49156,0.14,387,4430,2781,2777,59078,48698,2777,3272,580,0.12,328,94458,37165,0.11,313,73442,19752,0.72,2007,14525,8562,3086,164939,71918
3738,108,108,52680,48217,0.89,96,52585,50790,0.08,9,997,-1271,108,55186,49949,108,2506,618,0.09,10,105398,26785,0.1,11,76646,26398,0.8,86,11194,7189,126,99427,64972
3739,146,146,62614,44142,0.78,114,47414,35882,0.17,25,3120,2036,146,68309,45974,146,4931,438,0.15,22,144795,43132,0.15,22,103473,15714,0.71,103,19642,9199,157,177850,91555
3740,755,755,55772,45984,0.78,589,56643,49160,0.17,129,3294,1987,755,59509,50308,755,3586,637,0.15,117,97277,26397,0.15,111,81785,15166,0.73,548,14936,9184,836,180719,82471
3741,2144,2144,59148,45787,0.73,1567,57370,47941,0.18,384,5491,3350,2144,62231,48463,2144,2946,601,0.14,305,111720,36246,0.14,293,85579,17402,0.73,1558,16711,8974,2378,194220,84098
3744,285,285,65850,43144,0.69,196,57509,42958,0.21,60,5305,2314,285,69308,45257,285,2261,413,0.19,53,65487,26254,0.18,50,38762,9474,0.71,201,20658,10840,316,221771,79792
3746,219,219,57412,46760,0.74,162,56761,53726,0.15,32,3406,1148,219,59003,48017,219,1552,480,0.18,40,86683,36381,0.17,37,63202,17225,0.71,155,16625,10292,256,136900,89080
3747,3039,3039,59768,48119,0.74,2235,61648,54464,0.14,433,4890,2818,3039,62627,50652,3039,2619,706,0.14,430,74785,30660,0.14,424,50679,14818,0.71,2159,17458,10931,3371,202796,100620
3749,1289,1289,64436,50786,0.74,956,63036,56068,0.19,243,4005,3802,1289,67530,53774,1289,2985,678,0.14,184,76528,37710,0.14,183,44314,18902,0.73,941,18992,12524,1411,214504,114480
3750,14652,14652,58752,51984,0.85,12475,61910,56692,0.12,1771,-2032,-1606,14652,61066,54016,14652,2294,1046,0.17,2436,46698,25642,0.16,2276,29797,11524,0.78,11446,14403,10236,13923,58462,28299
3751,131,131,69498,52033,0.63,83,58144,56471,0.11,15,11394,7235,131,71868,55105,131,2172,576,0.13,17,90853,39410,0.12,16,74968,20416,0.72,94,23052,12909,140,256868,50912
3752,15237,15237,64078,54958,0.86,13178,65373,59422,0.15,2257,-1051,-1063,15237,66697,57234,15237,2601,1147,0.1,1506,74271,24484,0.09,1409,51978,10724,0.79,12045,16814,11730,16198,111095,56597
3753,3069,3069,66479,58397,0.86,2652,68994,64130,0.11,331,-936,-1085,3069,69388,60858,3069,2891,1252,0.12,363,64838,23491,0.11,346,48813,11464,0.81,2492,17005,12508,3117,111479,50005
3754,29665,29665,64967,56582,0.87,25884,67426,61147,0.12,3446,-1778,-1633,29665,67769,59131,29665,2788,1205,0.1,3006,68205,24632,0.09,2818,50356,10284,0.8,23604,16904,12403,30837,105239,55430
3755,125,125,69481,48452,0.72,90,66825,53994,0.18,22,3705,1158,125,71969,51038,125,2476,1106,0.13,16,78119,57812,0.13,16,50196,20779,0.74,93,23486,9996,164,172833,80260
3756,9851,9851,62208,53454,0.85,8378,64063,57982,0.09,876,209,-154,9851,64970,55928,9851,2713,1091,0.1,989,57679,30000,0.1,941,37690,13240,0.79,7814,15680,10962,10348,109892,51505
3757,5422,5422,66491,51405,0.79,4287,65724,56652,0.13,690,1665,184,5422,69482,53798,5422,2903,887,0.1,528,76856,41306,0.1,524,51810,15250,0.76,4129,19324,11436,6116,161818,77914
3758,1339,1339,63801,55081,0.82,1094,67015,60000,0.14,193,-150,134,1339,67150,57874,1339,3263,1054,0.1,137,126426,40000,0.1,135,98650,17901,0.76,1024,17551,12545,1525,160428,88401
3759,692,692,110278,53998,0.72,499,78448,62037,0.16,109,3100,2446,692,114354,57875,692,4023,948,0.11,77,87891,37000,0.12,80,52342,11008,0.74,512,47135,15368,770,269552,115035
3760,269,269,69590,48649,0.78,210,73024,55166,0.14,38,4882,2319,269,73485,51950,269,3835,1221,0.12,33,73287,40200,0.12,32,45195,19010,0.75,203,21471,11225,297,229679,120684
3761,761,761,70805,50446,0.74,561,68845,56568,0.11,83,3785,3616,761,74253,52394,761,3357,720,0.14,109,69061,37740,0.14,104,49902,14598,0.74,566,22028,13551,885,197314,88536
3762,71,71,80536,59984,0.66,47,70050,67842,0.21,15,7440,4143,71,83499,61844,71,2825,410,0.18,13,90801,40800,0.2,14,63005,21638,0.75,53,28188,12765,76,315496,101840
3763,1051,1051,60733,50524,0.82,857,64904,57035,0.09,95,1611,1299,1051,63642,52903,1051,2895,915,0.13,134,78439,32838,0.12,131,56828,13373,0.76,800,15913,10612,1211,146036,76710
3764,5906,5906,66778,53658,0.82,4838,65082,58886,0.11,630,2222,642,5906,69786,56156,5906,2926,1008,0.1,599,82239,33807,0.1,572,61660,18006,0.76,4497,19245,11793,6508,154507,70364
3765,4119,4119,68098,56019,0.78,3231,68750,61308,0.14,573,1829,539,4119,71308,58735,4119,3132,991,0.1,423,86940,37592,0.1,404,55994,13824,0.77,3160,19690,13165,4704,181587,91261
3766,730,730,68019,54970,0.78,568,73718,66375,0.16,116,1066,1436,730,71528,59018,730,3504,1094,0.14,100,54860,29524,0.12,90,28768,12796,0.76,553,19903,14324,883,184818,93633
3767,724,724,75222,54338,0.74,535,78186,62972,0.12,85,1372,36,724,79170,58208,724,3918,1178,0.13,97,60954,19060,0.13,94,32376,7566,0.73,526,25636,15113,843,193543,100739
3770,2037,2037,86381,52520,0.75,1528,64068,56111,0.13,260,5224,1899,2037,90296,55859,2037,3621,788,0.12,240,78508,40436,0.11,232,54177,18414,0.75,1533,31888,11988,2274,207598,76057
3775,2571,2571,68139,51954,0.76,1942,66893,57127,0.14,349,3893,1877,2571,71429,55448,2571,3174,755,0.12,316,86116,32689,0.12,300,63584,15838,0.74,1898,20876,12128,2901,204658,84404
3777,6303,6303,59539,47257,0.77,4838,59590,51590,0.12,785,3434,1692,6303,62384,49774,6303,2764,639,0.13,825,82474,38261,0.13,801,57584,14959,0.73,4604,16525,9927,7294,162277,71307
3778,136,136,50764,48530,0.69,94,57354,56263,0.08,11,11597,1347,136,53388,48855,136,2025,556,0.18,25,54544,27110,0.19,26,42499,17148,0.72,98,12942,9154,147,115486,54427
3779,296,296,50063,35808,0.61,181,48433,38672,0.15,43,7329,6486,296,54354,38310,296,2539,324,0.16,47,76395,16355,0.14,41,67302,13930,0.61,180,16390,7888,350,198964,69491
3781,2683,2683,63565,54214,0.84,2241,63726,57502,0.11,289,1920,233,2683,66333,55926,2683,2673,845,0.12,335,68623,31410,0.12,317,44587,14043,0.78,2090,16968,11583,3010,129491,74029
3782,4972,4972,70088,53022,0.78,3879,68898,58782,0.14,702,2608,970,4972,74425,55174,4972,4276,762,0.11,563,83869,28315,0.11,538,59129,14232,0.75,3729,21672,13615,5684,187903,94102
3783,1507,1507,66482,52250,0.81,1219,65691,57152,0.14,217,1718,1033,1507,68960,53968,1507,2424,747,0.12,176,61474,33312,0.11,168,40591,15478,0.76,1148,19281,11734,1696,157153,83903
3786,951,951,79705,54401,0.77,728,78107,62922,0.16,154,719,553,951,83186,58211,951,3426,1065,0.13,128,64543,24096,0.13,128,31889,7848,0.74,704,27453,16025,1107,232538,118086
3787,653,653,77507,49839,0.75,490,72980,56060,0.16,106,4247,1264,653,81314,52370,653,3440,937,0.13,83,74605,28650,0.12,77,50747,11256,0.7,456,28573,14450,732,225088,108355
3788,1106,1106,75065,50319,0.72,793,74269,57142,0.15,171,2918,342,1106,78229,52755,1106,3136,700,0.14,150,70006,32696,0.13,143,41615,16709,0.72,797,26249,12980,1275,217070,107166
3789,169,169,86933,55818,0.75,126,81421,59356,0.2,34,5280,5265,169,90459,59711,169,3496,1020,0.17,28,51067,18400,0.15,26,22044,4675,0.76,128,29659,18976,200,336239,183041
3791,896,896,73144,57184,0.75,670,74774,65012,0.14,128,2487,1166,896,76567,60829,896,3418,864,0.15,135,259811,33264,0.14,127,254153,13935,0.75,674,23098,14666,1064,229848,104713
3792,641,641,71058,51868,0.72,464,70820,57867,0.15,94,2355,1503,641,74607,54284,641,3540,828,0.15,98,57249,27962,0.14,90,30242,7929,0.73,470,22203,12754,763,229775,115795
3793,2156,2156,64466,50047,0.75,1624,61463,53245,0.15,325,3780,1610,2156,67360,52510,2156,2808,657,0.12,269,72105,37500,0.12,268,48307,14940,0.73,1576,19494,11085,2502,153340,75695
3795,901,901,66643,49669,0.71,642,60452,51643,0.21,192,4137,2149,901,69965,52906,901,3240,552,0.11,101,137025,45500,0.11,100,105286,22188,0.75,679,19257,11487,977,184936,72617
3796,5938,5938,63339,53162,0.82,4873,64009,57499,0.11,641,1701,195,5938,66184,55686,5938,2812,892,0.12,686,73674,34050,0.11,656,46363,12984,0.77,4548,17169,11968,6749,136675,73311
3797,2079,2079,55411,45840,0.79,1633,57335,51334,0.09,197,3411,2322,2079,57897,47695,2079,2445,625,0.11,238,75824,35523,0.11,237,54137,17501,0.71,1473,14998,9680,2402,133754,62742
3799,3190,3190,52718,44664,0.77,2450,55104,49892,0.1,321,2683,1018,3190,54965,46334,3190,2207,555,0.14,456,59566,24914,0.14,437,39609,10345,0.73,2331,12986,8518,3742,120237,59871
3802,14135,14135,56815,48384,0.8,11239,60817,55372,0.17,2406,695,-14,14135,59141,50316,14135,2295,749,0.12,1719,60398,31854,0.12,1637,39812,12863,0.74,10448,14767,10132,15522,111178,48065
3803,6090,6090,51958,45634,0.78,4770,55220,51656,0.11,687,0,-224,6090,53995,47406,6090,2006,592,0.16,948,66602,32366,0.15,899,44727,14396,0.74,4492,12171,8264,6428,88432,32395
3804,5385,5385,79380,55922,0.75,4032,69278,55702,0.22,1198,1723,254,5385,83078,59021,5385,3633,750,0.1,528,112893,39342,0.1,512,82399,15508,0.77,4145,26104,13852,5686,237597,79710
3805,34456,34456,59022,50250,0.84,28911,60404,55044,0.13,4456,-982,-885,34456,61425,52275,34456,2380,830,0.11,3955,63571,28467,0.11,3753,43271,11844,0.76,26326,15212,10028,36635,104398,44004
3806,31595,31595,82924,55750,0.82,25992,69677,60802,0.17,5506,-788,-1109,31595,86005,58302,31595,2974,1017,0.1,3075,74295,28184,0.09,2911,50289,10845,0.77,24359,28472,13063,33800,158722,63789
3807,4922,4922,74451,57767,0.83,4097,71775,60373,0.16,806,-499,-726,4922,77923,60832,4922,3436,1100,0.09,464,72643,30256,0.09,447,42220,10187,0.79,3876,22292,13830,5340,179473,82068
3808,2012,2012,106105,58596,0.77,1555,75200,58023,0.17,344,2124,35,2012,110221,62584,2012,4079,904,0.11,223,81285,24987,0.1,210,64717,13418,0.79,1596,41593,15858,2232,269804,111977
3809,12960,12960,64992,57682,0.89,11487,66663,61493,0.11,1409,-1625,-1352,12960,67585,60256,12960,2566,1196,0.12,1494,49518,21971,0.11,1426,32065,9797,0.82,10582,16255,11932,13124,87518,43135
3810,32270,32270,57671,50980,0.85,27559,59645,54813,0.08,2579,-632,-807,32270,60043,53060,32270,2346,857,0.12,3744,52552,22868,0.11,3551,35189,9986,0.77,24829,14140,9922,34089,90240,39783
3812,1549,1549,62557,48137,0.76,1178,63201,52737,0.12,181,1487,74,1549,65898,50409,1549,2992,606,0.12,183,86054,29778,0.11,169,72180,17373,0.74,1143,18158,11858,1747,172017,80407
3813,582,582,60196,50366,0.77,447,61659,55085,0.12,69,5548,2598,582,64285,54098,582,3960,824,0.13,74,95187,43734,0.12,72,78007,27564,0.75,436,16365,11184,661,160639,70001
3814,1521,1521,64981,51171,0.77,1178,63642,57484,0.13,192,2117,140,1521,67945,53646,1521,2757,737,0.11,166,95681,43282,0.11,167,71475,20373,0.74,1132,19058,11519,1707,166080,72562
3815,2138,2138,92246,51410,0.78,1675,64288,56345,0.13,277,-25,616,2138,95785,53948,2138,3211,829,0.11,226,173637,35870,0.1,222,145429,17094,0.75,1604,35858,11726,2337,160757,75418
3816,1825,1825,57559,49460,0.79,1442,58096,53610,0.08,150,2473,661,1825,60122,51379,1825,2459,661,0.12,212,78248,32030,0.11,209,53823,15922,0.74,1352,14847,10387,1980,107715,53288
3818,10169,10169,57192,48519,0.79,8024,59829,53666,0.1,1003,2619,987,10169,60831,50545,10169,3460,790,0.1,1039,81683,32320,0.1,1000,61028,14998,0.75,7600,14676,9661,11040,135725,60744
3820,12354,12354,63989,51018,0.79,9800,63315,54995,0.11,1375,3305,957,12354,66976,53449,12354,2920,907,0.1,1187,91979,29201,0.09,1127,70221,13248,0.75,9267,18202,11197,13217,176825,68473
3821,1877,1877,62077,46228,0.7,1321,60511,48932,0.14,259,4568,1602,1877,66384,49256,1877,3404,580,0.15,278,176082,40264,0.14,269,152136,22979,0.71,1324,19879,11639,1986,197465,82935
3822,671,671,59758,50069,0.73,492,62110,56230,0.13,84,3505,2146,671,62742,52135,671,2721,718,0.13,87,92976,30155,0.13,90,72990,20976,0.73,492,16870,12405,693,156588,67418
3823,1323,1323,58385,47743,0.74,974,61930,55152,0.11,141,3161,1457,1323,62569,50625,1323,2974,832,0.12,158,114250,36167,0.12,155,83266,24152,0.73,961,16074,10225,1440,180858,69538
3824,3150,3150,64581,49588,0.78,2457,63440,55334,0.11,358,3709,2158,3150,68006,51489,3150,2638,846,0.09,298,91453,33309,0.09,286,73762,19422,0.72,2279,19823,10994,3439,182778,81539
3825,11005,11005,56401,46308,0.81,8942,60037,51045,0.09,1040,1824,894,11005,58903,48329,11005,2289,846,0.08,867,80352,30265,0.08,843,64284,16396,0.73,8002,14992,9096,12634,152949,58890
3831,1158,1158,64665,45486,0.75,865,60086,49877,0.13,147,2176,1015,1158,67662,48075,1158,2801,622,0.12,141,105529,39324,0.12,142,76528,15053,0.72,830,20655,9723,1298,181556,81134
3832,164,164,49458,40612,0.63,103,47072,39000,0.18,30,5921,4998,164,55131,47450,164,2535,413,0.15,25,112377,65093,0.16,26,75685,21024,0.65,106,13545,9332,172,197797,75042
3833,190,190,44047,31622,0.63,120,51212,45224,0.1,19,5050,8335,190,47027,35440,190,2080,303,0.09,18,76374,25150,0.08,16,51013,18526,0.59,112,12369,7117,224,120266,43145
3835,343,343,55460,44000,0.71,242,54461,45656,0.11,37,3476,3168,343,58478,45281,343,2322,449,0.12,41,118260,29520,0.12,42,97802,23626,0.69,237,15692,9184,368,163225,68358
3840,8516,8516,55209,44406,0.8,6853,57256,49356,0.08,665,3350,1873,8516,57454,46126,8516,2185,670,0.07,603,104735,28626,0.07,585,85542,16663,0.71,6048,14739,8648,9831,150984,52497
3842,2542,2542,53748,45636,0.83,2112,56687,49996,0.06,155,2725,1956,2542,55852,47572,2542,2064,822,0.07,174,77459,25365,0.06,164,56720,13722,0.71,1812,13730,8664,2939,144047,49186
3844,18365,18365,67977,53827,0.83,15330,69561,58804,0.11,2080,1369,677,18365,70904,56386,18365,2810,1125,0.08,1395,111704,28000,0.07,1357,90196,15206,0.78,14243,19244,12082,20408,184888,75790
3847,1267,1267,55261,46641,0.77,971,61734,55316,0.09,115,1993,1591,1267,58811,49594,1267,2604,815,0.1,125,143354,50410,0.1,124,126590,32472,0.73,924,14759,9532,1416,139700,57935
3850,8696,8696,63890,49112,0.8,6964,63425,52990,0.13,1141,2443,1241,8696,66984,51380,8696,2897,1000,0.09,748,85695,32754,0.08,707,62049,15522,0.75,6489,18164,10404,9637,180449,67892
3851,2878,2878,57602,43364,0.73,2101,61954,49197,0.14,394,3899,2607,2878,61237,46585,2878,2884,714,0.15,419,117324,33791,0.14,406,103744,25322,0.69,1981,18010,9588,3251,174286,78386
3852,100,100,73138,71692,0.97,97,75523,73823,0.09,9,2731,3306,100,75399,73770,100,2180,1200,0.04,4,20314,2522,0.03,3,15348,1202,0.94,94,15095,13158,105,109286,31629
3854,952,952,69326,57350,0.81,773,72862,62527,0.13,125,3565,2145,952,72942,60610,952,3115,1226,0.12,110,192653,54650,0.11,107,189173,51642,0.79,751,19520,13170,1032,213922,98041
3856,652,652,60970,50280,0.83,543,66534,58574,0.08,49,238,-114,652,63681,53216,652,2596,1110,0.08,54,113984,18978,0.08,51,105492,13909,0.75,486,16904,11624,720,186895,84668
3857,222,222,51034,47472,0.75,166,63366,54424,0.05,10,5340,3186,222,55059,50888,222,2586,830,0.16,36,159379,44536,0.16,35,157730,53307,0.71,158,16168,8911,236,168155,60672
3858,1794,1794,52209,46014,0.76,1372,58866,52573,0.09,160,3828,1434,1794,56453,49503,1794,3066,890,0.1,186,95836,42168,0.1,186,74867,26960,0.72,1294,14162,8952,1974,132717,60362
3859,496,496,54762,46388,0.67,334,59403,53950,0.12,62,5153,4222,496,59625,50278,496,3725,607,0.1,50,149347,45648,0.11,54,118767,36562,0.7,346,14968,9707,523,139143,50255
3860,4319,4319,58929,46428,0.78,3358,60525,53265,0.12,502,3457,1752,4319,62567,49687,4319,3161,1170,0.1,447,104632,33807,0.1,436,91415,24964,0.72,3127,16711,9457,4853,155452,70037
3862,2215,2215,55715,48229,0.77,1705,61709,54734,0.1,220,2217,1707,2215,58864,51146,2215,2467,1003,0.14,304,92753,33909,0.14,300,81715,21304,0.73,1618,14750,10273,2406,144842,66599
3864,124,124,46141,42802,0.72,89,49048,43087,0.11,14,3651,3654,124,48761,43674,124,2557,557,0.15,19,42662,22101,0.15,19,46331,31592,0.68,84,10796,6786,145,98802,44890
3865,342,342,49475,40973,0.8,273,51092,46884,0.1,34,6069,1234,342,53598,46884,342,4124,1008,0.09,30,66303,26258,0.09,31,45403,10017,0.77,262,10814,5137,414,111785,31180
3869,1157,1157,65351,50724,0.79,916,71847,60482,0.1,120,2309,2036,1157,68247,53534,1157,2723,1110,0.1,115,84242,31915,0.1,118,76669,14402,0.73,847,20099,12010,1282,198685,86713
3870,736,736,52138,44990,0.72,530,61180,55100,0.11,80,2642,1731,736,54542,47226,736,2222,546,0.12,88,65931,32550,0.12,85,56116,23332,0.68,504,14279,9583,844,167468,75907
3871,1687,1687,58150,46368,0.72,1222,62464,52009,0.12,198,2887,2011,1687,61133,49189,1687,2598,584,0.14,233,91649,36537,0.13,221,76148,24082,0.7,1175,17071,10748,1881,171912,78768
3873,206,206,48773,38394,0.68,141,62805,51036,0.13,27,4985,4268,206,51697,41575,206,2286,613,0.15,30,69015,33270,0.14,28,62012,32384,0.64,132,14045,10034,226,158033,79515
3874,389,389,107669,38609,0.66,256,52777,43696,0.12,47,7895,4217,389,112174,40907,389,3848,440,0.12,45,104960,39686,0.12,45,88848,16021,0.62,242,58466,7986,407,179054,77660
3875,11544,11544,54083,45514,0.77,8856,53920,48923,0.11,1307,4750,2610,11544,56832,47780,11544,2572,638,0.1,1165,85980,35186,0.1,1145,62878,17198,0.72,8361,13736,8385,12627,146742,61150
3878,760,760,54402,44702,0.68,518,56552,49162,0.14,104,3741,1858,760,57085,46930,760,2661,620,0.09,68,53411,24590,0.08,62,34789,7630,0.71,537,13979,8106,843,218562,94205
3880,2283,2283,51071,38863,0.63,1430,53747,46793,0.13,287,4456,2636,2283,53532,40789,2283,2420,396,0.08,193,78571,33386,0.08,186,56293,13490,0.63,1442,15177,7664,2582,230577,97136
3882,835,835,54029,47810,0.78,653,55978,52577,0.11,94,2767,3074,835,57294,51140,835,2644,784,0.11,92,94274,46888,0.11,90,77383,28566,0.74,615,13243,9102,917,138563,67581
3885,1117,1117,49272,43014,0.76,848,53782,47731,0.11,119,2845,916,1117,51741,45400,1117,2203,600,0.15,163,80590,33188,0.15,163,63232,26190,0.71,789,11847,7935,1248,121499,62518
3886,215,215,50081,40610,0.69,149,53591,46497,0.06,13,3705,1671,215,52987,44247,215,2599,335,0.11,24,42651,19730,0.11,23,32804,18172,0.67,143,12849,6986,233,161734,51242
3887,188,188,50013,32075,0.71,133,60417,41202,0.08,15,2718,1423,188,52771,33566,188,2381,300,0.15,29,50811,18993,0.15,29,39777,7947,0.55,104,20790,6202,216,85334,35131
3888,1870,1870,50850,43056,0.73,1357,49947,44098,0.11,210,4903,2492,1870,53699,44548,1870,2598,335,0.11,211,88926,41621,0.11,210,68244,26910,0.69,1296,12864,7302,2115,145228,60298
3889,70,70,29050,22438,0.41,29,44609,49600,0.09,6,-775,1243,70,30892,23524,70,751,0,0.11,8,61242,41316,0.1,7,58152,35365,0.39,27,9379,7014,84,126843,55052
3890,171,171,43547,33988,0.66,113,47495,37137,0.08,13,10104,2766,171,44883,34407,171,1275,190,0.1,17,36740,26672,0.09,16,32226,22885,0.57,97,13047,8450,195,121780,47298
3891,67,67,42416,34256,0.66,44,49102,41405,0.12,8,9080,6751,67,43809,36959,67,1359,319,0.22,15,128143,26100,0.22,15,115604,9135,0.6,40,10854,6365,82,136527,77855
3892,612,612,46520,36656,0.64,392,41109,33108,0.16,96,6291,5254,612,49076,38880,612,2513,300,0.21,131,60048,23712,0.2,121,43989,10154,0.64,392,12215,7153,729,181639,73172
3895,121,121,45383,37681,0.53,64,40153,32742,0.07,9,5594,6277,121,51813,40546,121,3253,178,0.17,21,154644,68539,0.18,22,97337,39846,0.58,70,13147,7850,115,121955,68592
3896,227,227,54956,40390,0.74,168,50796,39628,0.14,31,6921,2487,227,58433,44598,227,2892,363,0.11,24,64302,57060,0.1,23,45511,20150,0.67,152,15230,9053,245,174741,73252
3898,411,411,51808,41696,0.72,297,50830,43940,0.12,51,6503,3727,411,54557,44270,411,2490,484,0.17,69,92648,37881,0.16,66,73964,21554,0.69,282,13721,7949,424,129355,53785
3900,109,109,63506,46131,0.56,61,46140,38893,0.13,14,6397,4268,109,68839,49141,109,4319,300,0.23,25,118724,45310,0.23,25,84327,34920,0.73,80,15968,8617,117,140708,71995
3902,245,245,47621,38584,0.67,163,53171,45743,0.1,24,4189,1547,245,51325,41828,245,3651,361,0.15,36,487992,48248,0.13,33,515814,35422,0.66,162,12563,7216,276,173331,75035
3903,456,456,50129,40286,0.7,321,54818,47447,0.09,43,1985,2797,456,52822,42386,456,2193,410,0.16,72,77723,30014,0.14,66,69126,16912,0.68,310,13112,8129,490,157504,69785
3904,1071,1071,55648,39586,0.66,710,56687,44396,0.13,140,3723,2318,1071,58411,41025,1071,2599,400,0.12,126,88837,28330,0.11,122,73211,12596,0.64,681,18251,9144,1223,225879,96990
3909,4467,4467,48807,38520,0.71,3174,50393,43528,0.12,515,4549,2638,4467,51170,40764,4467,2261,462,0.1,432,73971,31388,0.09,411,59780,15579,0.66,2954,12859,6973,5023,168252,65648
3910,14282,14282,65776,55820,0.84,12068,66572,59356,0.12,1653,603,-235,14282,68706,58236,14282,2896,1031,0.1,1382,68677,30600,0.09,1338,44608,12196,0.79,11304,17475,12151,15856,148077,78492
3911,2163,2163,67817,52515,0.78,1688,64688,56556,0.14,305,4498,1759,2163,71235,55329,2163,3417,990,0.12,254,70049,33712,0.11,235,46180,13776,0.78,1694,19151,11153,2433,161298,75331
3912,9535,9535,66155,52786,0.8,7644,63229,55956,0.12,1172,2493,550,9535,69236,55148,9535,2978,878,0.11,1062,84197,36806,0.11,1006,58665,13857,0.78,7401,18417,11458,10623,150787,74821
3913,2250,2250,66656,51252,0.76,1711,62938,54113,0.11,245,4899,1957,2250,69808,53418,2250,3135,739,0.1,235,80369,40620,0.1,226,55479,17122,0.75,1691,19944,11275,2472,175714,74978
3915,5504,5504,58107,48055,0.8,4401,58900,53156,0.08,426,2690,776,5504,60805,50252,5504,2629,788,0.1,535,70438,33252,0.1,525,46855,13192,0.74,4067,15214,9496,6151,131178,54139
3916,660,660,166284,53180,0.54,358,79671,49433,0.19,128,3024,3497,660,172211,58370,660,5781,680,0.15,97,72327,28776,0.14,94,54624,16014,0.68,452,89439,17914,718,643344,177560
3918,2575,2575,64805,48089,0.76,1969,63919,54039,0.13,322,2938,834,2575,67636,50350,2575,2756,855,0.11,292,80240,36806,0.11,277,56787,15407,0.74,1894,19229,10894,2826,167951,80497
3919,1909,1909,57528,48560,0.84,1611,58797,52553,0.08,159,158,62,1909,60109,50983,1909,2561,900,0.12,221,63381,31842,0.11,206,43968,14358,0.77,1474,13880,9192,2198,108778,58549
3920,404,404,62775,58466,0.98,394,64366,59856,0.12,50,-778,30,404,64970,59856,404,2195,1246,0.01,6,38141,20237,0.01,6,23594,9668,0.87,351,12798,8997,438,128760,23900
3921,70,70,57637,31250,0.47,33,80255,42540,0.23,16,7739,8620,70,61500,31882,70,2424,178,0.21,15,90410,46675,0.21,15,80125,18735,0.61,43,21131,6115,73,148737,52285
3922,5586,5586,53621,39438,0.69,3847,53692,43760,0.14,756,4603,2672,5586,56572,41772,5586,2750,490,0.14,798,74572,32377,0.14,766,50098,12556,0.67,3730,15483,7664,6394,185638,76067
3923,462,462,79096,39926,0.61,284,65144,44738,0.16,74,5175,3920,462,82869,41662,462,3581,595,0.15,68,104383,44674,0.14,65,84160,16398,0.65,299,33421,10498,548,295413,125201
3925,2600,2600,61091,44984,0.71,1836,60291,49248,0.15,393,3952,2554,2600,64279,47788,2600,3121,662,0.15,389,78908,33279,0.14,370,51784,14386,0.72,1865,18113,10479,3017,204812,84820
3926,2181,2181,105706,51091,0.64,1386,72629,53672,0.18,393,6076,2425,2181,111546,54917,2181,5681,895,0.14,304,81953,28223,0.14,298,53910,12250,0.72,1562,45698,15009,2412,369511,124758
3927,1078,1078,98767,49313,0.61,655,74100,52949,0.17,180,5718,4161,1078,103319,53042,1078,4487,914,0.17,179,83194,27949,0.15,166,55843,10910,0.71,770,41448,13699,1243,365967,140795
3928,313,313,123843,50795,0.56,176,79285,50408,0.19,58,12449,4516,313,130573,53483,313,6224,965,0.14,44,144222,38290,0.13,42,68608,22958,0.72,225,57045,19279,343,468454,122338
3929,723,723,150867,51726,0.48,349,84904,45798,0.15,110,7336,4955,723,158176,55179,723,7138,838,0.12,89,97618,35884,0.12,84,47946,22849,0.68,494,77898,18027,771,824636,259239
3930,11515,11515,105186,61130,0.7,8093,87016,63571,0.17,1900,2217,864,11515,109742,64571,11515,4284,1002,0.1,1189,129603,30821,0.1,1135,83792,12366,0.75,8645,41646,18814,12712,333329,135257
3931,14979,14979,70979,49572,0.72,10712,68178,56728,0.13,1976,3106,1379,14979,74106,52131,14979,3088,800,0.1,1535,89740,30695,0.1,1453,60350,12607,0.72,10785,23383,12605,16799,227794,95574
3933,720,720,90410,50904,0.67,482,72101,51289,0.18,127,5335,4904,720,94227,54772,720,3462,554,0.13,91,174052,37475,0.13,92,150319,22322,0.75,538,34511,13098,795,287582,85143
3934,12080,12080,82981,53074,0.71,8595,72570,56235,0.15,1799,2889,1142,12080,86971,56279,12080,3923,833,0.11,1343,89321,31839,0.1,1265,57277,12816,0.74,8891,29560,14710,13200,255544,107650
3936,7694,7694,66820,45508,0.7,5377,62634,52024,0.14,1087,4638,2242,7694,70136,47927,7694,3193,650,0.11,876,76476,35036,0.11,843,50905,14360,0.71,5443,21909,10732,8701,225881,86187
3937,1053,1053,115095,55077,0.61,643,88003,54999,0.17,174,8508,6500,1053,120853,60456,1053,5733,850,0.15,162,130834,34500,0.15,158,85215,14162,0.73,768,50143,16056,1168,472582,137375
3938,2056,2056,62794,44392,0.64,1322,62855,49249,0.15,310,5956,3859,2056,66193,45616,2056,3368,530,0.12,257,79022,32011,0.12,247,51704,13860,0.69,1410,20193,10629,2310,280125,109734
3939,8589,8589,59902,44184,0.73,6250,57870,49034,0.11,959,3570,1531,8589,62613,46171,8589,2691,585,0.12,1030,82307,34898,0.12,993,55470,13387,0.7,6026,18003,9047,9814,177186,69275
3940,2359,2359,53799,41157,0.67,1573,52267,47110,0.08,183,5268,3930,2359,56282,42716,2359,2442,459,0.11,268,82887,31146,0.1,247,61680,12914,0.67,1578,15264,7491,2646,140268,50633
3941,7637,7637,62814,43231,0.67,5148,60482,46726,0.13,1014,4227,2356,7637,65896,45207,7637,3012,529,0.16,1196,84270,40058,0.15,1163,54058,13869,0.7,5319,20046,9033,8709,194444,74649
3942,1686,1686,84214,43902,0.57,959,75306,44756,0.17,287,5795,3455,1686,88615,46806,1686,4371,546,0.13,227,93120,34985,0.13,218,63886,14498,0.66,1108,35862,13210,1880,428695,139532
3943,1241,1241,126272,52585,0.47,582,76823,51143,0.2,249,14992,6156,1241,138805,56479,1241,11956,536,0.12,148,248598,50222,0.11,138,203743,15995,0.69,860,60133,16880,1383,726919,218107
3944,586,586,221867,77610,0.41,243,98757,53074,0.17,98,9603,8338,586,240097,83625,586,18114,1205,0.08,47,221124,25500,0.06,34,237088,19954,0.76,444,111963,28351,599,1606554,543313
3945,643,643,55394,44065,0.64,414,59103,53752,0.11,70,2725,1319,643,58546,46582,643,2811,390,0.17,112,103738,43955,0.17,109,89533,26964,0.67,430,17490,10933,677,201982,83119
3946,174,174,62174,46288,0.63,110,56708,45850,0.13,23,1330,115,174,65584,51133,174,2929,315,0.18,31,57114,32890,0.17,30,39291,32918,0.72,126,17797,9023,187,193400,87080
3950,2870,2870,56078,45212,0.76,2170,57418,50896,0.1,282,2371,1346,2870,59048,47690,2870,2531,664,0.11,330,79577,27851,0.11,312,59704,14274,0.72,2074,15099,9082,3182,140472,66416
3951,669,669,52218,41130,0.65,436,53964,44102,0.17,113,4625,3279,669,55800,44802,669,2972,424,0.14,94,79673,40225,0.13,90,62561,28620,0.68,452,14989,8645,712,189295,83961
3953,4891,4891,56364,45300,0.7,3442,55530,49276,0.12,568,4084,2540,4891,59766,48082,4891,3078,615,0.12,594,115947,38538,0.12,573,91930,16896,0.71,3491,15502,9494,5251,184373,74775
3954,267,267,58421,45932,0.67,179,56762,48551,0.17,46,1413,856,267,62885,49142,267,4228,798,0.17,45,89298,37915,0.16,43,68096,22126,0.68,181,17399,9642,267,224732,95443
3956,1660,1660,55278,40380,0.61,1017,54067,45938,0.15,242,4492,2298,1660,59474,43544,1660,3527,471,0.17,280,93895,33282,0.16,269,80520,14590,0.65,1086,17280,9458,1850,200928,81148
3957,207,207,50642,43419,0.62,129,51122,45105,0.09,18,2521,4550,207,59539,49432,207,4459,669,0.11,23,206053,56697,0.12,24,150563,16685,0.75,155,10900,6220,206,196983,61385
3958,172,172,58765,44958,0.59,102,44360,45626,0.13,22,5652,-51,172,61264,45964,172,1887,277,0.19,33,102439,34617,0.18,31,88312,24317,0.68,117,18007,8610,161,119208,44807
3959,729,729,54494,41014,0.61,443,55858,45000,0.17,122,7297,4786,729,58366,43579,729,3076,384,0.17,123,105278,33468,0.16,120,84636,15824,0.66,480,18298,9816,825,228265,90137
3960,1556,1556,54610,40256,0.62,962,55290,47286,0.13,208,4427,2911,1556,58298,42919,1556,3234,546,0.15,228,118833,40274,0.14,224,93352,23926,0.64,994,17202,9153,1732,213738,86513
3962,522,522,43806,37531,0.68,355,53211,44590,0.11,57,1751,83,522,47505,38960,522,2684,336,0.15,77,140101,41206,0.14,75,116888,20547,0.65,338,14051,7608,583,143606,64039
3964,108,108,64692,51175,0.74,80,59658,52146,0.14,15,2690,2001,108,70950,55001,108,6076,1154,0.13,14,136818,41606,0.12,13,109274,18329,0.81,88,15692,7472,129,157996,86864
3965,118,118,44007,41532,0.6,71,52796,48560,0.14,16,3522,722,118,46824,41888,118,2651,404,0.09,11,72293,53457,0.09,11,52898,21286,0.6,71,11882,8045,140,218344,95430
3966,316,316,57841,41142,0.67,213,49237,45662,0.13,40,4157,2026,316,62516,47940,316,3081,368,0.12,39,176283,70000,0.12,39,138238,34377,0.69,217,18296,7418,339,125791,60872
3967,72,72,62330,43202,0.5,36,53791,52000,0.14,10,4520,2244,72,65404,47292,72,2521,74,0.21,15,229619,66194,0.21,15,180340,37557,0.67,48,19111,13003,69,132308,51770
3971,2322,2322,47455,39504,0.69,1610,53748,46850,0.12,274,3281,1912,2322,51361,42088,2322,2568,441,0.12,274,124170,33620,0.11,267,113951,19903,0.65,1516,12853,7591,2558,156015,69842
3975,10783,10783,61628,54363,0.85,9208,65338,59766,0.2,2114,-2434,-1788,10783,64036,56484,10783,2392,1044,0.12,1330,55302,27960,0.12,1257,34879,11618,0.78,8450,15697,11462,10887,79927,40370
3976,14153,14153,50695,47649,0.84,11868,53825,52028,0.09,1239,-1159,-871,14153,52716,49569,14153,2007,703,0.13,1894,48094,31543,0.13,1802,27903,12499,0.76,10758,10942,8195,15086,66864,26284
3977,68492,68492,59082,52115,0.86,58568,61388,56616,0.11,7575,-1206,-1177,68492,61522,54255,68492,2413,931,0.12,8249,58923,27005,0.11,7818,39794,11692,0.78,53658,14468,10214,71715,88940,40643
3978,28771,28771,60670,54548,0.88,25341,63163,58900,0.12,3322,-1739,-1623,28771,63189,56780,28771,2489,1158,0.15,4358,58301,21502,0.14,4133,42805,9830,0.81,23212,14552,10704,28159,59774,30481
3979,238,238,54570,45255,0.63,149,60446,51653,0.09,22,6252,3203,238,57900,47246,238,2609,392,0.19,45,78386,50132,0.18,44,63388,29518,0.68,161,16525,10426,236,199630,88412
3980,2129,2129,61768,51599,0.81,1720,62063,55522,0.12,245,3068,401,2129,64428,54356,2129,2610,896,0.11,241,96677,34843,0.11,235,73600,19855,0.79,1673,15847,10827,2407,139245,75227
3981,3219,3219,59650,51222,0.8,2579,59645,54243,0.1,330,2892,906,3219,62781,53407,3219,2711,768,0.1,336,106926,46578,0.1,337,81577,22785,0.78,2502,15080,10356,3941,100647,42042
3984,4375,4375,57682,48647,0.79,3435,59042,54408,0.09,385,4212,1266,4375,60432,51029,4375,2622,800,0.12,521,99808,36305,0.11,495,77189,16137,0.75,3279,15233,9866,4808,123905,57264
3987,944,944,57959,50978,0.78,735,60701,55693,0.1,96,586,-226,944,60649,52624,944,2544,722,0.12,114,97549,37064,0.12,112,76337,21688,0.78,733,14193,10377,1030,127577,73363
3988,712,712,52888,42817,0.68,486,56420,50294,0.1,74,3495,1352,712,56108,45308,712,2607,520,0.16,112,120689,48721,0.15,108,101007,25664,0.69,494,13896,8986,763,161296,69295
3990,95,95,52743,50716,0.63,60,52824,49176,0.18,17,9687,7239,95,56584,50776,95,3265,759,0.22,21,73666,24380,0.21,20,46820,26754,0.73,69,12159,10413,102,231450,106770
3991,264,264,51405,37978,0.7,184,54612,46090,0.14,38,1060,-158,264,53908,39740,264,2153,220,0.16,42,91513,44460,0.14,38,78851,26685,0.65,172,15231,8999,284,114732,49188
3992,771,771,52235,44847,0.77,592,53377,47508,0.09,71,648,892,771,55219,47438,771,2700,740,0.13,101,108635,32866,0.13,100,86969,14492,0.72,558,12367,7626,857,136992,54253
3995,6385,6385,51163,40790,0.73,4665,51582,44788,0.11,709,2820,2043,6385,53932,43326,6385,2611,626,0.13,801,69063,30065,0.12,774,47704,12038,0.69,4409,13394,7328,7130,156846,63023
3996,3792,3792,62970,44598,0.65,2458,62260,51688,0.16,604,3540,2038,3792,66824,47368,3792,3650,715,0.12,443,108307,38102,0.11,432,82223,16444,0.67,2541,20879,11195,4257,280361,112853
4000,15199,15199,83490,49753,0.84,12711,67783,51891,0.12,1794,5006,2034,15199,86730,51890,15199,3154,542,0.11,1596,93476,20054,0.09,1352,57827,8449,0.74,11259,30818,11126,16916,155127,17257
4005,12508,12508,129088,73000,0.79,9907,97213,73631,0.18,2211,4119,1984,12508,134474,76549,12508,5178,1160,0.11,1347,149956,28131,0.1,1241,82377,11575,0.84,10510,48868,18496,14044,319274,82284
4006,19238,19238,81437,60520,0.88,16902,74474,62440,0.1,1945,1568,861,19238,84823,62805,19238,3331,920,0.1,1917,82280,19093,0.09,1729,58097,7892,0.84,16123,24175,12666,20570,146250,30967
4007,11075,11075,131756,68299,0.77,8517,95582,68747,0.16,1741,4336,1797,11075,139082,71724,11075,7105,1102,0.1,1060,384162,30284,0.09,994,321460,11381,0.82,9079,52196,17217,11823,332008,80332
4008,203,203,69078,62921,0.85,173,65342,63305,0.06,13,3359,3135,203,71794,64055,203,2653,813,0.07,15,95634,22219,0.07,14,67119,7296,0.83,168,17607,13648,251,138565,57936
4009,58,58,98795,70582,0.78,45,80538,75194,0.09,5,-1660,-1360,58,101460,72780,58,2664,773,0.09,5,159377,74050,0.09,5,140185,5446,0.88,51,31380,15155,70,144340,41161
4010,2709,2709,76536,62475,0.85,2297,75957,66430,0.13,356,2365,849,2709,79779,65624,2709,3184,1048,0.1,271,97042,24158,0.09,247,70362,9681,0.84,2265,21044,13424,2898,161457,51401
4011,10695,10695,116562,67412,0.8,8596,92647,68228,0.16,1683,1899,1117,10695,121233,70311,10695,4510,1084,0.09,998,194951,30188,0.09,938,115635,11612,0.82,8725,43563,17132,11898,277207,90664
4012,15919,15919,80937,64204,0.86,13711,78768,67422,0.12,1975,2181,862,15919,84151,66853,15919,3111,1005,0.09,1390,98394,26655,0.08,1286,74745,10858,0.83,13213,23644,14485,17564,170821,74045
4013,3423,3423,77776,60099,0.86,2947,75580,63760,0.12,426,791,591,3423,80690,62633,3423,2885,938,0.09,302,69163,23167,0.08,285,42339,8729,0.81,2776,22941,13388,3739,162721,67364
4014,8713,8713,77134,64778,0.87,7540,77293,69154,0.14,1250,1880,303,8713,80167,67319,8713,2992,1122,0.08,654,78862,25280,0.07,601,53742,10135,0.82,7151,21975,15031,9664,163260,85446
4017,23090,23090,69173,57804,0.83,19191,71117,62880,0.13,3117,2183,987,23090,71943,60240,23090,2710,889,0.08,1947,60116,27292,0.08,1841,38066,10799,0.79,18229,19169,13010,26154,179644,89873
4018,8410,8410,60736,53410,0.83,7011,63649,59051,0.11,915,355,-25,8410,62790,55258,8410,2002,700,0.1,862,61875,25409,0.1,809,44839,12006,0.78,6522,15388,10870,8839,120373,53407
4019,12001,12001,62370,51463,0.79,9519,64594,57723,0.13,1539,3194,1617,12001,65094,53663,12001,2661,800,0.09,1050,68312,29054,0.08,996,45504,12476,0.76,9069,16935,10921,13777,164510,77740
4020,15841,15841,70159,52155,0.74,11799,70384,59651,0.16,2496,4110,1878,15841,73496,55033,15841,3150,757,0.08,1317,165712,27814,0.08,1265,142708,11187,0.74,11669,22013,12262,17650,220634,92921
4021,5191,5191,53980,47232,0.83,4286,57115,52216,0.09,459,1948,918,5191,56161,48903,5191,2166,632,0.07,362,63834,27103,0.07,340,41368,10753,0.74,3835,13018,8962,5913,118515,53420
4022,3909,3909,54008,48036,0.82,3203,57547,53032,0.08,325,2221,616,3909,56197,49900,3909,2151,628,0.07,267,54472,28435,0.07,262,31904,10136,0.74,2890,13010,9031,4299,115544,47299
4025,115,115,56506,50278,0.71,82,60045,55600,0.1,11,10486,5964,115,59108,50804,115,2296,300,0.15,17,117348,50566,0.13,15,106970,33637,0.75,86,14605,9326,122,95205,47106
4030,12608,12608,89152,63928,0.86,10889,82074,65207,0.13,1692,2300,794,12608,92582,66548,12608,3386,1010,0.1,1231,108364,22500,0.09,1134,69756,8096,0.84,10560,27768,14393,13931,181761,60263
4031,9425,9425,83886,66811,0.87,8175,81907,69468,0.14,1293,2083,924,9425,87215,69587,9425,3304,1061,0.09,826,85650,29074,0.08,778,53901,10408,0.83,7864,24865,15651,10328,185328,87947
4032,11838,11838,65351,54502,0.82,9670,66641,59688,0.11,1248,3637,1186,11838,67823,56591,11838,2455,780,0.08,976,59919,22969,0.08,901,36470,9121,0.78,9251,17582,11605,12713,150959,52336
4034,29157,29157,66189,55369,0.81,23685,68404,61350,0.13,3845,2690,998,29157,68815,57702,29157,2574,798,0.08,2463,71434,25649,0.08,2324,48628,10490,0.77,22529,18258,12462,31970,172287,72394
4035,18184,18184,82441,62688,0.8,14625,79738,67649,0.16,2954,2916,450,18184,85966,65668,18184,3474,960,0.08,1433,99574,28209,0.07,1353,67593,12650,0.78,14256,26517,15782,19624,240465,108247
4036,4334,4334,61152,54746,0.86,3706,64407,60226,0.09,404,272,8,4334,63585,56866,4334,2403,873,0.08,362,71095,24956,0.08,335,49679,11443,0.8,3462,14837,11072,4850,128000,68164
4037,5190,5190,76153,63335,0.84,4377,76883,66871,0.14,744,496,322,5190,79350,65738,5190,3141,1014,0.08,436,96935,29048,0.08,411,70587,10772,0.8,4162,22020,15290,5640,201832,111698
4051,19330,19330,102980,68434,0.85,16498,88700,70364,0.17,3274,1467,883,19330,112267,71388,19330,9201,1116,0.09,1759,115356,25565,0.08,1608,62748,8530,0.83,16026,35220,16263,21369,222797,90141
4053,30508,30508,75507,62802,0.84,25773,76556,67744,0.14,4196,1811,616,30508,78495,65391,30508,2938,1001,0.08,2495,73845,23685,0.08,2322,49996,10108,0.81,24845,21268,14381,33711,189176,89571
4054,8660,8660,68512,59071,0.83,7187,71851,65884,0.11,943,1035,169,8660,71053,61344,8660,2514,874,0.08,705,67095,24304,0.08,662,41778,8039,0.79,6845,18630,13639,9753,176050,92615
4055,14092,14092,77399,65156,0.83,11751,78821,71059,0.15,2052,751,140,14092,80394,67914,14092,2963,1027,0.07,987,64913,25312,0.07,933,35690,9690,0.8,11213,22917,16194,15644,222039,120625
4059,8827,8827,81901,55017,0.86,7609,73293,56759,0.14,1204,1986,863,8827,84892,57376,8827,2947,710,0.1,910,102815,23574,0.09,833,58670,9862,0.77,6777,27454,13762,9653,177530,40337
4060,8799,8799,109315,71341,0.82,7172,96685,71955,0.17,1539,1931,1291,8799,113716,75039,8799,4339,1104,0.1,847,130604,31200,0.09,779,75268,10194,0.81,7107,39712,19666,9749,278714,127575
4061,11049,11049,89293,64767,0.78,8651,87251,72844,0.16,1729,1853,732,11049,92886,68172,11049,3463,968,0.09,1039,85990,25755,0.09,965,46160,8814,0.77,8510,30886,18312,12477,283219,136918
4064,8887,8887,111466,68317,0.83,7396,90730,67694,0.16,1411,1649,1327,8887,115982,71501,8887,4387,1041,0.09,823,143245,33160,0.08,755,74768,11048,0.82,7265,40691,17547,9792,244510,67254
4065,6511,6511,123728,78513,0.78,5110,106380,77736,0.19,1243,1886,1104,6511,129069,83122,6511,5196,1224,0.1,671,180706,30304,0.09,617,116125,11992,0.81,5292,46898,23696,7257,320270,146407
4066,12925,12925,90918,59268,0.83,10688,79587,61372,0.14,1818,2467,1408,12925,94460,61970,12925,3414,770,0.09,1188,129381,22720,0.08,1066,81302,9474,0.78,10089,31894,14859,14110,234771,53299
4067,6961,6961,77848,39312,0.77,5369,65863,40520,0.14,942,3689,2610,6961,81067,41254,6961,3059,302,0.09,614,115540,20492,0.08,530,55166,9046,0.64,4487,33079,13314,7426,275426,25460
4068,17064,17064,100286,57100,0.78,13237,81241,60315,0.16,2796,4214,1643,17064,104240,60067,17064,3851,711,0.09,1454,125491,22746,0.07,1278,70988,8828,0.76,12968,38653,15444,18096,289173,63303
4069,23000,23000,111380,67072,0.74,17068,96738,73535,0.2,4669,2450,1413,23000,115940,70816,23000,4263,980,0.09,1966,142910,31452,0.08,1845,89661,11319,0.76,17510,44122,21047,25050,341204,137525
4070,7570,7570,78678,62448,0.8,6085,80137,69999,0.13,1012,1527,460,7570,81785,65448,7570,2969,907,0.09,693,73557,27411,0.09,655,47836,10755,0.77,5845,24686,16550,8228,213478,99429
4073,5831,5831,85841,65187,0.79,4622,86017,71935,0.2,1171,1609,938,5831,89279,68149,5831,3367,975,0.08,449,78353,27986,0.07,429,44342,10069,0.77,4519,28469,17918,6290,251664,122981
4074,15484,15484,73947,58884,0.78,12148,75697,66341,0.17,2626,1793,1002,15484,77086,61684,15484,3063,852,0.08,1274,98004,28678,0.08,1209,66247,10892,0.76,11779,22796,15353,17138,227268,99441
4075,16007,16007,88486,64886,0.81,13026,84358,69476,0.16,2501,2121,1065,16007,92037,67999,16007,3473,945,0.08,1346,104803,22968,0.08,1234,67783,9666,0.79,12693,29238,16473,17543,236357,98271
4076,2961,2961,56645,51062,0.84,2482,58278,55044,0.1,304,3607,1582,2961,58818,53186,2961,2148,540,0.1,293,66465,29345,0.09,270,46426,12202,0.77,2266,13649,9630,3252,92202,36351
4077,19084,19084,50136,45228,0.84,15965,51721,49028,0.07,1402,2187,903,19084,52040,46926,19084,1889,482,0.11,2012,61221,27466,0.1,1881,43961,12577,0.73,13932,11290,7878,20044,65532,19190
4078,15815,15815,60124,53209,0.85,13421,63065,57652,0.11,1816,1042,8,15815,62427,55246,15815,2280,734,0.09,1350,68703,26676,0.08,1259,51534,12067,0.78,12327,14966,10729,17041,118869,49439
4101,24091,24091,81559,56494,0.84,20141,73735,59330,0.15,3601,2948,1522,24091,84966,58918,24091,3277,731,0.11,2560,100119,21352,0.09,2256,72174,8566,0.77,18530,27399,13874,25746,177132,37452
4102,7858,7858,65779,51610,0.87,6870,63352,54333,0.1,820,2063,1178,7858,68330,53791,7858,2535,634,0.1,822,62801,16172,0.09,708,41511,7336,0.76,6011,18973,10982,8431,109169,23750
4103,10253,10253,72299,57062,0.86,8808,69881,59904,0.13,1318,3011,1468,10253,75200,59367,10253,2881,755,0.11,1142,56917,21780,0.1,1019,32928,7743,0.8,8226,20662,12610,11321,150947,46909
4104,4847,4847,93467,60662,0.78,3775,79527,63845,0.15,724,4457,1376,4847,97135,63289,4847,3494,838,0.1,471,91913,24287,0.09,429,49709,8473,0.78,3802,33021,15123,5295,257161,83100
4105,9135,9135,80994,61831,0.84,7659,75587,66894,0.13,1212,2514,1095,9135,84596,64623,9135,3523,919,0.1,900,87339,22602,0.09,821,51714,9378,0.81,7442,24573,14283,10278,212601,81158
4106,1044,1044,58203,51228,0.86,894,57578,54164,0.09,93,-433,-724,1044,60579,53772,1044,2049,590,0.13,131,178717,23328,0.11,118,165232,10490,0.78,814,14477,9571,1159,90964,34533
4107,4334,4334,69440,59576,0.86,3724,71210,64272,0.14,624,969,544,4334,72074,61998,4334,2609,900,0.1,412,67270,24988,0.09,403,43850,9173,0.81,3493,18681,13243,4773,145666,74111
4108,4177,4177,55407,46918,0.84,3507,56803,51821,0.12,504,3019,1472,4177,57459,49006,4177,2049,585,0.12,508,57346,20521,0.11,451,44809,8552,0.74,3100,14066,8896,4529,91982,27108
4109,24954,24954,55090,41796,0.74,18416,54956,47634,0.18,4438,4173,2604,24954,57564,44002,24954,2396,388,0.12,2961,95549,23078,0.1,2572,82373,9093,0.68,17076,16281,8449,25748,131986,26371
4110,10721,10721,59043,52632,0.86,9186,61589,57004,0.1,1111,988,183,10721,61391,54836,10721,2276,824,0.11,1189,62359,30158,0.1,1106,45505,13390,0.79,8484,14174,10302,10970,76589,31574
4111,661,661,56882,48230,0.83,547,59783,54637,0.1,67,7849,3423,661,59107,50194,661,2179,424,0.08,50,36817,15250,0.07,46,18044,6747,0.7,462,15992,11140,734,162620,58812
4112,5122,5122,62400,47500,0.76,3876,65999,56492,0.17,879,1953,1083,5122,65058,49851,5122,2607,530,0.12,631,77275,37491,0.12,593,51934,14995,0.73,3719,18452,11037,5120,141470,43459
4113,19045,19045,57398,46105,0.77,14687,59415,52769,0.15,2950,2409,1526,19045,59820,48254,19045,2370,495,0.12,2340,63615,27022,0.11,2149,44400,10610,0.73,13817,15801,9548,19634,129596,34811
4114,14027,14027,43591,40532,0.82,11551,45653,44779,0.03,476,1286,796,14027,45459,42364,14027,1862,400,0.1,1362,49461,31481,0.09,1263,29884,14364,0.69,9672,8897,6454,15740,52968,14153
4115,12670,12670,60081,51934,0.83,10511,63646,57971,0.14,1792,538,17,12670,62469,54011,12670,2358,708,0.1,1263,86784,24455,0.09,1138,73292,10458,0.76,9640,15693,11132,13390,127836,50157
4116,17164,17164,58980,47816,0.78,13381,61450,54504,0.17,2976,1982,869,17164,61395,49894,17164,2367,565,0.11,1878,115637,27289,0.1,1716,100373,11074,0.73,12506,16532,10294,17094,117941,36084
4117,1499,1499,57696,51336,0.85,1273,59878,56181,0.08,123,-506,73,1499,60315,52786,1499,2596,800,0.12,185,66241,41790,0.12,177,42568,18870,0.78,1175,13787,10063,1473,66512,27666
4118,19353,19353,56867,51299,0.85,16423,58901,55838,0.08,1591,872,125,19353,59232,53523,19353,2333,730,0.08,1606,94368,29940,0.08,1502,77624,13102,0.78,15033,13482,9709,20779,101274,42540
4119,4251,4251,61960,50587,0.79,3378,63580,56042,0.15,633,598,428,4251,64442,52460,4251,2462,602,0.12,489,76765,34280,0.11,466,53973,14332,0.76,3228,16874,10678,4356,110812,42920
4120,7314,7314,76837,61066,0.87,6349,73814,63972,0.12,874,2301,1124,7314,79874,63439,7314,2979,928,0.11,829,81786,20105,0.1,739,57448,8176,0.83,6090,21620,13223,7958,151117,52612
4121,16609,16609,89884,67494,0.83,13803,84194,71006,0.17,2816,1863,526,16609,93441,70450,16609,3532,1053,0.09,1518,102929,32064,0.08,1391,62810,11735,0.81,13498,28841,17402,18346,222498,106922
4122,29130,29130,66761,54511,0.82,23825,69011,60340,0.15,4377,2496,919,29130,69417,56718,29130,2604,760,0.1,2776,92939,24773,0.09,2508,74120,9252,0.76,22206,19100,12708,31571,160332,62032
4123,14425,14425,68961,54712,0.81,11692,67522,59927,0.17,2423,1492,576,14425,71734,57168,14425,2737,787,0.1,1417,149249,25980,0.09,1297,104921,11069,0.77,11064,20395,12538,15232,138513,60886
4124,14893,14893,62745,54818,0.85,12686,63606,58954,0.09,1401,758,-28,14893,65356,57210,14893,2589,864,0.09,1369,63260,30616,0.09,1293,43267,14325,0.79,11824,15870,11159,15878,115674,53901
4125,8551,8551,54794,49605,0.83,7139,57096,54120,0.07,631,1235,851,8551,57353,52060,8551,2532,714,0.11,953,61185,30091,0.11,912,42745,12984,0.77,6572,12672,8992,8851,88700,28611
4127,15913,15913,60584,51258,0.82,13026,62192,55742,0.11,1703,1898,811,15913,63178,53196,15913,2556,692,0.09,1421,78919,30000,0.08,1304,57470,13901,0.77,12192,15726,10304,17909,129774,52299
4128,10708,10708,65922,57225,0.84,8965,68246,61866,0.12,1320,972,496,10708,68708,59818,10708,2705,860,0.09,918,73601,31311,0.08,863,51946,13819,0.79,8496,17409,12476,11966,144672,72494
4129,4357,4357,59271,53628,0.86,3730,60788,57399,0.09,384,956,352,4357,61855,56040,4357,2555,826,0.09,394,92367,32589,0.08,368,74239,12972,0.8,3469,14129,10284,4839,101041,51055
4130,5748,5748,78358,59864,0.8,4606,72232,63004,0.16,903,2294,593,5748,81552,62810,5748,3155,864,0.08,479,86710,40020,0.08,477,62199,16047,0.79,4554,24196,14388,6342,183993,84509
4131,6462,6462,50428,46522,0.83,5358,52044,50260,0.06,380,1509,576,6462,52440,48475,6462,1971,500,0.1,673,61526,31864,0.1,626,42012,15066,0.74,4778,11248,7993,6853,68440,23134
4132,14458,14458,48287,46262,0.86,12433,50913,49963,0.03,495,512,166,14458,50418,48436,14458,2125,570,0.08,1149,55170,33448,0.07,1073,35117,15571,0.74,10732,10062,7613,15553,56785,19610
4133,13509,13509,53837,50190,0.84,11343,56231,54110,0.06,829,1399,621,13509,56128,52152,13509,2259,645,0.1,1358,57412,30000,0.09,1274,38300,14336,0.77,10345,12205,9023,14168,77964,29078
4151,12759,12759,90782,65854,0.84,10667,81550,67238,0.14,1781,2896,960,12759,94567,68488,12759,3727,1062,0.1,1232,84041,25236,0.09,1104,43466,9249,0.82,10486,29245,15630,13875,215148,74735
4152,31149,31149,85752,64110,0.81,25260,83182,69038,0.17,5341,2095,921,31149,89462,67363,31149,3622,988,0.08,2631,97999,26623,0.08,2444,64506,9795,0.8,24864,27572,16198,34080,217752,94128
4153,2934,2934,76972,61162,0.8,2349,76147,65951,0.17,489,2816,1527,2934,79970,63820,2934,2981,821,0.09,262,134747,28155,0.08,235,117067,12052,0.79,2309,23693,14820,3204,218373,98231
4154,7093,7093,95414,71231,0.84,5947,88942,74711,0.16,1159,1056,397,7093,99381,74556,7093,3883,1140,0.07,522,91496,25360,0.07,479,65336,9730,0.81,5741,32075,18463,7590,207116,109951
4155,1071,1071,161639,66130,0.7,754,86859,60518,0.24,252,6015,3797,1071,166850,69060,1071,5202,735,0.07,80,91930,24445,0.07,73,55865,10868,0.79,849,71452,18184,1158,383373,118794
4156,2319,2319,100881,62350,0.76,1772,77011,63271,0.25,572,2813,907,2319,104872,65570,2319,3851,921,0.08,191,91619,23550,0.07,168,66546,12110,0.78,1804,37679,16666,2474,288346,97338
4157,12252,12252,64394,55488,0.83,10119,65453,59748,0.11,1365,2271,718,12252,66947,57594,12252,2515,720,0.08,1018,71683,27712,0.08,965,48180,11021,0.79,9664,16819,11539,13793,155268,74041
4158,2316,2316,66152,55492,0.84,1952,68240,60093,0.12,284,2544,1062,2316,68901,58419,2316,2707,934,0.08,178,61519,24638,0.07,171,41344,8529,0.8,1862,17125,11725,2642,169400,83997
4159,9114,9114,71097,57532,0.81,7352,72279,63499,0.13,1141,2672,911,9114,74017,60042,9114,2903,836,0.08,695,90298,29191,0.07,666,67771,11424,0.78,7084,20693,13214,10269,187960,88689
4160,12406,12406,76601,56552,0.79,9859,75811,62192,0.14,1700,1797,543,12406,79922,59092,12406,3238,809,0.08,989,67652,27057,0.08,931,41077,11854,0.77,9545,24078,14144,13692,220717,101420
4161,10063,10063,61221,54773,0.84,8496,63691,58692,0.09,863,1794,565,10063,63744,56751,10063,2483,743,0.08,830,68626,29531,0.08,790,44163,11583,0.79,7958,15099,10976,11318,136971,69381
4163,9926,9926,83585,53426,0.73,7200,71520,58465,0.14,1371,5164,2172,9926,86818,55709,9926,3181,627,0.08,770,2868331,27328,0.07,730,2982135,10367,0.74,7369,29778,12928,11042,259029,94318
4164,11999,11999,71035,57898,0.84,10043,71778,62561,0.1,1213,1518,350,11999,74143,60728,11999,3081,926,0.08,989,241876,32335,0.08,952,222346,12112,0.8,9559,19916,12898,12996,158481,74722
4165,24282,24282,66874,55724,0.81,19573,68777,61229,0.11,2717,2207,630,24282,69820,58143,24282,2900,829,0.08,1911,71412,30763,0.08,1843,46377,12948,0.78,18875,18418,12437,26669,167358,82688
4169,11824,11824,90701,60635,0.82,9707,78602,62896,0.14,1615,3373,1365,11824,94486,63132,11824,3657,938,0.1,1202,97732,22920,0.09,1107,63604,9176,0.81,9545,30350,13998,13084,229975,45971
4170,18586,18586,95810,70130,0.87,16222,87153,72000,0.15,2734,1164,411,18586,99468,72902,18586,3600,1200,0.08,1568,98694,22272,0.08,1442,65962,9117,0.85,15799,30280,16509,20591,177182,75954
4171,11517,11517,132680,76477,0.81,9322,106258,76496,0.19,2227,1543,671,11517,137688,80147,11517,4848,1311,0.08,949,133515,29007,0.08,891,72674,10884,0.83,9510,51352,21366,12719,277263,111820
4172,3407,3407,81239,65569,0.88,3002,79276,68346,0.14,467,721,-239,3407,84460,68085,3407,3184,1080,0.08,281,53666,22014,0.08,261,32184,8695,0.85,2885,22963,14298,3796,140887,67017
4173,5393,5393,68154,59799,0.86,4657,70730,64260,0.11,576,1320,342,5393,70706,62359,5393,2515,900,0.08,418,59454,25256,0.07,394,37640,9368,0.82,4409,17673,12752,6135,143766,76667
4174,1994,1994,69445,61562,0.89,1778,70049,63342,0.1,205,1370,60,1994,72053,63169,1994,2566,932,0.07,149,60709,22154,0.07,139,37275,9453,0.83,1656,17814,12927,2248,113606,61616
4178,16472,16472,72233,58974,0.83,13643,74252,64314,0.13,2064,2082,1108,16472,75052,61235,16472,2755,823,0.08,1282,125099,27267,0.07,1226,104114,10070,0.8,13110,20601,13317,18704,173563,79325
4179,12476,12476,80178,61939,0.81,10108,80008,67013,0.15,1845,2635,928,12476,83395,64378,12476,3164,882,0.08,1049,79318,28030,0.08,994,53538,10115,0.79,9849,24949,15094,14135,210062,103353
4183,1339,1339,55485,39868,0.68,904,51832,43492,0.16,216,4696,3232,1339,58226,41896,1339,2729,451,0.17,232,76477,25572,0.16,219,55696,11395,0.68,905,16350,7842,1566,212619,70451
4184,3672,3672,43126,32445,0.65,2375,47330,39481,0.11,415,3448,1504,3672,45437,33672,3672,2249,250,0.12,455,63187,27869,0.12,430,45063,10226,0.58,2126,11873,6463,4307,116733,45587
4205,3026,3026,50997,46546,0.81,2443,55116,51784,0.05,164,2919,958,3026,53004,48462,3026,1976,582,0.08,241,63179,23840,0.07,222,44042,9979,0.73,2218,11477,8557,3360,92709,40439
4207,40428,40428,56364,50416,0.84,33834,58019,54383,0.07,2939,2072,539,40428,58913,52640,40428,2486,685,0.09,3511,62935,30153,0.08,3326,43214,12921,0.77,31060,13462,9414,43828,94882,38456
4208,15213,15213,65985,55827,0.85,12944,66002,59344,0.1,1543,1537,207,15213,68939,58357,15213,2881,937,0.09,1394,82122,29982,0.09,1320,60678,14140,0.8,12114,17462,11704,16071,113582,55170
4209,47053,47053,60709,51352,0.86,40373,60379,54600,0.07,3464,1432,241,47053,63292,53492,47053,2538,812,0.11,5019,57534,26613,0.1,4716,37564,11450,0.78,36737,15471,9685,48813,80599,31156
4210,14592,14592,65856,53980,0.82,11972,65164,57454,0.11,1649,2640,1040,14592,68814,56506,14592,2870,875,0.11,1543,66889,30194,0.1,1466,44440,12898,0.79,11560,17606,11104,15577,115867,55120
4211,39214,39214,61092,50239,0.8,31413,60649,54126,0.11,4291,2944,1200,39214,63712,52450,39214,2582,746,0.12,4637,79547,29133,0.11,4413,56503,11515,0.77,30051,16030,9772,42628,114411,49438
4212,21917,21917,76062,52601,0.74,16128,70172,56483,0.15,3239,3004,1336,21917,79805,55235,21917,3605,724,0.1,2142,93519,32092,0.09,2004,66690,12751,0.75,16500,24981,12222,23190,214685,65324
4213,19373,19373,69679,51008,0.77,14955,64935,54237,0.14,2712,3778,1795,19373,72777,53520,19373,3021,754,0.12,2358,105131,31882,0.11,2213,79880,12770,0.76,14655,21206,11206,21033,146920,62054
4214,24592,24592,62385,47983,0.78,19299,60203,51979,0.12,2957,3598,2024,24592,65119,50036,24592,2668,606,0.11,2758,75741,30552,0.1,2564,47326,11868,0.74,18149,17992,9657,26533,123543,45542
4215,34667,34667,56755,44931,0.8,27650,54077,48000,0.09,3190,4517,2172,34667,59278,46617,34667,2430,502,0.12,4265,65191,24288,0.11,3889,43499,9102,0.73,25339,15248,7823,37677,109318,26621
4216,24616,24616,75591,49478,0.71,17524,64124,54148,0.14,3435,5319,2579,24616,79081,51778,24616,3215,600,0.1,2499,79852,28060,0.09,2320,54020,11188,0.74,18097,25977,10642,26969,206109,62394
4217,30516,30516,77045,46544,0.71,21791,61494,48773,0.14,4233,6938,3532,30516,81341,49004,30516,4106,507,0.14,4162,111420,25006,0.12,3761,88384,9275,0.73,22301,27395,9360,32588,229135,36940
4218,24754,24754,125459,52009,0.74,18308,66954,53913,0.17,4096,5608,2955,24754,129633,54906,24754,4038,771,0.13,3317,113524,27500,0.12,3088,85036,10626,0.77,19042,54315,11414,26961,207108,49751
4220,21577,21577,72616,53317,0.77,16556,68265,56565,0.16,3399,4513,2138,21577,75978,55997,21577,3304,893,0.13,2836,81128,30906,0.12,2625,56185,11617,0.78,16776,21743,11446,24479,168167,57695
4221,18659,18659,72295,51221,0.78,14519,65644,54422,0.15,2882,4361,2430,18659,75683,53886,18659,3306,870,0.13,2397,78845,31318,0.12,2244,48541,11994,0.78,14482,21915,10784,20519,161808,63747
4223,9652,9652,71710,50117,0.75,7280,65228,53872,0.15,1471,5551,3118,9652,75013,52518,9652,3246,782,0.14,1328,75269,31346,0.13,1237,48391,13170,0.76,7327,22266,10731,10641,181625,68975
4224,4698,4698,68470,52522,0.79,3731,64030,55021,0.14,647,4903,2811,4698,71438,54721,4698,2906,901,0.14,643,110384,31875,0.13,611,81752,11619,0.78,3687,19396,10639,5167,150027,57163
4225,6010,6010,67326,46448,0.72,4352,59025,48766,0.15,918,6761,3940,6010,70945,48787,6010,3559,682,0.14,825,68195,24185,0.13,756,45198,9532,0.74,4443,20800,8671,6691,226396,51917
4226,23544,23544,63247,49816,0.76,17983,62549,54233,0.12,2910,4168,1838,23544,66171,52024,23544,2843,664,0.12,2789,83860,27851,0.11,2600,59079,10778,0.75,17655,17827,10159,24965,144163,50379
4227,14853,14853,63877,51183,0.82,12209,63442,54079,0.12,1776,2606,1262,14853,66625,53559,14853,2702,798,0.13,1871,65626,26734,0.12,1722,41728,11264,0.78,11543,17154,9980,15772,107699,44996
4228,3605,3605,80912,50605,0.72,2608,66190,53394,0.17,615,5650,3244,3605,84902,53579,3605,3836,667,0.13,465,73594,36008,0.12,434,44885,15122,0.75,2696,28177,11803,3885,176585,72801
4230,117,117,69584,50640,0.67,78,79351,67512,0.21,24,6039,6375,117,73880,51983,117,4296,856,0.09,11,23146,14255,0.09,11,17575,19673,0.69,81,23409,13617,126,328930,115375
4270,2692,2692,65845,53065,0.79,2135,67608,59306,0.13,363,3006,1360,2692,68961,55962,2692,2946,820,0.11,286,95473,36087,0.11,283,75315,15098,0.77,2063,18452,11883,3032,139230,70962
4271,346,346,63281,47354,0.66,227,67477,53801,0.14,50,5376,4458,346,66937,49870,346,3656,653,0.16,57,44088,25845,0.15,52,26669,11874,0.71,245,18812,10520,499,201848,88172
4272,4530,4530,60865,44280,0.67,3014,63605,52909,0.14,654,4915,2571,4530,64014,46221,4530,2924,495,0.15,668,68351,29116,0.14,632,44860,12613,0.68,3062,19203,11100,4871,204008,82615
4275,2532,2532,59870,49039,0.76,1920,61773,54306,0.12,311,3377,2174,2532,62854,50824,2532,2824,666,0.13,328,84203,33773,0.12,312,69188,17588,0.74,1870,16646,9969,2809,154984,66693
4280,13348,13348,61336,54345,0.84,11265,64148,59280,0.09,1262,555,-35,13348,64220,57001,13348,2779,876,0.09,1148,95463,34004,0.08,1111,74339,17149,0.78,10435,15473,11314,14369,108149,55688
4285,12549,12549,59445,49424,0.79,9967,60489,54578,0.1,1194,2614,1160,12549,62465,51905,12549,2633,670,0.09,1178,88241,37128,0.09,1139,68755,18727,0.75,9407,15869,9929,13749,127407,61249
4287,374,374,46670,41028,0.66,247,57826,51870,0.11,43,5427,1800,374,49559,44041,374,2034,330,0.15,56,81492,32919,0.14,54,64004,20766,0.67,249,14008,8889,393,195687,74749
4300,42768,42768,64753,56868,0.88,37837,66299,60851,0.1,4109,-338,-391,42768,67289,59250,42768,2509,950,0.08,3517,72366,25014,0.08,3347,52667,10662,0.81,34484,16350,11754,45365,103785,46040
4301,21313,21313,52988,49791,0.89,18867,55161,53316,0.05,966,124,44,21313,55304,52100,21313,2309,710,0.07,1555,80724,24750,0.07,1433,67961,11453,0.77,16453,11616,8973,22635,68836,24507
4303,2064,2064,48673,45426,0.84,1735,50592,49148,0.05,103,2226,889,2064,50472,47245,2064,1797,479,0.06,133,59450,21890,0.06,126,43377,8118,0.72,1492,10666,8034,2348,72069,26179
4304,9720,9720,55214,50471,0.84,8205,58211,54840,0.06,629,1151,562,9720,57587,52134,9720,2348,639,0.07,720,70287,23412,0.07,672,54294,11390,0.75,7324,13265,9753,10951,111800,46816
4305,36369,36369,57942,51937,0.85,30785,60710,56782,0.08,2947,1327,441,36369,60250,53895,36369,2272,739,0.06,2359,84546,24402,0.06,2266,66167,11739,0.77,27838,14120,10369,40256,133342,58351
4306,28160,28160,68047,59502,0.86,24153,69415,63902,0.11,3232,1012,24,28160,70978,62110,28160,2833,1002,0.08,2321,86330,26522,0.08,2221,67926,13110,0.81,22699,17959,12808,30567,157344,74778
4307,1034,1034,57449,48563,0.78,803,62384,54792,0.12,123,1897,1324,1034,61592,51392,1034,3256,740,0.11,113,85470,40490,0.11,116,71935,30284,0.72,741,15824,10139,1149,172472,73032
4309,1991,1991,54496,44661,0.76,1504,58392,51915,0.11,227,3418,1649,1991,57774,47089,1991,2558,492,0.13,255,65042,27482,0.12,248,55616,21978,0.7,1390,15099,9647,2176,157595,76367
4310,3516,3516,52793,43718,0.72,2518,58896,52184,0.12,434,4165,2936,3516,55542,45813,3516,2257,368,0.13,444,81183,25539,0.12,427,75713,22209,0.7,2447,14822,8759,3922,181509,85181
4311,5737,5737,52103,46885,0.78,4459,57238,53605,0.1,551,1114,675,5737,54462,48924,5737,2165,500,0.09,500,87608,33598,0.09,509,69482,21737,0.71,4095,13006,9414,6251,108483,52212
4312,1370,1370,53871,40961,0.73,995,56566,48524,0.12,165,3820,1438,1370,56908,43597,1370,2521,486,0.12,158,96620,36898,0.11,153,89752,23370,0.67,916,15722,8735,1551,159032,75058
4313,1207,1207,46987,38525,0.72,868,52139,45366,0.14,168,4294,2522,1207,51386,41361,1207,2152,372,0.14,172,81383,28552,0.14,166,76632,20748,0.64,772,12951,7844,1336,154615,59368
4314,1248,1248,44315,34102,0.7,878,49810,44247,0.11,133,1803,520,1248,47006,35841,1248,2185,300,0.12,152,63835,20758,0.12,144,55583,14626,0.6,747,12054,7429,1249,112472,53121
4340,3390,3390,54110,46694,0.78,2637,59838,54009,0.1,344,3175,1384,3390,56584,48816,3390,2235,568,0.11,371,72465,33113,0.11,362,59952,24095,0.71,2395,14338,9718,3680,143164,67213
4341,8911,8911,56115,49262,0.82,7311,59873,55499,0.09,822,1442,495,8911,58785,51520,8911,2516,675,0.08,727,79121,29252,0.08,711,67097,16615,0.74,6581,14275,10205,9818,116080,56578
4342,1495,1495,53729,46487,0.79,1187,55428,52282,0.1,149,3463,2352,1495,56267,48721,1495,2256,467,0.09,140,76531,30072,0.09,142,63852,17370,0.72,1081,13972,8781,1655,115762,47887
4343,7432,7432,49609,41799,0.82,6118,51279,46778,0.08,621,2395,1008,7432,52719,45282,7432,2809,519,0.08,623,74888,24501,0.08,597,64688,15584,0.72,5372,11888,7137,8180,104468,25811
4344,1656,1656,57609,48952,0.8,1324,61277,55080,0.12,198,1476,1129,1656,60297,50956,1656,2378,540,0.09,155,60301,19647,0.09,157,51500,17878,0.75,1240,14992,9675,1782,126417,63690
4346,650,650,63900,54904,0.8,519,67822,63600,0.15,96,853,978,650,67191,57238,650,3096,894,0.1,67,55155,20365,0.1,63,43656,18563,0.76,496,16734,12420,699,153517,82269
4347,888,888,47502,41936,0.77,681,52718,50123,0.12,110,2557,1598,888,50091,44408,888,2288,488,0.11,95,97076,24963,0.1,93,90769,19330,0.71,628,11375,7724,1002,110661,45712
4350,67738,67738,63411,51607,0.82,55365,62387,55784,0.11,7780,2819,1296,67738,66491,54063,67738,2905,750,0.08,5753,74886,22680,0.08,5470,49225,10358,0.76,51571,17514,10489,73693,170883,59488
4352,19877,19877,65562,54235,0.79,15715,67199,60173,0.15,2888,1903,819,19877,69185,57489,19877,3162,863,0.09,1870,86933,25977,0.09,1816,69508,14037,0.76,15029,18804,12420,21339,194571,94141
4353,292,292,49122,42456,0.66,192,59922,51734,0.12,34,3218,1872,292,51782,44443,292,1981,296,0.17,51,49114,21130,0.15,45,48749,28487,0.63,183,14087,10156,281,136552,84688
4354,694,694,52022,43691,0.76,526,59024,53828,0.1,72,3283,1756,694,56320,47956,694,2905,470,0.11,76,67600,33074,0.11,73,62353,27490,0.67,462,14811,9575,733,150930,70088
4355,1423,1423,46666,37182,0.68,970,52450,45551,0.13,182,2470,1803,1423,49449,39363,1423,2085,306,0.13,180,56505,23308,0.13,182,43639,13010,0.62,889,12622,7680,1576,143840,66468
4356,3040,3040,61823,46788,0.76,2308,59073,53080,0.14,420,3347,1540,3040,66476,49956,3040,2922,582,0.11,343,109174,31432,0.11,346,96652,28932,0.7,2119,20192,9785,3228,162488,60268
4357,1564,1564,48139,41605,0.73,1139,57289,51727,0.11,179,2088,1687,1564,52675,44644,1564,2656,447,0.09,144,87368,36320,0.09,141,83414,33587,0.66,1040,12787,8346,1728,119773,46289
4358,1750,1750,57216,50878,0.82,1441,61024,55933,0.09,151,2004,857,1750,60676,53867,1750,2757,695,0.09,156,72070,30198,0.08,148,61622,22954,0.76,1337,14562,9682,1829,127839,56706
4359,808,808,50965,47550,0.75,609,61323,56208,0.1,82,2305,1568,808,59681,51321,808,3014,499,0.13,103,60148,25725,0.13,106,52458,25493,0.71,573,13571,10101,858,144815,64195
4360,432,432,43713,37938,0.68,292,55919,49664,0.14,61,4535,2671,432,47640,41077,432,2453,351,0.13,56,62985,34946,0.13,55,69468,38795,0.61,264,12263,7714,449,140593,58243
4361,1609,1609,46405,38368,0.7,1134,54083,48165,0.1,159,2974,1948,1609,50240,40842,1609,2770,343,0.13,203,107140,36000,0.13,204,105705,31156,0.63,1009,14003,7584,1660,141198,57891
4362,1438,1438,47987,39702,0.71,1017,53335,48166,0.13,191,3622,2474,1438,52270,43455,1438,2404,386,0.13,192,79846,37676,0.13,188,75133,31115,0.65,941,13349,7259,1521,145950,64224
4363,436,436,54725,44658,0.75,329,59275,52315,0.13,57,3058,1607,436,59898,47742,436,2425,512,0.11,49,76598,30000,0.11,50,69583,28098,0.69,300,16106,9125,441,151899,72057
4364,186,186,72095,49600,0.65,120,49845,47848,0.15,27,4718,4199,186,83266,54610,186,5148,396,0.08,15,89015,75000,0.09,16,59688,31954,0.74,138,23923,12555,179,186007,71229
4365,256,256,44244,39330,0.73,186,51046,50520,0.11,27,346,1313,256,46483,40981,256,1850,498,0.11,27,29596,23680,0.11,29,25623,11564,0.65,166,10191,7071,286,98015,36218
4370,10927,10927,50960,43987,0.78,8475,55058,50095,0.11,1246,3189,1651,10927,54308,46448,10927,2679,536,0.1,1087,93339,30740,0.1,1080,82052,21643,0.7,7675,13172,8075,11827,139302,55762
4371,435,435,41693,38548,0.68,297,55273,51000,0.13,58,3645,2156,435,45304,40808,435,2730,429,0.14,59,63379,32473,0.14,62,62586,36586,0.61,267,11303,7777,460,169462,84718
4372,91,91,42912,36763,0.67,61,50098,48881,0.13,12,2718,2127,91,45666,39038,91,2030,337,0.14,13,74234,18087,0.14,13,28569,12410,0.62,56,12349,6951,100,148320,84528
4373,588,588,53803,42732,0.72,422,52677,48567,0.14,81,3955,2924,588,57468,45581,588,2551,358,0.11,64,74387,27252,0.11,63,71459,31683,0.69,405,15882,7277,621,143306,60795
4374,277,277,50870,40561,0.7,194,52185,46626,0.12,34,354,832,277,53827,43597,277,1994,528,0.16,45,48400,36515,0.17,48,35406,17510,0.65,179,16746,8469,289,170992,82498
4375,111,111,43049,33706,0.61,68,45786,41247,0.19,21,3957,1866,111,48928,38420,111,2828,250,0.14,16,56874,13711,0.14,15,71357,31558,0.59,65,13791,5687,126,121893,41649
4376,193,193,57707,33274,0.77,149,36534,33023,0.06,12,-991,1242,193,60114,34041,193,2325,300,0.12,24,66561,23841,0.11,22,57851,17815,0.68,131,19722,3995,222,72893,24295
4377,359,359,40190,34901,0.65,232,46760,42812,0.11,40,2810,2264,359,42662,36766,359,2237,251,0.15,54,50130,25738,0.14,49,38224,21186,0.6,214,9826,6525,368,129008,51295
4378,270,270,46187,41766,0.81,219,47750,44606,0.15,40,3981,2876,270,48872,44290,270,2615,489,0.09,23,84081,30305,0.08,22,62546,25152,0.7,189,10758,5768,315,127837,34673
4380,4604,4604,47217,38664,0.74,3413,48408,42842,0.14,649,4341,2337,4604,50231,41194,4604,2544,480,0.11,514,76612,26140,0.11,508,63198,16860,0.67,3101,11986,6411,5161,157981,61202
4381,317,317,41921,35925,0.68,217,47616,42725,0.14,43,4744,1828,317,44519,39037,317,2265,437,0.13,42,50906,30065,0.14,43,35859,13228,0.63,200,10124,5780,341,156911,56253
4382,303,303,44831,36803,0.65,196,43300,41110,0.16,47,4734,2826,303,47913,39600,303,2652,260,0.11,32,72152,31216,0.11,34,56263,13542,0.65,197,10636,7232,327,252167,87430
4383,284,284,40053,32628,0.72,204,42687,39134,0.08,22,664,618,284,42034,33558,284,1760,300,0.13,36,43688,22699,0.12,33,35572,13778,0.6,169,8548,5513,311,104100,48086
4385,619,619,41745,34549,0.68,423,54305,50607,0.14,84,1745,338,619,45987,38923,619,2101,300,0.13,82,122144,33300,0.14,85,101664,25094,0.59,366,12158,8186,663,117823,49563
4387,705,705,45226,39039,0.79,556,53021,46521,0.13,91,7894,1755,705,51239,42545,705,3043,831,0.12,83,89362,30278,0.12,88,101870,28472,0.68,479,10646,6374,755,119687,51330
4388,223,223,62936,38609,0.69,154,52687,48686,0.1,23,1308,713,223,72419,41900,223,4120,441,0.1,23,74321,30740,0.1,22,66716,17560,0.65,146,25559,7402,230,113834,44830
4390,4500,4500,62213,51168,0.78,3509,60791,54999,0.13,591,3386,1869,4500,69480,55308,4500,3329,776,0.1,442,130237,48160,0.09,426,115530,24828,0.76,3410,17744,10375,4854,177552,56142
4400,1322,1322,59987,53026,0.86,1138,61760,57816,0.1,130,2348,935,1322,62804,55970,1322,2643,908,0.08,101,49885,16984,0.07,97,40231,9173,0.79,1039,15248,10271,1419,110697,61000
4401,3283,3283,50670,46868,0.8,2620,56716,53223,0.09,304,2787,1512,3283,53796,49724,3283,2304,487,0.08,257,80105,29895,0.08,253,71771,20269,0.72,2364,12263,8654,3567,120244,55709
4402,154,154,41607,30576,0.66,102,56355,42084,0.14,22,3620,2902,154,44498,31637,154,2489,300,0.12,19,69155,43190,0.12,18,70263,36420,0.56,87,12315,7399,165,125433,56967
4403,462,462,54002,46386,0.64,296,57465,51270,0.1,45,3555,2469,462,65046,52254,462,3196,313,0.11,52,119447,36716,0.11,50,100053,42735,0.68,315,15357,9341,463,130125,48319
4404,291,291,54153,46850,0.7,205,56175,55328,0.13,38,54012,2182,291,61384,51728,291,4381,435,0.13,38,115183,49179,0.13,37,98671,34715,0.7,203,16701,9324,303,136188,57278
4405,8641,8641,58188,50017,0.81,6975,61072,54974,0.12,1040,2857,984,8641,61897,52629,8641,2792,636,0.08,668,102028,36142,0.08,664,84005,18288,0.74,6430,15370,10135,9391,144773,57207
4406,719,719,43290,40123,0.67,480,53602,50668,0.12,87,4563,2568,719,54710,47046,719,3243,275,0.12,86,89109,28864,0.12,84,67722,24774,0.64,457,13236,8882,736,154347,49845
4407,351,351,49306,46951,0.68,238,55298,56116,0.14,49,6309,4064,351,53538,50505,351,3847,700,0.11,40,94643,25907,0.11,39,64775,18240,0.71,248,12233,9979,361,127991,54737
4408,397,397,44730,37738,0.61,244,60253,51523,0.13,50,5112,3638,397,51665,42968,397,2132,228,0.19,77,110821,50000,0.19,75,102703,39357,0.6,239,14637,8340,404,165331,68540
4410,694,694,43938,36185,0.58,404,52899,47302,0.09,61,2672,870,694,49343,38968,694,2781,211,0.14,96,121129,40893,0.14,97,94549,28741,0.61,420,12916,7134,709,152201,60734
4411,169,169,47885,42182,0.59,99,56460,51718,0.08,14,8554,4984,169,58980,51470,169,4608,352,0.18,30,84654,31929,0.17,29,71283,27151,0.65,110,13089,8605,167,257787,58094
4412,144,144,50168,45602,0.64,92,55978,48804,0.17,24,3517,3304,144,61959,51104,144,3080,300,0.18,26,162230,73408,0.19,27,145231,58537,0.74,107,11264,6723,143,146253,61571
4413,4819,4819,61719,49604,0.8,3851,67223,55895,0.13,620,1717,590,4819,65836,53255,4819,2811,632,0.1,495,79168,30156,0.1,477,68148,20044,0.73,3504,17921,11624,5122,126933,54776
4415,1191,1191,55357,47527,0.76,908,60250,53148,0.09,113,3491,1452,1191,59441,51061,1191,3033,500,0.1,118,67362,35962,0.1,115,56746,23260,0.71,845,15084,9948,1273,131447,52876
4416,298,298,60543,54296,0.71,211,59762,52666,0.13,40,2451,1990,298,72636,62577,298,4860,720,0.14,41,197099,60000,0.12,37,198811,52162,0.77,228,15210,10990,333,194688,45763
4417,335,335,52541,45485,0.73,244,58111,51788,0.13,42,1552,812,335,60349,48887,335,3815,590,0.16,54,116886,55122,0.14,46,112540,61326,0.74,248,17851,8728,358,189563,65055
4418,63,63,42321,35778,0.52,33,41366,36736,0.1,6,3111,5415,63,49776,42965,63,1478,123,0.19,12,104000,37046,0.19,12,95108,45595,0.65,41,7859,3703,59,93117,51334
4419,543,543,39617,43762,0.61,331,56359,54401,0.13,73,2627,3137,543,54040,51137,543,4374,299,0.19,103,145046,68357,0.17,95,125399,43228,0.68,368,12600,8445,518,135107,56471
4420,738,738,67990,49782,0.61,448,52341,48468,0.11,78,2005,970,738,82629,56338,738,5366,408,0.2,151,158241,47481,0.2,148,139104,27674,0.73,542,20480,9894,726,169255,68848
4421,1050,1050,40356,36998,0.68,716,49149,44716,0.09,96,3833,1916,1050,44890,39234,1050,2211,259,0.11,115,109940,36913,0.1,109,97621,34744,0.61,641,12474,7741,1180,99450,33813
4422,305,305,56138,41272,0.64,195,48032,46592,0.1,32,-2702,2030,305,66667,48763,305,3144,294,0.14,42,615795,63098,0.13,41,614545,42437,0.62,189,21707,9430,292,189525,71388
4423,132,132,27875,23762,0.52,68,53981,40050,0.11,14,2071,-264,132,49007,33742,132,2532,18,0.2,26,300791,32755,0.17,22,370483,23736,0.47,62,17960,9717,124,114164,39633
4424,125,125,55617,36598,0.55,69,57343,53292,0.16,20,19219,2784,125,72425,45577,125,5044,250,0.26,32,311890,57118,0.24,30,275228,47248,0.63,79,18673,8471,118,232141,69739
4425,145,145,71038,34210,0.6,87,52189,50000,0.18,26,2646,1536,145,83071,42580,145,3565,165,0.22,32,161780,45658,0.22,32,131799,36462,0.58,84,38390,9510,137,102336,62565
4426,70,70,44123,40238,0.53,37,51714,47960,0.03,2,-858,-858,70,48431,46829,70,1271,0,0.29,20,49513,34778,0.29,20,37984,16846,0.6,42,11494,7505,70,112085,56153
4427,195,195,46735,44863,0.65,127,57559,51675,0.12,24,-2038,-249,195,67021,54144,195,2670,300,0.18,35,138698,27912,0.18,36,93096,18086,0.65,126,13808,8637,196,134803,77621
4428,396,396,34698,37522,0.63,251,55988,50483,0.11,44,5064,4184,396,47905,47572,396,2946,300,0.19,75,120135,53013,0.2,78,93706,34842,0.63,251,15124,9766,393,163288,80635
4454,475,475,59788,49509,0.59,281,52407,47750,0.12,57,1055,2194,475,71400,54709,475,4113,340,0.23,111,125748,51278,0.22,103,91117,23495,0.76,362,16010,8169,471,162808,49199
4455,5480,5480,63572,54538,0.8,4393,65779,58827,0.14,770,1591,648,5480,70163,57992,5480,2993,798,0.12,659,136976,40320,0.12,649,106816,25069,0.79,4302,17046,11486,5883,157902,62849
4462,54,54,45349,26195,0.52,28,48568,36816,0.15,8,-8570,-14578,54,68795,45360,54,2827,198,0.24,13,145429,81119,0.2,11,122247,45959,0.54,29,14873,12066,57,161857,56751
4465,746,746,54631,43075,0.66,495,54018,47436,0.09,69,1343,1343,746,63206,48426,746,2778,325,0.19,141,99869,45000,0.18,137,82572,23525,0.69,516,15983,7874,802,135574,49289
4467,107,107,45552,48787,0.61,65,55258,54000,0.07,7,3929,4254,107,68694,50983,107,3315,300,0.21,23,125748,45147,0.25,27,91368,19452,0.66,71,13163,7696,103,101611,34298
4468,218,218,50892,36926,0.58,126,39749,38310,0.11,25,-779,200,218,66690,45942,218,3518,144,0.16,34,130715,34982,0.14,31,93823,15847,0.62,135,15807,7077,211,85295,38724
4470,2032,2032,58027,52907,0.81,1651,57861,54584,0.12,236,2345,1202,2032,62064,55688,2032,2709,520,0.11,217,123954,39378,0.11,215,96770,21277,0.76,1550,14302,9842,2222,128413,52640
4472,817,817,58846,47714,0.73,598,56960,52143,0.13,104,1242,312,817,68426,52860,817,3788,429,0.16,130,115984,37471,0.16,130,100530,19270,0.71,584,16723,10096,879,152031,64150
4477,270,270,55576,45965,0.64,172,51201,51018,0.13,35,2715,1295,270,64855,53001,270,4575,294,0.2,55,136979,62799,0.2,55,82686,36735,0.69,187,17297,10137,273,117485,66044
4478,303,303,65341,47625,0.71,215,52336,47309,0.17,51,3957,1925,303,75158,54554,303,3933,409,0.15,45,353070,37459,0.15,45,281053,17033,0.71,214,20338,11851,320,142825,70762
4480,489,489,55461,50227,0.75,368,58004,54137,0.15,75,707,587,489,62010,52598,489,3352,506,0.17,84,119702,49742,0.17,82,81309,27294,0.75,365,14257,10796,526,127843,69101
4481,80,80,68874,54959,0.76,61,58840,53560,0.15,12,2325,160,80,72839,57216,80,3965,442,0.21,17,206308,22021,0.2,16,167694,24762,0.76,61,19211,10610,89,124091,66251
4482,77,77,64811,58067,0.96,74,64442,60796,0.16,12,-2810,-646,77,67632,59558,77,2820,822,0.1,8,45941,41798,0.1,8,38635,27247,0.92,71,12226,8597,93,91309,26860
4486,405,405,51838,44224,0.72,291,57961,51675,0.07,30,3220,1118,405,76727,51861,405,3610,323,0.11,46,173484,53351,0.12,48,148570,34580,0.67,272,16538,10435,428,112201,41261
4487,1876,1876,57663,48845,0.79,1480,58718,53013,0.12,231,1426,1015,1876,64974,53064,1876,3860,544,0.11,205,136778,29253,0.1,184,128039,23582,0.74,1397,16227,9914,2125,137828,46494
4488,118,118,63433,42662,0.76,90,45649,42550,0.08,9,3204,4489,118,69770,46958,118,3894,933,0.16,19,90085,20231,0.16,19,44943,8081,0.75,88,19023,5296,133,99173,57209
4490,701,701,51543,44826,0.75,528,53055,49345,0.14,97,3839,2652,701,56380,48617,701,2698,428,0.11,78,121307,39016,0.11,77,94607,17280,0.69,486,12940,9411,781,111009,39812
4491,52,52,42661,37979,0.48,25,47093,34370,0.13,7,1352,-2772,52,53968,45809,52,4354,398,0.25,13,218695,50277,0.23,12,211482,37736,0.58,30,12445,7257,52,134738,49433
4492,167,167,66814,59153,0.91,152,61928,57722,0.15,25,2687,2582,167,69966,61939,167,3037,828,0.13,21,101895,15224,0.12,20,84322,14668,0.83,138,15558,10405,197,122757,78373
4494,90,90,35532,39420,0.71,64,49669,50744,0.13,12,5505,3224,90,59700,50168,90,5252,1286,0.1,9,346933,70700,0.1,9,236476,50100,0.71,64,7969,5621,92,87943,41488
4496,172,172,56624,53244,0.66,113,61422,64858,0.11,19,4288,764,172,68122,67289,172,4267,1001,0.1,17,299813,65255,0.09,16,277483,28058,0.74,127,14749,12239,186,155136,58454
4497,212,212,68644,43008,0.67,141,51709,42626,0.14,30,2113,2442,212,86326,54042,212,5555,666,0.09,20,91383,37172,0.08,16,78647,30184,0.72,153,20309,9132,233,176510,47436
4498,122,122,33165,40538,0.8,97,49284,45267,0.12,15,-1302,-1045,122,54013,49564,122,4318,682,0.11,14,508032,46731,0.11,13,500353,23890,0.69,84,10392,7187,123,97097,64256
4500,28380,28380,64243,55890,0.85,24180,65304,59407,0.1,2775,787,92,28380,66750,57844,28380,2484,801,0.08,2152,67263,25900,0.07,2057,45596,11198,0.79,22526,16537,11521,30999,145409,70642
4501,3784,3784,57977,53783,0.86,3257,60246,57367,0.07,261,1983,505,3784,60071,55420,3784,2091,732,0.07,258,52231,20677,0.06,236,36114,8952,0.79,3003,13290,10099,4265,111224,53157
4502,5290,5290,61476,54190,0.86,4528,64034,58116,0.1,516,358,310,5290,63888,56026,5290,2405,811,0.08,407,55754,26870,0.07,388,33134,9974,0.79,4166,15275,11096,5980,148120,72448
4503,32390,32390,59947,53682,0.86,27996,62061,57314,0.07,2390,925,43,32390,62315,55614,32390,2339,797,0.08,2620,55980,24444,0.08,2437,37670,10115,0.79,25676,14475,10396,34812,112791,48305
4504,13071,13071,64629,56881,0.87,11427,66258,60605,0.09,1235,218,-32,13071,67362,59382,13071,2716,930,0.07,917,68416,24483,0.07,877,46920,10908,0.8,10444,16586,12159,14034,128556,67194
4505,16004,16004,61393,53252,0.84,13424,63212,57445,0.1,1552,1395,605,16004,64043,55479,16004,2612,861,0.08,1306,79299,29668,0.08,1248,57455,14079,0.78,12498,15567,10705,17304,125980,58011
4506,14982,14982,54543,48076,0.85,12693,55600,51499,0.06,970,2468,376,14982,56954,50206,14982,2371,667,0.07,1078,70790,27151,0.07,1013,51709,11659,0.76,11358,12992,8635,16199,97712,36316
4507,10617,10617,55358,40505,0.63,6652,59767,49720,0.14,1527,4455,2018,10617,58154,42604,10617,2737,413,0.09,955,72879,31744,0.09,918,47029,12608,0.64,6759,17434,9195,12285,223379,103714
4508,10388,10388,52346,46870,0.83,8658,54912,51284,0.07,727,1882,730,10388,54550,48802,10388,2165,660,0.07,702,56580,28939,0.06,670,36679,11395,0.74,7703,11995,8461,11716,92796,40990
4509,23381,23381,67728,56801,0.87,20297,68956,61167,0.11,2503,-544,-384,23381,70339,59163,23381,2587,972,0.08,1973,72340,27097,0.08,1867,48177,11152,0.8,18619,18179,12315,24215,110544,50010
4510,31132,31132,52589,46468,0.82,25471,55173,50955,0.07,2290,2370,889,31132,55060,48408,31132,2359,630,0.07,2157,71529,27814,0.07,2071,52682,11665,0.73,22753,12617,8573,33988,100601,40376
4511,5383,5383,54733,45163,0.75,4052,59275,51786,0.11,581,1912,405,5383,57267,47335,5383,2454,599,0.09,477,76440,33770,0.09,468,52883,13552,0.7,3758,14582,9328,6045,138673,68077
4512,2295,2295,63185,49992,0.77,1759,63637,56435,0.15,347,4510,2382,2295,66210,52741,2295,2881,624,0.1,238,90261,34300,0.1,229,72625,19413,0.75,1717,17978,11237,2642,148278,68785
4514,4434,4434,57641,48764,0.77,3432,61239,54978,0.12,526,4017,1865,4434,60754,51032,4434,2730,660,0.11,470,98530,31901,0.11,468,79522,20796,0.73,3239,15411,10089,4855,132413,64124
4515,2780,2780,56678,49970,0.81,2253,60547,57528,0.1,271,2357,1249,2780,60685,53897,2780,3615,852,0.1,288,109971,27558,0.1,283,92397,20226,0.75,2078,14672,9671,3064,123141,39516
4516,2862,2862,62852,52786,0.8,2301,65237,57475,0.12,356,1295,625,2862,65970,55138,2862,3038,884,0.08,231,105365,31504,0.08,217,86573,15423,0.77,2214,16684,10880,3114,146316,74677
4517,539,539,62439,53158,0.8,430,65439,59381,0.11,60,3000,410,539,65413,55740,539,2875,865,0.08,41,103826,49582,0.08,43,82912,29937,0.76,410,16567,11562,609,137684,75378
4518,3534,3534,60099,49210,0.78,2744,62790,54824,0.13,453,3639,1486,3534,63166,52037,3534,2879,700,0.1,336,91517,27490,0.09,320,71745,13831,0.76,2677,15668,9949,3887,146634,70369
4519,5680,5680,57424,47202,0.78,4432,59927,52282,0.11,620,2892,1132,5680,60281,49502,5680,2777,674,0.1,554,73558,32116,0.09,524,55663,13106,0.74,4207,15173,9244,6132,133055,61585
4520,9137,9137,92668,61280,0.74,6806,87570,68488,0.19,1700,3036,1516,9137,96872,65341,9137,4059,920,0.1,907,106834,29764,0.1,881,78234,11500,0.76,6921,33603,18136,10062,282540,143402
4521,3358,3358,73619,56636,0.77,2583,75166,62379,0.17,578,2723,1206,3358,77014,59978,3358,3247,818,0.1,330,84710,35030,0.1,331,59806,17344,0.77,2581,22509,13948,3715,226761,111210
4550,3094,3094,58930,48746,0.8,2471,57247,51634,0.12,363,3713,2254,3094,61401,50743,3094,2405,694,0.1,321,76912,30500,0.1,313,54804,17433,0.76,2342,15330,9131,3401,128041,56341
4551,42358,42358,62775,49168,0.76,32356,63113,53812,0.14,5743,2942,1481,42358,65847,51575,42358,2977,756,0.09,4000,85813,29660,0.09,3814,61125,12026,0.74,31541,17685,10079,46157,178515,71127
4552,5504,5504,57727,38048,0.59,3233,59848,45249,0.17,940,6218,3926,5504,61185,40380,5504,3244,416,0.16,859,72983,26628,0.15,831,54833,12477,0.62,3440,19977,9423,6219,255648,92960
4553,7762,7762,66161,54327,0.83,6480,65049,56346,0.12,945,2258,909,7762,69281,57016,7762,3048,949,0.11,846,64498,29086,0.1,805,39038,12048,0.81,6275,17215,10877,8133,117621,51372
4554,1284,1284,60608,44548,0.73,932,56968,46852,0.16,200,4051,3135,1284,64391,48054,1284,3597,524,0.14,180,69329,26770,0.13,173,54514,9991,0.74,947,16813,9238,1411,159947,61910
4555,5199,5199,64625,49705,0.77,3987,62480,53868,0.13,677,2928,1345,5199,67846,52279,5199,3141,710,0.11,552,258772,29948,0.1,537,233397,11860,0.76,3942,18194,10257,5714,162713,69880
4556,29684,29684,69648,49567,0.75,22361,65362,53049,0.14,4101,3109,1533,29684,73025,52120,29684,3305,706,0.11,3152,94844,29300,0.1,3013,63940,11662,0.74,22036,21764,10846,31754,193998,72119
4557,13222,13222,67291,51244,0.79,10386,63881,54360,0.16,2052,4426,2214,13222,70720,54099,13222,3348,833,0.11,1436,79150,27864,0.1,1339,55969,11647,0.77,10185,19288,10450,14305,179557,61863
4558,15147,15147,61871,48112,0.76,11499,59510,52183,0.14,2104,4583,2304,15147,65976,50407,15147,4014,673,0.11,1733,69434,27403,0.11,1630,44176,11424,0.75,11286,17328,9095,16605,179737,52555
4559,4622,4622,63126,49758,0.77,3540,61495,51756,0.15,680,3994,2158,4622,66334,52097,4622,3127,716,0.12,535,71434,29104,0.11,520,43972,11861,0.76,3496,17363,10354,5027,146369,67629
4560,22238,22238,57590,47046,0.76,16950,58049,51683,0.11,2545,3760,1628,22238,60284,49206,22238,2591,635,0.11,2430,70446,28193,0.1,2332,47237,11317,0.73,16319,15288,8980,24387,150216,61772
4561,5966,5966,64007,49682,0.75,4465,61899,52920,0.16,973,4683,2456,5966,67245,52550,5966,3094,698,0.14,807,79614,28836,0.13,785,58958,13519,0.76,4530,17878,10084,6527,161879,65593
4562,5993,5993,66364,45313,0.67,3995,62539,48454,0.17,998,5505,3590,5993,70056,48137,5993,3447,495,0.16,934,89393,32301,0.15,882,69230,15597,0.71,4277,21259,10127,6478,195880,72783
4563,6139,6139,61044,44196,0.68,4193,59210,48087,0.15,937,6097,3080,6139,64781,45665,6139,3579,462,0.14,834,83348,29952,0.13,822,60229,14889,0.7,4280,18862,8920,6715,217874,77181
4564,7510,7510,62944,47216,0.72,5394,61322,51554,0.17,1264,4272,2664,7510,66005,49415,7510,2983,585,0.11,850,72498,27850,0.11,799,48848,12114,0.73,5453,18603,9667,8260,197913,77454
4565,9046,9046,56848,43510,0.7,6323,55963,46750,0.14,1235,4835,2838,9046,59626,45216,9046,2698,478,0.14,1222,70093,30112,0.13,1174,46836,12651,0.7,6366,16108,8025,10109,170488,67802
4566,5801,5801,79268,43843,0.59,3403,65090,48368,0.18,1032,10098,4400,5801,83309,46287,5801,3770,495,0.12,678,119383,32707,0.11,643,92796,14236,0.68,3936,31206,10754,6333,355391,105144
4567,8248,8248,88732,48704,0.63,5225,67854,49541,0.18,1507,7791,4846,8248,93675,51746,8248,4631,635,0.14,1133,119937,36280,0.13,1087,82786,13279,0.73,6048,33949,11307,9148,347100,84233
4568,2382,2382,55706,44024,0.71,1701,58292,48823,0.14,333,3865,1919,2382,58358,45901,2382,2494,500,0.14,332,63258,31606,0.13,319,44099,13763,0.7,1670,15412,8383,2682,156439,76935
4569,1087,1087,52300,39458,0.7,756,54984,47361,0.12,132,4467,2176,1087,54903,41342,1087,2354,470,0.18,195,44818,23500,0.17,189,29438,11920,0.68,734,14743,7930,1185,141053,60010
4570,25886,25886,51319,42386,0.75,19475,54710,47757,0.11,2855,3393,1862,25886,53973,44503,25886,2263,439,0.11,2820,84274,31700,0.11,2759,69441,16997,0.69,17852,13874,8069,28609,129490,53057
4571,516,516,49857,39738,0.66,343,51719,45067,0.16,81,5253,3295,516,52138,41110,516,2138,364,0.17,89,48043,26330,0.18,91,29817,10343,0.67,347,13537,6724,577,137140,60264
4572,2948,2948,81023,51832,0.73,2138,71631,53586,0.2,588,4567,2456,2948,85881,54976,2948,4682,830,0.11,339,175984,22500,0.11,323,153772,9924,0.76,2226,27949,11228,3243,257867,76194
4573,20010,20010,72353,49596,0.74,14747,66447,52882,0.17,3350,4391,2375,20010,75941,52202,20010,3403,702,0.14,2770,98999,30050,0.13,2606,73274,11237,0.75,14944,23108,11033,21622,188096,74410
4574,871,871,53596,40746,0.68,589,55056,43848,0.14,124,2425,3120,871,56784,43489,871,2571,374,0.14,118,101223,33340,0.13,115,79191,20279,0.69,597,15258,6458,948,148600,58877
4575,18312,18312,74760,51974,0.74,13632,69069,55804,0.17,3082,4512,2310,18312,78731,54782,18312,3780,828,0.1,1867,100548,32240,0.1,1772,68575,13472,0.76,13831,23910,11995,19797,216607,76423
4580,2355,2355,45376,33074,0.61,1444,49444,40552,0.13,310,4719,2960,2355,47607,34835,2355,2172,275,0.1,243,68981,30539,0.1,240,40017,14128,0.58,1362,13084,6620,2766,154523,66745
4581,796,796,53005,41300,0.68,544,50342,44324,0.15,117,7550,4775,796,55724,43464,796,2588,407,0.13,103,88129,26639,0.13,101,65888,12822,0.69,551,14128,7503,974,193215,75827
4600,462,462,43413,38371,0.66,306,56863,50286,0.13,61,3111,1394,462,48715,43019,462,2654,292,0.13,58,56102,24950,0.12,57,53095,15054,0.6,279,13137,8399,511,115801,56717
4601,648,648,47287,33508,0.64,412,51593,45741,0.09,56,4229,2329,648,52419,37598,648,1703,220,0.17,107,112007,56179,0.17,107,89741,42241,0.58,373,17475,7266,691,115475,46914
4605,2212,2212,46702,39350,0.76,1684,50304,45126,0.11,253,2592,1347,2212,49470,41408,2212,2025,318,0.09,197,78606,29042,0.09,197,73450,34566,0.65,1445,11986,6927,2455,121265,44882
4606,1305,1305,46320,43811,0.74,964,54642,52080,0.11,149,2509,915,1305,48909,46183,1305,2040,500,0.11,140,80791,34446,0.1,137,71190,23627,0.67,880,11889,7875,1417,123729,55370
4608,523,523,47736,41303,0.73,382,50609,44636,0.12,64,2366,2613,523,52458,43262,523,2551,324,0.14,74,64076,35276,0.15,79,48349,25111,0.63,330,12927,8951,544,143955,65435
4610,8474,8474,52756,44409,0.79,6676,58339,50965,0.11,961,2437,1375,8474,55758,47069,8474,2512,507,0.09,801,97800,28122,0.09,785,85118,21383,0.71,5977,13811,8343,9256,137430,53332
4611,80,80,27461,23876,0.58,46,38730,36108,0.08,6,10432,-2230,80,30742,24363,80,3225,146,0.09,7,53433,35891,0.08,6,53066,30390,0.46,37,10061,4423,86,101032,40886
4612,166,166,34883,28674,0.58,97,51587,48985,0.11,18,2111,1818,166,39645,32817,166,1366,162,0.17,29,76048,30725,0.19,31,72866,16721,0.52,86,10777,7261,166,103106,52566
4613,369,369,38872,34380,0.63,232,47994,44428,0.11,41,2544,1571,369,42973,39001,369,1899,150,0.16,58,88936,43770,0.16,58,85912,39242,0.57,210,10387,5655,386,105150,43078
4614,527,527,44165,37337,0.71,373,51903,43834,0.13,67,2664,2313,527,46870,38469,527,2098,356,0.14,74,80258,27862,0.13,69,77503,22021,0.61,323,11467,7466,619,104085,48118
4615,3372,3372,48916,39612,0.72,2433,55966,47992,0.11,384,2252,1918,3372,51483,42008,3372,2233,395,0.11,359,78356,33801,0.11,357,74756,29782,0.66,2209,13053,7342,3778,129808,56382
4620,246,246,40337,35729,0.55,136,49686,42465,0.14,34,6731,2618,246,45938,38411,246,2094,166,0.22,54,64988,34955,0.23,56,64072,21211,0.63,155,9935,6687,244,127138,58359
4621,910,910,43664,33260,0.66,599,51547,43674,0.09,80,2299,1416,910,47474,35555,910,1774,150,0.14,129,83355,31974,0.14,124,71912,34385,0.58,527,12222,7290,1037,110696,44678
4625,1589,1589,48648,41657,0.75,1194,47356,43914,0.12,185,3914,1405,1589,51657,43558,1589,2120,343,0.13,202,90950,36866,0.12,195,76200,26186,0.69,1099,11767,6381,1794,119530,48139
4626,1461,1461,44100,37278,0.73,1072,46908,43706,0.1,147,3203,2205,1461,50274,41661,1461,2888,400,0.12,173,172540,43778,0.12,172,160598,25518,0.66,965,13559,6686,1830,105931,17383
4627,401,401,44504,36172,0.56,224,49471,43834,0.08,32,2577,2292,401,51107,44724,401,2882,0,0.2,82,127372,61856,0.2,80,104114,40710,0.62,247,11510,7347,410,124459,46832
4630,1362,1362,44293,37380,0.65,884,54012,47712,0.1,136,2435,1003,1362,47938,40400,1362,2395,200,0.17,227,98856,41719,0.17,227,89474,36812,0.64,875,12056,7944,1382,129701,59723
4650,17345,17345,50403,43658,0.76,13199,54190,49718,0.11,1843,2827,1255,17345,52514,45354,17345,1973,430,0.08,1444,89775,31489,0.08,1433,70503,15802,0.69,12013,12503,8391,19734,146539,65979
4655,34815,34815,55127,43847,0.73,25508,57162,49386,0.12,4299,3557,1780,34815,57598,45710,34815,2360,464,0.09,3056,88101,34527,0.09,2962,61983,14139,0.69,24135,15199,8595,38705,152421,66463
4659,2510,2510,45702,35952,0.65,1629,50443,43522,0.12,295,3131,2285,2510,47889,37696,2510,2083,300,0.09,228,70712,33024,0.09,217,51079,13259,0.61,1536,12646,6583,2994,163988,80817
4660,4339,4339,48518,38189,0.7,3023,52944,46158,0.13,559,2528,1423,4339,51242,40034,4339,1972,310,0.09,389,109138,28718,0.09,381,88955,16816,0.64,2759,13825,7932,4913,146298,62932
4662,395,395,47705,41478,0.75,297,51979,47684,0.09,36,3198,2319,395,49755,43397,395,2016,385,0.11,43,53565,27672,0.1,41,36609,15685,0.66,260,12038,7652,446,101477,44531
4670,46766,46766,56632,45831,0.79,36754,57012,50308,0.11,5207,2891,1380,46766,59258,47904,46766,2410,492,0.07,3440,133189,33508,0.07,3359,106848,16823,0.72,33831,15366,8785,52358,146865,58611
4671,3335,3335,43922,33870,0.68,2278,51554,43349,0.09,316,2610,1289,3335,46612,36251,3335,1897,292,0.1,344,78416,28456,0.1,347,68246,22321,0.59,1972,12237,6951,3638,108098,41768
4673,389,389,47060,39672,0.7,273,53969,47286,0.11,43,4969,1970,389,50873,43671,389,2085,347,0.12,48,70882,16976,0.11,43,80915,25655,0.65,251,12473,7344,433,107150,64058
4674,842,842,47379,35794,0.67,568,54955,43084,0.14,115,3241,1445,842,50005,37054,842,2025,330,0.14,114,62314,20010,0.13,109,52797,13030,0.61,515,14501,7337,979,126919,59708
4676,95,95,66394,33102,0.54,51,59836,50244,0.13,12,2740,737,95,73196,37079,95,3148,33,0.23,22,128096,59102,0.24,23,98927,48220,0.58,55,28914,10610,112,190828,57324
4677,2598,2598,58525,40243,0.68,1766,59925,45412,0.16,415,3183,1068,2598,61400,42564,2598,2516,346,0.14,370,89769,30474,0.14,361,73292,17482,0.67,1732,18681,8976,2874,158331,69686
4678,480,480,59964,43665,0.69,330,73580,65588,0.13,64,2095,1164,480,63413,46288,480,2324,493,0.15,72,75072,40013,0.15,72,79278,32888,0.65,313,19822,14495,564,180445,93737
4680,32760,32760,74353,60148,0.86,28201,78383,67519,0.13,4216,-1430,-879,32760,76984,62689,32760,2471,857,0.06,1914,101883,29518,0.06,1876,83294,14394,0.78,25569,22006,15885,36869,164694,74925
4694,106,106,61825,51338,0.79,84,74445,60670,0.12,13,-640,122,106,64991,55381,106,2344,660,0.08,9,142145,25455,0.08,9,140685,19269,0.69,73,19399,13448,131,164265,72088
4695,645,645,64686,56456,0.83,535,77056,70227,0.11,74,-2465,-534,645,67299,58909,645,2135,732,0.11,71,45527,27243,0.11,72,51962,38434,0.71,461,19881,16494,746,158294,86320
4697,82,82,59179,50972,0.71,58,69111,54749,0.09,7,-372,-1911,82,61645,53141,82,1881,239,0.21,17,198188,67429,0.23,19,154347,72042,0.7,57,17632,14168,97,158787,93441
4699,271,271,66245,49885,0.77,208,66028,55110,0.1,26,964,1002,271,69809,52047,271,2546,607,0.13,35,84634,37287,0.15,40,73460,31410,0.75,204,20188,10213,300,130406,79698
4700,9641,9641,71678,55277,0.84,8128,69362,59161,0.12,1147,1807,930,9641,74674,57266,9641,2686,704,0.07,713,140329,40353,0.07,685,85234,21600,0.78,7549,21032,12287,11148,168730,64100
4701,25561,25561,64927,55011,0.86,22063,66682,59171,0.1,2549,1470,270,25561,67370,57178,25561,2332,664,0.06,1644,96929,26007,0.06,1581,76700,13509,0.79,20139,17152,11414,28629,154398,65835
4702,17028,17028,65254,54577,0.81,13771,69926,60301,0.11,1847,2236,639,17028,69338,57590,17028,2619,638,0.09,1617,130698,40212,0.09,1601,113429,30188,0.76,13018,18897,12604,18513,145444,68915
4703,15258,15258,73604,55606,0.8,12213,74900,61891,0.13,2024,2391,954,15258,76618,58312,15258,2778,695,0.08,1250,97889,30271,0.08,1219,76899,15776,0.77,11723,22469,13938,17021,199730,89697
4704,86,86,76540,54081,0.69,59,75281,63600,0.16,14,1914,3160,86,79411,55088,86,2405,506,0.1,9,523942,39619,0.1,9,459896,43473,0.79,68,22155,13289,99,150497,75963
4705,254,254,40734,45326,0.57,145,53580,45600,0.15,38,10063,77,254,53323,51063,254,3887,287,0.17,44,271073,49039,0.17,42,243561,39323,0.71,181,19058,9809,250,134306,53863
4707,108,108,157308,56684,0.73,79,70831,61562,0.09,10,-558,-731,108,163336,63932,108,5125,1398,0.19,21,101197,34327,0.19,20,98173,36804,0.8,86,71052,11729,135,132624,64436
4709,438,438,91644,76576,0.94,413,95770,81371,0.18,80,-1467,-464,438,95746,80830,438,3361,1667,0.05,20,61528,18394,0.05,22,49338,17784,0.82,360,28889,22389,506,128878,59457
4710,2924,2924,64187,49096,0.79,2306,67686,55410,0.13,367,874,570,2924,67619,51200,2924,2691,566,0.08,234,100531,29374,0.08,224,82971,14646,0.74,2156,18682,11471,3323,182944,81177
4711,1122,1122,76467,63401,0.86,961,77987,68212,0.16,183,436,1096,1122,79653,66880,1122,2828,954,0.06,71,154265,52150,0.06,72,119784,23896,0.8,902,22201,16024,1271,230185,123610
4712,204,204,63029,51708,0.73,149,63518,57623,0.18,37,4189,1236,204,71046,56375,204,3014,422,0.17,34,333681,77138,0.16,33,309461,60296,0.75,152,22357,11684,210,200433,59201
4713,291,291,47534,42098,0.9,262,42550,36133,0.01,2,5820,5820,291,48332,42354,291,798,0,0.02,7,119567,10270,0.02,5,113910,56927,0.71,207,9857,5702,387,42096,7406
4714,1267,1267,52057,43375,0.79,1005,57541,48171,0.08,102,1598,26,1267,54018,44330,1267,1707,400,0.07,87,66244,29815,0.07,84,49589,16206,0.68,867,13683,8539,1509,103129,41628
4715,4166,4166,68932,55571,0.84,3483,74910,61936,0.13,547,1501,342,4166,72380,58532,4166,2657,724,0.09,386,130826,31706,0.09,385,126851,29828,0.77,3222,20288,13015,4645,159876,65263
4716,522,522,55329,46224,0.7,367,69080,54474,0.11,59,1640,1434,522,59208,48374,522,1930,386,0.15,79,82346,44175,0.15,78,101667,68352,0.69,359,15833,9674,536,144786,70286
4717,2700,2700,91760,81016,0.92,2483,94014,86675,0.15,398,-708,-216,2700,95460,84580,2700,2907,1130,0.05,122,51180,22852,0.05,123,52942,18685,0.83,2239,28304,23486,3122,135554,66480
4718,1341,1341,75528,57665,0.79,1064,78615,64816,0.13,181,973,257,1341,80347,62500,1341,2960,816,0.1,131,137384,36080,0.1,134,118365,30993,0.76,1017,23998,15640,1466,153521,64686
4719,622,622,61677,51444,0.69,432,62986,56483,0.13,78,4669,1335,622,71855,60428,622,3796,405,0.15,91,173316,69007,0.16,99,121117,43862,0.74,461,17589,12162,687,174225,65936
4720,9479,9479,78859,62836,0.88,8370,78642,64986,0.15,1408,156,-74,9479,82392,65987,9479,2997,920,0.07,679,101400,30556,0.07,668,83600,19039,0.81,7706,23216,15459,10874,134208,54467
4721,2188,2188,73207,59738,0.78,1696,76095,65358,0.15,335,1386,716,2188,79918,65448,2188,3585,700,0.1,221,94671,31165,0.1,217,79193,23292,0.78,1699,23707,15766,2416,166422,74953
4722,1057,1057,69633,58688,0.66,700,71204,62052,0.17,183,3099,919,1057,80518,65954,1057,4038,559,0.16,170,119187,44056,0.16,166,90165,24794,0.77,810,21247,13818,1126,173203,78334
4723,873,873,66449,52152,0.71,621,74653,64821,0.13,114,2619,1065,873,75086,59140,873,3579,700,0.11,93,160238,49855,0.11,100,134554,31280,0.73,640,21214,13352,940,132821,64203
4724,391,391,61140,50600,0.63,246,53955,50350,0.12,46,8531,1064,391,73670,59458,391,5823,422,0.17,67,111759,38013,0.18,69,96387,17518,0.74,289,17335,9642,389,145406,71224
4725,876,876,62924,54559,0.8,697,62791,57289,0.16,140,2172,1063,876,68184,58494,876,3081,526,0.12,101,165887,39912,0.11,95,142580,22590,0.77,678,17487,11404,973,171959,76694
4726,244,244,48691,42126,0.61,150,49829,46304,0.13,32,2360,1995,244,54131,45367,244,3685,250,0.24,59,120821,42500,0.22,54,106810,24688,0.68,165,12492,7744,259,142657,42549
4727,177,177,32865,42291,0.66,116,57838,56469,0.14,25,1365,1908,177,39891,51889,177,2877,157,0.13,23,70131,35327,0.14,24,46649,26874,0.63,111,15535,10270,183,137918,73778
4728,123,123,28889,43788,0.59,73,53525,47745,0.11,13,2298,1038,123,42943,48600,123,4066,295,0.15,19,108765,45000,0.16,20,84072,21669,0.67,82,23728,8046,129,108492,45237
4730,1918,1918,62056,55089,0.82,1567,63780,58364,0.16,308,1414,1170,1918,68526,59031,1918,2873,558,0.12,237,132883,42218,0.12,233,121128,23580,0.81,1546,16836,11172,2159,154797,62213
4731,102,102,40386,41982,0.66,67,61359,59415,0.05,5,1212,462,102,46736,50753,102,3643,250,0.21,21,64092,35188,0.19,19,35321,11495,0.66,67,13982,11990,113,107253,61431
4732,85,85,30307,33402,0.62,53,48751,41600,0.15,13,727,1637,85,44994,41737,85,2090,250,0.19,16,141675,35358,0.21,18,118194,38876,0.59,50,10819,6090,95,115211,62969
4735,701,701,60222,51957,0.72,505,61773,56842,0.11,76,2717,2010,701,64796,56100,701,2965,405,0.12,85,142198,61679,0.13,89,114575,41596,0.76,533,16283,10782,759,151734,66733
4736,90,90,75316,60582,0.78,70,72114,67180,0.09,8,60433,4090,90,81207,64770,90,4335,1408,0.2,18,124001,38353,0.19,17,147037,35989,0.81,73,25091,12306,100,132819,61329
4737,5176,5176,72659,57938,0.83,4319,76593,63953,0.12,598,163,0,5176,75793,60700,5176,2821,789,0.06,329,69278,32000,0.06,330,60138,22958,0.78,4022,21270,14688,5858,169969,80965
4738,720,720,65789,51068,0.73,527,73792,63672,0.11,80,474,373,720,69318,53999,720,2813,483,0.1,71,68944,27407,0.09,68,65384,36410,0.72,522,20075,14289,794,165360,93139
4739,216,216,52157,44362,0.73,157,54347,47669,0.12,26,-2271,-1978,216,55682,47518,216,3501,409,0.14,30,65606,40614,0.14,30,63046,28750,0.72,156,12570,7779,216,124016,68369
4740,54625,54625,76187,60932,0.86,47021,76550,65033,0.12,6534,855,54,54625,79353,63731,54625,3056,982,0.06,3135,93754,28757,0.06,3061,67633,14050,0.81,44286,21831,14373,60623,162532,72057
4741,4303,4303,71272,56225,0.79,3407,76718,64116,0.13,564,2581,963,4303,75254,60054,4303,3063,686,0.08,359,96951,29260,0.08,350,85350,29444,0.76,3268,21476,14136,4748,186492,96569
4742,600,600,82950,68480,0.74,446,81747,71281,0.13,78,109,168,600,89996,74370,600,3881,888,0.12,70,83581,28914,0.11,67,70272,32659,0.8,480,25174,17514,660,149741,68845
4743,237,237,91565,80006,0.93,221,97052,88102,0.18,43,-3451,-2494,237,99043,85372,237,2887,1526,0.05,12,84680,27745,0.05,13,85356,19212,0.86,205,26946,21377,291,128011,72784
4744,5011,5011,103819,88563,0.94,4734,103625,94197,0.2,1004,-1322,-634,5011,107273,91861,5011,3351,1746,0.06,288,60736,20606,0.06,296,56990,24440,0.86,4318,32761,26033,5754,150063,72798
4745,1462,1462,95405,82314,0.91,1333,94526,86924,0.17,248,-1705,-344,1462,99664,86716,1462,3210,1434,0.05,78,85528,22557,0.06,84,67831,16666,0.84,1227,29765,24167,1701,147387,71869
4746,845,845,97042,87212,0.9,761,101992,93275,0.19,163,-805,83,845,103149,92272,845,3068,1372,0.07,63,106822,23649,0.07,63,94191,11599,0.86,726,29711,24736,950,150616,77954
4750,3637,3637,72936,60527,0.88,3206,74516,63840,0.11,399,1207,674,3637,75688,62995,3637,2637,893,0.06,215,78775,30219,0.06,202,57677,17738,0.81,2934,20222,14355,4001,151497,74057
4751,2960,2960,76640,63942,0.86,2538,79118,68904,0.11,333,1256,365,2960,80146,67656,2960,3152,1016,0.06,165,75345,21000,0.05,152,68676,16622,0.82,2414,21731,15729,3265,175786,94227
4753,2869,2869,79698,66133,0.88,2525,84052,72327,0.11,310,-441,-248,2869,83134,69139,2869,3354,1131,0.06,171,112373,31105,0.06,169,99705,19023,0.83,2375,22788,16445,3118,155523,83627
4754,1468,1468,71178,60894,0.83,1217,78046,68409,0.09,138,42,22,1468,74767,64342,1468,2827,924,0.07,103,80710,24484,0.07,103,78412,28201,0.78,1145,20619,15134,1608,148473,85653
4756,391,391,57452,46467,0.75,295,64875,53354,0.1,41,925,0,391,60782,49155,391,2440,555,0.13,51,60229,24707,0.14,55,55611,23775,0.73,284,15833,9819,439,128042,62797
4757,198,198,56267,39608,0.69,137,69913,55347,0.19,37,4722,2806,198,59373,43744,198,2563,298,0.19,38,64795,22424,0.2,39,72901,28785,0.63,124,19704,13158,236,172829,97486
4798,471,471,61732,49377,0.73,343,68561,57656,0.14,67,4103,1579,471,64340,51174,471,2360,484,0.1,46,67487,20225,0.08,40,64796,11828,0.73,344,17820,10672,493,166207,88257
4799,683,683,57735,42803,0.74,508,64406,50508,0.09,62,665,1552,683,61215,45665,683,2475,401,0.11,76,66808,30431,0.11,73,58244,20701,0.66,453,18089,9846,741,145012,64485
4800,6377,6377,65461,51450,0.78,4997,65197,55717,0.14,870,1962,728,6377,69263,54520,6377,3267,663,0.1,647,93511,28466,0.1,631,70848,16355,0.76,4833,18236,10751,7039,158407,77469
4801,115,115,54648,49524,0.98,113,53783,48510,0.1,12,668,-964,115,56632,51798,115,1955,1043,0.03,4,42203,37354,0.03,4,20919,20711,0.86,99,10181,6909,153,50820,16378
4802,7890,7890,64796,50499,0.82,6444,61973,52000,0.14,1133,3306,1145,7890,67824,52875,7890,2946,746,0.12,942,82889,30682,0.11,892,62345,12763,0.79,6267,17402,9225,8840,115944,45908
4803,754,754,56940,52921,0.94,705,53506,52670,0.09,69,4142,2313,754,58889,54812,754,1949,878,0.05,40,35070,19882,0.05,36,8348,3518,0.9,675,11214,7979,881,68955,19753
4804,1099,1099,69495,51832,0.8,876,72770,59206,0.1,112,-25,-36,1099,72780,55635,1099,2742,561,0.07,78,125379,30410,0.07,81,87314,15496,0.76,835,20674,12591,1250,147454,62672
4805,7013,7013,63361,47916,0.82,5783,64648,51815,0.12,835,1412,638,7013,66292,50255,7013,2757,663,0.07,489,96051,33406,0.07,478,73272,21406,0.77,5382,17203,9087,8402,133411,45383
4806,2231,2231,60093,52174,0.76,1705,59979,53929,0.12,277,3577,1365,2231,63879,55322,2231,3095,584,0.07,148,145660,52674,0.06,144,124676,23421,0.76,1701,15204,10739,2525,156547,73575
4807,6617,6617,63104,51771,0.8,5286,60672,54312,0.12,780,1189,482,6617,66688,54558,6617,3053,629,0.07,482,184862,51888,0.07,468,157978,26740,0.77,5121,16913,10579,7699,156703,64452
4808,701,701,56071,50320,0.78,548,59673,54820,0.12,82,3748,579,701,59772,54641,701,3087,659,0.07,47,103189,32444,0.06,45,112785,21300,0.74,519,14579,10775,762,178500,89484
4809,592,592,59754,52163,0.75,446,60851,54164,0.11,63,4734,2660,592,63991,56484,592,2310,466,0.11,63,176097,43699,0.1,62,165224,47728,0.79,465,15163,10525,665,136947,66190
4810,14141,14141,84035,61751,0.83,11728,75614,64732,0.16,2255,1111,167,14141,87610,64354,14141,3449,885,0.08,1199,132294,32438,0.08,1139,80080,13289,0.81,11459,26114,13799,16184,220024,78320
4811,7801,7801,70535,59965,0.87,6789,70807,63563,0.12,974,-78,-280,7801,73455,62417,7801,2856,1000,0.07,527,101589,34914,0.07,520,61925,15346,0.82,6359,18707,12904,8702,154070,71083
4812,11438,11438,64321,54844,0.85,9772,63856,57596,0.13,1449,-102,126,11438,66980,56930,11438,2566,764,0.08,918,108692,32118,0.08,861,77526,13719,0.8,9099,16365,11103,12978,155608,64804
4814,26917,26917,65697,55579,0.86,23193,65969,59141,0.12,3268,442,94,26917,68239,57825,26917,2481,794,0.07,1782,91800,30824,0.06,1683,60552,13105,0.78,21104,17398,11925,29911,165779,65062
4815,11958,11958,59185,52828,0.86,10260,60674,56405,0.09,1052,636,-332,11958,61452,54695,11958,2224,732,0.05,628,72571,31016,0.05,586,51192,14596,0.78,9307,13975,10444,13350,120446,51823
4816,5156,5156,63302,52110,0.78,3998,64753,58460,0.13,678,1182,601,5156,66788,55237,5156,2771,610,0.09,468,110047,35855,0.09,468,88291,21836,0.73,3765,17789,11622,5727,157588,77114
4817,19040,19040,65492,57740,0.87,16620,66224,60982,0.11,2030,-476,-280,19040,68046,60140,19040,2482,906,0.06,1173,93904,30820,0.06,1144,69523,13346,0.81,15387,16230,12082,21217,155237,75340
4818,20302,20302,68505,61831,0.9,18202,69721,64423,0.1,2063,-518,-456,20302,71201,64186,20302,2606,1104,0.07,1333,136772,31974,0.06,1297,110459,15093,0.84,17025,16795,12973,21933,128527,68831
4819,1555,1555,51856,39504,0.66,1029,53849,44754,0.19,291,4544,2215,1555,54546,41299,1555,2449,418,0.14,217,67271,24630,0.13,206,51643,11626,0.66,1030,14229,7490,1804,183568,66565
4820,5604,5604,63619,52903,0.82,4580,65698,56270,0.12,666,1486,718,5604,68691,55576,5604,2494,652,0.09,492,98747,30992,0.09,479,78562,17424,0.77,4297,16874,11694,6466,139466,62791
4821,874,874,58025,51173,0.73,636,60513,54866,0.16,137,1130,1032,874,67328,58106,874,3062,472,0.17,148,174808,53547,0.16,139,165836,37357,0.75,656,15562,10425,947,130434,58464
4822,536,536,70460,54060,0.74,394,59383,54381,0.11,59,646,911,536,77855,58660,536,3994,409,0.15,81,129487,36641,0.15,79,90246,24735,0.76,408,22197,10636,590,119212,56058
4823,523,523,79502,51165,0.71,369,56777,50968,0.18,96,-3218,1587,523,93671,56269,523,3644,540,0.16,83,193171,47510,0.16,85,150666,41417,0.76,395,26837,9684,552,152029,67169
4824,1595,1595,81678,65761,0.87,1395,75160,65660,0.15,237,1705,346,1595,85659,68584,1595,2720,720,0.08,129,107795,23309,0.08,129,79280,22093,0.83,1317,23727,15642,1850,138683,64272
4825,11361,11361,81957,71448,0.92,10504,83208,75540,0.14,1637,136,-261,11361,84606,73900,11361,2592,1110,0.05,533,101476,28080,0.05,534,83463,16584,0.84,9571,22722,16891,13262,127911,51731
4828,105,105,63704,46383,0.89,93,55503,48771,0.06,6,262,932,105,66738,48775,105,3028,660,0.04,4,45807,40508,0.04,4,40475,34248,0.82,86,15868,6210,122,77705,21186
4829,283,283,69266,61934,0.87,245,60438,59767,0.14,39,1161,547,283,73168,64379,283,3169,910,0.13,36,175919,56971,0.12,35,129597,29253,0.79,224,17524,11609,322,148163,46827
4830,596,596,49067,35002,0.89,532,44918,35909,0.04,25,-251,545,596,50213,36022,596,1104,300,0.04,21,90243,20363,0.04,22,56042,8552,0.6,359,13099,7100,787,53381,9796
4849,777,777,49358,39262,0.7,546,50755,43239,0.12,94,3471,1060,777,52204,40514,777,2275,318,0.09,72,133701,46254,0.09,68,101570,23244,0.66,511,13070,7409,913,142283,54439
4850,6247,6247,55615,47011,0.75,4661,58006,52259,0.15,924,2332,915,6247,59358,50099,6247,3261,629,0.08,494,120599,42007,0.08,485,101839,28513,0.72,4476,14412,9551,7006,184985,89124
4852,2574,2574,54575,42946,0.72,1859,55912,46599,0.17,439,2239,1499,2574,57243,44654,2574,2563,476,0.13,344,86245,33634,0.13,329,68632,17585,0.68,1743,15425,8505,2957,173312,60319
4854,3400,3400,52128,44669,0.78,2639,52148,48302,0.1,354,2940,1494,3400,54732,46753,3400,2321,474,0.1,325,100001,42513,0.09,322,78700,26972,0.73,2471,12809,7539,4138,125522,40403
4855,481,481,46486,40516,0.75,361,51610,44694,0.12,57,1068,0,481,49462,43106,481,2568,459,0.13,61,87169,40986,0.13,62,68999,18133,0.68,328,11468,7437,596,125075,45512
4856,390,390,50455,44852,0.71,275,58242,50855,0.12,46,7563,2962,390,53660,46790,390,1958,354,0.12,45,72138,40734,0.12,45,56223,31844,0.67,263,13261,8251,407,161957,69871
4858,900,900,56952,48322,0.78,702,60683,52790,0.13,114,6093,1235,900,59837,51244,900,2573,636,0.11,102,111425,43196,0.11,98,92754,21601,0.76,687,14082,9649,1004,171825,76553
4859,329,329,47958,42897,0.78,258,47612,45385,0.11,37,2556,1321,329,50001,45373,329,1895,350,0.09,30,70472,41275,0.09,28,52211,18834,0.67,220,11589,8236,362,121613,62386
4860,6339,6339,52197,43570,0.75,4763,53141,47646,0.11,696,3959,1743,6339,54404,45279,6339,2125,375,0.1,648,118802,34431,0.1,625,100048,16546,0.71,4517,13186,7411,7427,149719,40747
4861,852,852,54483,46915,0.76,644,58552,53906,0.13,110,3318,1557,852,56714,49334,852,2175,554,0.1,85,83634,38485,0.1,82,64365,15456,0.71,605,14290,9392,982,134402,67408
4865,5296,5296,61608,53897,0.83,4377,62572,56496,0.11,592,2915,1028,5296,64426,56289,5296,2725,916,0.09,479,103609,43774,0.09,473,76257,23894,0.78,4154,15305,10763,5829,147238,70579
4868,13245,13245,59224,51333,0.85,11234,59541,54388,0.11,1453,2941,1514,13245,61749,53695,13245,2489,795,0.08,1022,75719,26638,0.08,995,52328,12701,0.78,10307,14253,9664,14847,140308,58113
4869,12255,12255,59296,53282,0.88,10792,59789,56031,0.08,1016,1827,836,12255,61573,55471,12255,2226,881,0.07,886,69224,28894,0.07,865,46419,12067,0.8,9800,13607,9947,13498,112177,51497
4870,45910,45910,63944,51414,0.83,38244,62583,54584,0.14,6255,3107,1475,45910,66804,53836,45910,2755,788,0.1,4421,81344,27117,0.09,4230,54484,12264,0.78,35644,16935,10057,51852,150404,53467
4871,5957,5957,51961,41380,0.74,4423,52258,45903,0.12,692,2518,1576,5957,55845,44146,5957,2381,354,0.11,650,109161,32882,0.11,630,95036,21442,0.68,4054,14232,7574,6967,126221,37991
4872,2543,2543,49448,40660,0.69,1745,52580,44671,0.13,320,5344,2237,2543,53423,43315,2543,2935,372,0.11,283,178744,32000,0.11,279,165949,22420,0.67,1692,13949,8091,2823,158318,51404
4873,4236,4236,51358,43198,0.76,3219,52917,47079,0.12,518,3556,2197,4236,53997,45068,4236,2351,469,0.12,504,117506,34668,0.11,478,100002,18060,0.71,3005,12348,7631,4785,142060,58841
4874,3183,3183,86215,81418,0.94,3004,85052,83174,0.19,611,1329,898,3183,88764,84457,3183,2380,943,0.05,145,67905,28007,0.04,139,54832,16673,0.86,2741,23324,19272,3563,128877,64693
4875,3125,3125,59982,50320,0.87,2733,60871,53019,0.08,253,4096,968,3125,61756,51614,3125,1566,308,0.05,169,89464,17503,0.05,159,71831,7272,0.76,2388,14329,8886,3644,87387,26702
4876,1120,1120,52738,44442,0.9,1008,50751,44354,0.04,50,2970,1858,1120,54135,45911,1120,1396,190,0.03,33,99295,35726,0.03,31,69020,23758,0.73,816,11492,7027,1270,61795,14931
4877,3751,3751,55946,45158,0.76,2861,51494,46162,0.15,550,4943,1751,3751,59113,47822,3751,2981,545,0.13,487,119571,35410,0.12,449,100313,15958,0.77,2888,13956,7069,4139,152031,40039
4878,9435,9435,62535,51900,0.83,7788,62863,56048,0.14,1298,2075,1230,9435,65196,54605,9435,2562,836,0.1,978,92974,31132,0.1,935,69448,13746,0.77,7300,16345,10571,10620,139870,62079
4879,14134,14134,66314,54441,0.8,11294,66039,57851,0.16,2199,2780,1252,14134,69342,56615,14134,2929,816,0.1,1465,83619,31200,0.1,1398,57521,14343,0.78,11002,17896,11430,15522,165038,75395
4880,8284,8284,52997,45578,0.8,6611,54908,49891,0.13,1039,4228,2467,8284,55813,48010,8284,2549,500,0.08,693,96355,28449,0.08,667,79507,17991,0.72,5955,13355,8494,9368,131580,42528
4881,2858,2858,55533,42477,0.72,2060,59095,49522,0.14,399,3464,2118,2858,58069,44604,2858,2270,479,0.16,456,64188,26745,0.16,445,47582,16414,0.68,1953,15627,8634,3258,148258,61013
4882,2005,2005,57286,48128,0.74,1475,60561,52801,0.14,287,5220,1992,2005,60340,50028,2005,2746,593,0.1,210,138881,39249,0.1,208,112415,19681,0.71,1420,15938,10206,2233,182704,79419
4883,5157,5157,52504,44533,0.75,3881,55272,48619,0.12,610,4374,2012,5157,55079,46419,5157,2370,482,0.09,482,101506,27127,0.09,480,83551,14990,0.7,3631,13409,8418,5736,144742,54520
4884,1349,1349,56192,44972,0.68,911,59353,50307,0.17,235,4457,2357,1349,59475,47155,1349,2690,436,0.14,193,88119,28415,0.14,191,67350,19164,0.68,913,16128,9913,1529,222886,92934
4885,2513,2513,56480,42671,0.72,1801,57475,49940,0.15,388,3207,2127,2513,59448,45112,2513,2572,496,0.13,332,86222,28182,0.13,336,65541,16190,0.67,1690,16720,8869,2752,186111,89161
4886,532,532,46123,36252,0.66,349,54047,41824,0.14,76,5235,2556,532,49131,39252,532,2424,300,0.13,68,79548,33898,0.12,66,73414,29266,0.61,325,13275,6599,577,133563,53812
4887,1028,1028,46140,37806,0.75,771,51449,44037,0.1,104,1017,232,1028,48114,39322,1028,1916,334,0.11,117,56214,30410,0.12,119,40136,15538,0.64,660,11661,7301,1176,124019,58114
4888,1456,1456,46412,37426,0.71,1028,51188,44704,0.13,190,2716,1525,1456,48987,39407,1456,2056,309,0.13,194,105050,25559,0.13,193,86202,16475,0.63,913,12494,7141,1640,113903,43129
4890,765,765,58742,53907,0.9,685,57502,55606,0.08,62,2054,2428,765,60649,56016,765,1852,460,0.04,31,113872,54715,0.04,33,80574,16778,0.76,585,13634,9920,887,80692,27474
4891,328,328,55610,51068,0.76,250,52773,45210,0.12,41,4630,513,328,58167,52994,328,2300,447,0.11,37,98767,55600,0.11,35,80392,35331,0.74,244,12284,9286,380,113160,41300
4892,1635,1635,46978,36004,0.89,1457,44658,34464,0.05,82,593,416,1635,48474,36901,1635,1183,125,0.02,35,116516,46841,0.02,32,107619,25234,0.64,1046,11075,5825,2046,46540,8761
4895,2352,2352,53282,46391,0.8,1886,54884,50064,0.11,252,4347,2254,2352,55280,47648,2352,1782,323,0.09,202,99060,31560,0.08,196,79642,17899,0.71,1663,12573,8320,2697,94192,36121
5000,13078,13078,61773,42296,0.78,10242,57695,45317,0.11,1380,4017,2459,13078,64409,44001,13078,2595,345,0.11,1404,87687,17494,0.09,1160,66913,7111,0.67,8760,21050,9737,13572,170812,16213
5006,4414,4414,128700,61608,0.69,3049,76856,58063,0.15,684,5826,3532,4414,133936,64477,4414,5095,838,0.12,512,183219,36354,0.11,467,114954,15631,0.78,3436,53186,16199,4766,413943,72615
5007,5271,5271,67015,57132,0.86,4525,66719,59844,0.12,651,3150,1923,5271,69710,59155,5271,2652,835,0.12,611,65303,18828,0.1,549,42499,8330,0.81,4281,17328,11800,5733,121616,48369
5008,8606,8606,60646,52188,0.84,7220,61008,54901,0.13,1148,3368,1671,8606,62940,54352,8606,2249,716,0.12,1073,64718,21323,0.11,989,43739,9309,0.79,6802,14871,9992,9233,109566,47467
5009,3415,3415,60637,53030,0.82,2785,61130,56908,0.14,475,2817,1730,3415,63014,54733,3415,2321,746,0.12,397,60628,24500,0.11,368,43916,10235,0.79,2681,15014,10430,3720,125932,55285
5010,3159,3159,51955,47066,0.83,2631,53308,50919,0.12,377,2585,2027,3159,53910,48902,3159,1954,575,0.12,384,65040,27428,0.11,360,46362,10658,0.76,2405,11397,8019,3283,68930,26536
5011,8973,8973,63415,56133,0.85,7604,63893,59429,0.13,1181,2566,1520,8973,65870,58443,8973,2404,852,0.1,939,51249,20404,0.1,860,31880,9143,0.81,7271,15516,11254,9575,124372,54732
5012,6570,6570,49073,44513,0.85,5557,50118,47248,0.09,623,2123,1879,6570,50777,46034,6570,1656,480,0.12,813,79970,25000,0.11,740,67397,10548,0.74,4829,10710,7568,6765,59509,19194
5013,5941,5941,53627,49564,0.86,5090,55453,52530,0.09,525,1890,1233,5941,55521,51003,5941,1881,641,0.1,597,55247,23524,0.09,533,38792,10474,0.78,4628,11748,8678,6551,88801,38982
5014,7493,7493,59278,53868,0.84,6292,61794,57896,0.11,834,2773,1310,7493,61479,55562,7493,2186,756,0.1,745,54238,23120,0.09,697,34878,10090,0.8,5964,13947,10243,8266,120197,61483
5015,3991,3991,65174,57328,0.85,3399,66009,61577,0.12,485,2241,1105,3991,67522,59706,3991,2336,860,0.08,335,74053,31259,0.08,317,49942,12363,0.81,3233,16380,11847,4550,135450,69679
5016,5711,5711,67242,57670,0.84,4789,68077,62045,0.14,772,2060,1272,5711,69979,60203,5711,2722,954,0.08,440,305457,27354,0.07,420,294293,11204,0.81,4625,17229,12284,6434,173645,94256
5017,2686,2686,58186,50582,0.86,2312,59744,54487,0.08,227,1806,640,2686,60322,52263,2686,2107,688,0.06,160,77930,22563,0.06,154,45915,8781,0.78,2086,14165,9831,3064,107897,55975
5018,3548,3548,64864,54422,0.8,2834,66199,58910,0.15,522,3509,1782,3548,67571,56734,3548,2671,798,0.06,225,138409,23972,0.06,208,119226,11227,0.77,2741,17358,11949,4117,206486,105224
5019,5580,5580,69038,55533,0.8,4445,68958,60494,0.16,865,3979,2003,5580,71872,58212,5580,2810,850,0.09,499,62819,25319,0.09,475,39693,10246,0.78,4326,19631,12796,6342,193997,93996
5020,2076,2076,76514,54906,0.72,1493,71189,60421,0.18,367,4241,1977,2076,79588,58196,2076,2969,780,0.08,172,183395,24738,0.08,168,157871,11462,0.76,1570,24975,12554,2350,245156,110570
5021,4457,4457,71959,53726,0.68,3023,70876,59835,0.17,750,5001,2466,4457,75431,56151,4457,3357,688,0.08,341,93068,24682,0.07,324,65414,9350,0.75,3329,22266,12438,4801,272111,119831
5022,10546,10546,88842,59802,0.75,7859,77179,61953,0.19,2025,3289,2106,10546,92788,63010,10546,3845,918,0.1,1051,195649,29596,0.09,982,169230,11014,0.78,8228,30371,14802,11612,267865,116742
5023,10808,10808,58423,51726,0.82,8910,59812,55838,0.12,1320,3275,1654,10808,60607,53488,10808,2165,730,0.11,1226,50283,23408,0.1,1130,33875,9734,0.78,8470,13970,9851,11579,108739,50793
5024,9335,9335,70158,54139,0.74,6937,68206,58271,0.18,1675,4396,2978,9335,73419,56981,9335,3111,760,0.09,872,93106,26327,0.09,833,68743,10456,0.77,7143,20654,12235,9990,201258,90188
5025,5708,5708,66137,54226,0.79,4526,65319,58312,0.16,936,3990,2421,5708,68909,56748,5708,2734,784,0.09,536,85746,23640,0.09,493,66182,9662,0.78,4474,17850,11413,6179,157567,73828
5031,6529,6529,65910,53643,0.84,5508,64137,55887,0.15,953,4091,2884,6529,68595,56058,6529,2628,829,0.13,830,57045,19998,0.12,758,34593,7849,0.8,5229,17198,11073,7247,138472,51158
5032,8668,8668,66786,53468,0.79,6863,64178,56640,0.15,1264,4280,2718,8668,69742,55870,8668,2852,804,0.11,990,67432,22362,0.11,916,43040,9088,0.78,6728,18535,11079,9184,162854,67842
5033,5657,5657,57883,50857,0.85,4781,58576,54307,0.12,662,3579,2194,5657,60088,52886,5657,2149,744,0.13,735,50482,20000,0.11,647,35514,8271,0.78,4410,13923,9611,6035,101721,39060
5034,6773,6773,88985,60438,0.76,5129,77896,61389,0.16,1075,3024,2049,6773,92929,63593,6773,3836,880,0.12,793,120901,26933,0.11,734,75545,9444,0.8,5387,29664,14799,7381,277412,101337
5035,4183,4183,67097,55631,0.82,3419,66010,58773,0.14,566,3479,2495,4183,69925,58205,4183,2764,867,0.12,508,55172,19918,0.11,442,36491,8324,0.79,3304,18033,11567,4480,166836,59354
5037,7428,7428,61824,52962,0.83,6145,62098,56576,0.13,938,3171,1937,7428,64196,55225,7428,2348,808,0.12,893,50052,21341,0.11,811,30653,7495,0.78,5815,15683,10447,7859,124425,43508
5038,11525,11525,59574,52428,0.83,9582,61161,56037,0.12,1390,2746,1750,11525,61888,54261,11525,2271,793,0.12,1371,47723,20000,0.11,1241,27844,7208,0.79,9088,14391,10019,12228,116276,46195
5039,5625,5625,63658,53973,0.83,4646,65254,58452,0.13,708,3553,1859,5625,66078,56275,5625,2406,829,0.11,594,58160,23710,0.1,539,36757,9520,0.78,4414,16423,11426,6129,135250,64373
5040,1415,1415,69682,49362,0.71,1002,70895,56774,0.17,243,2256,1951,1415,73205,52541,1415,3212,710,0.08,120,101090,25722,0.08,117,74497,8006,0.72,1017,22280,12094,1529,227503,113944
5041,8608,8608,77569,58135,0.78,6716,72468,61132,0.16,1336,2688,1364,8608,80923,60934,8608,3295,933,0.1,881,80040,28701,0.1,827,44783,10957,0.78,6744,23998,13679,9315,222738,107697
5042,7421,7421,56972,48556,0.8,5936,57957,52840,0.12,903,4254,1974,7421,59057,50686,7421,2075,655,0.11,813,55605,19274,0.1,729,37795,8401,0.73,5440,14821,9785,7722,123301,41852
5043,12278,12278,56832,49788,0.83,10173,59393,54308,0.1,1201,2139,1235,12278,58986,51830,12278,2138,736,0.1,1282,52968,20188,0.09,1157,35433,7628,0.77,9465,13565,9444,13032,110838,43873
5044,7464,7464,82588,58762,0.73,5457,74860,61493,0.16,1168,2958,1686,7464,86509,61624,7464,3844,898,0.09,635,93471,28662,0.08,600,59091,10898,0.77,5781,26958,14310,7968,274079,120106
5045,10837,10837,80657,57113,0.73,7898,73046,60388,0.17,1802,4887,2650,10837,84501,60365,10837,3773,916,0.11,1138,132607,25287,0.09,1027,108637,10112,0.78,8428,25961,13318,11904,275246,100321
5046,5929,5929,61846,53616,0.81,4783,64714,58733,0.12,718,2125,1370,5929,64424,55894,5929,2549,803,0.09,510,70814,23794,0.08,481,50020,8910,0.78,4636,15615,10971,6441,146501,65461
5047,5337,5337,58079,50637,0.82,4378,60484,54940,0.12,635,1832,1264,5337,60347,52235,5337,2218,705,0.1,541,63015,21707,0.09,496,44523,9022,0.77,4123,14190,10018,5814,110536,48130
5048,9575,9575,73337,55021,0.73,6961,72267,61103,0.15,1478,3239,1978,9575,76883,57888,9575,3479,900,0.09,875,78781,27126,0.09,819,47341,10783,0.76,7289,22398,12689,10400,244317,107482
5049,6684,6684,72511,55044,0.75,4993,69357,59960,0.18,1204,3344,1740,6684,75766,58030,6684,3230,835,0.11,712,105805,31760,0.1,665,77299,12185,0.77,5141,21809,12932,7385,225886,104473
5050,3707,3707,67289,52293,0.73,2714,68560,58001,0.17,614,3093,1823,3707,70161,54914,3707,2844,755,0.11,391,65344,24040,0.09,352,40085,9504,0.74,2757,19736,12609,4041,221792,99940
5051,9975,9975,73933,59858,0.77,7650,73661,64631,0.14,1401,2237,1134,9975,76829,62703,9975,2872,864,0.09,938,81688,28177,0.09,890,48662,10234,0.78,7775,21795,14329,10831,217507,116988
5052,4280,4280,77586,58929,0.74,3146,76931,64396,0.15,627,2507,1822,4280,80897,61962,4280,3253,926,0.1,427,68551,26002,0.09,401,37598,12125,0.76,3274,24413,14715,4607,256846,130999
5061,6752,6752,116201,67040,0.69,4628,87500,62676,0.17,1144,3700,2411,6752,122089,71228,6752,5820,987,0.12,786,221196,36468,0.11,718,143481,14756,0.78,5285,45355,19080,7219,408056,132440
5062,10172,10172,94841,60416,0.71,7227,81162,61749,0.16,1669,3559,2234,10172,99494,64362,10172,4565,900,0.1,1030,140643,35548,0.09,960,80320,13150,0.77,7813,34308,16228,10743,331048,134696
5063,8098,8098,82547,58248,0.75,6037,76241,61332,0.16,1317,3753,2278,8098,86527,61376,8098,3860,983,0.12,937,95230,23500,0.1,831,56355,10197,0.77,6218,27251,14981,8730,255274,94922
5064,6833,6833,102190,58567,0.64,4387,84153,61397,0.2,1361,3336,2500,6833,106858,62789,6833,4586,900,0.12,805,142313,32649,0.11,725,82177,12577,0.75,5105,39980,16805,6936,346941,124812
5065,7297,7297,97248,57890,0.66,4800,78329,58514,0.19,1394,4318,2630,7297,101781,60617,7297,4442,797,0.12,857,153999,32096,0.11,799,99437,11960,0.74,5409,37545,15633,7460,375717,108406
5066,8356,8356,100068,61960,0.67,5612,84708,62475,0.2,1699,4024,2369,8356,105271,65516,8356,5085,928,0.1,877,138017,35908,0.1,808,81001,13588,0.76,6357,37753,17683,8547,370624,138186
5067,7375,7375,87279,59177,0.73,5403,76952,59928,0.16,1158,4215,2522,7375,91956,61976,7375,4545,924,0.12,916,106989,25754,0.11,832,61829,11442,0.78,5777,29166,14510,8010,302636,83850
5068,8232,8232,92253,57296,0.7,5734,75683,58856,0.17,1383,4013,2733,8232,96779,60272,8232,4482,816,0.11,923,116281,31312,0.11,869,70880,11724,0.76,6235,33529,14645,8515,303878,92103
5069,5547,5547,100300,62283,0.74,4083,80795,59937,0.18,1023,3531,2491,5547,105107,66058,5547,4758,939,0.13,727,151281,35601,0.12,670,84290,14337,0.8,4427,35520,16420,5920,327956,108291
5070,9691,9691,69052,52703,0.76,7373,66892,56886,0.16,1524,3834,2246,9691,72098,55197,9691,2972,763,0.11,1103,92456,25475,0.1,1006,54513,9540,0.76,7367,20470,11497,10133,168461,62654
5072,8969,8969,76195,55047,0.73,6578,71192,59444,0.18,1636,3632,2101,8969,79517,57714,8969,3239,710,0.11,982,111594,28180,0.1,905,76801,10500,0.75,6709,25028,13694,9290,220642,74554
5073,10652,10652,64164,52227,0.76,8126,64629,57548,0.16,1757,3850,2193,10652,66933,54538,10652,2737,740,0.11,1200,73707,25052,0.11,1127,49785,9910,0.75,7981,18047,11463,10975,158213,61880
5074,8869,8869,58147,50637,0.8,7059,59941,55204,0.13,1190,4106,2374,8869,60448,52479,8869,2280,688,0.12,1027,47344,21765,0.1,912,27508,8209,0.76,6720,14644,9994,9170,118459,44954
5075,7055,7055,58974,50802,0.77,5407,61011,55392,0.14,1000,3558,1804,7055,61550,52729,7055,2511,686,0.11,753,65865,23988,0.1,707,46072,8828,0.75,5307,15092,10179,7526,154482,63690
5076,6328,6328,64519,52830,0.77,4844,64937,56624,0.16,1018,3882,1852,6328,67299,55148,6328,2740,717,0.09,589,60230,26656,0.09,544,36045,9536,0.76,4834,17737,11420,6723,177175,83771
5081,6573,6573,115248,62795,0.7,4608,81559,60000,0.19,1261,3751,2314,6573,120983,66917,6573,5585,998,0.12,790,272670,45010,0.11,731,195335,17897,0.79,5212,44690,15876,6898,357594,106856
5082,10530,10530,77355,58263,0.8,8470,70852,60000,0.17,1836,3450,2291,10530,80676,61070,10530,3287,924,0.12,1292,60618,21570,0.11,1172,35975,8293,0.81,8505,22911,12671,11345,195835,70501
5083,5148,5148,66061,54601,0.81,4170,66232,58024,0.15,771,2752,1656,5148,68808,57017,5148,2727,833,0.12,639,50613,20931,0.11,589,31896,8363,0.79,4050,17673,11664,5439,164443,64958
5084,6131,6131,49596,45064,0.79,4836,51325,48418,0.09,567,3006,1869,6131,51457,46707,6131,1809,478,0.2,1250,51581,30032,0.19,1139,31818,12429,0.74,4521,10871,7366,6127,66983,16819
5085,14908,14908,59479,52637,0.84,12454,61148,56796,0.13,1931,1803,1078,14908,61780,54502,14908,2277,787,0.15,2215,60405,21103,0.13,1997,44425,8557,0.78,11696,14507,10287,15134,95469,35247
5086,10637,10637,57468,50969,0.83,8797,59720,55314,0.13,1408,1761,1174,10637,59680,52924,10637,2195,727,0.13,1419,52582,20810,0.12,1298,35759,8624,0.77,8193,13860,9903,11113,108164,42618
5087,7870,7870,58717,52137,0.82,6459,60362,55915,0.12,977,2093,1617,7870,60944,54163,7870,2211,718,0.14,1132,48728,19937,0.13,1031,28722,8316,0.77,6090,14340,10291,8278,108304,41151
5088,2271,2271,53885,47888,0.83,1879,55122,51351,0.1,235,2613,1462,2271,55702,49604,2271,1790,621,0.16,360,49637,20404,0.14,318,35102,9412,0.76,1730,12485,8638,2462,88461,40419
5089,4497,4497,66282,53277,0.77,3483,67215,58270,0.15,661,2929,1449,4497,69038,55834,4497,2742,710,0.09,412,59916,25481,0.09,394,38083,10119,0.76,3430,18688,12121,4961,194267,92123
5090,4550,4550,55486,48921,0.76,3466,59728,56502,0.11,482,1748,915,4550,57588,51304,4550,2054,637,0.1,464,168157,24614,0.09,425,159528,10122,0.74,3373,13499,9898,4890,130536,70434
5091,4898,4898,61633,53462,0.78,3820,64701,59664,0.13,631,1764,916,4898,64038,56208,4898,2395,728,0.09,427,82072,28816,0.08,406,57615,11633,0.78,3818,15515,11253,5447,162912,90164
5092,11088,11088,55601,50116,0.81,9035,58717,55000,0.11,1223,2369,1419,11088,57610,52166,11088,1987,653,0.11,1266,50524,21828,0.11,1166,32244,8904,0.77,8505,13004,9477,12140,124665,58513
5093,5525,5525,53295,48711,0.81,4471,56615,53029,0.1,564,2695,1280,5525,55189,50615,5525,1890,609,0.12,669,48192,24550,0.11,607,30424,10000,0.76,4179,12125,8774,6059,112896,51296
5094,564,564,48142,43412,0.79,444,51452,49602,0.1,58,5466,1224,564,49835,44598,564,1691,487,0.2,112,41607,24986,0.19,106,25652,9770,0.73,409,10524,7638,607,81689,28452
5095,13304,13304,59890,52091,0.83,11044,60822,55705,0.13,1767,1581,949,13304,62290,54138,13304,2378,665,0.12,1606,66856,22677,0.11,1457,48619,9527,0.78,10379,14787,10293,13806,109884,39739
5096,8244,8244,55826,49130,0.81,6708,56386,52472,0.12,956,2105,1294,8244,57949,51062,8244,2105,619,0.12,965,56921,29540,0.11,897,37289,11794,0.78,6392,12958,8655,8950,112707,49778
5097,8333,8333,58187,52700,0.82,6796,61176,57702,0.12,968,1377,858,8333,60376,54844,8333,2172,696,0.09,752,66118,27012,0.08,694,42613,11835,0.78,6494,13876,10371,9375,141507,76423
5098,7205,7205,54167,49084,0.82,5894,56620,53786,0.09,684,1372,664,7205,56051,50879,7205,1862,591,0.13,936,62099,25587,0.12,853,45881,10500,0.76,5480,12442,9074,7897,107039,50974
5106,63,63,46963,37753,0.73,46,47738,43540,0.08,5,857,170,63,48328,40873,63,1150,267,0.11,7,114323,105245,0.11,7,78599,61464,0.56,35,15118,12215,63,132181,65508
5107,9942,9942,50323,46236,0.82,8176,52161,49922,0.1,1022,1544,1129,9942,52205,47806,9942,1869,542,0.13,1275,47935,26292,0.12,1181,28231,10290,0.75,7504,10675,7811,10525,74551,30548
5108,22407,22407,49438,46887,0.84,18826,51761,50501,0.07,1661,2183,1020,22407,51261,48435,22407,1804,530,0.09,2073,54645,27755,0.09,1907,36796,10899,0.76,16994,10152,7683,24111,77191,32387
5109,11254,11254,54076,48920,0.82,9241,55040,52709,0.1,1079,1951,1056,11254,56062,50947,11254,1973,580,0.09,974,53717,27131,0.08,915,32940,11041,0.77,8645,12234,8622,12415,108331,52738
5110,4893,4893,53147,47885,0.83,4072,54091,51185,0.1,483,2959,1512,4893,55089,49367,4893,1898,563,0.09,435,62457,31714,0.08,401,41543,13348,0.76,3742,11964,8345,5079,82455,37265
5111,233,233,73365,70728,0.99,231,72880,72647,0.1,24,-193,-825,233,76120,73220,233,2756,2082,0.01,3,7925,6339,0.01,2,4445,4445,0.98,228,13849,12236,248,101765,32439
5112,9299,9299,48015,43786,0.82,7645,50399,47930,0.07,665,1591,1031,9299,49713,45367,9299,1683,438,0.08,736,46852,26211,0.07,676,28664,10143,0.72,6735,10329,7206,10196,82978,31228
5113,8405,8405,43469,40388,0.82,6920,45102,44178,0.03,278,1843,1173,8405,44990,41656,8405,1514,363,0.07,606,43244,24382,0.07,565,26553,8525,0.7,5850,8480,6164,9248,54170,19879
5114,20758,20758,55687,50809,0.87,17958,56965,54181,0.08,1688,1109,340,20758,57946,53010,20758,2238,680,0.07,1367,87537,26891,0.06,1285,67993,11819,0.79,16437,12389,9114,21984,99262,47015
5115,7680,7680,53267,51102,0.89,6813,54536,53405,0.05,402,1483,956,7680,55388,53203,7680,2085,645,0.07,544,56847,24508,0.06,496,38092,12558,0.79,6093,11110,9018,7836,67636,32614
5116,6132,6132,58548,52408,0.85,5183,59897,55665,0.09,549,2092,723,6132,60775,54162,6132,2192,702,0.06,390,56143,25684,0.06,372,35950,11812,0.78,4797,13975,10135,6514,109895,53513
5117,2863,2863,67068,59422,0.85,2430,66958,62445,0.14,404,782,143,2863,70132,61925,2863,2995,1023,0.07,195,101568,32812,0.06,182,81042,15578,0.83,2388,16702,12172,3004,141473,66503
5118,11797,11797,61453,53256,0.81,9539,62827,57416,0.14,1660,2013,891,11797,64105,55635,11797,2555,771,0.09,1044,89737,28992,0.08,997,67718,13519,0.78,9245,15407,10840,12771,155634,77316
5120,1899,1899,61505,53203,0.73,1388,59747,57200,0.13,250,5106,2529,1899,64573,56745,1899,2916,616,0.1,193,86358,42029,0.1,183,65812,19559,0.79,1506,15203,9952,1880,102005,49881
5121,1363,1363,54788,50766,0.78,1067,58457,55977,0.09,124,5127,2969,1363,57106,53349,1363,2240,587,0.09,121,65518,28280,0.09,116,46741,13178,0.79,1073,12072,9126,1377,96813,41416
5125,12409,12409,67602,57012,0.83,10324,67166,60492,0.14,1784,623,292,12409,70195,59532,12409,2575,799,0.07,823,76270,29544,0.06,791,50665,11537,0.8,9921,17967,12294,13516,179511,99538
5126,4571,4571,60420,54687,0.82,3727,62966,59451,0.11,504,1284,766,4571,62828,56695,4571,2372,729,0.09,424,66326,31041,0.09,396,42177,13874,0.78,3579,14728,11221,5104,147107,82934
5127,4955,4955,60991,54060,0.83,4099,63550,58402,0.14,699,1071,283,4955,63479,56509,4955,2467,803,0.07,343,63157,25166,0.07,325,40536,9549,0.79,3894,15075,11044,5455,169341,91827
5131,665,665,71513,51721,0.72,477,68945,56721,0.2,133,1832,1193,665,74885,56070,665,3363,710,0.11,72,76938,39333,0.1,69,48514,14522,0.78,518,21429,12019,731,234574,121457
5132,308,308,75101,50827,0.71,220,69412,53706,0.19,59,2760,2531,308,78312,53757,308,3169,699,0.1,31,191755,63223,0.1,30,166120,29869,0.73,226,25701,11594,334,292862,122642
5133,272,272,76358,58301,0.69,188,76680,63218,0.24,65,1403,683,272,80043,61388,272,3684,748,0.12,32,59278,19476,0.11,30,30032,9670,0.74,202,25229,13526,302,244121,135735
5134,283,283,68825,54890,0.73,206,69665,61902,0.17,49,6020,3887,283,71677,58429,283,2832,658,0.12,35,86320,22951,0.11,31,68903,13175,0.72,204,21432,14663,306,208309,109386
5136,336,336,73919,57352,0.73,245,68212,58402,0.18,61,1852,1546,336,78225,59094,336,4265,525,0.15,49,68674,24000,0.13,45,37892,20719,0.74,248,23827,16209,387,251674,113236
5137,367,367,85791,55717,0.74,270,73984,57530,0.22,82,2436,3719,367,91138,60500,367,4392,578,0.17,61,75379,28596,0.15,54,46594,11786,0.76,278,29627,13342,417,283945,115681
5138,204,204,65348,49187,0.73,148,65024,52036,0.17,34,2574,1310,204,68002,51728,204,2617,550,0.17,35,68922,38912,0.16,33,29035,12568,0.75,152,18917,10637,228,216611,95439
5139,163,163,70590,54932,0.77,125,65030,54157,0.07,11,1075,0,163,73921,58417,163,2829,518,0.19,31,64963,36000,0.2,33,46840,8563,0.75,122,21339,12954,183,254058,92359
5140,305,305,77982,63015,0.79,242,76898,67476,0.19,59,2101,815,305,80623,64500,305,2641,1072,0.1,31,112741,31454,0.09,27,79442,14327,0.78,238,23696,17769,312,191521,107121
5141,462,462,78854,55880,0.77,358,74755,58690,0.16,72,1038,1736,462,82575,59110,462,3720,1078,0.12,54,88364,41712,0.11,52,41188,19672,0.77,354,24941,13609,529,250092,128233
5142,417,417,76380,57624,0.66,275,68406,57596,0.17,69,3419,2233,417,80052,60481,417,3672,834,0.13,53,67308,27940,0.13,53,46600,11633,0.79,328,22659,11837,463,245229,128105
5144,243,243,85626,56526,0.71,173,76632,66042,0.16,39,4925,3242,243,90228,62282,243,4603,998,0.13,32,96451,23207,0.12,29,49442,5048,0.81,197,26821,13040,291,265779,141168
5151,279,279,94196,61975,0.76,213,74910,61352,0.15,41,4680,3359,279,99447,63264,279,5161,1019,0.2,55,115336,18613,0.17,47,70843,10171,0.78,219,32927,14888,296,241226,106457
5152,4295,4295,96930,65878,0.69,2964,86733,69473,0.18,761,2264,1171,4295,101623,69418,4295,4624,988,0.12,532,108599,34958,0.12,497,55592,12972,0.77,3290,35005,19542,4702,309900,142355
5153,4314,4314,77533,52016,0.73,3133,68007,54278,0.16,683,2529,1366,4314,81098,54556,4314,3410,674,0.13,580,77056,32602,0.13,559,50472,15542,0.75,3241,26100,11943,4730,230997,103849
5154,2275,2275,95048,63642,0.7,1593,82392,64846,0.15,351,1913,755,2275,99374,66373,2275,4159,856,0.12,275,125939,43867,0.12,263,68645,15004,0.76,1725,34832,18075,2536,333931,140054
5155,2514,2514,69518,57316,0.78,1972,68971,60678,0.14,361,2091,1247,2514,72430,59886,2514,2900,840,0.15,365,57912,25332,0.14,353,31789,8792,0.78,1959,19628,13210,2853,200117,99062
5156,641,641,73304,59621,0.75,483,75354,65181,0.15,97,2078,2357,641,76197,61877,641,2865,900,0.13,81,121821,34500,0.12,74,93123,13434,0.79,504,21194,12594,713,196208,106499
5157,2041,2041,67700,51498,0.71,1457,65051,54239,0.16,327,4259,2225,2041,71351,54434,2041,3569,684,0.12,245,86123,32247,0.11,231,68142,16455,0.74,1520,20247,11159,2188,225127,111452
5158,15873,15873,61520,54482,0.82,13080,63913,58999,0.13,2018,1493,925,15873,64014,56805,15873,2479,846,0.09,1389,66798,29125,0.08,1318,40819,11212,0.79,12582,15138,11074,17477,148391,82799
5159,20968,20968,62155,53386,0.8,16799,63482,57512,0.13,2737,2200,1221,20968,64623,55516,20968,2446,767,0.09,1789,60461,26745,0.08,1702,36623,10494,0.77,16137,16187,11046,22983,167381,89532
5160,117,117,69053,50231,0.57,67,67808,59488,0.2,23,7999,2776,117,71880,53916,117,2827,420,0.17,20,183812,114699,0.15,17,176703,124105,0.77,90,19791,10643,121,216652,70819
5161,5907,5907,54715,50180,0.82,4872,57402,54532,0.09,520,1632,920,5907,56733,51992,5907,1992,685,0.09,527,54365,31013,0.09,505,33009,11408,0.78,4622,12113,8956,6652,114441,67541
5162,20269,20269,53587,48996,0.83,16796,56046,52989,0.09,1815,1033,475,20269,55653,50797,20269,2052,644,0.08,1721,58463,25053,0.08,1637,36660,9854,0.77,15664,11838,8711,22405,111837,61607
5163,7870,7870,54009,47584,0.82,6450,55637,51112,0.09,685,1952,1089,7870,56090,49432,7870,2068,638,0.09,707,77436,28005,0.09,677,57031,11407,0.76,5983,12694,8037,8784,103597,51670
5164,2281,2281,44968,41482,0.81,1841,47939,46362,0.05,103,969,766,2281,46485,43259,2281,1512,395,0.07,165,51612,23298,0.07,152,33514,11500,0.7,1594,9269,6573,2641,72944,35371
5165,3418,3418,53410,46648,0.81,2752,55588,50662,0.1,347,2839,1870,3418,55831,48835,3418,2372,698,0.1,355,59665,26506,0.1,343,36322,9669,0.76,2588,12073,8192,3745,106456,46255
5166,1005,1005,52204,46550,0.81,816,51438,49890,0.09,93,1805,1640,1005,54358,48371,1005,2153,627,0.1,104,68571,31684,0.1,101,36808,9518,0.75,753,11882,8161,1158,105523,58717
5167,3877,3877,59567,51083,0.8,3105,60352,54363,0.13,521,2752,1689,3877,62167,52935,3877,2588,799,0.12,452,77322,31372,0.11,435,53543,12810,0.78,3041,14388,9513,4287,144319,74778
5168,3191,3191,54655,49320,0.82,2605,57196,53954,0.11,340,1118,448,3191,56711,51120,3191,2036,653,0.09,282,58723,28698,0.08,268,37438,13768,0.77,2467,12220,9269,3477,104099,56295
5169,12082,12082,57794,51557,0.84,10123,59930,55515,0.1,1210,982,475,12082,60152,53674,12082,2339,798,0.09,1081,70160,29400,0.09,1053,44739,11697,0.79,9527,13486,9774,12795,109387,59363
5170,759,759,54077,46240,0.77,586,55962,50854,0.14,104,2169,1234,759,56528,48058,759,2372,635,0.14,107,67095,21455,0.13,101,52608,9123,0.74,562,13163,9006,839,134201,62171
5171,3914,3914,61977,49003,0.7,2731,62952,53482,0.16,628,3028,1857,3914,65090,51270,3914,2942,622,0.12,466,81934,29872,0.12,453,56064,12891,0.74,2902,17279,10179,4177,206499,98740
5172,2782,2782,62397,46534,0.69,1911,61546,51085,0.18,513,3721,2111,2782,65885,49934,2782,3330,600,0.13,364,80112,32795,0.12,343,59260,12287,0.72,2007,18391,10529,2970,209473,97081
5173,7486,7486,53819,46151,0.78,5831,54943,49947,0.11,789,2638,1475,7486,56321,47962,7486,2461,591,0.12,899,70177,30000,0.11,859,47317,12639,0.74,5515,12979,8403,8078,114828,57512
5174,1775,1775,56638,49609,0.78,1381,58450,52316,0.11,195,1748,824,1775,58902,51103,1775,2222,730,0.12,218,65603,34868,0.12,213,40002,11479,0.76,1355,13720,9433,1915,118931,59029
5201,1499,1499,60266,50572,0.75,1123,64015,56128,0.14,210,2983,1358,1499,63517,52791,1499,2956,730,0.13,202,75807,34718,0.13,195,57470,20510,0.76,1146,15859,10416,1615,171512,78672
5202,574,574,54287,44125,0.72,413,56267,47697,0.13,76,3346,1698,574,56690,47012,574,2217,398,0.14,80,75487,25606,0.13,76,57996,16402,0.72,411,13838,9068,636,129189,65957
5203,740,740,48574,38886,0.63,464,50657,43152,0.14,104,5183,2516,740,51492,40668,740,2737,354,0.14,100,62741,30404,0.13,94,48871,12488,0.65,483,12698,6736,799,158584,68008
5204,1805,1805,48286,37500,0.62,1112,53101,45321,0.14,261,2965,2033,1805,51600,39855,1805,2800,392,0.14,250,74336,24462,0.13,236,58786,11734,0.63,1135,13436,7098,1989,195311,92052
5210,1235,1235,57773,47111,0.75,931,58062,52314,0.14,175,4036,2135,1235,60225,49775,1235,2311,605,0.13,159,128234,32559,0.12,153,109470,16291,0.74,909,14861,9765,1273,132064,74627
5211,8939,8939,50077,39196,0.61,5450,50945,43385,0.12,1112,4049,2132,8939,52855,41026,8939,2642,348,0.12,1084,125406,30512,0.11,1023,108256,12275,0.64,5744,13849,6888,9674,191357,80519
5212,1201,1201,52939,41071,0.56,675,52499,46507,0.14,165,4160,2710,1201,56257,42896,1201,3242,384,0.14,164,113588,28622,0.12,150,88345,9531,0.65,782,15431,7591,1370,227087,95017
5213,788,788,76287,44386,0.67,525,55403,45404,0.16,124,4004,3232,788,79165,45868,788,2762,488,0.17,131,78912,42152,0.16,129,47526,19006,0.71,557,28526,8601,873,224139,95416
5214,4782,4782,48402,37356,0.6,2862,50697,43094,0.13,619,4305,2781,4782,50716,39016,4782,2222,330,0.11,538,75712,26784,0.11,515,57335,10649,0.62,2964,13393,7006,5360,192357,89493
5220,218,218,46583,41778,0.6,131,40215,36487,0.13,29,3701,2223,218,51177,44373,218,2798,310,0.18,39,107446,34180,0.18,39,83959,24999,0.68,148,12184,6534,223,113660,50646
5221,205,205,44570,35850,0.61,126,44725,38950,0.17,35,4953,3463,205,47966,38974,205,3353,300,0.14,28,98351,21324,0.12,24,92045,10620,0.59,120,11982,7544,209,156945,70846
5222,460,460,61041,43974,0.65,301,46358,41347,0.19,86,4889,4518,460,65114,46274,460,4046,450,0.17,78,70441,19324,0.16,74,53639,9534,0.72,333,17610,8201,476,176605,72877
5223,2290,2290,48893,41841,0.69,1573,47025,42386,0.15,346,4717,2472,2290,52391,44000,2290,2444,332,0.18,403,101771,32378,0.17,390,79869,17400,0.71,1618,11565,7095,2434,141092,58626
5231,728,728,78036,57806,0.79,578,66905,59952,0.15,112,2782,1371,728,80868,60758,728,2787,764,0.1,76,83321,24568,0.1,73,59177,10932,0.8,586,24160,13080,834,189042,110804
5232,288,288,66922,51458,0.73,211,69700,57207,0.15,44,4716,3559,288,69905,55131,288,2966,572,0.1,28,50003,28624,0.09,27,19659,10394,0.72,208,20681,13065,323,212473,121679
5233,944,944,65665,50756,0.75,709,61006,53352,0.16,149,4151,2825,944,69620,54523,944,3715,708,0.11,106,82713,38070,0.11,107,56373,12952,0.74,703,19366,11319,1029,181053,90915
5234,880,880,60041,50156,0.76,665,62994,55649,0.14,119,3755,1971,880,62894,53173,880,2567,678,0.11,96,77394,28268,0.11,98,51435,17798,0.75,657,16192,11213,945,181114,88036
5235,1530,1530,57538,47592,0.72,1095,59851,53304,0.13,195,3341,1539,1530,60850,50352,1530,3037,512,0.13,198,66984,30144,0.13,195,50083,23017,0.72,1097,16280,9425,1745,157348,81123
5236,177,177,52805,44480,0.79,139,59164,50327,0.05,9,6575,2923,177,55374,47455,177,1964,728,0.11,20,78710,47813,0.11,20,54722,16040,0.69,123,14198,7041,187,103515,50497
5237,210,210,49510,42534,0.7,148,48759,49944,0.1,21,-701,-81,210,54022,45253,210,1987,298,0.13,27,147808,59042,0.12,26,114746,35082,0.7,148,11357,8886,239,95124,46733
5238,2274,2274,45267,37420,0.69,1563,48535,42707,0.12,271,3470,1775,2274,48256,39548,2274,2475,344,0.1,234,69403,27940,0.1,222,51407,13907,0.63,1436,11789,7531,2521,136527,71525
5240,372,372,55610,44977,0.69,255,60977,55883,0.17,62,3914,2549,372,59290,50429,372,2744,495,0.12,43,68720,23905,0.12,44,46464,16807,0.69,255,16452,10063,390,205229,93025
5241,1592,1592,59502,50043,0.81,1283,60177,54477,0.1,158,2717,1614,1592,62271,53070,1592,2570,610,0.11,170,56819,34485,0.1,160,32695,13988,0.77,1218,15182,10336,1740,139280,77969
5242,1041,1041,70969,55945,0.74,772,67498,59743,0.14,146,1670,924,1041,74233,59323,1041,3045,712,0.11,115,79295,37610,0.11,112,55303,13350,0.77,797,21211,13020,1184,227905,104736
5243,617,617,80584,52574,0.68,419,71774,56138,0.18,110,4450,2346,617,84842,57993,617,4198,672,0.12,71,73001,25243,0.11,65,50050,12216,0.78,479,26166,12121,686,286820,106393
5244,2783,2783,64037,49865,0.74,2047,64425,57115,0.12,323,3474,1562,2783,67127,52565,2783,2924,714,0.12,329,69141,26636,0.11,313,53258,15765,0.75,2096,18666,10596,3004,197145,89125
5245,2014,2014,71697,50923,0.68,1376,69566,55484,0.15,303,3238,2346,2014,75094,53536,2014,3331,600,0.12,238,83117,29406,0.11,231,53438,13358,0.73,1463,23281,13005,2149,250080,118026
5250,2390,2390,70745,56594,0.79,1877,67710,59655,0.13,300,3973,1409,2390,73860,59990,2390,3095,802,0.1,245,91835,24100,0.1,229,65993,10989,0.78,1872,20229,12762,2567,191400,102988
5251,12318,12318,63478,52932,0.82,10040,63987,57146,0.1,1221,2334,461,12318,66005,55068,12318,2433,731,0.09,1164,62920,28397,0.09,1115,40216,10868,0.78,9648,16505,10600,12921,136673,64032
5252,4206,4206,60499,52393,0.82,3464,61758,55850,0.11,460,2327,1062,4206,63032,54272,4206,2491,786,0.11,481,64759,27884,0.11,461,43146,11948,0.79,3318,14871,10070,4510,129933,74851
5253,10306,10306,48999,44168,0.78,8023,50751,47672,0.1,1004,2426,1502,10306,51616,46277,10306,2422,503,0.08,861,73716,28101,0.08,826,54950,11678,0.73,7484,10986,7467,11418,111668,45447
5254,1484,1484,51833,44348,0.74,1105,52763,48292,0.11,163,3351,1370,1484,54589,46148,1484,2201,478,0.12,178,85676,34292,0.12,174,63420,20033,0.7,1040,13297,8141,1545,121464,66842
5255,6079,6079,57526,46097,0.74,4470,57663,50954,0.13,813,2831,1317,6079,60239,48319,6079,2463,536,0.11,668,78897,30855,0.11,646,59179,18258,0.73,4436,15363,8931,6510,159063,76416
5256,752,752,47190,39910,0.7,526,50121,46816,0.14,103,2186,1503,752,49953,41902,752,2399,328,0.13,97,68999,26417,0.12,90,56094,13510,0.67,505,11351,7133,878,127384,66171
5259,588,588,45064,42078,0.7,412,49244,46632,0.09,53,695,0,588,47723,44268,588,2331,340,0.09,54,90206,16880,0.08,48,89271,12658,0.68,397,10931,7114,640,128770,50600
5260,1003,1003,52740,41365,0.77,769,47224,44400,0.09,88,3744,2423,1003,55142,43937,1003,2015,361,0.09,95,93066,17966,0.09,89,74466,11179,0.68,686,14773,6650,1068,101843,46094
5261,241,241,56877,44902,0.58,140,45115,37083,0.13,31,8461,2294,241,64443,49000,241,4384,428,0.09,22,165277,41352,0.08,19,157681,65534,0.67,161,17019,10751,236,178020,61982
5262,288,288,73034,53382,0.67,193,50039,47348,0.13,37,2722,1630,288,79768,58688,288,4763,505,0.09,25,231104,146530,0.08,24,224375,112776,0.76,220,23448,10204,307,167229,59145
5263,137,137,65964,49662,0.66,90,56038,51736,0.18,24,2514,332,137,70755,52992,137,4791,901,0.09,12,179342,111358,0.09,12,138745,56059,0.78,107,17491,9795,133,374153,103798
5264,781,781,50969,40131,0.66,512,48133,42250,0.14,106,5115,2829,781,54440,43395,781,2856,364,0.11,85,93418,40410,0.11,85,63825,17040,0.67,527,13548,8249,833,161105,56638
5265,213,213,56533,44456,0.64,136,45634,39176,0.15,31,5797,3531,213,61715,47187,213,3760,298,0.07,14,120842,18425,0.07,14,102367,21932,0.7,149,15817,8125,225,131857,54749
5266,405,405,64716,46957,0.65,265,52883,49922,0.14,56,4633,2948,405,70460,51986,405,3998,649,0.13,52,217983,57440,0.13,51,219439,28349,0.73,297,19681,8045,416,157202,51826
5267,1295,1295,54076,46542,0.71,913,50518,47025,0.13,174,2038,1571,1295,60732,49983,1295,4180,448,0.08,110,123912,32568,0.09,111,104164,22410,0.73,939,14206,8293,1352,149625,62177
5268,2621,2621,54851,48116,0.75,1974,52700,52144,0.11,287,3173,2269,2621,59564,52522,2621,3779,699,0.08,202,113736,35656,0.07,191,98565,21327,0.75,1969,13285,8608,2731,162164,44806
5269,148,148,53258,45554,0.74,110,39796,36672,0.08,12,7097,6794,148,60120,49425,148,4242,400,0.09,14,106014,38292,0.09,14,73751,14262,0.7,103,14722,8255,159,75204,29332
5270,419,419,56236,47630,0.67,279,53382,49573,0.12,50,1817,1118,419,62358,53233,419,3729,530,0.08,33,99178,23400,0.07,29,85780,20300,0.73,306,14260,9218,428,176910,66815
5271,5008,5008,59423,48610,0.74,3713,53543,50000,0.11,562,2667,1594,5008,63434,51231,5008,3338,592,0.08,383,81873,29267,0.07,361,62434,16221,0.74,3724,16360,9123,5358,157020,55097
5272,553,553,74382,49947,0.65,357,52367,47502,0.17,94,696,2204,553,80318,54150,553,5406,830,0.09,48,161109,35090,0.08,45,130258,33209,0.76,421,23403,10329,578,191470,71521
5273,78,78,68189,48914,0.59,46,51630,50157,0.17,13,2959,2635,78,73976,54166,78,5769,1192,0.13,10,37802,36546,0.13,10,19076,9684,0.69,54,23518,11335,89,247273,78701
5275,1448,1448,72688,47265,0.67,968,49117,44584,0.13,187,3220,2110,1448,78244,50449,1448,4279,494,0.11,164,142097,33654,0.11,156,127933,18938,0.73,1053,25141,9282,1590,182093,70755
5276,954,954,64360,47716,0.61,581,49715,43963,0.14,138,6679,2806,954,68506,51004,954,3740,450,0.13,120,109828,24396,0.12,119,95672,12089,0.71,674,20421,9769,1006,235354,81033
5277,1743,1743,60552,48716,0.77,1349,52251,48231,0.1,174,2256,1664,1743,64159,51302,1743,3173,522,0.07,124,105298,32953,0.07,117,86567,16509,0.76,1317,16670,9097,1898,149110,65624
5278,340,340,64019,45746,0.69,234,50268,47294,0.13,43,3380,1689,340,68595,48586,340,3665,524,0.07,23,118943,28740,0.06,22,96980,38130,0.71,240,21143,9464,366,195362,65998
5279,254,254,52674,46094,0.77,195,49309,46726,0.07,19,4967,1016,254,55974,47478,254,3219,556,0.11,28,74405,27148,0.11,27,64302,21385,0.7,179,13602,8121,280,119474,46544
5280,4331,4331,56371,45065,0.74,3187,51774,46592,0.12,501,2113,1148,4331,59390,47658,4331,2679,518,0.08,350,101364,40626,0.08,334,82091,19924,0.74,3185,14594,8570,4748,184819,69636
5290,15419,15419,57399,48509,0.82,12689,54788,50884,0.1,1610,3346,1704,15419,59756,50534,15419,2279,598,0.08,1205,92012,30319,0.07,1134,70368,14914,0.76,11772,14240,8872,16811,140087,60014
5291,5560,5560,64150,51606,0.77,4269,58333,52352,0.13,725,2370,1262,5560,67694,54688,5560,2959,620,0.1,530,114047,43195,0.09,518,93401,23786,0.78,4321,17318,10556,5792,156493,77469
5301,317,317,51298,39541,0.58,184,46544,45496,0.13,41,4433,2219,317,57359,45197,317,4705,250,0.14,44,326637,44264,0.14,43,311027,32103,0.65,207,15591,9373,332,108464,54666
5302,570,570,47834,46710,0.73,418,50604,51987,0.09,51,2104,2256,570,52351,51262,570,2526,394,0.08,47,102476,36357,0.08,46,77107,14002,0.7,399,12604,9207,571,142425,50008
5303,140,140,87401,34140,0.8,112,47664,41448,0.03,4,-614,-614,140,89179,35592,140,1778,0,0.05,7,99261,40751,0.05,7,124966,69170,0.58,81,49335,9452,147,53788,13031
5304,538,538,52736,45701,0.66,357,51825,48589,0.11,58,4774,2994,538,57056,48872,538,3003,400,0.09,51,89058,40435,0.1,52,68267,23688,0.72,388,13908,8821,561,120684,49501
5306,57,57,45180,38886,0.47,27,51183,40325,0.09,5,994,2084,57,49200,43244,57,1931,144,0.12,7,187273,206567,0.12,7,150604,162832,0.65,37,10035,5915,51,128824,53161
5307,319,319,38797,31673,0.54,172,44499,36552,0.13,40,2471,1977,319,44230,33944,319,1688,140,0.16,51,149739,66473,0.16,52,149118,59652,0.55,175,10012,6018,314,98966,46397
5308,65,65,21049,25763,0.46,30,36921,31290,0.12,8,1800,2478,65,24093,25764,65,2205,0,0.12,8,93380,58910,0.11,7,168707,142034,0.57,37,5556,3555,60,103935,55728
5309,51,51,30788,42976,0.49,25,43932,41339,0.02,1,-1285,-1285,51,34909,45825,51,3937,99,0.06,3,159705,14572,0.06,3,148330,88681,0.75,38,7126,4220,53,108861,54429
5311,186,186,42024,37232,0.65,120,38718,37438,0.1,19,2567,608,186,45759,38754,186,2565,279,0.08,15,104182,39664,0.08,15,78473,24362,0.67,124,9442,4457,189,81480,30080
5320,310,310,47887,44932,0.75,231,50433,49710,0.11,33,3040,824,310,50538,45278,310,2179,368,0.07,22,54746,16798,0.06,20,47373,8446,0.68,212,11333,8281,401,144900,77813
5321,169,169,42915,38414,0.73,123,43396,40100,0.09,15,2004,325,169,46056,39881,169,3072,398,0.08,13,125016,108254,0.08,13,100826,55019,0.64,109,8973,7307,190,118432,77265
5322,482,482,52971,46857,0.79,381,48297,46569,0.12,56,2437,2920,482,55300,48434,482,2328,496,0.07,35,68903,28330,0.07,34,50794,16874,0.77,371,11743,7448,537,169194,60187
5330,1977,1977,51579,43992,0.74,1457,49605,46566,0.13,258,3320,2419,1977,54572,45891,1977,2868,530,0.07,140,69013,21409,0.07,133,51832,9165,0.73,1435,12299,7307,2195,151808,56693
5331,178,178,49526,44735,0.78,138,47841,43892,0.12,21,2170,1504,178,52327,45510,178,2569,448,0.1,18,67495,14010,0.1,17,66164,11006,0.69,123,11766,7566,196,138437,83780
5332,214,214,45168,42508,0.74,159,50628,49224,0.11,24,4304,3637,214,47802,44670,214,2278,644,0.09,19,44450,26112,0.09,19,32443,12967,0.69,148,10630,7566,235,128128,70568
5333,3521,3521,51860,46634,0.78,2748,53015,49978,0.12,429,2461,1769,3521,55105,48981,3521,2478,654,0.07,261,89911,24288,0.07,255,71708,13884,0.74,2596,12279,8695,3936,138956,71827
5340,823,823,51790,47274,0.77,637,53769,50430,0.13,104,5045,3016,823,55631,49461,823,3214,666,0.07,56,67668,10521,0.06,51,53888,8336,0.74,613,12523,8186,926,143727,63226
5341,4606,4606,51326,45504,0.8,3703,50732,46965,0.12,543,2931,2194,4606,54684,47560,4606,2569,634,0.08,356,72669,29308,0.07,345,52652,17250,0.75,3469,11613,7243,5393,112817,41339
5342,665,665,52059,47641,0.76,505,53025,50448,0.11,75,2465,1418,665,54626,50372,665,2547,632,0.1,66,99755,48886,0.1,66,73226,32280,0.76,508,11210,8088,712,125668,75455
5343,2877,2877,53959,46367,0.81,2333,53348,48687,0.11,311,2752,1952,2877,56414,48192,2877,2390,689,0.08,244,125112,24400,0.08,237,108793,13823,0.74,2141,12913,7817,3266,121916,44098
5344,506,506,47584,43256,0.75,381,48062,45450,0.1,52,2338,2422,506,49480,45037,506,1761,368,0.09,46,97245,50720,0.09,46,79033,30905,0.72,363,10254,6920,551,110499,53919
5345,1976,1976,50597,45398,0.76,1508,52326,49644,0.12,238,3604,2311,1976,52830,47046,1976,2155,500,0.09,168,76327,33491,0.08,164,57720,16404,0.74,1453,11162,7711,2132,121232,57794
5346,221,221,49036,46781,0.81,178,49539,48700,0.18,40,3475,768,221,51304,48299,221,2245,482,0.06,13,88249,74902,0.05,12,60428,46918,0.75,166,10010,8638,251,141867,65924
5350,347,347,64803,55664,0.82,283,67322,59999,0.18,63,-312,271,347,68048,60085,347,2907,691,0.1,35,95334,24810,0.1,33,74571,12907,0.77,267,17853,11382,355,159646,90906
5351,3795,3795,63551,55051,0.8,3037,62772,58420,0.15,571,1654,1014,3795,66620,58051,3795,2598,700,0.1,374,73267,31570,0.1,361,52024,15725,0.79,2987,16380,11543,4170,162319,88594
5352,3302,3302,64241,53007,0.73,2423,64596,57393,0.15,480,2490,1429,3302,67816,56192,3302,3440,742,0.1,318,67723,26798,0.09,294,51372,13858,0.75,2485,18053,11549,3635,212948,104229
5353,2409,2409,57395,45806,0.73,1761,56933,51159,0.13,320,2929,2485,2409,60545,48017,2409,2802,486,0.12,298,70267,29514,0.12,293,51460,10405,0.7,1689,16867,9878,2699,171305,83942
5354,185,185,41721,37801,0.7,129,45960,47194,0.11,21,4593,3860,185,43764,39320,185,1463,214,0.04,8,46927,33262,0.05,9,35252,26672,0.66,122,8750,6416,215,140210,64388
5355,5040,5040,58674,51176,0.78,3938,59205,54966,0.12,603,2012,791,5040,61283,53368,5040,2479,614,0.09,452,180461,25131,0.09,429,160756,9942,0.76,3846,14806,10433,5474,162666,87341
5356,478,478,50444,47594,0.75,359,56669,52248,0.1,47,1471,1251,478,53196,49376,478,2213,530,0.12,55,58870,24256,0.11,51,54278,20718,0.73,347,12355,8288,516,115633,67840
5357,225,225,43375,32640,0.71,159,46174,43410,0.14,31,3286,1483,225,44882,36355,225,1507,277,0.09,20,65554,41158,0.09,20,45714,11131,0.64,143,10507,6990,264,133125,60772
5360,783,783,60698,49023,0.76,595,60022,51530,0.13,104,570,226,783,63455,51064,783,2730,673,0.12,96,87605,23407,0.12,92,70071,9230,0.75,589,15659,9741,831,171507,96044
5371,928,928,60173,49620,0.8,744,58622,51742,0.15,137,2063,443,928,62965,51464,928,2516,736,0.09,80,82885,25094,0.08,76,63620,11918,0.79,730,15001,9503,945,136999,71838
5372,1533,1533,59717,54566,0.83,1265,60156,57954,0.09,144,742,322,1533,62973,56919,1533,2665,797,0.09,140,101535,37657,0.09,136,71524,14561,0.81,1235,13676,10213,1609,122245,68942
5373,1955,1955,57498,49291,0.75,1476,56436,52592,0.14,274,3511,2148,1955,61052,51533,1955,2766,565,0.1,186,86038,29976,0.09,179,66591,16098,0.75,1468,14124,9503,2169,141653,73539
5374,843,843,54010,39634,0.68,577,49423,45736,0.11,91,3773,2991,843,57764,43007,843,2479,308,0.14,121,96693,30224,0.14,114,78085,16578,0.66,553,16922,8434,917,105266,52359
5381,189,189,39723,32942,0.56,106,49131,44874,0.02,4,10597,9230,189,42822,37734,189,2174,286,0.18,34,72288,22174,0.17,32,74949,19738,0.58,109,9528,6678,193,96780,51211
5400,634,634,60185,52248,0.79,498,59331,55730,0.11,67,689,751,634,64280,54882,634,2971,582,0.09,57,80384,52881,0.08,53,64090,24676,0.77,489,15118,10705,651,127904,65469
5401,474,474,55178,48180,0.75,357,55688,52333,0.11,50,4999,2858,474,58210,50736,474,3015,656,0.09,42,43814,18426,0.08,39,32926,12201,0.74,353,13404,9637,516,118175,60133
5410,183,183,56916,47178,0.73,134,55419,52390,0.09,16,58,804,183,59554,48369,183,2597,606,0.1,18,57614,18956,0.09,17,41315,14549,0.7,129,15376,10006,218,138515,53365
5411,193,193,56622,45345,0.66,127,47867,43764,0.13,26,8513,3083,193,60058,46738,193,3357,307,0.1,20,147613,32054,0.09,18,129929,24148,0.7,136,14522,8811,199,140179,58578
5412,670,670,55198,45562,0.68,458,53021,47433,0.13,88,2162,1789,670,58803,46836,670,3300,422,0.1,67,109886,40042,0.1,66,72904,15735,0.7,470,14208,9013,726,165817,74978
5413,482,482,49244,40205,0.64,309,45923,40107,0.12,59,4784,2364,482,52142,42332,482,2584,300,0.14,68,73696,21053,0.13,64,62834,9809,0.68,328,12195,6878,510,130058,62208
5414,91,91,44441,43979,0.63,57,45220,50309,0.2,18,4013,3460,91,47667,45142,91,3111,570,0.11,10,32079,14569,0.12,11,21788,7472,0.64,58,10013,8720,94,91629,47166
5415,165,165,51001,42847,0.7,116,52040,46401,0.16,26,2503,3160,165,55142,44839,165,2511,249,0.14,23,74100,33004,0.13,22,51662,15060,0.65,108,12977,10196,166,201534,105115
5416,152,152,46312,43691,0.73,111,47062,42627,0.13,20,97,-676,152,48481,43723,152,2152,328,0.12,19,73222,27611,0.12,18,66945,23670,0.64,97,11868,8010,159,127373,63563
5417,839,839,51766,42096,0.67,559,49240,44430,0.14,119,4274,1779,839,55172,44614,839,3130,441,0.12,100,84480,34819,0.12,102,57974,9266,0.69,579,13546,7285,914,144873,62585
5419,129,129,57935,32421,0.63,81,43543,32777,0.14,18,247,626,129,67057,39019,129,3819,293,0.09,12,36594,24786,0.09,11,31031,12982,0.65,84,19680,8431,135,135663,51266
5420,52,52,68848,50192,0.71,37,43489,36198,0.04,2,27222,27222,52,80058,52104,52,2747,402,0.06,3,33428,36165,0.08,4,25937,23854,0.85,44,15886,9906,50,155632,54193
5421,51,51,54640,32678,0.73,37,38623,32083,0.06,3,4012,3232,51,56398,33461,51,1758,300,0.2,10,45038,20482,0.18,9,14092,10729,0.63,32,17157,7048,59,61850,31637
5422,670,670,44446,38406,0.74,496,43090,36988,0.09,60,3521,3404,670,46411,39432,670,1658,237,0.12,79,61837,26800,0.12,79,52318,12290,0.65,433,9802,5979,768,84787,35818
5431,505,505,48247,41241,0.63,319,48507,42600,0.11,56,-221,28,505,52760,44407,505,2600,435,0.14,71,90847,40560,0.13,67,75003,30150,0.67,340,11996,7445,513,151305,76243
5432,96,96,78531,48570,0.47,45,42004,33673,0.12,12,4592,3161,96,84113,50492,96,4297,721,0.16,15,200687,38600,0.14,13,179431,25221,0.68,65,26485,11173,98,244718,127590
5433,697,697,57188,46944,0.78,542,59559,53280,0.16,115,2704,2275,697,59885,50232,697,2305,548,0.1,72,102732,18538,0.1,69,101874,11130,0.72,502,15707,10511,806,171449,78757
5434,246,246,55922,47091,0.71,174,49462,45124,0.11,28,4307,3458,246,59356,49445,246,3402,670,0.11,27,80022,28489,0.09,23,65839,40718,0.74,182,13579,9171,263,156514,55259
5440,127,127,53575,40586,0.66,84,53496,44135,0.17,22,1142,770,127,57829,43755,127,3485,350,0.16,20,62778,30188,0.16,20,56566,14534,0.72,91,15311,6107,129,144181,64640
5451,462,462,58323,46403,0.67,308,57128,54260,0.16,72,2476,498,462,62530,48491,462,3487,663,0.12,57,70731,37000,0.12,57,43512,15000,0.69,320,16146,9930,479,216390,94552
5452,317,317,56934,45000,0.74,234,57860,52410,0.15,47,2649,814,317,59645,48841,317,2711,663,0.14,43,52009,16815,0.14,43,35077,9204,0.72,227,15434,9666,350,210936,92001
5453,3178,3178,62846,49504,0.73,2329,58275,51150,0.14,459,3486,1951,3178,66875,52520,3178,3439,671,0.1,331,84463,31307,0.1,316,58960,11674,0.75,2384,17244,9812,3451,182735,85651
5454,219,219,49545,46531,0.68,149,47552,46288,0.08,18,2244,2480,219,59096,51949,219,4441,445,0.11,23,127094,20107,0.11,24,92649,9936,0.72,158,11322,8216,232,152738,66232
5460,422,422,57540,45904,0.72,303,52265,47815,0.14,59,2640,1292,422,61729,48149,422,3508,614,0.09,36,177282,36212,0.08,35,128233,20077,0.72,303,15034,9797,460,139766,56467
5461,1447,1447,52576,44312,0.72,1038,51134,47332,0.13,190,3012,1241,1447,56588,47562,1447,2839,615,0.08,115,108389,30363,0.08,110,88031,17874,0.71,1025,12836,8336,1531,156583,63114
5462,362,362,51447,42648,0.77,279,47974,42208,0.08,30,1235,3192,362,54389,44895,362,2788,463,0.1,36,95660,39281,0.1,35,79605,17600,0.69,251,12963,8481,370,110827,50560
5464,322,322,57711,49032,0.68,219,48104,45772,0.14,44,2652,1156,322,66034,53766,322,5429,823,0.08,25,63140,27613,0.07,23,38545,24649,0.71,229,15623,9171,335,151519,71997
5470,77,77,51195,39614,0.6,46,57403,45119,0.12,9,8609,5188,77,58620,42592,77,4991,334,0.06,5,24947,13428,0.06,5,15687,8159,0.68,52,13155,8849,74,151293,72519
5471,62,62,55734,47446,0.53,33,41025,36905,0.13,8,8349,4072,62,72257,64315,62,6567,285,0.11,7,67677,31026,0.13,8,30652,7720,0.66,41,14797,10785,61,128141,60773
5472,95,95,53790,45643,0.66,63,43660,41808,0.14,13,8764,6612,95,57002,47106,95,3212,300,0.11,10,36623,22485,0.11,10,16466,9368,0.68,65,12706,8488,96,134716,56025
5473,393,393,54866,43952,0.76,297,49367,42698,0.12,48,1255,528,393,58114,46502,393,3172,400,0.1,38,80810,44262,0.1,38,58621,23822,0.68,268,14503,10002,413,148416,43913
5480,473,473,55076,44771,0.71,336,58251,47964,0.12,55,1362,916,473,58287,48007,473,2676,565,0.1,49,95110,27768,0.1,47,80354,25366,0.71,335,14574,9470,513,155023,84300
5481,307,307,50900,38672,0.65,200,53293,44734,0.16,50,4980,2028,307,55516,43493,307,2916,372,0.15,46,95649,21122,0.14,42,75949,20234,0.68,208,12702,5626,338,166434,79636
5482,318,318,51326,38697,0.63,199,51932,45507,0.13,41,3725,1568,318,57942,44689,318,1955,338,0.11,35,76810,22616,0.1,33,46196,10110,0.63,201,15085,8826,322,164129,78026
5483,188,188,51576,41358,0.63,118,56051,51874,0.16,31,2149,938,188,56479,46388,188,2360,315,0.2,38,87566,37242,0.19,35,85955,35930,0.67,126,13813,9770,215,192492,90518
5485,342,342,57092,46128,0.76,259,58060,49361,0.14,47,2432,2292,342,60723,48800,342,3063,560,0.09,31,41698,22652,0.09,30,25410,10588,0.71,244,15094,10160,368,146295,73544
5490,92,92,53853,44498,0.68,63,50188,41751,0.1,9,3008,4921,92,59827,46424,92,2854,402,0.13,12,94886,37668,0.13,12,82900,35960,0.75,69,12937,7628,99,137631,70293
5491,1126,1126,65485,50348,0.72,806,55995,49992,0.12,135,1926,419,1126,70412,54112,1126,4016,644,0.09,104,152643,62120,0.09,103,108952,27369,0.75,848,18654,9835,1185,185093,81927
5495,282,282,55010,45554,0.74,209,56703,51908,0.11,32,3425,3661,282,57624,46906,282,2147,732,0.11,30,61667,28499,0.11,30,49686,16795,0.7,196,14120,10528,313,142190,79500
5501,5204,5204,60698,52483,0.81,4202,60618,56652,0.12,603,1650,984,5204,63329,54973,5204,2457,730,0.09,479,88920,36164,0.09,459,71105,20058,0.79,4127,14949,10046,5510,115999,63286
5502,1002,1002,59702,49048,0.74,742,58681,53132,0.13,135,5148,1606,1002,62968,50910,1002,3026,641,0.1,102,110480,38280,0.1,98,95013,20455,0.77,770,14889,9464,1329,103543,30155
5510,57,57,57800,47398,0.89,51,49232,47148,0.09,5,4718,876,57,64235,49943,57,3287,1169,0.07,4,151388,52986,0.07,4,129367,28798,0.84,48,11175,6139,73,106299,67961
5520,272,272,48770,42642,0.71,193,47425,43375,0.11,31,6839,1718,272,52650,44324,272,3028,406,0.08,23,154420,35298,0.08,23,133643,24779,0.65,177,12305,7345,321,142785,58653
5521,69,69,73032,46425,0.71,49,49189,39898,0.14,10,-972,-2510,69,91634,63412,69,7789,708,0.1,7,636888,63849,0.12,8,419725,34846,0.78,54,20403,10456,77,161360,56815
5522,767,767,60489,45127,0.65,495,54846,44794,0.19,149,6053,3361,767,64829,48550,767,3859,617,0.1,76,72303,32260,0.1,78,57003,14872,0.7,534,17582,8934,828,207310,99670
5523,1048,1048,62385,50062,0.71,739,62843,56496,0.17,173,1679,1298,1048,67405,54602,1048,3742,722,0.07,78,117158,31438,0.07,76,95831,14070,0.73,767,17761,11388,1142,199100,87773
5540,7723,7723,55713,47474,0.82,6368,58404,52418,0.11,883,1844,960,7723,58057,49517,7723,2288,705,0.06,481,79127,29356,0.06,465,56612,14416,0.75,5780,13509,9171,8697,135441,58922
5550,545,545,48602,46217,0.81,442,48010,48330,0.11,58,3869,2812,545,52831,49990,545,2997,555,0.08,43,58937,12082,0.07,36,51801,10358,0.73,400,10237,7383,590,82257,30282
5552,198,198,55823,44512,0.64,126,44146,40338,0.1,20,7052,697,198,67095,47705,198,4611,274,0.06,11,25212,15742,0.06,11,13593,6397,0.67,133,16416,10201,193,131269,40781
5554,3048,3048,54710,46096,0.77,2338,52605,46864,0.13,386,4010,1796,3048,57620,48063,3048,2467,450,0.09,271,98943,24000,0.08,256,80364,11108,0.74,2268,13140,7918,3286,141008,61309
5555,312,312,57087,46000,0.54,170,49192,42306,0.16,50,7845,3608,312,62755,50628,312,5363,429,0.1,30,92069,19548,0.09,27,74434,19567,0.76,238,13370,7765,325,198915,87365
5556,2161,2161,51849,40754,0.69,1497,53501,45473,0.14,292,4931,1855,2161,54646,42473,2161,2525,432,0.09,201,80538,25463,0.09,195,60245,12058,0.68,1470,13759,7934,2481,180270,77076
5558,2558,2558,55360,42016,0.68,1744,54077,44902,0.14,348,2793,1812,2558,58268,44202,2558,2801,456,0.1,251,75001,25214,0.09,240,53035,11856,0.68,1750,15492,8062,2946,175472,84464
5560,230,230,56049,42209,0.58,133,46274,39892,0.11,25,6045,5218,230,66646,45234,230,5738,560,0.08,19,119865,20316,0.08,18,41603,7923,0.69,158,16975,9849,253,317107,79491
5570,249,249,51151,39644,0.62,154,49238,41890,0.07,18,8766,4038,249,56046,41538,249,3384,260,0.12,29,133443,42671,0.12,29,96748,14585,0.64,160,14189,8142,293,115502,68045
5571,984,984,55990,43793,0.62,609,51488,41199,0.16,153,5198,3280,984,60814,46328,984,3787,378,0.11,112,141675,31664,0.11,109,125449,13358,0.7,687,14973,9540,1082,211183,90676
5572,83,83,65449,52881,0.65,54,49799,43152,0.14,12,14732,468,83,78486,57901,83,4478,720,0.16,13,59080,42496,0.14,12,39590,26636,0.87,72,13688,9636,95,111211,51634
5573,1179,1179,62209,47572,0.63,743,49200,43360,0.15,174,7671,1575,1179,67787,49809,1179,4255,436,0.1,123,90504,24761,0.1,116,59725,11617,0.7,831,17867,11072,1249,190299,74209
5575,1309,1309,51611,41619,0.6,789,49332,42033,0.13,173,5760,2923,1309,55536,44373,1309,3365,360,0.13,164,94376,32850,0.11,148,78275,18668,0.68,891,13651,7918,1432,181668,77696
5576,628,628,51831,43324,0.63,397,50416,44154,0.15,94,3107,2119,628,58257,46080,628,3458,402,0.14,85,113560,42295,0.13,83,90027,16329,0.71,447,12896,7304,705,191469,74360
5577,316,316,44362,34226,0.61,193,45147,42103,0.18,56,3926,3381,316,48326,38300,316,3165,352,0.15,47,87426,27712,0.14,45,84215,24895,0.61,192,12952,7089,344,144524,52582
5580,226,226,61182,43646,0.58,131,43719,41752,0.14,31,2350,2617,226,71178,50094,226,4643,300,0.12,26,362573,42153,0.11,24,355835,14914,0.67,151,18996,8602,237,207708,91942
5581,289,289,51848,42403,0.61,175,48786,39999,0.18,52,2634,1496,289,55699,45000,289,3607,437,0.13,38,66704,25466,0.11,33,52644,14125,0.66,191,13441,9151,338,237463,123468
5582,294,294,53493,41238,0.62,182,54958,46044,0.13,37,4005,648,294,56910,44632,294,3018,406,0.12,34,65747,14781,0.12,34,41682,9380,0.67,197,14457,7409,360,189479,104990
5583,372,372,46653,35821,0.59,218,45170,40794,0.13,48,8783,3070,372,48820,38086,372,2155,293,0.13,47,146755,31385,0.12,45,133358,13982,0.63,233,11879,5999,434,163620,76004
5600,3659,3659,74234,61411,0.85,3101,76634,67603,0.17,607,828,61,3659,76608,64218,3659,2349,1060,0.07,238,153668,25940,0.06,233,130748,11502,0.82,2999,20469,14659,4275,196647,100066
5601,61,61,55490,50108,0.79,48,59540,59045,0.08,5,4802,4228,61,58950,52320,61,3421,1154,0.05,3,42282,43681,0.05,3,38604,39986,0.74,45,14623,12885,72,169219,94839
5602,755,755,52508,45334,0.72,540,55337,48258,0.15,117,1943,1692,755,56749,47966,755,3127,487,0.07,52,141137,32823,0.07,50,115203,15584,0.71,535,13755,8518,844,168251,82112
5603,259,259,50196,42138,0.63,162,49428,46172,0.11,28,2208,337,259,59406,48220,259,2795,318,0.14,36,90526,20078,0.13,33,83094,11372,0.67,174,13393,7618,252,133689,73872
5604,133,133,61876,47895,0.57,76,58749,48072,0.18,24,-971,364,133,65592,51736,133,3474,446,0.11,14,55618,30717,0.11,14,26012,9534,0.74,98,16104,9897,153,216264,95327
5605,1121,1121,54179,43536,0.64,722,53513,46468,0.16,174,5242,2473,1121,60262,47323,1121,3809,483,0.09,103,67278,40256,0.08,94,44884,15009,0.7,787,14142,9039,1195,221383,93397
5606,8936,8936,59425,47950,0.77,6906,53902,48002,0.13,1179,3767,1864,8936,62534,50110,8936,2967,576,0.09,837,102720,32398,0.09,806,79317,11406,0.77,6865,15081,8742,9790,155621,63494
5607,2754,2754,57615,48058,0.7,1917,54707,48451,0.14,378,3631,1812,2754,61766,50825,2754,3500,530,0.11,307,69600,34865,0.11,301,51478,15327,0.73,2021,15400,9620,2892,171032,76631
5608,6268,6268,59674,48800,0.86,5405,62991,53911,0.08,517,-9,183,6268,61365,50318,6268,1657,720,0.04,246,68771,21360,0.04,231,55544,10069,0.76,4751,15263,10572,7229,121002,46941
5609,1162,1162,73735,63616,0.91,1061,76979,68908,0.13,149,-1137,1,1162,76053,66074,1162,2318,1068,0.06,67,42552,20669,0.06,66,26460,7314,0.85,983,19269,14995,1232,150592,75384
5630,84,84,60582,53736,0.73,61,51055,41039,0.17,14,2050,3954,84,63868,54285,84,3286,867,0.1,8,56168,12240,0.1,8,31223,7464,0.79,66,14389,11804,91,115239,70687
5631,754,754,70722,54362,0.63,474,53654,47410,0.14,105,519,611,754,77056,58893,754,4880,512,0.08,58,83839,15822,0.07,54,76301,10962,0.77,583,21059,11679,768,242540,80301
5632,146,146,58406,57572,0.57,83,44703,45946,0.1,15,963,170,146,68621,64384,146,5694,296,0.03,4,10075,6286,0.01,2,5752,5752,0.79,115,22554,15132,141,144074,52509
5633,188,188,43105,39849,0.62,117,42265,39030,0.15,28,-693,102,188,53383,45908,188,5503,298,0.1,19,90220,10000,0.1,18,67176,5918,0.65,122,12565,9550,202,158512,49625
5640,655,655,53335,47247,0.63,415,52673,49283,0.16,105,3249,964,655,61879,51693,655,3070,495,0.12,78,91748,35710,0.11,74,70152,13680,0.72,470,13893,8936,654,227728,86080
5641,627,627,49597,42827,0.6,374,49786,46617,0.11,68,1913,41,627,57263,48833,627,3686,298,0.11,72,84513,24061,0.11,66,63831,15916,0.68,424,14004,8615,630,179603,63374
5642,135,135,40921,34950,0.57,77,34479,28385,0.13,17,-1366,1420,135,51422,37941,135,3785,288,0.04,6,34157,18206,0.04,6,88073,56656,0.67,90,9101,4606,129,191136,45950
5650,97,97,57033,40068,0.51,49,33727,26869,0.16,16,2221,1687,97,69211,52141,97,5740,235,0.11,11,99813,43587,0.1,10,99394,28258,0.68,66,16543,13048,97,187613,54214
5651,76,76,58678,39388,0.54,41,41984,31453,0.11,8,5392,1980,76,65862,46489,76,5916,914,0.09,7,113330,57868,0.09,7,99862,51677,0.75,57,15831,6962,83,207980,69140
5652,425,425,59503,50559,0.66,281,51241,48045,0.16,66,1119,-29,425,64288,53297,425,3936,531,0.11,46,145691,35470,0.09,40,135697,23382,0.7,296,16770,11717,433,192170,79719
5654,119,119,47763,39996,0.66,78,47350,42382,0.1,12,6492,6904,119,52755,44489,119,3663,200,0.08,10,94777,49082,0.09,11,80840,41208,0.69,82,11365,6615,118,139288,64692
5655,62,62,40942,38735,0.71,44,39811,33254,0.11,7,28,-551,62,46941,42778,62,4407,399,0.08,5,107114,12563,0.06,4,123102,106168,0.63,39,10545,5064,67,98297,61483
5661,86,86,66909,51291,0.67,58,45982,44086,0.1,9,4656,4526,86,72382,52339,86,4855,336,0.09,8,135103,112844,0.07,6,149325,174109,0.79,68,16787,8140,78,128881,81547
5670,281,281,53696,44391,0.67,187,46650,43385,0.17,47,2487,2988,281,57965,49809,281,3203,538,0.15,43,98143,47518,0.13,37,86841,29718,0.75,212,12135,8001,310,162868,70091
5671,119,119,62881,40425,0.52,62,36871,35670,0.08,10,4954,3595,119,71926,43107,119,5331,200,0.08,9,54473,20899,0.07,8,46375,7990,0.67,80,21062,7366,109,220161,74516
5680,1424,1424,55618,44412,0.69,983,49104,43722,0.15,217,3115,2189,1424,59373,46903,1424,3480,400,0.11,163,76085,28705,0.12,169,50747,11452,0.71,1010,14429,8492,1480,165000,71233
5690,2188,2188,60459,51265,0.8,1754,55533,50384,0.12,268,3315,2025,2188,64167,54356,2188,3090,548,0.08,179,101896,37093,0.08,170,78246,21904,0.77,1685,15034,10316,2571,126786,49582
5700,5806,5806,60461,50288,0.85,4964,60762,53746,0.11,637,1396,251,5806,62882,52218,5806,2378,786,0.06,365,96848,25098,0.06,353,78699,10809,0.77,4474,15181,9994,6861,135934,53878
5701,52,52,53203,56478,0.81,42,52316,54332,0.23,12,3710,2279,52,58745,62232,52,4879,1122,0.1,5,15293,15800,0.08,4,8549,9988,0.71,37,12638,10164,64,132501,51811
5710,1354,1354,67490,58640,0.87,1183,69768,62860,0.14,195,1139,839,1354,70447,60626,1354,2881,1104,0.05,69,45995,23263,0.05,69,30218,9455,0.82,1116,17095,12674,1491,159681,89509
5720,132,132,73423,65808,0.94,124,71944,66773,0.23,31,1260,1015,132,76555,69492,132,3132,1524,0.05,7,51505,25328,0.05,7,35630,9873,0.9,119,16511,12771,151,138691,80289
5722,168,168,65258,48634,0.81,136,71194,56966,0.15,26,2018,1911,168,67062,49934,168,1784,654,0.1,16,40146,7018,0.09,15,39213,6723,0.71,120,18734,10662,202,105218,46972
5723,843,843,53629,45028,0.81,680,51140,48310,0.12,98,5098,2326,843,55754,46439,843,1961,497,0.11,96,62784,27868,0.11,96,48003,10040,0.71,602,12019,7606,947,74887,21630
5724,88,88,55871,46074,0.86,76,49804,40242,0.05,4,5058,3004,88,58268,46916,88,2397,272,0.06,5,215005,137242,0.07,6,145906,31498,0.74,65,13109,7626,125,60301,15769
5725,2396,2396,108719,100806,0.96,2290,105580,102738,0.2,474,-577,-137,2396,112083,104838,2396,3295,1792,0.05,113,73018,15514,0.05,109,56930,11264,0.88,2113,32851,27184,2656,136875,71811
5730,61,61,44344,39328,0.56,34,34787,23834,0.1,6,6387,7094,61,50020,41154,61,5676,247,0.18,11,63379,8033,0.15,9,61411,12931,0.7,43,7936,4482,61,112919,42960
5731,99,99,54921,48663,0.89,88,54533,50256,0.22,22,1363,586,99,56698,49804,99,1734,636,0.1,10,86134,51065,0.09,9,65418,32483,0.78,77,11287,7083,130,115111,59579
5732,69,69,41341,37803,0.81,56,36862,30628,0.12,8,2032,-1141,69,45215,40923,69,2810,294,0.1,7,26186,10689,0.09,6,21010,8626,0.62,43,7381,4487,91,50555,25765
5733,69,69,73786,51260,0.81,56,52091,51750,0.12,8,378,-583,69,75971,55482,69,2186,246,0.13,9,24029,21091,0.09,6,23863,11535,0.78,54,19833,8813,81,130453,46813
5734,64,64,61016,46730,0.94,60,55214,46566,0.11,7,2436,-271,64,66238,52356,64,5222,943,0.03,2,48175,48175,0.03,2,43878,43878,0.8,51,14911,7269,85,101906,20009
6000,11248,11248,81007,54990,0.84,9474,79149,60324,0.1,1150,2047,764,11248,83931,57778,11248,2814,700,0.09,967,73949,20005,0.08,852,48877,8039,0.78,8784,27009,13114,12737,101767,20751
6003,3086,3086,78796,58531,0.88,2706,73296,61942,0.11,342,932,612,3086,81925,61175,3086,3063,895,0.1,305,136652,20745,0.09,278,118618,8060,0.83,2576,23089,12664,3537,111403,29330
6004,8705,8705,86481,63229,0.84,7309,84027,67274,0.14,1196,1386,568,8705,90081,66179,8705,3465,860,0.09,776,84485,22586,0.08,723,51501,8593,0.81,7080,27636,15030,9326,149752,32859
6005,4637,4637,95159,65648,0.85,3933,87076,69260,0.13,604,2692,948,4637,98971,68312,4637,3529,902,0.1,441,79737,22564,0.09,399,52226,8858,0.83,3865,30947,15638,5272,155689,38728
6006,6296,6296,95989,70366,0.82,5159,89090,73297,0.18,1151,2612,1053,6296,99669,73811,6296,3653,950,0.12,726,104770,26102,0.11,671,73393,10277,0.83,5248,30994,17956,7294,186059,75527
6007,5579,5579,111115,75239,0.82,4599,98550,76666,0.18,1002,2388,1518,5579,115594,79117,5579,4392,1130,0.11,589,147844,35678,0.1,547,90879,11687,0.83,4652,38929,19719,6148,221633,79482
6008,10664,10664,114658,71444,0.76,8100,99473,75000,0.18,1946,3280,1800,10664,119490,75404,10664,4677,962,0.11,1134,190870,31456,0.1,1043,132541,12429,0.78,8290,44589,21986,11722,322270,98041
6009,11965,11965,175737,64919,0.68,8167,105357,57010,0.21,2486,5565,3574,11965,183905,69312,11965,7750,742,0.11,1259,347365,60362,0.1,1155,212189,19867,0.74,8880,85962,23492,12739,489536,111551
6010,12378,12378,139640,69182,0.68,8409,106290,69013,0.18,2208,4831,2428,12378,146813,73590,12378,6957,982,0.1,1187,211559,33900,0.09,1106,137181,11192,0.77,9520,60146,22385,13105,415772,124107
6011,6704,6704,295283,84216,0.64,4267,122912,66569,0.18,1215,5763,3631,6704,346919,90088,6704,51235,1146,0.11,751,292485,55000,0.1,696,169662,20514,0.8,5372,146580,27739,7290,604116,141993
6012,5967,5967,146186,64747,0.72,4281,99953,63636,0.16,981,4155,1959,5967,152959,69783,5967,6245,922,0.11,630,205740,37072,0.1,582,134516,12327,0.78,4628,63851,20081,6423,420512,95358
6014,14860,14860,110296,66712,0.77,11380,97634,67338,0.18,2644,2939,1227,14860,114836,70000,14860,4455,960,0.11,1589,128536,27500,0.1,1488,76038,10186,0.78,11564,42205,18982,15872,278061,104172
6015,4934,4934,176423,80918,0.63,3101,123525,65812,0.21,1055,6271,3349,4934,184609,85932,4934,7871,1042,0.09,467,379524,50987,0.09,451,265995,15836,0.78,3851,79188,28898,5043,498462,175431
6016,6924,6924,93057,68171,0.85,5886,88181,69930,0.16,1084,2458,782,6924,96469,70870,6924,3374,1073,0.12,830,129448,22002,0.11,766,108340,9016,0.82,5695,29980,16917,7582,178636,77905
6017,3313,3313,67427,58229,0.87,2887,67118,60921,0.09,290,1268,15,3313,69927,60429,3313,2486,837,0.15,483,108523,17816,0.14,452,97450,8234,0.82,2730,16956,11701,3613,82701,29597
6018,27517,27517,90591,66532,0.8,21910,88218,71695,0.17,4733,2091,1004,27517,94155,69640,27517,3468,971,0.09,2499,108355,26707,0.08,2337,77022,10029,0.79,21835,30192,17896,29899,196722,85152
6019,16830,16830,93878,68934,0.82,13720,89329,72678,0.16,2663,1839,607,16830,97587,72226,16830,3589,1134,0.1,1702,175337,28982,0.09,1580,148052,10144,0.82,13725,30850,18087,18674,183407,74663
6020,14811,14811,99914,63394,0.72,10689,88446,66601,0.2,3027,2769,1287,14811,104046,67345,14811,4037,840,0.09,1273,133267,29875,0.08,1172,100509,11553,0.76,11201,37648,19276,16252,300700,137905
6021,13449,13449,77167,59215,0.79,10569,74774,63121,0.18,2407,3936,1895,13449,80222,61815,13449,2932,759,0.1,1303,94362,30482,0.09,1251,64305,11199,0.79,10610,23477,13985,14397,147948,64760
6022,3319,3319,68697,56443,0.79,2621,73598,64377,0.13,448,1739,650,3319,71371,59298,3319,2615,765,0.1,343,78929,33697,0.09,315,53068,14448,0.76,2530,19696,14256,3737,158863,82305
6023,10183,10183,82703,61044,0.77,7846,83186,68460,0.18,1791,1905,806,10183,86024,64189,10183,3250,795,0.09,873,68340,25099,0.08,803,43131,9845,0.76,7734,27573,17654,11248,232668,113073
6024,8743,8743,69003,56944,0.81,7049,73787,64547,0.13,1180,991,147,8743,71490,59286,8743,2452,707,0.09,816,58647,24215,0.09,767,36683,9572,0.77,6706,19772,14012,9959,153686,83854
6025,20730,20730,81610,61040,0.79,16460,79980,65920,0.16,3364,1191,481,20730,84791,63776,20730,3066,855,0.09,1816,94299,30634,0.08,1719,66949,12276,0.78,16230,25928,15589,23044,184530,85201
6026,14833,14833,74084,57558,0.8,11806,76809,64023,0.15,2159,757,-18,14833,76766,60248,14833,2635,730,0.08,1165,93209,27215,0.07,1092,68913,10336,0.77,11358,22538,14809,16237,185585,96200
6027,28303,28303,74371,57794,0.82,23178,74798,62203,0.14,4094,263,-72,28303,77216,60336,28303,2770,795,0.09,2591,73477,29325,0.09,2435,47001,11474,0.79,22218,22054,13811,31261,148958,69936
6028,16102,16102,82845,61293,0.83,13290,81923,64660,0.15,2425,-698,-714,16102,85838,63736,16102,2897,824,0.09,1385,98687,29799,0.08,1306,69934,12218,0.79,12760,26127,15455,17071,152426,73588
6029,2103,2103,118825,74147,0.72,1518,95018,67277,0.21,449,3029,2321,2103,124246,77635,2103,5071,959,0.1,203,115427,32500,0.09,186,69093,10542,0.79,1661,46303,22056,2270,341731,134383
6030,25778,25778,70749,55297,0.84,21551,71681,59814,0.1,2663,-766,-690,25778,73240,57312,25778,2440,786,0.09,2441,79381,29427,0.09,2361,53165,11024,0.79,20250,20106,12503,27426,105988,47454
6031,11996,11996,68293,57480,0.88,10595,70618,61109,0.08,985,-1162,-1208,11996,70673,59693,11996,2335,900,0.08,1011,60116,28195,0.08,965,38321,11973,0.81,9703,18042,12582,12633,87566,45924
6032,170,170,66372,48812,0.68,115,53647,46584,0.18,31,10653,1776,170,69939,52316,170,3567,486,0.16,27,62082,32650,0.15,26,36588,21820,0.76,130,19155,10591,170,155291,49487
6033,358,358,67504,51255,0.65,233,60303,48613,0.2,71,1948,1050,358,72394,53618,358,3901,407,0.12,44,89192,25676,0.11,40,62620,9111,0.77,275,20060,10725,366,163860,42490
6034,2673,2673,70015,61537,0.9,2402,73156,65235,0.05,142,-1436,-991,2673,72447,63327,2673,2407,999,0.08,210,45375,15986,0.08,203,27531,8772,0.83,2211,18053,13145,2671,65696,38422
6035,6576,6576,69458,55398,0.84,5495,73297,61629,0.09,611,-368,-739,6576,71855,57654,6576,2282,840,0.09,603,62346,30214,0.09,568,36963,11788,0.77,5051,19999,13519,6897,97021,48308
6036,11250,11250,70412,56870,0.88,9851,72668,61213,0.08,936,-2142,-1565,11250,72805,58976,11250,2350,880,0.09,983,69395,27624,0.08,942,45743,11464,0.8,8979,19421,12642,11702,87839,41130
6037,2306,2306,69762,54112,0.8,1849,76571,63043,0.13,295,756,240,2306,72298,56077,2306,2430,776,0.1,226,56860,25980,0.09,217,34039,13030,0.75,1730,20924,13911,2485,112733,54864
6038,7022,7022,71702,61334,0.89,6276,74746,65612,0.07,457,-1603,-1224,7022,74189,63324,7022,2443,1068,0.09,637,56887,25074,0.09,615,33576,9602,0.82,5764,19149,13800,7123,73210,40415
6041,926,926,65215,46319,0.74,688,71175,55150,0.16,152,1751,208,926,67523,48650,926,2172,505,0.1,95,51945,29580,0.1,92,30387,12664,0.7,644,20825,13995,1055,132284,60382
6042,51,51,44932,23977,0.53,27,40493,23712,0.18,9,7251,5724,51,46503,23977,51,1571,0,0.1,5,405934,64635,0.1,5,312525,43517,0.37,19,24572,12478,60,219745,69671
6043,159,159,64550,40164,0.62,98,69146,52422,0.19,30,1477,1872,159,68811,42347,159,4041,435,0.11,17,55060,23000,0.09,15,23272,7009,0.64,101,19909,12894,196,245286,83601
6044,802,802,65821,50977,0.71,571,66032,54775,0.14,110,2508,1691,802,69057,54549,802,2713,494,0.1,79,125844,34750,0.09,74,95930,14896,0.73,587,20043,11439,934,144945,53963
6050,10737,10737,109522,66487,0.76,8193,90073,66200,0.2,2118,3993,1742,10737,114448,70183,10737,4745,877,0.1,1107,178829,24720,0.09,1008,123141,9786,0.79,8446,41334,18836,11732,266552,89054
6051,9378,9378,77648,60884,0.87,8133,75894,64488,0.13,1188,1289,495,9378,80333,63265,9378,2638,850,0.11,1053,50683,19191,0.1,981,30061,8457,0.82,7703,22351,13510,10427,132750,49599
6052,7563,7563,85311,65532,0.84,6342,84108,69028,0.17,1305,1048,305,7563,88453,68297,7563,3108,870,0.1,720,77451,23103,0.09,672,51458,9090,0.81,6125,26555,16382,8410,175804,89879
6053,9953,9953,79284,65301,0.84,8401,80073,70179,0.16,1598,649,186,9953,82084,67888,9953,2707,869,0.1,976,75168,23728,0.09,923,50670,9654,0.81,8061,23352,16077,11063,155538,80625
6054,12695,12695,69784,57470,0.85,10761,70535,61924,0.13,1637,1197,431,12695,72054,59471,12695,2220,691,0.09,1124,63038,24982,0.08,1054,39194,10583,0.79,10062,19398,12842,14253,130544,63718
6055,21680,21680,73177,62240,0.88,19049,74049,66358,0.11,2296,621,-518,21680,75850,64871,21680,2611,1000,0.1,2120,71900,25566,0.09,2033,51114,12291,0.82,17819,19999,13948,22490,102031,49669
6056,25765,25765,68083,55842,0.84,21570,69394,60528,0.11,2874,1603,86,25765,70522,57814,25765,2335,684,0.08,2027,98485,23898,0.08,1944,78858,10760,0.78,20182,18889,12446,28474,120854,55920
6057,10563,10563,71745,59281,0.85,8964,72796,63506,0.11,1188,624,-109,10563,74108,61223,10563,2323,700,0.07,765,72994,25556,0.07,727,53589,11785,0.8,8446,20113,13407,11736,136667,67381
6058,8450,8450,67778,57758,0.85,7193,70780,62955,0.1,860,441,-33,8450,69936,59668,8450,2142,716,0.08,634,59736,29770,0.07,605,37899,12799,0.79,6716,18248,12450,9365,107896,58592
6059,15472,15472,74345,55551,0.77,11973,71398,60131,0.18,2723,2627,1041,15472,77356,57991,15472,2926,685,0.1,1537,105344,26165,0.09,1446,77825,10802,0.77,11864,23054,13487,16597,172549,65430
6060,16993,16993,73402,60602,0.84,14242,73816,64932,0.13,2199,1880,576,16993,76169,63449,16993,2712,870,0.13,2198,56194,21219,0.12,2031,35921,9545,0.81,13744,20434,13667,18545,126442,50665
6061,24658,24658,56471,50278,0.85,21032,59238,54694,0.07,1702,746,245,24658,58662,52210,24658,2170,660,0.15,3603,46920,25773,0.14,3402,29601,12010,0.78,19149,13151,9403,26344,62709,23902
6062,21577,21577,63457,52877,0.8,17314,66371,58368,0.15,3157,2370,1081,21577,65780,54815,21577,2257,640,0.11,2308,100361,27184,0.1,2198,79854,11267,0.77,16507,17126,11523,23347,126238,51831
6063,9217,9217,58566,50801,0.84,7753,61524,54926,0.11,1009,-573,-579,9217,60521,52594,9217,1919,608,0.1,909,64662,30539,0.1,879,44174,13753,0.77,7108,14524,10103,9842,85605,38522
6064,17663,17663,55697,48810,0.83,14639,57936,52954,0.09,1603,515,62,17663,57570,50373,17663,1839,515,0.11,1898,75517,31865,0.1,1792,53346,13206,0.76,13464,13232,9269,19163,81807,35400
6065,43282,43282,70896,58511,0.85,36586,72334,62802,0.13,5521,-529,-772,43282,73398,60793,43282,2455,819,0.09,3927,74418,29746,0.09,3776,50479,12498,0.8,34604,19622,13413,45606,111005,57688
6066,11408,11408,59993,51418,0.84,9603,62465,55307,0.11,1288,909,14,11408,62124,53372,11408,2080,624,0.09,1046,64632,31272,0.09,996,43010,13810,0.78,8901,14928,10236,12240,107955,47411
6067,57,57,70253,73986,0.81,46,72838,72215,0.12,7,-5180,-1149,57,72437,78452,57,2183,950,0.09,5,33213,5580,0.05,3,19864,5009,0.82,47,17920,18631,57,123868,64005
6069,29287,29287,71616,59852,0.88,25826,73294,63844,0.1,2841,-1244,-1096,29287,74090,62014,29287,2399,842,0.08,2392,61558,24608,0.08,2287,42342,12007,0.81,23630,19616,13512,30559,101880,50829
6070,2385,2385,92008,62595,0.76,1805,86503,68244,0.18,419,2686,720,2385,95778,65735,2385,3653,800,0.11,260,78913,25328,0.11,251,47556,8592,0.76,1821,32541,18632,2704,214400,117193
6071,2336,2336,78889,57461,0.77,1799,76636,63000,0.18,420,588,150,2336,81954,60782,2336,3019,744,0.11,255,66705,24538,0.1,236,36903,9615,0.76,1785,25449,15548,2610,202412,97018
6072,560,560,75541,60242,0.79,445,76747,65405,0.17,94,422,246,560,78273,62298,560,2713,614,0.09,52,77127,32738,0.09,50,47850,13668,0.79,441,22071,16515,653,162483,83347
6073,2036,2036,71514,51683,0.74,1504,75334,61671,0.18,358,115,54,2036,74398,54896,2036,2796,622,0.09,183,82883,35151,0.08,173,51056,14414,0.72,1471,23115,14092,2226,189070,97934
6074,650,650,70331,55695,0.79,513,76431,67035,0.13,86,827,1216,650,72751,58724,650,2404,593,0.08,50,54405,27492,0.07,48,32926,10207,0.75,488,20963,14476,720,165054,88006
6076,14045,14045,79074,56401,0.74,10325,79114,63332,0.17,2403,2415,1002,14045,82019,59143,14045,2831,640,0.08,1132,75766,29150,0.08,1083,48358,10969,0.75,10479,26219,15686,15563,213693,102526
6077,951,951,72679,49177,0.68,647,62267,49300,0.2,188,3765,2490,951,75821,51861,951,3066,501,0.1,98,115112,30350,0.1,92,67483,11036,0.73,696,23729,12165,1004,205017,76997
6078,552,552,82324,56020,0.69,383,74263,57053,0.17,96,4831,1523,552,85456,57564,552,3077,398,0.12,64,184239,44536,0.11,58,145918,22479,0.75,416,28633,14411,567,163724,64477
6081,3206,3206,78518,60142,0.81,2581,79601,67444,0.16,503,1184,16,3206,81427,62998,3206,2878,764,0.09,296,69175,29793,0.09,281,48589,13101,0.77,2471,24032,16113,3506,169600,94575
6082,2083,2083,73583,58146,0.82,1703,76747,65381,0.14,291,418,-134,2083,76345,60249,2083,2494,674,0.1,205,76946,30993,0.1,199,58750,17088,0.76,1593,22403,15565,2337,160035,87224
6083,2447,2447,86615,58003,0.77,1882,82090,65506,0.19,454,1875,22,2447,89807,62129,2447,3015,686,0.1,253,68866,32662,0.1,241,49088,16177,0.77,1873,30025,16189,2649,189077,93333
6084,5915,5915,76246,59081,0.81,4811,76357,64727,0.13,769,376,-322,5915,79223,61658,5915,2656,788,0.09,523,90955,38622,0.09,518,66667,18675,0.79,4663,22855,14664,6363,132708,66225
6090,132,132,98465,74922,0.7,92,75713,64107,0.14,18,8467,4308,132,102593,79751,132,4004,455,0.09,12,423520,166060,0.09,12,383059,108612,0.85,112,31203,17497,153,195069,57907
6100,11173,11173,81499,61143,0.85,9503,78857,65117,0.16,1748,1452,372,11173,84613,63493,11173,2932,905,0.1,1121,95746,20214,0.09,1047,74581,7350,0.81,9018,24964,14310,12194,149299,53093
6101,11512,11512,78446,62606,0.87,9979,78011,66326,0.14,1654,1335,276,11512,81092,65112,11512,2613,931,0.1,1139,62801,21140,0.09,1063,42542,8881,0.81,9360,22593,14700,12678,128918,54265
6102,9181,9181,56469,47124,0.86,7881,58524,50989,0.08,710,811,279,9181,58693,49139,9181,2201,599,0.14,1280,39855,19689,0.13,1179,25117,8420,0.73,6741,14583,9445,9782,74598,14994
6103,7650,7650,71989,60922,0.87,6658,74541,65272,0.12,922,331,-30,7650,74515,63366,7650,2471,880,0.12,882,63759,20155,0.11,839,47071,8756,0.82,6285,19413,13189,8289,100860,38440
6104,9865,9865,71453,58275,0.85,8355,73177,62500,0.13,1326,908,78,9865,74055,60290,9865,2519,820,0.1,996,87840,26000,0.1,950,67199,11024,0.79,7816,20214,13057,10814,119582,46704
6105,10657,10657,64265,54825,0.86,9121,67409,60000,0.11,1129,386,131,10657,66601,57061,10657,2296,747,0.11,1186,54097,25964,0.11,1121,36089,11269,0.78,8340,16928,11785,11418,88477,34546
6106,147,147,83522,58097,0.71,104,63611,56258,0.18,26,7481,6780,147,89274,66701,147,4759,454,0.14,21,339873,49270,0.14,20,304674,17748,0.8,118,26488,13223,156,144368,41917
6107,31070,31070,60169,51498,0.84,26139,63389,56509,0.11,3306,95,-118,31070,62323,53468,31070,2116,700,0.14,4369,64545,27000,0.13,4132,46468,12508,0.77,23897,15385,10382,32450,80973,27554
6108,14248,14248,59002,50988,0.83,11782,63423,57036,0.1,1471,-74,-296,14248,61014,52976,14248,1986,594,0.1,1448,50346,26452,0.09,1343,32037,11546,0.75,10641,15388,10933,15715,106470,48236
6109,7753,7753,57964,50252,0.82,6391,61020,54998,0.08,586,2409,657,7753,60137,51899,7753,2115,644,0.13,974,67398,35002,0.12,924,47018,14254,0.76,5897,14415,9861,8234,79524,30262
6110,26678,26678,62805,53312,0.85,22570,65705,58013,0.1,2572,-817,-582,26678,64896,55155,26678,2034,688,0.1,2632,67408,29114,0.09,2495,44689,12491,0.78,20688,16470,11262,28190,92693,42963
6111,14258,14258,66506,52830,0.81,11601,67882,58371,0.11,1595,1147,5,14258,68843,54664,14258,2288,600,0.08,1115,69007,30518,0.07,1065,43477,13133,0.76,10807,18999,12105,16050,129271,59043
6112,43374,43374,67790,57774,0.87,37628,70288,62636,0.1,4545,-974,-924,43374,70179,59890,43374,2356,841,0.09,3808,60414,23766,0.08,3654,40791,10188,0.8,34512,18206,12837,45397,89655,44928
6121,2077,2077,80418,59976,0.76,1580,74812,62140,0.17,363,923,-274,2077,83484,62727,2077,2981,730,0.1,208,85503,32753,0.1,207,57394,17651,0.79,1640,25138,14769,2238,172865,81020
6122,13988,13988,74365,61324,0.87,12202,74161,65336,0.09,1224,-498,-426,13988,77004,63866,13988,2605,960,0.08,1081,76713,30297,0.07,1044,53552,15140,0.81,11365,20875,14124,14562,100704,53796
6123,1486,1486,68573,58552,0.83,1236,71785,63482,0.09,136,-473,-99,1486,71548,61254,1486,2527,926,0.08,113,73074,31818,0.07,111,50331,15175,0.79,1168,19020,13042,1598,114094,49681
6124,770,770,74333,60472,0.81,627,78178,67414,0.17,128,1912,654,770,76932,63168,770,2411,828,0.07,57,91929,29821,0.07,57,63423,10313,0.77,591,22474,16145,869,150291,69954
6125,2139,2139,75933,58056,0.77,1655,76145,62316,0.16,344,2264,433,2139,79150,61223,2139,2929,795,0.1,216,102222,35893,0.1,210,81598,19887,0.78,1678,22804,14287,2313,164538,73309
6126,154,154,66011,48773,0.68,104,72579,59744,0.11,17,5494,6390,154,70491,52892,154,3659,640,0.12,19,69796,27194,0.11,17,53707,18893,0.68,105,22064,13898,173,164272,69080
6147,9458,9458,57609,48972,0.82,7787,62210,55748,0.1,934,-360,266,9458,59644,50912,9458,1968,582,0.11,1002,58720,23972,0.1,937,42659,10041,0.75,7058,14765,10349,10211,98211,41537
6148,11923,11923,79381,53829,0.75,8993,76347,61296,0.2,2380,2223,660,11923,82723,56591,11923,3231,661,0.09,1069,124615,25800,0.08,997,98912,11751,0.73,8744,27705,14379,12553,206143,76651
6149,12245,12245,76487,55673,0.76,9324,80234,64535,0.21,2604,1268,580,12245,79366,58376,12245,2805,700,0.08,948,137857,27466,0.07,890,109369,9927,0.74,9015,25482,15489,13223,217329,100397
6150,8646,8646,73110,49675,0.71,6130,77789,60006,0.22,1939,3479,2242,8646,76153,52118,8646,2913,576,0.08,703,271317,25445,0.07,636,263240,10522,0.7,6020,25458,14834,8905,232415,90449
6151,11608,11608,106327,65020,0.74,8641,91042,67083,0.19,2161,3961,2034,11608,111256,68047,11608,4808,868,0.09,1054,164391,28808,0.09,989,122983,10956,0.78,9103,40221,18085,12765,312434,90665
6152,17156,17156,85732,60212,0.78,13318,82606,65075,0.17,2982,2474,1178,17156,89261,63460,17156,3427,804,0.1,1638,140838,25944,0.09,1537,104887,10231,0.77,13174,29082,16091,18306,210762,73206
6153,15023,15023,114570,65262,0.71,10610,94980,67236,0.22,3351,2874,1658,15023,119772,69286,15023,4940,823,0.09,1325,245044,33017,0.08,1225,183497,12673,0.76,11457,46246,20130,15866,387145,112028
6154,6807,6807,90612,58119,0.75,5079,84523,65099,0.18,1204,2699,1376,6807,93874,60577,6807,3168,753,0.09,590,199426,25938,0.08,547,174816,10100,0.75,5089,33235,16761,7174,224216,97406
6155,34122,34122,69926,54414,0.81,27722,73331,61154,0.19,6578,-144,-230,34122,72482,56606,34122,2478,704,0.09,3074,94050,26774,0.08,2889,72411,10377,0.75,25564,21332,13722,35809,138974,57776
6156,11651,11651,97128,63923,0.78,9090,87693,67043,0.16,1816,2061,827,11651,100779,66767,11651,3552,855,0.09,1018,117681,26366,0.08,959,83199,10180,0.79,9178,34323,17364,12496,234316,96855
6157,9189,9189,87974,62928,0.79,7286,82490,66811,0.15,1340,2976,1198,9189,91517,66208,9189,3480,888,0.09,869,77889,25030,0.09,837,44976,9474,0.79,7274,28912,16684,10250,215814,97595
6158,5216,5216,111493,68594,0.75,3916,94067,68700,0.19,988,4897,2566,5216,115916,72844,5216,4284,938,0.1,523,148034,29259,0.09,495,98557,8972,0.78,4074,42931,20840,5797,298663,121937
6159,2837,2837,122793,67695,0.69,1956,94262,71357,0.19,543,6052,3323,2837,129779,73995,2837,6485,913,0.12,328,153514,35256,0.1,297,112730,11765,0.77,2194,49645,21112,3118,445709,121287
6160,6609,6609,85086,58785,0.8,5266,79506,62551,0.16,1064,4225,2714,6609,88830,61680,6609,3648,985,0.13,855,94443,26715,0.12,788,65288,11199,0.8,5259,27653,14448,7601,206427,62393
6161,109,109,60141,52499,0.94,103,61740,57107,0.13,14,-179,992,109,61903,54906,109,1763,600,0.09,10,36755,17286,0.07,8,31735,10075,0.83,90,14373,10476,129,69760,25691
6162,7865,7865,87468,58699,0.79,6200,78796,61418,0.17,1364,4637,2186,7865,90998,61586,7865,3387,884,0.13,1014,85542,24258,0.12,937,54531,8872,0.78,6148,28908,15180,8860,193105,79640
6163,35310,35310,71461,56808,0.82,28965,71764,61604,0.13,4730,1831,678,35310,74099,59017,35310,2557,733,0.1,3491,91701,25535,0.09,3281,69404,10331,0.78,27599,20668,13219,38976,140865,61746
6164,44124,44124,74075,62060,0.88,38626,75388,65744,0.13,5598,-604,-801,44124,76627,64248,44124,2510,921,0.08,3649,85376,26359,0.08,3457,63513,10656,0.82,36049,20507,14340,46583,113351,56706
6165,122,122,67027,52840,0.78,95,74798,61376,0.13,16,5220,324,122,74065,60708,122,6714,940,0.08,10,198379,41324,0.08,10,172244,17180,0.8,97,18779,12330,133,94305,36529
6166,7074,7074,80949,63441,0.81,5735,78895,65900,0.17,1213,2587,422,7074,84089,66092,7074,3054,928,0.08,570,69322,30699,0.08,544,41660,11002,0.8,5678,24556,15667,7698,168049,78314
6167,16822,16822,65082,55790,0.88,14766,67455,59818,0.08,1329,-784,-652,16822,67344,57844,16822,2218,751,0.08,1269,60288,23627,0.07,1189,42177,10631,0.79,13255,17064,12209,18256,88806,43224
6168,13874,13874,64743,53560,0.82,11426,68150,59766,0.12,1616,726,-56,13874,67201,55520,13874,2395,734,0.06,882,114677,25686,0.06,849,94204,10351,0.76,10568,17626,11936,15658,126806,54895
6169,21142,21142,68013,54376,0.83,17462,71731,61150,0.12,2574,130,-60,21142,70403,56376,21142,2357,770,0.07,1477,137689,25768,0.07,1408,119996,11114,0.76,16059,19454,13120,23540,138585,61067
6170,11270,11270,68563,60106,0.9,10151,71490,64511,0.08,871,-1095,-927,11270,70937,62476,11270,2345,954,0.08,953,43486,20000,0.08,911,26856,9652,0.81,9146,17897,13135,11644,80159,40582
6171,23832,23832,75453,63362,0.89,21310,78377,68603,0.09,2181,-1244,-929,23832,78118,65844,23832,2635,1160,0.07,1604,95482,22522,0.06,1539,76549,11526,0.81,19282,21361,15422,24838,105349,53311
6172,8239,8239,69144,56474,0.87,7198,71968,61876,0.11,886,-1409,-812,8239,71547,59102,8239,2367,883,0.06,510,61487,26836,0.06,492,37707,11544,0.78,6462,19170,13589,8975,116388,52192
6173,8019,8019,82024,65171,0.89,7140,83724,70083,0.12,968,-1566,-1022,8019,84891,68152,8019,2802,1216,0.07,527,166977,30608,0.07,522,136367,12740,0.81,6510,24501,17107,8649,134287,65084
6174,3731,3731,73348,60265,0.87,3258,75594,65102,0.09,325,-1206,-1189,3731,75929,62342,3731,2570,1178,0.08,299,72343,26860,0.08,282,49038,10597,0.8,2981,20641,15094,3869,102211,47435
6175,2535,2535,78270,63186,0.86,2169,79737,67897,0.12,309,-125,-333,2535,81195,65680,2535,2897,1115,0.08,203,93660,23379,0.08,193,68016,12944,0.81,2053,22627,15777,2741,137387,68583
6176,1353,1353,74121,60008,0.84,1135,73520,64798,0.1,136,1969,-301,1353,76929,62733,1353,2720,1064,0.07,100,74178,27410,0.07,97,50320,9893,0.79,1072,21639,14328,1401,116764,48569
6180,4135,4135,70772,57066,0.87,3586,74192,63055,0.08,344,-1670,-745,4135,73222,59375,4135,2375,820,0.07,300,62739,20000,0.07,274,46204,10910,0.77,3169,20632,14665,4245,100689,48560
6181,314,314,82698,65842,0.83,260,80517,60804,0.26,83,-690,-471,314,85591,66704,314,2872,982,0.04,12,143470,9578,0.04,13,98315,7039,0.77,241,26936,20766,349,162296,87601
6207,827,827,79092,62084,0.8,658,81637,68916,0.14,112,949,-194,827,82125,64494,827,2708,741,0.08,70,119668,37412,0.08,69,94483,18769,0.76,629,25482,19636,903,146137,75794
6208,7285,7285,69587,51620,0.79,5756,74956,61268,0.12,872,1415,26,7285,72264,54075,7285,2492,710,0.06,440,74876,34040,0.06,420,54771,17950,0.73,5317,21549,14401,8118,146889,62664
6209,1089,1089,70734,47495,0.78,847,69491,53055,0.14,152,722,261,1089,72992,49695,1089,2249,515,0.05,59,97574,39779,0.06,60,73241,14248,0.74,801,22536,12696,1232,144442,54788
6210,44339,44339,70512,50003,0.77,34303,72885,58180,0.12,5355,1361,81,44339,73211,52360,44339,2617,680,0.08,3347,82856,28180,0.07,3243,57728,11908,0.72,32134,22487,13000,48509,156850,62677
6211,5002,5002,73296,51820,0.79,3932,77403,60018,0.13,644,1843,632,5002,75895,53699,5002,2550,765,0.08,379,88020,27956,0.07,371,63921,12446,0.72,3608,24338,15109,5510,156145,67638
6213,421,421,65445,49012,0.78,329,68288,52457,0.15,63,1854,-439,421,67696,50810,421,2199,494,0.1,44,54051,26184,0.1,41,41258,11580,0.71,299,20014,14816,487,169174,73731
6214,474,474,70649,51122,0.75,354,75901,61071,0.12,59,12,-234,474,74576,55272,474,2530,422,0.09,42,96164,57946,0.09,44,74160,29924,0.73,345,22728,14352,480,176030,70960
6215,2460,2460,69956,51260,0.79,1952,74428,59741,0.12,299,1576,390,2460,72507,53174,2460,2435,644,0.08,193,92887,26005,0.08,191,68227,16010,0.73,1787,21946,14249,2706,160997,71644
6218,322,322,57866,45888,0.82,265,61075,46844,0.07,24,867,1454,322,60162,46318,322,2008,346,0.09,29,54477,39727,0.08,25,41030,36150,0.71,229,15991,9846,355,103132,33599
6219,171,171,60384,48062,0.83,142,66542,53615,0.06,11,1598,3741,171,62295,48323,171,1810,555,0.06,10,18266,15382,0.06,11,51078,20133,0.69,118,19301,12531,171,118045,31809
6220,3006,3006,63907,54110,0.81,2436,66872,59125,0.13,384,4046,2432,3006,67231,56655,3006,3024,632,0.06,194,87897,36261,0.07,197,64821,22538,0.76,2296,17412,12030,3270,141058,48998
6221,186,186,60695,47432,0.77,144,62475,49892,0.18,33,3170,1058,186,63270,49110,186,2442,300,0.07,13,208721,13343,0.06,12,228594,13037,0.71,132,17608,10066,186,175753,55230
6223,138,138,66468,51656,0.67,93,80065,53829,0.13,18,1618,877,138,68762,52549,138,1988,264,0.09,12,332360,36730,0.09,13,289149,14423,0.75,104,20390,10860,135,141032,46658
6224,754,754,64326,50882,0.8,600,66980,59862,0.13,98,3427,2001,754,67007,54358,754,2570,600,0.06,46,46534,27110,0.06,47,35793,14366,0.72,545,19258,12533,848,148169,54801
6225,5069,5069,65475,49801,0.82,4158,70044,58108,0.11,576,1551,549,5069,67791,51573,5069,2097,602,0.05,251,94189,31107,0.05,261,77221,17016,0.72,3654,19623,13613,5781,161430,67548
6226,631,631,79023,64620,0.82,518,80504,70290,0.2,125,1002,-273,631,81786,68165,631,2584,928,0.06,38,112206,37705,0.06,37,78412,21180,0.78,490,24618,19232,667,184017,90563
6227,493,493,74297,63066,0.83,407,76570,65710,0.17,85,2328,1074,493,77186,64821,493,2658,753,0.11,52,102647,52311,0.1,51,79272,26639,0.8,392,21455,15231,548,147924,87117
6228,104,104,59965,48980,0.59,61,56721,51109,0.17,18,4762,1928,104,63409,51714,104,3273,298,0.12,12,151988,54118,0.12,12,113660,38225,0.78,81,14131,9510,107,265974,64351
6229,120,120,63644,47744,0.74,89,54418,46800,0.23,28,6312,-452,120,66765,48306,120,2388,458,0.08,10,106793,58470,0.08,10,97759,25818,0.7,84,20674,9679,137,157689,59374
6230,27274,27274,68899,53600,0.83,22540,68162,57391,0.13,3671,2160,659,27274,71553,55666,27274,2564,630,0.07,1881,114905,27262,0.07,1838,80115,11278,0.77,20925,20035,12297,29976,146729,58528
6232,6917,6917,67734,55931,0.86,5943,70290,60022,0.1,721,1168,387,6917,70095,58130,6917,2323,688,0.06,408,80307,26583,0.06,394,54111,10780,0.78,5381,18729,12747,7554,122594,63367
6233,12807,12807,72936,57966,0.85,10826,75295,63562,0.13,1643,1091,440,12807,75655,60223,12807,2505,746,0.06,773,72765,23000,0.06,743,45166,9604,0.78,9948,21533,14660,13963,153293,73614
6236,1492,1492,73547,55340,0.76,1127,73949,62466,0.18,274,3694,1567,1492,77374,60012,1492,3438,677,0.08,119,111219,27844,0.08,114,90832,18063,0.77,1153,22043,14026,1621,198763,95078
6237,1695,1695,70405,56398,0.77,1309,71247,59149,0.18,304,3726,746,1695,74548,59388,1695,3633,659,0.1,169,96539,31551,0.09,158,70089,21312,0.77,1300,20765,13182,1871,173457,87945
6239,2994,2994,61425,48696,0.77,2302,65762,54400,0.14,430,2627,1082,2994,64412,50694,2994,2559,493,0.09,257,98500,24785,0.08,254,83745,22970,0.71,2124,18076,11856,3251,151896,69312
6240,103,103,63570,43639,0.69,71,62812,41978,0.24,25,4602,5169,103,65845,43639,103,1826,240,0.14,14,166535,15010,0.16,16,137767,4155,0.65,67,23185,9135,109,189024,66317
6244,1060,1060,69626,47770,0.62,660,55082,46538,0.16,170,3619,2336,1060,73990,50798,1060,3218,254,0.11,113,131492,40460,0.1,110,104217,36044,0.72,761,21700,10945,1065,157266,62322
6251,237,237,66689,49376,0.74,176,65151,56216,0.18,42,2441,1859,237,69327,51008,237,2465,642,0.11,26,124547,32743,0.11,25,82660,32308,0.76,179,19322,11719,240,129949,80484
6252,82,82,64304,48471,0.68,56,64607,59428,0.15,12,7551,4749,82,66624,48855,82,2096,300,0.13,11,64805,15936,0.13,11,54112,11400,0.7,57,20660,13308,92,114178,61822
6253,413,413,58025,37096,0.65,268,62451,46804,0.18,76,3405,3293,413,62729,40084,413,2785,344,0.16,65,45899,14384,0.16,67,32532,12836,0.61,251,20814,10889,422,195213,79926
6254,283,283,66138,52512,0.77,219,73472,63979,0.13,38,3130,715,283,68451,55194,283,2164,385,0.09,25,156479,42092,0.09,25,135964,30883,0.73,207,20000,15058,315,118975,61761
6255,2669,2669,63085,47351,0.71,1906,67179,54619,0.17,453,3426,2102,2669,65646,49219,2669,1987,324,0.12,330,61199,22006,0.12,313,46509,11474,0.7,1857,19477,11834,2928,171342,82439
6256,179,179,63511,45256,0.73,131,63884,50012,0.16,29,6857,5100,179,68513,51957,179,2934,280,0.13,24,37966,25412,0.13,23,31378,10401,0.74,132,17046,9559,185,152123,72337
6258,4122,4122,55347,45916,0.76,3135,55223,49157,0.13,556,3773,2202,4122,58103,48242,4122,2239,314,0.08,341,90700,32354,0.08,339,68377,17897,0.73,2994,14384,9041,4472,133910,55081
6260,925,925,63299,44649,0.73,679,54493,45763,0.15,136,3579,1489,925,66887,47365,925,2958,403,0.09,83,67314,18180,0.09,81,55967,13746,0.74,688,19045,8595,1040,138898,51131
6262,480,480,49891,38805,0.68,324,50624,41826,0.15,73,3158,1486,480,53362,39966,480,2646,187,0.14,69,101209,21600,0.14,69,90505,11203,0.63,304,14245,7248,487,127677,60472
6271,2202,2202,63908,50964,0.81,1789,66045,55408,0.11,243,1196,856,2202,66949,54184,2202,2407,614,0.08,171,63640,24925,0.08,167,44512,15192,0.75,1662,17860,11627,2431,124999,59067
6275,932,932,55335,41952,0.67,620,59056,47944,0.18,167,3117,2247,932,58704,43984,932,2390,342,0.14,128,62822,37420,0.14,127,39721,18776,0.66,615,16761,9066,1030,163669,76940
6280,19383,19383,63978,48444,0.76,14822,62606,51184,0.15,2837,3151,1232,19383,67183,51003,19383,2970,540,0.1,1894,114873,31585,0.09,1823,88850,12780,0.74,14347,18439,10621,20793,159955,68243
6281,6062,6062,77201,52173,0.71,4315,66838,51758,0.16,960,6219,3266,6062,81064,55068,6062,3714,662,0.14,873,78559,31877,0.14,828,50566,12383,0.76,4635,25042,11846,6558,217174,78782
6282,1112,1112,90333,49104,0.62,689,68209,45846,0.19,212,8265,4438,1112,96099,52890,1112,5307,558,0.18,199,78537,30640,0.17,194,50356,13911,0.73,809,34757,12865,1177,302350,98296
6284,1990,1990,68082,49296,0.77,1538,66341,52486,0.15,294,3798,1610,1990,70953,51794,1990,2563,599,0.15,294,65215,23491,0.14,282,47053,11380,0.75,1485,20778,11101,2061,154643,72947
6285,7599,7599,63177,47443,0.75,5734,60003,48354,0.16,1215,5991,2929,7599,67979,49891,7599,4609,561,0.18,1356,76691,29824,0.17,1288,53671,11788,0.75,5676,17942,9509,8157,133775,51497
6286,731,731,65548,44295,0.72,526,59664,45634,0.13,98,5775,2576,731,70124,46423,731,2844,520,0.19,140,71137,25033,0.2,145,46815,8929,0.72,527,21835,9189,752,140525,59282
6288,444,444,55356,41468,0.68,301,57469,46302,0.13,57,7253,4229,444,59147,43723,444,1908,330,0.16,73,74340,20921,0.16,70,60753,23953,0.69,307,16253,7677,453,162395,59614
6290,1101,1101,53093,37518,0.57,629,55629,45000,0.16,180,4719,2458,1101,55947,40214,1101,2612,299,0.14,152,76410,28134,0.13,148,53894,8750,0.64,703,16199,8366,1203,202103,83678
6302,2189,2189,63598,48578,0.71,1549,64350,55174,0.15,328,3094,1616,2189,68340,52000,2189,2732,396,0.1,211,106922,30210,0.1,209,86278,14875,0.7,1539,19620,12192,2394,141973,64725
6304,979,979,67860,48939,0.66,642,60789,50582,0.15,150,2099,1705,979,71798,51573,979,2739,300,0.08,82,144865,26858,0.08,81,131346,20027,0.71,693,21939,12630,1026,173019,68884
6306,641,641,66006,49089,0.62,395,51460,44304,0.16,100,3204,1926,641,70937,53521,641,4264,300,0.07,46,86560,22130,0.07,42,76896,12850,0.7,447,20544,12510,639,154244,55715
6308,945,945,63625,50692,0.67,632,56345,47516,0.15,138,3457,1736,945,67576,53241,945,3390,300,0.08,74,79230,20087,0.08,74,65423,12701,0.71,668,19135,12130,981,151101,53431
6309,196,196,64361,43846,0.68,133,58124,47212,0.12,23,2056,2020,196,72572,46828,196,3004,153,0.09,17,156321,36351,0.08,15,152750,25939,0.68,134,21292,12275,200,119450,63644
6311,340,340,54787,44708,0.71,242,57027,46298,0.17,58,4563,2058,340,58420,46444,340,2579,328,0.06,22,174132,38020,0.06,22,145679,27431,0.71,240,15073,9935,362,116201,58876
6312,2729,2729,60640,49767,0.78,2128,57221,50420,0.14,381,3988,2055,2729,64138,52566,2729,2982,508,0.06,170,107256,33836,0.06,161,82729,23811,0.76,2074,15599,10052,2994,133533,47265
6313,119,119,67216,53192,0.73,87,55378,49645,0.12,14,9469,1365,119,71893,55204,119,4610,521,0.03,4,72686,54080,0.03,4,40008,11660,0.81,96,16773,11383,121,143112,57023
6315,1242,1242,59842,48556,0.71,887,53507,47044,0.13,167,3367,1219,1242,65340,53210,1242,4088,639,0.07,89,165261,42640,0.07,92,123774,24807,0.73,901,16237,10623,1318,140068,48076
6316,212,212,73894,53186,0.58,124,50696,43716,0.15,31,13076,7064,212,79958,57030,212,5692,300,0.07,15,83489,52183,0.07,14,57309,11208,0.74,157,23194,13377,205,307098,61299
6317,2421,2421,59272,50277,0.8,1927,55145,51605,0.11,267,3146,1744,2421,62391,52471,2421,2682,434,0.05,125,83821,33348,0.05,123,65696,17822,0.76,1851,14761,9165,2595,96157,33384
6318,307,307,63794,47008,0.62,191,44931,41615,0.12,38,6827,3744,307,69379,51327,307,3502,309,0.11,34,131604,49388,0.1,30,116870,48140,0.72,220,19165,9297,306,195637,46045
6320,370,370,56593,50630,0.6,223,49261,43411,0.14,50,3711,2122,370,63042,53128,370,3607,220,0.06,23,120538,61818,0.06,24,83369,19359,0.74,273,14250,10901,366,150886,41561
6321,315,315,50016,45011,0.61,191,49100,42362,0.15,47,2423,508,315,53980,48519,315,2946,300,0.06,20,210610,36212,0.06,19,197003,36616,0.69,218,13485,8578,300,95260,33098
6322,145,145,58983,43724,0.53,77,44596,38040,0.19,27,7057,1609,145,65171,49489,145,4634,358,0.11,16,63554,20894,0.11,16,48503,21429,0.7,102,17760,9999,153,171908,64653
6323,638,638,53699,42142,0.71,453,56072,46862,0.12,77,2098,1106,638,56633,44106,638,2621,389,0.1,65,97064,32070,0.1,65,86402,23494,0.69,439,14340,8806,661,113526,49077
6324,2269,2269,54138,44714,0.72,1638,55940,49282,0.15,350,3123,1414,2269,57529,46819,2269,2657,351,0.11,245,85139,33185,0.11,250,63256,13778,0.7,1591,14938,9256,2384,129050,58113
6326,366,366,53517,46502,0.63,231,59205,55457,0.15,56,4202,1563,366,58189,50491,366,2957,258,0.15,55,122739,59991,0.15,55,101303,45963,0.68,250,14980,9503,341,135520,52005
6327,152,152,61581,35205,0.63,96,59126,41827,0.16,25,2146,903,152,65181,38776,152,2630,305,0.09,14,123030,25107,0.12,19,65327,13973,0.67,102,22030,7763,147,102217,47316
6328,279,279,70491,49172,0.61,169,50506,50226,0.18,50,4734,2220,279,82691,55983,279,4762,247,0.07,19,124887,64710,0.07,19,114427,23291,0.68,189,23641,12111,283,149242,52751
6330,23262,23262,60134,47711,0.76,17691,57855,50829,0.14,3353,4043,1955,23262,63093,49830,23262,2700,512,0.09,2168,98505,29124,0.09,2098,71971,14528,0.73,16954,16729,10057,24651,150985,61608
6333,3890,3890,55783,40528,0.65,2516,55871,43297,0.17,654,5094,2699,3890,58783,42446,3890,2660,310,0.18,683,78700,26335,0.17,655,57015,12212,0.66,2577,16759,8781,4069,181590,72875
6335,477,477,72812,56769,0.73,346,54161,49798,0.13,60,8270,2413,477,78657,60088,477,4707,498,0.07,35,97969,36672,0.08,37,78880,18011,0.75,358,21846,14459,488,160839,37265
6336,211,211,53784,45873,0.58,122,47953,49204,0.15,31,2005,731,211,64130,50800,211,5684,344,0.08,16,221032,32104,0.07,15,200764,32581,0.65,138,16543,10229,209,91277,39991
6337,386,386,77274,52922,0.67,257,54110,48650,0.16,61,2035,311,386,91955,59826,386,4962,386,0.07,26,195451,26602,0.06,23,189559,5235,0.77,297,25100,11945,402,89090,35036
6338,531,531,63350,49281,0.65,344,53105,44413,0.19,101,3348,1902,531,68914,53743,531,3822,299,0.09,49,89373,48152,0.08,44,73240,30104,0.73,385,20786,12427,562,197737,52442
6341,172,172,61613,56184,0.62,107,53279,50706,0.15,25,6186,2463,172,71086,60998,172,4463,400,0.08,13,93856,37547,0.08,13,83267,32974,0.73,125,17465,13460,171,143097,43637
6343,140,140,71594,48928,0.56,79,48458,44814,0.16,22,12740,2780,140,84373,56970,140,5675,62,0.07,10,273324,135432,0.07,10,228158,82880,0.69,96,23976,14390,133,143778,39001
6346,511,511,72349,57777,0.68,346,52150,44159,0.15,78,5268,2032,511,79941,63163,511,4709,323,0.06,29,138362,27516,0.05,28,101205,17838,0.78,397,19633,12548,512,151801,44326
6348,618,618,74706,56545,0.78,485,80274,69015,0.2,122,383,256,618,78033,58318,618,2979,600,0.09,53,58021,30100,0.08,52,45743,18816,0.74,460,23443,18113,672,116940,60780
6350,260,260,70196,53327,0.59,153,49693,45632,0.17,43,3554,1028,260,81547,56690,260,7876,602,0.07,18,46733,18130,0.07,17,31316,8148,0.75,194,19039,12020,266,130532,53759
6352,131,131,55988,46300,0.53,69,36994,25314,0.15,19,4443,2816,131,65287,53394,131,4166,99,0.07,9,140268,16860,0.06,8,139632,20232,0.65,85,16583,11096,134,133578,49312
6353,571,571,66823,56417,0.69,393,58142,52349,0.17,97,5118,2310,571,76106,60154,571,4227,495,0.09,49,123695,48042,0.09,49,101208,28826,0.78,443,17489,12686,546,132613,60811
6355,372,372,78621,56920,0.55,205,46272,37857,0.16,61,4248,1033,372,91179,71530,372,6417,150,0.06,23,151057,49784,0.06,22,112600,33690,0.76,282,27586,16579,379,194291,54120
6356,75,75,76186,66993,0.64,48,39009,23142,0.15,11,3201,7111,75,88383,79975,75,9005,313,0.03,2,801088,801088,0.03,2,704645,704645,0.77,58,22150,16161,80,127505,30079
6357,54,54,59177,45040,0.37,20,45171,41327,0.11,6,2055,-809,54,70851,45228,54,7888,195,0.06,3,73916,87173,0.06,3,53167,36145,0.69,37,17737,14188,54,186073,91682
6358,60,60,56845,46852,0.48,29,50105,48433,0.27,16,5152,3728,60,76538,65570,60,4061,0,0.1,6,43551,29046,0.1,6,20364,11111,0.7,42,15689,11731,62,76006,45245
6359,315,315,72122,46675,0.61,193,42054,38483,0.17,52,2957,2661,315,76391,49846,315,3545,200,0.08,26,403415,24337,0.08,25,392079,19561,0.7,220,23710,12335,312,222882,40697
6361,82,82,67328,60086,0.59,48,38956,28304,0.09,7,1095,1335,82,78572,72531,82,6607,392,0.06,5,51654,20022,0.06,5,42158,8770,0.73,60,19118,14940,78,179851,50091
6363,57,57,65042,53370,0.47,27,34163,29195,0.16,9,5234,4424,57,72647,54722,57,7582,0,0.04,2,145629,145629,0.04,2,17579,17579,0.81,46,14784,10108,54,122834,67314
6365,352,352,70493,58049,0.64,224,49073,42760,0.16,55,4119,1658,352,83225,62660,352,5632,240,0.08,27,185866,36159,0.07,24,164393,20284,0.76,266,20443,13600,342,193436,85142
6367,203,203,68403,53817,0.71,144,47140,42532,0.12,24,4127,1732,203,74643,58536,203,5170,500,0.07,15,46926,19500,0.07,14,30493,11952,0.76,154,18714,11565,227,140788,56259
6369,460,460,67501,52426,0.6,275,52943,47731,0.14,66,6778,3145,460,74643,55169,460,4050,395,0.06,29,306851,69824,0.07,30,250500,51094,0.73,338,20440,13216,468,180369,53276
6370,314,314,59682,47614,0.63,197,51051,44799,0.19,61,3861,1794,314,64406,51998,314,4021,193,0.06,18,100747,27012,0.06,20,95561,10520,0.71,224,17542,10893,305,243016,62476
6372,72,72,62390,45208,0.58,42,46909,34034,0.08,6,1690,1259,72,67972,45451,72,5495,300,0.11,8,73716,46240,0.11,8,58519,35232,0.74,53,16849,9652,85,141340,40541
6373,52,52,70890,43390,0.56,29,42611,30928,0.12,6,-880,1114,52,78142,48223,52,3236,236,0.02,1,3000,3000,0.02,1,269,269,0.67,35,23079,14017,48,109943,39377
6375,634,634,68740,57625,0.63,399,56547,52008,0.14,90,5145,1326,634,73484,61534,634,3476,300,0.07,44,180268,31657,0.06,41,152712,14270,0.74,468,20306,13747,633,158334,55973
6383,555,555,73008,53122,0.61,340,54552,46722,0.12,64,3423,2402,555,81513,58194,555,3934,300,0.08,44,112280,48636,0.08,42,89051,20320,0.72,398,23434,14707,580,143380,54778
6386,64,64,84804,53253,0.58,37,47115,38431,0.09,6,7290,4813,64,89433,56089,64,4429,258,0.06,4,39910,10726,0.06,4,31365,4879,0.69,44,30430,17963,67,147113,36462
6390,976,976,78598,68131,0.81,794,82199,75410,0.17,163,-259,577,976,81251,71160,976,2573,635,0.07,71,40592,21586,0.07,68,29869,15351,0.77,747,24273,19982,1104,156612,77248
6391,661,661,83307,66606,0.64,424,58447,52110,0.21,142,4957,2180,661,90218,69033,661,5955,457,0.06,38,138333,23325,0.05,33,120362,27715,0.83,546,23424,15176,661,151531,70286
6392,350,350,75878,61814,0.6,211,51249,46157,0.15,53,5735,4890,350,84003,66413,350,7560,432,0.07,24,213653,68176,0.07,24,166158,21745,0.82,288,20269,13371,345,171540,53673
6393,73,73,47376,29467,0.56,41,32181,27319,0.03,2,8747,8747,73,52876,33723,73,4668,20,0.05,4,41822,26216,0.05,4,39832,19278,0.63,46,13564,8884,60,95099,34901
6394,174,174,61449,45627,0.55,95,42456,42425,0.12,21,8711,5309,174,66499,50066,174,4972,180,0.09,15,121519,78510,0.09,16,73000,39720,0.71,124,16881,8937,176,111784,38160
6395,1317,1317,68509,55296,0.63,828,52423,48346,0.17,230,3334,2358,1317,73849,58803,1317,4592,398,0.07,89,134686,33515,0.07,90,107535,17599,0.76,1003,18856,11970,1327,179929,48790
6396,237,237,62289,48404,0.7,167,54284,49418,0.14,33,2084,614,237,67686,50536,237,2667,350,0.07,16,36341,25846,0.05,13,24164,8933,0.75,178,16537,10948,248,117828,50321
6398,337,337,54104,35348,0.61,205,51407,39825,0.12,41,2834,2023,337,56887,36272,337,2499,244,0.17,57,75105,24247,0.17,56,56074,13504,0.6,203,17595,8897,364,192586,79729
6401,4270,4270,62042,51587,0.81,3466,61769,54898,0.12,532,1882,529,4270,64905,53760,4270,2405,445,0.07,294,93244,31923,0.06,272,74930,17034,0.75,3199,16833,11542,4725,127978,49040
6403,132,132,51850,44002,0.69,91,53871,41748,0.16,21,1904,2171,132,54629,44968,132,1826,250,0.1,13,54628,25000,0.08,11,56211,20642,0.72,95,13356,6727,141,115957,50295
6405,193,193,55544,46858,0.7,136,53119,45174,0.11,22,185,146,193,59422,49719,193,3871,442,0.09,17,141629,45702,0.09,17,118889,33431,0.7,136,15516,11510,190,127673,56940
6407,568,568,67816,56097,0.71,402,61149,52172,0.12,66,1356,312,568,71936,57778,568,3825,396,0.05,26,143588,46339,0.05,28,113954,28202,0.77,435,19953,12782,587,155923,48334
6409,266,266,58150,46164,0.67,179,46590,41051,0.11,30,1312,202,266,63583,49978,266,4187,202,0.05,13,87005,21863,0.04,11,54645,22056,0.75,200,14881,10474,270,123835,33720
6410,572,572,59207,48314,0.76,432,53920,46316,0.12,71,2248,1233,572,61724,49474,572,2226,310,0.07,42,80376,14576,0.06,37,74981,9266,0.72,411,16215,10344,593,101654,43600
6411,90,90,60525,46056,0.66,59,50629,47680,0.21,19,3367,2616,90,73479,56280,90,3697,282,0.04,4,401264,7500,0.06,5,325601,24676,0.66,59,19861,10701,86,193287,62431
6415,1706,1706,65885,54628,0.8,1360,63406,55534,0.13,219,4820,2021,1706,69015,56668,1706,2539,456,0.05,81,76523,26823,0.05,79,58260,8842,0.76,1305,18282,12020,1854,118660,47890
6418,433,433,66555,49736,0.66,285,53892,50186,0.16,71,4868,2231,433,74072,55110,433,4382,374,0.08,33,151528,57263,0.07,32,129123,46566,0.7,305,20503,13126,449,167010,63668
6420,61,61,82728,59775,0.67,41,55350,52000,0.16,10,7868,1868,61,95222,69439,61,1795,50,0.13,8,101944,94982,0.13,8,77219,34284,0.84,51,23775,13025,68,75281,28020
6421,106,106,83363,67770,0.63,67,47561,37883,0.21,22,18755,7656,106,90565,73177,106,7177,140,0.03,3,35002,11036,0.03,3,21487,2684,0.8,85,23609,13205,101,144637,70449
6423,90,90,50373,49730,0.66,59,54859,48933,0.12,11,5799,3662,90,52780,50711,90,2392,342,0.06,5,967544,62915,0.07,6,1061443,43810,0.72,65,20466,10959,96,133973,59717
6425,92,92,76668,61616,0.51,47,46118,28123,0.25,23,5999,1652,92,83882,67609,92,6911,273,0.1,9,126753,101305,0.09,8,99382,64340,0.8,74,22660,15274,91,124806,47968
6426,419,419,72484,61431,0.75,316,72631,65866,0.13,56,7641,1884,419,78333,66123,419,3174,795,0.05,23,109972,31748,0.05,22,100455,20300,0.77,321,20947,15404,482,115727,57290
6429,424,424,66820,59124,0.89,379,68523,60563,0.1,41,-770,253,424,68471,60566,424,1652,530,0.05,20,66827,46224,0.05,22,51972,18760,0.77,326,18558,13497,525,85903,38368
6430,14333,14333,89920,77607,0.92,13210,88507,79809,0.16,2346,1519,350,14333,92769,80430,14333,2788,1059,0.05,696,122342,32135,0.05,697,95423,17765,0.85,12220,26414,19728,16416,116401,51766
6431,85,85,62679,50990,0.85,72,65425,61456,0.13,11,3188,716,85,65236,53677,85,2557,398,0.04,3,832863,32127,0.02,2,1146722,1146722,0.78,66,15687,12005,157,55267,5547
6432,4219,4219,78308,66069,0.92,3883,78815,68966,0.1,440,1564,970,4219,80550,68141,4219,2210,757,0.04,175,93568,27601,0.04,167,70669,14854,0.83,3489,21843,15783,4971,94268,39662
6436,59,59,72050,64376,0.9,53,72581,68237,0.07,4,-194,-1352,59,73835,67001,59,1785,339,0.08,5,99134,20869,0.1,6,75143,14903,0.92,54,16198,11185,67,56450,21846
6437,287,287,99861,91841,0.98,281,99020,92433,0.27,77,-599,-687,287,102281,95305,287,2419,1084,0.02,5,21006,16960,0.02,5,12006,6416,0.9,257,28090,22518,315,97553,58487
6438,332,332,67862,57834,0.83,276,69239,63190,0.08,28,142,144,332,71728,61443,332,2540,586,0.07,23,110329,86764,0.07,24,82603,33006,0.78,259,17841,12974,411,71627,19062
6440,229,229,68032,58747,0.9,207,68400,61838,0.1,24,-1408,45,229,70109,60161,229,1846,461,0.07,15,92061,100868,0.07,15,56265,28048,0.78,179,17594,12970,312,61652,18790
6442,1282,1282,89142,75240,0.93,1187,92849,80132,0.11,136,170,540,1282,91301,76732,1282,2135,858,0.03,38,93446,27872,0.03,40,76543,15628,0.83,1060,26970,21155,1504,101815,45265
6443,350,350,58932,51444,0.85,299,64222,56454,0.1,34,638,229,350,60861,52132,350,1848,554,0.04,15,68136,8990,0.04,15,56821,5448,0.75,262,15543,10127,442,80449,29573
6445,129,129,63514,48230,0.42,54,31240,25000,0.08,10,8252,5082,129,89773,51298,129,7863,173,0.09,12,406649,98942,0.09,12,371057,52447,0.66,85,24454,14273,118,197269,85278
6446,106,106,69473,60536,0.51,54,49564,54178,0.21,22,1541,295,106,84723,66654,106,10084,555,0.04,4,104594,70508,0.03,3,75268,37015,0.79,84,19905,13561,102,165727,67358
6447,93,93,89247,70717,0.56,52,54492,56990,0.12,11,41647,5771,93,108543,90920,93,7350,400,0.02,2,102116,102116,0.03,3,22785,10852,0.73,68,33772,21213,90,377437,44953
6448,214,214,62902,47382,0.7,150,57953,49332,0.15,32,817,146,214,70376,54296,214,3407,352,0.06,13,84121,51337,0.06,13,66099,26544,0.73,156,19681,11637,224,118797,35674
6450,8370,8370,71723,55230,0.78,6502,64288,55863,0.16,1367,3866,1503,8370,77067,58236,8370,3355,640,0.08,700,119723,36858,0.08,671,90791,19223,0.77,6408,21371,12877,8989,163467,58144
6460,422,422,62917,50800,0.65,276,58381,51813,0.14,58,5064,998,422,68260,53660,422,4075,428,0.06,27,130391,47428,0.06,25,106010,20036,0.74,314,17529,11635,453,148514,59636
6461,369,369,71048,52936,0.61,224,49558,40360,0.11,39,7705,3241,369,77769,57193,369,4757,350,0.09,34,127067,27630,0.08,31,114028,18799,0.75,278,20818,14977,372,176225,59706
6466,57,57,62273,52169,0.58,33,45527,46558,0.07,4,729,729,57,69017,58458,57,2190,50,0.09,5,177269,54666,0.09,5,185187,27722,0.67,38,19973,17938,52,176256,63911
6468,192,192,82978,59548,0.67,128,53848,46632,0.11,21,4384,4350,192,100071,71402,192,3911,280,0.1,19,86623,20000,0.09,17,72420,9480,0.76,145,29482,15560,192,151848,44927
6472,141,141,65016,51695,0.5,71,44737,40567,0.09,13,3127,1287,141,77250,53203,141,5862,141,0.03,4,340124,103804,0.03,4,235162,51560,0.69,97,19526,11623,125,123175,39560
6475,217,217,64022,49724,0.64,138,52520,44618,0.12,26,4687,1909,217,69713,52559,217,3699,280,0.07,16,172581,53061,0.06,14,171412,49936,0.71,154,19689,12607,200,154829,67868
6477,142,142,67270,63484,0.61,87,52476,50689,0.13,18,4230,2314,142,73487,65194,142,5656,366,0.08,11,22795,12665,0.08,12,11381,8925,0.73,103,19984,15868,138,177585,76245
6479,368,368,69321,54109,0.64,237,59335,52857,0.14,51,3155,1148,368,82449,60574,368,3961,332,0.08,30,126782,26646,0.08,29,101308,15625,0.69,255,22208,14486,371,127170,52942
6485,279,279,68550,54461,0.64,179,57928,51476,0.15,42,2343,354,279,75673,57966,279,4024,230,0.08,22,333612,52028,0.07,20,360950,86024,0.73,203,21970,15643,319,144285,58505
6488,106,106,66930,47940,0.57,60,49454,43280,0.1,11,13630,2760,106,72096,50628,106,3843,195,0.09,10,103994,57648,0.09,10,60046,29711,0.77,82,18594,11845,117,110843,60246
6490,124,124,51834,48470,0.69,86,56569,52632,0.05,6,2008,482,124,54825,51481,124,2745,202,0.04,5,24911,20432,0.04,5,30455,32192,0.7,87,16014,10510,136,91411,36267
6501,649,649,69014,56047,0.73,476,72896,63997,0.18,115,514,-539,649,71780,59667,649,2398,491,0.1,64,101004,54585,0.1,66,62231,15314,0.76,496,19398,14149,663,148038,71857
6502,819,819,62433,50945,0.74,603,68560,57801,0.16,127,1950,677,819,65904,52383,819,2648,610,0.1,81,106544,23981,0.09,76,97797,14360,0.71,581,19044,11249,914,149830,68595
6503,1465,1465,63590,48790,0.71,1040,64699,56228,0.15,214,2233,1234,1465,67248,52812,1465,2636,400,0.11,157,94056,30670,0.11,157,83031,18946,0.73,1070,19074,10950,1600,127432,51581
6504,82,82,61329,50030,0.73,60,75472,60498,0.15,12,125,-1502,82,64151,54665,82,2822,718,0.11,9,100684,54159,0.1,8,132168,44108,0.74,61,17721,9776,100,160590,35685
6505,96,96,55636,45526,0.56,54,49550,44356,0.14,13,4831,-844,96,67503,48754,96,4633,300,0.1,10,162318,88440,0.1,10,113151,41138,0.61,59,16904,13922,98,118690,55471
6506,52,52,60421,60080,0.63,33,57572,62381,0.13,7,2948,3642,52,67396,62978,52,5934,888,0.1,5,142644,84470,0.1,5,78251,74425,0.75,39,15047,12023,45,124463,74532
6507,384,384,69295,54205,0.67,259,61747,55386,0.14,55,3176,1609,384,74177,57568,384,4262,420,0.09,36,124037,29807,0.09,33,105677,27647,0.75,287,20858,12679,387,191586,67635
6509,91,91,67618,52918,0.66,60,59027,53241,0.23,21,11332,5650,91,75685,59798,91,5093,606,0.09,8,39954,31861,0.09,8,33340,32609,0.78,71,19290,10524,89,189492,63321
6510,1193,1193,66534,53162,0.78,927,61446,54204,0.15,174,2527,1271,1193,72844,57036,1193,3461,552,0.08,99,117136,40506,0.08,95,100684,27007,0.78,928,18060,11752,1357,134092,49373
6511,319,319,59746,46904,0.66,209,54656,47939,0.14,45,4034,2235,319,62796,49388,319,3031,300,0.11,34,118555,56618,0.11,36,80831,22588,0.69,220,16987,10207,354,159741,76064
6512,72,72,58501,44117,0.46,33,59960,42085,0.21,15,8037,3574,72,64665,44928,72,2689,250,0.14,10,86683,28702,0.11,8,68956,38864,0.74,53,16234,6618,64,177086,60079
6513,109,109,57239,51989,0.53,58,53146,50094,0.15,16,12351,4976,109,63182,52289,109,4311,300,0.08,9,80270,54300,0.07,8,57799,56280,0.77,84,16127,11099,114,241496,72997
6514,363,363,59989,46780,0.69,252,62041,51857,0.23,83,3811,1101,363,62740,50158,363,2342,300,0.1,35,108621,21551,0.09,33,96451,21076,0.7,254,17665,13010,423,201034,83704
6515,224,224,75675,57708,0.61,136,59799,52062,0.15,33,10879,3883,224,83545,65766,224,6384,316,0.07,16,121290,50806,0.07,15,100377,28861,0.79,177,21854,14684,224,213744,71341
6516,1368,1368,65948,46004,0.72,980,64037,51322,0.15,207,3783,1520,1368,68834,48668,1368,2694,390,0.09,122,112022,29792,0.09,118,84247,13152,0.7,951,20593,11193,1458,177745,74965
6517,268,268,60408,50896,0.7,187,57846,50967,0.17,46,705,760,268,70088,56316,268,4287,656,0.07,18,238071,29360,0.07,18,222125,16926,0.73,195,16779,11624,288,227415,60701
6518,141,141,57200,42645,0.74,105,57974,47752,0.14,20,503,218,141,63219,47634,141,3758,150,0.02,3,27975,4291,0.02,3,2186,482,0.7,99,16784,10488,158,140316,64515
6519,314,314,58854,49067,0.74,231,59595,56222,0.12,37,-335,190,314,63635,54716,314,3032,423,0.08,24,124448,21530,0.07,23,109334,11902,0.69,217,17513,11690,342,124564,45176
6521,268,268,62439,46580,0.61,164,59373,47031,0.19,51,5275,4473,268,68586,53785,268,3683,238,0.1,28,222208,50456,0.1,28,206131,35787,0.72,194,19303,11300,267,212804,44275
6522,318,318,75061,57902,0.7,222,56805,52137,0.09,28,1721,379,318,83873,67068,318,5817,594,0.08,25,159465,55908,0.08,25,163429,46156,0.74,235,24758,14335,347,210663,48505
6525,2135,2135,70562,49573,0.72,1546,67612,53796,0.14,290,3239,1131,2135,73251,51770,2135,2536,418,0.09,192,72988,27661,0.08,172,54238,12122,0.71,1516,23450,13925,2327,197988,81166
6528,282,282,73287,40354,0.65,182,64625,48018,0.12,35,5864,1411,282,81399,45048,282,2646,254,0.07,20,64372,45477,0.07,21,42326,25125,0.67,190,28927,11267,288,148492,58329
6530,20336,20336,68551,54838,0.82,16724,67004,57525,0.12,2506,1097,104,20336,71327,57088,20336,2605,666,0.07,1349,87115,31527,0.06,1279,58500,13140,0.78,15801,19255,12517,22294,140009,57604
6532,3852,3852,73120,60100,0.82,3167,73259,62786,0.16,606,1144,-94,3852,76623,63502,3852,2883,676,0.07,259,81622,29114,0.06,247,58709,15863,0.78,2998,21520,15273,4115,135483,70872
6535,835,835,61377,46171,0.65,546,58692,48146,0.15,126,881,126,835,67557,48739,835,3075,334,0.08,63,142311,30400,0.07,62,123707,19356,0.68,566,18761,11714,888,157203,64494
6536,877,877,62856,46399,0.7,614,57793,45070,0.17,146,5517,1891,877,65705,47893,877,2500,320,0.13,118,78520,31792,0.13,116,50498,14706,0.72,631,18479,10380,990,148873,64066
6537,551,551,60414,48016,0.83,457,58405,51543,0.15,84,3818,1226,551,62510,51485,551,2040,400,0.06,35,201083,24200,0.06,33,176727,13525,0.75,415,15506,9311,647,105484,40264
6556,1339,1339,73330,56531,0.83,1109,75818,62563,0.15,202,-55,-52,1339,75969,60499,1339,2492,733,0.09,127,79929,28145,0.09,122,62183,11557,0.78,1045,21747,13935,1487,139640,77907
6558,541,541,79290,51670,0.79,428,68194,57812,0.14,75,2611,527,541,81810,53367,541,2438,535,0.08,44,86283,25523,0.08,44,71219,17590,0.75,406,27921,12273,615,131863,66701
6560,802,802,63079,56512,0.84,673,70085,65640,0.12,96,-238,-564,802,65177,57238,802,2067,733,0.07,54,99596,29842,0.07,53,91396,18874,0.77,615,17024,12880,905,96399,58606
6562,830,830,67276,56431,0.79,658,73260,63120,0.14,114,2314,473,830,69392,57950,830,2044,600,0.1,79,68440,34366,0.09,73,51888,17841,0.77,636,18999,14295,926,132929,70480
6564,213,213,67703,58432,0.77,165,77174,68038,0.14,30,1694,1506,213,71229,62003,213,2572,1020,0.14,29,96043,48118,0.13,28,83149,23412,0.76,161,19259,13314,268,148981,73309
6566,2182,2182,65968,50112,0.74,1615,69616,59159,0.15,331,2917,1211,2182,69739,52152,2182,2379,457,0.1,229,66391,22494,0.1,219,50056,12763,0.72,1574,19946,12916,2360,153810,74883
6567,186,186,58003,41889,0.72,134,67219,47609,0.24,44,986,796,186,60416,44542,186,1861,326,0.16,29,39747,35046,0.16,30,20963,14496,0.72,133,16742,10241,192,136851,61485
6568,140,140,70072,53566,0.68,95,55249,48000,0.14,20,11877,2608,140,74577,57209,140,4502,569,0.06,8,101217,50892,0.06,8,78302,34922,0.74,104,20744,12630,141,137780,47753
6569,193,193,86473,55070,0.6,115,56239,52000,0.15,29,3289,2341,193,95499,57747,193,5907,325,0.04,7,66983,43616,0.03,6,54044,38940,0.74,142,30490,12398,199,128208,57734
6571,65,65,117400,71300,0.63,41,60511,59062,0.22,14,148,1734,65,123693,81231,65,6293,823,0.09,6,25971,5422,0.08,5,21491,12892,0.85,55,42659,17888,77,145771,46724
6574,59,59,74823,71402,0.66,39,73975,57913,0.19,11,6192,5134,59,82915,81294,59,4043,1758,0.08,5,43481,15048,0.1,6,17373,3280,0.83,49,20191,15140,57,129389,62756
6575,103,103,69214,67747,0.54,56,47645,39306,0.19,20,4198,3084,103,78254,74675,103,6013,150,0.05,5,64596,55110,0.04,4,48256,36332,0.74,76,20237,15309,105,229758,96169
6603,682,682,66470,54024,0.72,490,61850,53290,0.17,113,1897,954,682,71004,57996,682,3672,582,0.06,42,48365,15515,0.06,41,36135,7089,0.76,515,18653,13498,745,142108,57429
6606,134,134,62473,46044,0.57,76,41188,30283,0.13,18,3438,1963,134,68962,55206,134,4985,174,0.1,14,156034,27842,0.07,10,101878,11522,0.68,91,22142,14161,132,121235,65841
6608,74,74,91084,67948,0.72,53,57116,61631,0.11,8,4188,4249,74,95502,69794,74,4418,371,0.03,2,98066,98066,0.03,2,19994,19994,0.84,62,25635,14087,81,94831,31549
6609,619,619,79132,63599,0.78,482,66553,60952,0.13,82,10662,2686,619,85401,68076,619,4125,870,0.04,24,161944,37666,0.03,21,147642,21767,0.81,504,22806,14731,636,127606,37639
6612,122,122,69411,48076,0.59,72,49787,45978,0.17,21,6229,3914,122,79642,51014,122,4957,280,0.07,9,175907,43451,0.07,8,170899,23081,0.74,90,20736,9889,122,230189,73450
6620,191,191,60949,54020,0.65,124,56976,46062,0.15,29,-33,-802,191,65244,57425,191,3205,300,0.13,24,232238,53404,0.13,25,190658,17497,0.76,146,17462,14278,199,128546,62725
6623,326,326,70341,50456,0.7,229,56751,53121,0.11,36,-127,-764,326,81241,56490,326,3786,320,0.06,18,182422,23177,0.05,16,158123,9404,0.74,241,21743,12116,354,158191,50794
6630,299,299,63652,49249,0.72,215,54362,47456,0.12,36,4458,1780,299,74299,52330,299,5106,686,0.04,12,597464,32450,0.05,15,422374,13609,0.77,231,16563,10826,351,123282,39327
6635,89,89,56891,42342,0.83,74,48751,33346,0.1,9,414,-140,89,62247,46682,89,2203,107,0.07,6,132500,42152,0.08,7,79888,11669,0.66,59,16124,10243,101,90559,27831
6638,245,245,65076,50992,0.83,203,61458,53545,0.1,25,3867,3222,245,68267,53471,245,1639,283,0.1,24,146016,21294,0.09,23,118165,7938,0.75,184,17331,10945,325,68461,18398
6639,51,51,93177,62229,0.63,32,68087,66742,0.12,6,2195,3570,51,102121,69221,51,3141,330,0.16,8,174179,36708,0.14,7,155471,20244,0.71,36,34383,14094,46,141718,94410
6640,99,99,47484,45106,0.72,71,57275,56956,0.09,9,329,2773,99,49369,46760,99,1129,211,0.07,7,51239,10000,0.06,6,58296,16487,0.6,59,12843,8962,119,80742,29832
6642,437,437,62670,50383,0.83,361,58594,53810,0.08,33,1370,-23,437,65147,53820,437,2256,273,0.05,20,111435,10120,0.05,20,75772,7540,0.73,320,16069,10643,537,67425,14865
6646,130,130,53532,47112,0.86,112,55759,47228,0.12,15,-2744,645,130,57223,48644,130,1675,97,0.04,5,196150,108591,0.05,6,96945,46566,0.77,100,14197,6781,210,40801,5865
6701,2954,2954,63406,51900,0.79,2340,59599,52615,0.16,486,2393,1508,2954,66315,54002,2954,2157,462,0.07,205,107915,46460,0.07,198,84403,23260,0.78,2298,16182,10172,3398,108647,37997
6705,52,52,72221,71242,0.94,49,71089,65612,0.23,12,-2127,-1254,52,74018,71525,52,1796,741,0.1,5,31747,16176,0.08,4,7946,7594,0.88,46,16849,14330,67,112421,60449
6707,2154,2154,72803,52796,0.88,1894,64269,52101,0.19,407,4967,2857,2154,75829,55630,2154,3016,888,0.12,253,62510,20305,0.12,248,42332,9262,0.82,1775,19473,9784,2374,117840,49560
6710,499,499,94557,80989,0.92,461,92628,78929,0.26,128,-457,-871,499,96882,83174,499,2203,1065,0.05,27,51316,17368,0.05,25,12606,5450,0.87,433,27556,19765,653,112747,57219
6713,767,767,113254,92488,0.89,682,108262,93394,0.32,242,790,450,767,116567,96032,767,3303,1338,0.05,38,52318,21602,0.05,42,39195,10484,0.89,683,35755,24462,883,207541,116910
6714,10431,10431,102257,86822,0.94,9783,100714,88219,0.28,2876,-550,-387,10431,105206,89966,10431,2895,1383,0.05,511,83542,25500,0.05,495,55443,11860,0.87,9049,31478,23076,12044,128841,66457
6716,353,353,113676,129525,0.93,327,119233,139248,0.4,140,-1670,-956,353,116676,132333,353,2989,1263,0.05,16,18880,11135,0.05,16,10092,3168,0.83,293,38080,40924,406,161864,106480
6718,287,287,54653,40545,0.88,253,54284,39785,0.13,38,-2045,-1446,287,55754,41174,287,1097,299,0.03,8,90138,59339,0.02,7,71708,19808,0.68,194,15134,10363,458,57628,13664
6720,1311,1311,101149,95823,0.95,1241,100578,98459,0.29,379,-1250,-1039,1311,103532,98301,1311,2340,1168,0.03,37,43372,14978,0.03,38,31220,8884,0.85,1113,31518,29085,1525,138434,79902
6721,2749,2749,120388,99772,0.92,2540,110226,99356,0.31,856,774,12,2749,124159,103201,2749,3610,1751,0.05,150,76613,21316,0.05,149,54792,11533,0.89,2438,39139,28406,3356,141100,74543
6722,6477,6477,95715,83222,0.94,6111,95504,86393,0.19,1232,-607,-638,6477,98619,85808,6477,2844,1260,0.04,266,60253,24974,0.04,267,42734,14166,0.85,5513,28953,22301,7861,97728,43595
6725,7498,7498,72612,63024,0.89,6639,70360,63930,0.17,1294,2310,912,7498,75185,65030,7498,2377,590,0.09,685,96680,31275,0.09,640,70664,13862,0.82,6165,19313,13682,8623,108476,48935
6726,2637,2637,72968,60133,0.89,2356,70104,60834,0.18,464,3232,1162,2637,75676,62439,2637,2690,750,0.08,211,98828,22608,0.08,198,73713,12180,0.82,2170,19843,12992,2948,114772,41451
6728,2099,2099,63427,55775,0.89,1860,62732,57852,0.13,268,665,-39,2099,65520,58065,2099,2018,660,0.05,111,74770,20616,0.05,103,56394,14822,0.76,1602,16188,12438,2528,77588,23282
6740,486,486,57419,47674,0.9,439,57194,49618,0.11,55,892,845,486,58552,48182,486,1123,232,0.03,17,58859,21140,0.03,17,50785,15127,0.72,350,14175,8483,673,67418,12521
6743,3716,3716,70568,59988,0.9,3362,65116,59807,0.17,638,4189,2202,3716,73094,62356,3716,2231,570,0.07,273,77327,28806,0.07,256,59118,16614,0.82,3047,17896,12234,4444,104620,38731
6751,1734,1734,101523,102490,0.95,1648,101873,106396,0.29,497,205,-283,1734,104275,105384,1734,2719,1224,0.06,100,91164,14734,0.06,99,76041,9758,0.86,1483,31305,29875,2061,135858,72520
6753,2739,2739,97364,86176,0.96,2626,94976,87182,0.23,624,-419,-511,2739,99806,88878,2739,2403,1057,0.04,107,41899,19923,0.04,105,27958,9704,0.87,2380,28985,22932,3422,110591,42098
6754,797,797,109890,118093,0.95,761,109940,122873,0.24,192,-1939,-718,797,112407,120513,797,2485,1120,0.04,33,146818,17446,0.05,38,74068,7141,0.86,689,34602,35552,927,141547,82509
6760,116,116,63293,58257,0.9,104,62541,59072,0.14,16,2138,2051,116,65015,61318,116,1722,758,0.04,5,10000,8000,0.05,6,2429,2305,0.72,84,17216,12604,167,70297,18786
6765,980,980,53392,40033,0.89,877,50082,38319,0.05,49,3776,3045,980,54754,41400,980,1352,58,0.03,26,65057,33265,0.02,21,33117,14758,0.68,663,13697,7341,1359,39307,5056
6770,927,927,52106,41888,0.88,817,49875,41895,0.07,63,924,1233,927,53544,42800,927,1130,146,0.03,28,238569,65520,0.03,28,202873,49272,0.67,617,12940,9024,1344,44773,6010
6798,838,838,83949,83492,0.89,743,83024,84615,0.32,265,3123,1408,838,87312,86238,838,2999,1472,0.08,65,115872,36873,0.08,64,81795,16498,0.85,716,22334,19375,897,172225,104971
6799,274,274,62229,57408,0.91,250,58680,50032,0.24,65,2258,238,274,64475,59273,274,2186,1286,0.08,22,77755,35082,0.09,24,54344,27484,0.83,227,13520,8741,300,117975,57254
7000,10441,10441,72388,53378,0.81,8420,65097,54478,0.15,1547,7101,4282,10441,75623,55126,10441,3128,673,0.13,1347,96409,23031,0.12,1259,58469,9673,0.77,8019,21975,11777,11301,182660,50910
7004,5313,5313,78988,52637,0.75,4011,66489,54816,0.16,834,7109,4600,5313,82683,55308,5313,3674,724,0.14,742,93718,24984,0.13,685,54428,9125,0.76,4035,26466,11689,5717,255386,68032
7005,9634,9634,90459,48700,0.72,6956,68916,49976,0.17,1591,7606,4906,9634,94197,51358,9634,3642,550,0.12,1160,111351,22332,0.11,1058,65143,8412,0.71,6840,36299,12066,10061,319490,56913
7007,2190,2190,86815,53013,0.79,1730,70768,56163,0.16,348,4706,3124,2190,92440,54984,2190,5602,688,0.11,251,72480,17656,0.11,230,41506,8741,0.75,1642,31400,13844,2386,236838,96659
7008,8595,8595,67520,54457,0.83,7092,66094,58253,0.13,1095,6284,3601,8595,70279,56745,8595,2733,770,0.12,1015,68050,22837,0.11,955,39431,10650,0.79,6758,18527,11654,9181,172029,68836
7009,8601,8601,54031,48790,0.86,7356,54651,51338,0.09,743,5802,3884,8601,55899,50615,8601,1840,646,0.13,1144,54554,19110,0.13,1079,38752,8097,0.78,6676,12003,8506,9294,97386,32126
7010,10727,10727,51212,47211,0.85,9162,52292,50119,0.07,728,4321,2506,10727,53059,49088,10727,1830,624,0.11,1232,62091,19068,0.11,1157,48507,9530,0.76,8165,10970,7743,11632,92379,29910
7011,9076,9076,53604,49506,0.85,7750,54851,52528,0.07,599,3866,2082,9076,55581,51284,9076,1960,728,0.09,820,59376,22022,0.09,775,41347,10340,0.77,6998,11834,8743,9824,105524,45544
7012,547,547,59971,54913,0.81,444,62168,60962,0.1,52,6920,3672,547,62430,58421,547,2194,702,0.11,58,104153,34924,0.11,59,74280,20630,0.79,434,14544,11017,605,139439,83287
7015,6976,6976,64359,52736,0.76,5315,65581,59482,0.12,844,5038,3078,6976,66800,54682,6976,2414,657,0.09,653,70619,24885,0.09,609,45687,10343,0.75,5235,17923,11242,7453,190521,92900
7016,1378,1378,48752,47028,0.89,1224,50094,49282,0.03,46,1565,1404,1378,50348,48182,1378,1592,580,0.06,89,88015,25040,0.06,87,66500,11877,0.78,1070,9451,7120,1515,70943,34438
7017,3998,3998,62595,56327,0.84,3357,62537,58601,0.11,438,4059,2582,3998,65300,58420,3998,2641,800,0.08,338,97693,33446,0.08,326,72801,16998,0.8,3208,15392,10877,4211,154442,85423
7018,14430,14430,64550,53088,0.8,11579,63726,57746,0.12,1718,5098,2926,14430,67054,55224,14430,2459,716,0.09,1326,74362,24237,0.09,1245,48527,10485,0.77,11125,17425,11101,15624,180309,79618
7019,4415,4415,53040,50013,0.89,3914,54152,52797,0.06,247,2217,1522,4415,54914,52119,4415,1865,692,0.09,377,54971,23520,0.08,353,39093,11349,0.78,3442,11330,8723,4660,78322,35245
7020,1768,1768,67020,55904,0.77,1363,65152,61052,0.16,290,5202,3330,1768,70209,58899,1768,3138,789,0.14,241,109875,34850,0.13,229,77378,15036,0.79,1399,17948,12670,1915,201948,113524
7021,1635,1635,67170,55758,0.79,1292,64122,58988,0.16,266,6045,2698,1635,70273,58647,1635,3103,968,0.1,170,120718,38844,0.1,163,92701,15594,0.77,1263,18561,12815,1775,205561,101635
7022,592,592,57385,51274,0.76,447,58162,54957,0.12,69,6046,3847,592,60158,53044,592,2359,512,0.12,73,102107,31610,0.12,73,75813,12482,0.75,445,14633,10354,656,168467,93571
7023,236,236,63676,50816,0.76,179,56207,52082,0.14,33,9148,3852,236,66579,53600,236,2813,667,0.1,23,157444,34325,0.09,22,93496,13166,0.72,171,18162,13862,251,200418,106806
7024,368,368,76566,62552,0.74,271,69567,62765,0.17,61,3420,2335,368,80856,64470,368,4264,1108,0.13,49,126803,59386,0.12,46,92851,23212,0.82,300,21748,13518,395,249600,127051
7025,1208,1208,62344,50248,0.73,885,63024,56530,0.14,175,4873,3665,1208,65407,53854,1208,2901,614,0.11,136,85499,37238,0.11,135,65017,15338,0.74,891,17489,11046,1284,193802,96538
7026,658,658,55325,51378,0.82,539,58034,54738,0.09,59,4304,2741,658,59115,54674,658,2954,718,0.11,73,125658,25819,0.1,67,116646,13646,0.76,502,13486,9075,730,120997,59419
7027,168,168,49552,42174,0.74,125,50629,47725,0.08,14,4173,3190,168,51433,44356,168,1568,485,0.15,26,88905,24264,0.15,25,68077,20269,0.65,110,13506,8434,185,91437,57081
7030,10577,10577,53540,48671,0.86,9060,53734,51169,0.07,716,3439,2032,10577,55878,50638,10577,2196,682,0.07,740,88611,33902,0.07,708,69296,17792,0.77,8151,11946,8346,11388,101102,44412
7050,9002,9002,59981,49449,0.8,7245,61057,54409,0.12,1042,4666,3338,9002,62428,51632,9002,2421,633,0.1,918,72339,21559,0.1,856,50334,9643,0.75,6710,15944,10401,9528,149388,60173
7052,4904,4904,66387,52964,0.77,3791,65595,58063,0.13,637,5290,3403,4904,69276,55514,4904,2867,740,0.09,457,89167,26787,0.09,436,59109,12460,0.76,3710,19016,11845,5333,195699,93140
7053,2307,2307,76385,55827,0.73,1673,72349,62863,0.16,380,7346,4581,2307,79879,58272,2307,3492,717,0.13,296,77443,25074,0.12,286,42322,10958,0.73,1686,25416,14925,2515,254128,126827
7054,5840,5840,86718,53772,0.79,4595,63177,57577,0.14,789,4840,2914,5840,89525,56352,5840,2716,708,0.12,720,87650,30121,0.12,677,62748,12948,0.77,4479,31043,11920,6266,172349,89376
7055,331,331,59156,54984,0.88,291,59567,57608,0.05,18,5823,646,331,61177,56632,331,2020,784,0.08,27,77595,40224,0.08,25,57696,11273,0.8,266,13743,10194,348,119887,66639
7109,5859,5859,54847,46809,0.76,4467,56713,52577,0.11,647,5935,3360,5859,57660,49091,5859,2631,556,0.13,746,80672,29037,0.12,714,61247,15005,0.72,4243,14173,9374,6401,136945,61985
7112,1890,1890,50468,38572,0.7,1319,50873,45568,0.11,211,5636,3107,1890,52807,40484,1890,2133,320,0.16,306,85575,26086,0.16,295,66745,14127,0.66,1244,13990,7286,2070,142014,54146
7113,717,717,50867,41459,0.71,512,55778,47770,0.13,95,5894,5231,717,52852,43629,717,1939,410,0.14,98,72372,29300,0.13,96,54695,15916,0.65,468,14249,9532,791,156611,63761
7116,1337,1337,48694,42148,0.73,975,52927,48639,0.11,143,5413,3303,1337,51006,43753,1337,2245,460,0.11,151,57290,28278,0.1,139,65499,14954,0.68,910,13631,8288,1484,133738,59949
7117,535,535,50609,41210,0.68,363,53345,45871,0.1,51,4315,2039,535,53013,42792,535,2325,520,0.13,68,66467,17514,0.11,61,53093,6874,0.7,374,12854,8285,579,147772,58312
7120,1010,1010,49904,42692,0.72,729,48242,46450,0.06,65,5401,3393,1010,53223,44877,1010,2492,511,0.13,129,132293,40670,0.12,122,115262,31182,0.69,700,12446,7365,1084,111307,53016
7140,6582,6582,51698,46852,0.84,5503,53786,51090,0.07,457,3949,2218,6582,53895,49200,6582,2073,678,0.07,484,84415,23872,0.07,470,67982,11586,0.75,4927,11773,8442,7365,108567,51196
7150,1947,1947,57984,46980,0.72,1398,57756,52269,0.16,303,6761,5039,1947,60674,50059,1947,2511,532,0.16,304,77987,30459,0.15,296,52519,14866,0.69,1353,16628,10402,2134,172042,76638
7155,597,597,65412,45141,0.65,386,68399,52964,0.15,89,6747,3535,597,68215,47130,597,2763,502,0.15,88,62748,29200,0.14,85,42101,10358,0.66,397,20627,11175,631,221671,113597
7162,437,437,60422,39192,0.62,271,57113,47431,0.14,60,5361,4228,437,64463,39773,437,4040,380,0.15,65,63285,20758,0.14,62,50038,13143,0.64,279,20830,9386,467,220501,104620
7163,231,231,54013,37104,0.63,145,58098,41328,0.16,36,8079,4898,231,55492,40006,231,1479,300,0.16,38,54559,23340,0.16,36,32745,14204,0.61,142,17882,8954,256,222850,92035
7170,3801,3801,74595,60163,0.77,2943,70691,63359,0.17,638,5001,3076,3801,77962,62983,3801,3264,803,0.11,405,145744,47880,0.1,387,112731,22999,0.79,3006,21943,13834,4012,228434,123037
7171,2280,2280,58046,53743,0.86,1953,59122,57332,0.09,198,4715,2561,2280,60113,55585,2280,2050,734,0.08,182,61559,26622,0.07,170,41732,11351,0.8,1824,13058,9896,2454,120219,64376
7172,2616,2616,55062,49756,0.82,2136,56853,53857,0.08,218,3727,2476,2616,57608,51848,2616,2072,600,0.1,262,101300,48514,0.1,254,78256,21815,0.77,2012,12659,9141,2794,122624,54305
7173,4459,4459,56200,49488,0.81,3628,57086,53494,0.11,500,4935,2523,4459,58482,51655,4459,2224,755,0.13,582,94233,35514,0.13,566,75453,15975,0.77,3418,13394,9332,4922,129517,66510
7174,116,116,55003,43958,0.69,80,58613,55028,0.11,13,2324,2289,116,57240,43972,116,1936,294,0.24,28,50602,38581,0.24,28,33072,20373,0.66,76,16620,9800,122,138474,62224
7175,149,149,56683,37193,0.69,103,50791,44780,0.05,8,5430,4106,149,61032,42917,149,4348,437,0.16,24,58465,30798,0.15,23,44198,18413,0.67,100,18004,6314,160,175846,47105
7176,108,108,49025,42706,0.82,89,50750,47158,0.11,12,3130,3622,108,51276,44971,108,2251,552,0.09,10,57744,12066,0.09,10,40195,4254,0.7,76,11558,6678,108,99252,52846
7177,278,278,48817,41168,0.73,202,48992,48592,0.13,37,5261,3656,278,52079,43721,278,2279,610,0.14,38,140601,64498,0.13,37,123978,36374,0.69,193,11857,7314,300,128629,52171
7178,175,175,66680,35277,0.67,118,49376,44731,0.09,16,7222,4217,175,69254,37086,175,2555,371,0.17,30,36545,16646,0.18,31,27718,9355,0.61,106,29021,8294,182,127037,57765
7179,240,240,48822,40938,0.64,154,50606,42304,0.18,42,5488,4351,240,51428,42830,240,2331,444,0.2,48,57725,33898,0.2,49,38797,13788,0.65,155,13248,8873,266,180547,97321
7180,89,89,50564,38082,0.58,52,52401,50308,0.11,10,8327,3834,89,52093,39756,89,1469,200,0.1,9,46264,37499,0.13,12,25352,12119,0.64,57,15490,7676,105,109934,50305
7182,138,138,44036,44108,0.75,103,44863,51277,0.14,19,4580,2521,138,44959,45174,138,923,429,0.12,16,75949,19758,0.12,16,69134,16008,0.64,88,10057,7451,157,121744,56097
7184,454,454,48471,36770,0.68,310,46490,39798,0.1,45,5340,3673,454,50278,37846,454,1729,342,0.17,75,72756,24815,0.15,69,63137,13360,0.65,295,12710,5298,520,140192,51960
7185,77,77,48569,33814,0.55,42,45068,35466,0.19,15,7590,6106,77,54218,37964,77,2926,417,0.23,18,44046,26065,0.22,17,23417,8431,0.58,45,13065,9012,80,230218,95075
7186,91,91,35928,32963,0.63,57,46842,44564,0.04,4,1304,674,91,39949,36846,91,4020,352,0.09,8,178466,9130,0.08,7,161745,62354,0.56,51,9071,4797,102,148286,70061
7187,74,74,48708,39328,0.54,40,40733,31596,0.22,16,9706,8387,74,52113,42230,74,3374,180,0.18,13,59082,27561,0.16,12,41185,12446,0.65,48,12771,4504,95,140467,75506
7190,1938,1938,49915,40937,0.7,1355,51271,46628,0.12,231,5454,2937,1938,52966,42912,1938,2659,457,0.12,233,117852,32000,0.12,223,100287,15459,0.67,1295,13198,7497,2178,158292,70052
7209,242,242,63286,45235,0.68,164,48045,46932,0.14,33,13346,4339,242,67148,47549,242,2915,384,0.15,36,175259,47791,0.14,35,142398,20003,0.72,174,19557,7771,242,126409,56838
7210,558,558,58969,44912,0.76,426,49306,46206,0.11,63,10570,3156,558,62927,47544,558,3396,550,0.09,50,137141,33794,0.09,48,122297,20076,0.71,398,16339,8145,614,113799,50297
7211,128,128,49974,44786,0.8,103,51068,48960,0.15,19,5871,6358,128,53147,47302,128,3173,680,0.12,15,61897,33084,0.12,15,54740,19014,0.7,90,13580,8191,134,207840,40785
7212,1072,1072,65828,47237,0.75,808,58026,52828,0.11,117,6631,2299,1072,68575,49881,1072,2532,592,0.12,126,84690,27601,0.11,123,62110,14555,0.74,794,20432,9047,1179,194846,84773
7213,166,166,43659,36332,0.73,122,47642,42160,0.07,12,7077,7406,166,46992,38772,166,2913,428,0.13,21,133599,78990,0.11,19,149149,77504,0.64,107,11630,7355,168,70619,33762
7214,290,290,42280,36614,0.73,211,47585,41407,0.1,29,3167,2300,290,43843,37829,290,1519,353,0.12,36,59600,27224,0.12,35,48217,13801,0.63,182,10361,5754,328,101502,42350
7215,2311,2311,49716,38050,0.69,1591,48129,41238,0.15,346,5008,2738,2311,52096,39426,2311,2220,350,0.17,384,76445,21962,0.16,366,58868,10476,0.66,1533,13242,6541,2564,162235,56494
7216,1911,1911,47799,36566,0.66,1260,45119,38970,0.15,282,4774,2818,1911,49854,38246,1911,1908,303,0.14,277,81156,29320,0.14,267,60830,15450,0.64,1214,13066,6220,2078,143816,57277
7248,8975,8975,47442,42903,0.87,7809,47907,45363,0.06,569,3999,2165,8975,49221,44501,8975,1748,510,0.09,845,55897,13906,0.09,766,47175,7018,0.74,6600,9916,6527,10009,74685,19692
7249,7926,7926,59441,51428,0.85,6728,58094,53767,0.09,728,4089,1800,7926,61674,53364,7926,2221,708,0.09,701,75225,19580,0.08,661,52685,8975,0.8,6304,14093,9260,8546,122150,52701
7250,31475,31475,64362,51176,0.81,25499,60457,53534,0.11,3617,4377,2661,31475,67172,53240,31475,2756,681,0.09,2980,103647,24423,0.09,2813,75074,10306,0.77,24327,17535,10113,33971,174377,70951
7252,1916,1916,65589,49683,0.77,1484,64506,55830,0.15,279,5053,2289,1916,68443,52452,1916,2609,688,0.1,193,80442,31906,0.1,189,60869,15792,0.75,1440,19135,11049,2133,192376,93674
7253,2447,2447,51779,43187,0.81,1974,53092,46776,0.09,220,3280,1829,2447,53623,45000,2447,1818,480,0.06,142,60539,21532,0.06,136,46093,10982,0.7,1724,12905,7899,2766,133210,50653
7254,335,335,53195,45034,0.74,249,54692,49872,0.14,48,2738,3413,335,56142,46446,335,2014,454,0.15,50,82671,25162,0.14,48,75482,19806,0.72,242,13097,8568,376,131438,63470
7255,519,519,59136,46242,0.64,334,53694,49898,0.14,75,7516,3879,519,62117,49576,519,2289,438,0.19,99,85921,24010,0.19,97,55698,11455,0.7,362,15644,9674,541,165227,78146
7256,1062,1062,61176,48786,0.74,787,53418,48837,0.15,156,5849,3084,1062,64490,50905,1062,2990,424,0.17,181,92743,37071,0.16,172,66359,13912,0.75,793,15418,8085,1090,173701,68760
7257,52,52,42671,37260,0.79,41,36634,30468,0,0,0,0,52,43438,38520,52,759,296,0.08,4,135664,66226,0.06,3,147924,68166,0.69,36,7870,3154,57,53898,22315
7258,617,617,96151,63431,0.71,436,75436,60312,0.19,120,5961,3575,617,101326,65738,617,4626,670,0.12,74,143923,46040,0.12,76,83670,26548,0.81,500,33289,15833,656,328726,130922
7259,309,309,57329,50843,0.78,241,55546,53608,0.13,39,4539,1875,309,59911,53216,309,2547,522,0.1,31,44196,18095,0.1,30,27909,15404,0.73,227,14823,10231,341,127564,72145
7260,1829,1829,50123,44586,0.79,1444,50358,47329,0.1,190,4144,2814,1829,52555,46164,1829,2060,441,0.1,181,101387,38276,0.1,175,83937,19842,0.72,1321,11581,7633,1988,121622,52162
7261,148,148,50064,38394,0.7,104,46375,38433,0.13,19,3905,4220,148,54413,40447,148,2554,266,0.07,11,48476,15672,0.07,10,40549,13171,0.68,100,12512,5781,165,123816,55979
7262,1094,1094,115514,49096,0.75,820,55147,50904,0.15,163,7421,3226,1094,118705,51467,1094,2877,534,0.13,139,129520,35448,0.12,129,110306,17513,0.74,810,52221,9394,1178,163816,68376
7263,337,337,46070,38163,0.7,235,45804,38564,0.09,31,5301,3837,337,52257,40108,337,3036,300,0.1,34,144501,17954,0.09,32,125514,15300,0.68,228,10750,5211,341,85268,39559
7264,302,302,45539,35404,0.7,210,38646,35790,0.12,37,7487,4522,302,47470,36467,302,1725,295,0.14,43,69582,11859,0.13,39,60693,5969,0.64,192,11153,5944,328,109068,36729
7265,136,136,42612,39481,0.71,97,41834,40624,0.14,19,3584,3315,136,44587,40764,136,1694,300,0.13,18,108519,31806,0.13,18,81415,9002,0.7,95,8778,5328,159,132392,41296
7267,487,487,61123,51527,0.79,387,59791,55590,0.11,53,1453,1540,487,63886,53413,487,2318,594,0.12,60,86048,42332,0.13,62,61602,22900,0.75,363,17187,11469,535,150405,81675
7268,669,669,57945,48038,0.76,508,60326,54509,0.12,83,4953,3470,669,60682,50580,669,2624,586,0.14,91,91375,28160,0.13,90,74847,15453,0.74,492,15387,10041,731,134678,78006
7270,2280,2280,52843,41896,0.74,1696,52536,47196,0.11,250,5832,3560,2280,55070,43640,2280,2057,407,0.09,199,77519,32176,0.08,193,57237,17228,0.68,1557,14103,8374,2620,147103,61285
7275,2030,2030,54494,45619,0.75,1532,57057,51206,0.13,266,3374,2690,2030,57216,47850,2030,2485,542,0.1,209,114600,32141,0.1,204,96998,15585,0.72,1458,14333,9666,2248,169980,79261
7276,354,354,53277,46788,0.77,273,55690,51977,0.12,42,6270,2201,354,55225,48628,354,1948,466,0.09,31,39101,15533,0.08,30,22714,13440,0.75,267,12497,8187,372,131868,65090
7277,3976,3976,62048,52141,0.79,3153,62543,56028,0.13,503,3333,2088,3976,64538,54196,3976,2447,656,0.08,331,93879,29316,0.08,315,70804,13567,0.76,3017,16726,10826,4360,153448,79546
7290,1492,1492,57140,52880,0.86,1284,58349,55218,0.1,155,2597,2265,1492,59163,54182,1492,2017,730,0.08,119,69368,31570,0.08,115,50293,14553,0.81,1208,12765,9678,1618,122245,72353
7291,461,461,61234,54179,0.82,376,59495,56018,0.1,48,3650,2314,461,63951,56970,461,2564,721,0.08,39,57228,35346,0.09,41,42032,17280,0.78,358,15827,11477,487,140722,81165
7292,416,416,53746,47234,0.7,291,56939,52492,0.12,52,7924,4327,416,56558,50868,416,2435,318,0.11,45,183218,49219,0.11,46,165329,25158,0.73,305,13400,8636,429,177711,72232
7300,2372,2372,58339,52376,0.85,2019,58338,54949,0.08,178,3948,2418,2372,60788,54587,2372,2435,800,0.08,191,68092,28710,0.08,182,48776,16186,0.8,1900,13468,9312,2569,138707,70535
7301,2712,2712,56573,48792,0.78,2116,55195,51420,0.11,287,5695,3113,2712,59703,50758,2712,2795,598,0.09,248,115060,37988,0.09,244,96236,16962,0.75,2037,14263,8824,3093,147769,58056
7302,1101,1101,54983,48934,0.81,891,52894,52000,0.1,110,5041,3106,1101,57772,51579,1101,2622,577,0.09,96,69844,28688,0.08,90,52457,16522,0.76,836,12686,8719,1346,112054,44591
7303,1700,1700,50672,45440,0.76,1289,53774,50588,0.11,180,5553,2804,1700,53370,47854,1700,2191,538,0.11,186,65896,29001,0.11,179,50986,15576,0.7,1192,12777,8812,1958,122702,46533
7304,3634,3634,51683,41631,0.72,2630,52775,47370,0.11,410,5279,3559,3634,54791,44096,3634,2535,472,0.13,463,101085,27024,0.12,440,88382,17255,0.68,2467,14111,7977,3877,128577,48771
7305,665,665,48920,45152,0.81,540,52415,48928,0.08,56,4637,1985,665,51076,46669,665,2106,582,0.09,61,279065,29921,0.09,57,282479,15477,0.74,492,10784,7322,710,90434,46530
7306,2455,2455,49365,42519,0.75,1829,54704,49767,0.09,233,4189,2317,2455,51824,44666,2455,2025,534,0.12,298,84895,31344,0.12,297,69858,23202,0.69,1689,12412,7920,2591,127664,63505
7307,6701,6701,59524,48268,0.8,5330,59380,53007,0.11,715,4847,2304,6701,62731,50488,6701,2635,717,0.09,592,81028,33011,0.09,573,64172,15432,0.75,5018,16005,9469,7337,158371,73772
7310,16364,16364,55848,47322,0.82,13398,55913,51006,0.1,1662,3512,1918,16364,58237,49695,16364,2303,685,0.08,1382,105219,24348,0.08,1339,85970,11759,0.75,12237,13953,8775,17900,129721,55351
7315,8685,8685,55980,47030,0.81,7010,57143,51473,0.11,979,4727,2640,8685,58525,49254,8685,2383,671,0.08,691,87527,31711,0.08,675,68064,15303,0.74,6456,14123,9159,9495,145110,69865
7316,3799,3799,59468,49093,0.8,3025,60618,54548,0.12,460,3883,2020,3799,62121,51229,3799,2490,633,0.09,337,88829,36669,0.09,326,67719,20107,0.73,2790,16269,10607,4218,154731,75038
7320,9779,9779,59680,49114,0.84,8247,59319,52741,0.09,911,3604,1777,9779,61961,51015,9779,2198,648,0.07,672,108195,26158,0.07,644,86592,12060,0.75,7368,15745,9611,10782,132853,52002
7321,2723,2723,57130,45908,0.8,2171,60492,51527,0.12,319,4449,3068,2723,60815,48084,2723,2381,531,0.09,257,92683,31893,0.09,256,73522,21684,0.72,1972,15759,9530,2971,135947,63760
7322,2122,2122,58506,49921,0.84,1775,60489,54010,0.11,229,3745,2058,2122,60820,51665,2122,2251,746,0.08,162,68296,26862,0.08,160,50162,15823,0.77,1643,14355,9544,2415,139624,70896
7325,4787,4787,57283,48000,0.79,3785,59556,54124,0.11,521,3573,2380,4787,60030,50302,4787,2395,616,0.08,392,102926,33014,0.08,379,87210,23649,0.73,3513,15196,9936,5303,150714,71669
7330,3929,3929,55132,48028,0.81,3198,52501,48546,0.09,356,3832,1975,3929,57818,49594,3929,2101,434,0.09,363,122067,34169,0.09,347,102971,18229,0.76,2974,13096,8543,4305,114192,48241
7331,392,392,59396,48284,0.75,295,56275,48370,0.15,57,4335,2957,392,64121,50587,392,2835,464,0.08,33,122539,50425,0.08,33,82230,27657,0.73,288,16080,11599,425,160695,79259
7467,883,883,58984,45351,0.84,739,60333,51735,0.07,65,625,-67,883,61168,47836,883,2152,647,0.04,34,81407,18238,0.04,31,70574,7282,0.72,639,16123,9490,1048,109615,49061
7468,414,414,61415,54816,0.83,343,61705,55907,0.12,49,2189,1727,414,64425,57456,414,2573,880,0.08,32,49767,24363,0.07,28,45310,13131,0.8,330,15072,10471,469,129037,65275
7469,390,390,63289,51234,0.82,319,65879,58463,0.06,25,4619,3170,390,65011,52558,390,1668,450,0.05,20,113049,16178,0.05,20,95918,11130,0.73,285,17016,12603,434,100945,53214
7470,338,338,67937,49823,0.85,287,72752,59307,0.09,29,5207,2303,338,69634,54082,338,1627,624,0.05,17,20837,14000,0.04,15,17045,9435,0.72,242,21075,13971,374,132318,48771
