SAL_CODE_2021,SAL_NAME,Total_Population,Median_Age,Median_Income,Household_Size,STATE_NAME,Census_Year
SAL10001,Aarons Pass,33,59,1625,2.4,NSW,2021
SAL10002,Abbotsbury,4200,42,2621,3.3,NSW,2021
SAL10003,Abbotsford (NSW),5431,47,2263,2.3,NSW,2021
SAL10004,Abercrombie,1127,39,2202,2.8,NSW,2021
SAL10005,Abercrombie River,21,58,1024,1.8,NSW,2021
SAL10006,Aberdare,2542,36,1251,2.5,NSW,2021
SAL10007,Aberdeen (NSW),2051,41,1426,2.4,NSW,2021
SAL10008,Aberfoyle,121,37,2250,2.9,NSW,2021
SAL10009,Aberglasslyn,6552,32,2147,3.0,NSW,2021
SAL10010,Abermain,2544,37,1449,2.7,NSW,2021
SAL10011,Abernethy,317,37,2069,3.0,NSW,2021
SAL10012,Abington (NSW),29,42,2374,2.7,NSW,2021
SAL10013,Acacia Creek,30,53,949,2.1,NSW,2021
SAL10014,Acacia Gardens,3668,36,2796,3.2,NSW,2021
SAL10015,Adaminaby,339,52,954,2.0,NSW,2021
SAL10016,Adamstown,6335,36,1875,2.4,NSW,2021
SAL10017,Adamstown Heights,5621,39,2325,2.8,NSW,2021
SAL10018,Adelong,938,49,1158,2.3,NSW,2021
SAL10019,Adjungbilly,101,41,2312,2.8,NSW,2021
SAL10020,Afterlee,32,64,762,1.8,NSW,2021
SAL10021,Agnes Banks,996,38,2454,3.1,NSW,2021
SAL10022,Airds,3265,29,944,2.9,NSW,2021
SAL10023,Akolele,165,43,778,2.4,NSW,2021
SAL10024,Albert,77,50,1187,2.6,NSW,2021
SAL10025,Albion Park,13826,36,1938,2.9,NSW,2021
SAL10026,Albion Park Rail,6920,41,1411,2.5,NSW,2021
SAL10027,Albury,4955,45,1601,2.0,NSW,2021
SAL10028,Aldavilla,1443,36,1222,2.5,NSW,2021
SAL10029,Alectown,151,49,1803,2.4,NSW,2021
SAL10030,Alexandria,9649,34,2654,2.0,NSW,2021
SAL10031,Alfords Point,3131,43,2969,3.3,NSW,2021
SAL10032,Alfredtown,80,41,2624,3.1,NSW,2021
SAL10033,Alice,4,59,1074,3.0,NSW,2021
SAL10034,Alison (Central Coast - NSW),85,47,2249,2.9,NSW,2021
SAL10035,Alison (Dungog - NSW),99,53,1375,2.1,NSW,2021
SAL10036,Allambie Heights,7317,43,2890,3.0,NSW,2021
SAL10037,Allandale (NSW),68,49,2124,2.3,NSW,2021
SAL10038,Allawah,5351,36,1774,2.5,NSW,2021
SAL10039,Alleena,60,31,1875,3.2,NSW,2021
SAL10040,Allgomera,139,53,949,2.4,NSW,2021
SAL10041,Allworth,190,48,1213,2.2,NSW,2021
SAL10042,Allynbrook,54,64,1083,1.9,NSW,2021
SAL10043,Alma Park,58,50,1833,2.8,NSW,2021
SAL10044,Alpine,141,49,2291,2.8,NSW,2021
SAL10045,Alstonvale,431,53,2038,2.6,NSW,2021
SAL10046,Alstonville,5912,51,1312,2.3,NSW,2021
SAL10047,Alumy Creek,86,41,1281,2.6,NSW,2021
SAL10048,Amaroo (NSW),44,45,2166,2.7,NSW,2021
SAL10049,Ambarvale,7254,34,1431,2.8,NSW,2021
SAL10050,Amosfield,40,63,1249,1.9,NSW,2021
SAL10051,Anabranch North,6,33,3250,1.7,NSW,2021
SAL10052,Anabranch South,41,46,1125,2.7,NSW,2021
SAL10053,Anambah,64,37,3049,3.4,NSW,2021
SAL10054,Ando,49,51,2250,2.8,NSW,2021
SAL10055,Anembo,72,48,2083,2.5,NSW,2021
SAL10056,Angledale,167,50,1474,2.5,NSW,2021
SAL10057,Angledool,34,56,825,1.6,NSW,2021
SAL10058,Anglers Reach,78,65,900,1.9,NSW,2021
SAL10059,Angourie,192,58,1437,2.3,NSW,2021
SAL10060,Angus,384,45,1890,3.0,NSW,2021
SAL10061,Anna Bay,4221,52,1189,2.3,NSW,2021
SAL10062,Annandale (NSW),9487,38,2683,2.3,NSW,2021
SAL10063,Annangrove,1472,44,2650,3.5,NSW,2021
SAL10064,Appin (NSW),3213,33,2423,3.2,NSW,2021
SAL10065,Apple Tree Flat,46,49,1375,2.4,NSW,2021
SAL10066,Appleby,35,41,1812,3.5,NSW,2021
SAL10067,Appletree Flat,16,33,1375,2.6,NSW,2021
SAL10068,Apsley (NSW),116,47,1437,2.5,NSW,2021
SAL10069,Arable,21,46,3125,2.4,NSW,2021
SAL10070,Arakoon,445,59,1321,2.2,NSW,2021
SAL10071,Araluen (NSW),209,53,1042,2.1,NSW,2021
SAL10072,Aratula (NSW),4,54,0,4.0,NSW,2021
SAL10073,Arcadia (NSW),1475,46,2659,3.2,NSW,2021
SAL10074,Arcadia Vale,1431,45,1550,2.5,NSW,2021
SAL10075,Ardglen,50,58,1041,2.1,NSW,2021
SAL10076,Arding,182,53,1328,2.3,NSW,2021
SAL10077,Ardlethan,472,55,786,2.0,NSW,2021
SAL10078,Argalong,16,44,1999,2.7,NSW,2021
SAL10079,Argenton,1352,40,1318,2.3,NSW,2021
SAL10080,Argents Hill,207,52,1042,2.3,NSW,2021
SAL10081,Argoon,16,45,2750,3.5,NSW,2021
SAL10082,Ariah Park,439,51,1010,2.3,NSW,2021
SAL10083,Arkell,36,47,1593,2.9,NSW,2021
SAL10084,Arkstone,24,41,1625,3.5,NSW,2021
SAL10085,Armatree,164,43,1333,2.5,NSW,2021
SAL10086,Armidale,23967,36,1432,2.3,NSW,2021
SAL10087,Arncliffe,12023,34,2046,2.7,NSW,2021
SAL10088,Arndell Park,6,45,1375,1.3,NSW,2021
SAL10089,Arrawarra,591,66,718,1.9,NSW,2021
SAL10090,Arrawarra Headland,615,47,1605,2.7,NSW,2021
SAL10091,Artarmon,9417,37,2420,2.5,NSW,2021
SAL10092,Arthurville,47,46,2166,2.8,NSW,2021
SAL10093,Arumpo,40,35,1843,2.8,NSW,2021
SAL10094,Ashbury,3353,44,2571,2.9,NSW,2021
SAL10095,Ashby (NSW),316,61,1113,2.0,NSW,2021
SAL10096,Ashby Heights,292,55,1233,2.4,NSW,2021
SAL10097,Ashby Island,18,57,1024,2.3,NSW,2021
SAL10098,Ashcroft,3634,32,1089,3.1,NSW,2021
SAL10099,Ashfield (NSW),23012,36,1888,2.3,NSW,2021
SAL10100,Ashford (NSW),659,54,855,2.2,NSW,2021
SAL10101,Ashley,351,34,1899,2.7,NSW,2021
SAL10102,Ashmont,3747,36,994,2.3,NSW,2021
SAL10103,Ashtonfield,4589,39,2148,2.8,NSW,2021
SAL10104,Asquith,6160,36,2300,2.7,NSW,2021
SAL10105,Atholwood,68,50,1406,2.6,NSW,2021
SAL10106,Attunga,542,43,1428,2.5,NSW,2021
SAL10107,Auburn (NSW),39333,31,1533,3.3,NSW,2021
SAL10108,Auburn Vale,127,47,1812,2.8,NSW,2021
SAL10109,Austinmer,2725,42,2586,2.8,NSW,2021
SAL10110,Austral,6847,31,2168,3.1,NSW,2021
SAL10111,Austral Eden,145,52,1375,2.7,NSW,2021
SAL10112,Avalon Beach,10379,46,2481,2.8,NSW,2021
SAL10113,Avisford,45,50,1124,2.4,NSW,2021
SAL10114,Avoca (NSW),208,54,2250,2.7,NSW,2021
SAL10115,Avoca Beach,4708,43,2358,2.8,NSW,2021
SAL10116,Avon (NSW),0,0,0,0.0,NSW,2021
SAL10117,Avondale (NSW),1695,40,1524,2.4,NSW,2021
SAL10118,Avonside,157,47,2250,2.7,NSW,2021
SAL10119,Awaba,430,40,1726,2.8,NSW,2021
SAL10120,Aylmerton,195,51,1825,2.3,NSW,2021
SAL10121,Baan Baa,166,47,1770,2.5,NSW,2021
SAL10122,Babinda (NSW),14,59,1875,1.9,NSW,2021
SAL10123,Babyl Creek,4,64,575,1.0,NSW,2021
SAL10124,Back Creek (Bland - NSW),54,29,2250,3.4,NSW,2021
SAL10125,Back Creek (Gwydir - NSW),20,42,2250,3.6,NSW,2021
SAL10126,Back Creek (Mid-Coast - NSW),20,62,1375,2.4,NSW,2021
SAL10127,Back Creek (Queanbeyan-Palerang Regional - NSW),7,60,900,1.8,NSW,2021
SAL10128,Back Creek (Tenterfield - NSW),4,69,575,1.0,NSW,2021
SAL10129,Back Creek (Tweed - NSW),27,48,1062,2.6,NSW,2021
SAL10130,Back Forest,91,56,1374,2.9,NSW,2021
SAL10131,Backmede,153,46,1843,2.8,NSW,2021
SAL10132,Backwater,19,64,900,1.9,NSW,2021
SAL10133,Badgerys Creek,168,40,1271,3.0,NSW,2021
SAL10134,Badja,9,74,1187,1.7,NSW,2021
SAL10135,Baerami,93,48,1208,2.5,NSW,2021
SAL10136,Baerami Creek,27,41,1416,2.6,NSW,2021
SAL10137,Bagnoo,43,59,1437,2.3,NSW,2021
SAL10138,Bago,45,37,2083,3.4,NSW,2021
SAL10139,Bagotville,60,50,1749,2.4,NSW,2021
SAL10140,Bakers Creek (Mid-Coast - NSW),41,52,1375,2.6,NSW,2021
SAL10141,Bakers Creek (Nambucca Valley - NSW),24,57,366,1.5,NSW,2021
SAL10142,Bakers Creek (Uralla - NSW),13,59,1937,2.3,NSW,2021
SAL10143,Bakers Swamp,60,49,1791,2.2,NSW,2021
SAL10144,Balaclava (NSW),574,40,2023,2.9,NSW,2021
SAL10145,Balala,122,56,1375,2.2,NSW,2021
SAL10146,Balcolyn,1002,43,1525,2.5,NSW,2021
SAL10147,Bald Blair,53,34,1416,3.1,NSW,2021
SAL10148,Bald Hills (NSW),321,44,1487,2.7,NSW,2021
SAL10149,Bald Nob,20,44,1375,2.7,NSW,2021
SAL10150,Bald Ridge,17,25,1574,2.5,NSW,2021
SAL10151,Baldersleigh,55,49,1562,2.2,NSW,2021
SAL10152,Baldry,67,37,1625,3.0,NSW,2021
SAL10153,Balfours Peak,45,43,1012,3.0,NSW,2021
SAL10154,Balgowlah,8068,41,2681,2.5,NSW,2021
SAL10155,Balgowlah Heights,3546,43,4687,3.3,NSW,2021
SAL10156,Balgownie,5722,42,1912,2.6,NSW,2021
SAL10157,Balickera,18,37,2749,3.5,NSW,2021
SAL10158,Balladoran,140,48,1350,2.8,NSW,2021
SAL10159,Ballalaba,29,52,1125,2.3,NSW,2021
SAL10160,Balldale,168,47,1218,2.3,NSW,2021
SAL10161,Ballengarra,97,45,1483,2.9,NSW,2021
SAL10162,Ballimore,240,43,1857,2.6,NSW,2021
SAL10163,Ballina,9735,56,1013,2.0,NSW,2021
SAL10164,Ballyroe,3,54,725,1.0,NSW,2021
SAL10165,Balmain,10454,42,3039,2.2,NSW,2021
SAL10166,Balmain East,1900,46,3020,2.2,NSW,2021
SAL10167,Balmoral (Lake Macquarie - NSW),730,45,1931,2.6,NSW,2021
SAL10168,Balmoral (Wingecarribee - NSW),469,43,2147,3.0,NSW,2021
SAL10169,Balranald,1240,47,1197,2.3,NSW,2021
SAL10170,Bamarang,35,53,949,2.8,NSW,2021
SAL10171,Banda Banda,0,0,0,0.0,NSW,2021
SAL10172,Bandon Grove,135,51,1624,2.8,NSW,2021
SAL10173,Bangadang,11,23,1499,3.5,NSW,2021
SAL10174,Bangalee (NSW),818,46,2181,2.9,NSW,2021
SAL10175,Bangalow,2752,40,2097,2.7,NSW,2021
SAL10176,Bangheet,37,56,1562,2.0,NSW,2021
SAL10177,Bango,122,43,2625,2.6,NSW,2021
SAL10178,Bangor (NSW),5536,43,2626,2.9,NSW,2021
SAL10179,Banksia,3277,41,2018,2.8,NSW,2021
SAL10180,Banksmeadow,508,33,2225,2.0,NSW,2021
SAL10181,Bankstown,34933,34,1331,2.9,NSW,2021
SAL10182,Bankstown Aerodrome,5,69,1999,2.0,NSW,2021
SAL10183,Bannaby,47,52,1125,2.2,NSW,2021
SAL10184,Bannister (NSW),141,52,2250,2.4,NSW,2021
SAL10185,Banoon,19,52,1208,2.0,NSW,2021
SAL10186,Banora Point,16460,49,1268,2.4,NSW,2021
SAL10187,Banyabba,31,56,1312,2.1,NSW,2021
SAL10188,Bar Beach,1292,41,2300,2.3,NSW,2021
SAL10189,Bar Point,122,52,1125,1.7,NSW,2021
SAL10190,Bara,19,51,1125,1.8,NSW,2021
SAL10191,Baradine,783,50,1034,2.2,NSW,2021
SAL10192,Barangaroo,220,40,4591,1.8,NSW,2021
SAL10193,Barcoongere,0,25,0,0.0,NSW,2021
SAL10194,Barden Ridge,4129,41,3134,3.3,NSW,2021
SAL10195,Bardia,5747,30,2417,3.5,NSW,2021
SAL10196,Bardwell Park,2320,42,2386,2.8,NSW,2021
SAL10197,Bardwell Valley,2344,42,2099,2.9,NSW,2021
SAL10198,Barellan,459,48,1262,2.2,NSW,2021
SAL10199,Bargo,4516,41,1736,2.8,NSW,2021
SAL10200,Barham,1569,58,995,2.1,NSW,2021
SAL10201,Barigan,0,0,0,0.0,NSW,2021
SAL10202,Barkers Vale,196,50,784,2.4,NSW,2021
SAL10203,Barmedman,404,48,864,2.4,NSW,2021
SAL10204,Barneys Reef,0,0,0,0.0,NSW,2021
SAL10205,Barnsley,1735,39,1784,2.7,NSW,2021
SAL10206,Barooga,1888,46,1375,2.3,NSW,2021
SAL10207,Barraba,1329,58,776,1.9,NSW,2021
SAL10208,Barrack Heights,6003,41,1340,2.5,NSW,2021
SAL10209,Barrack Point,725,48,1836,2.6,NSW,2021
SAL10210,Barraganyatti,150,45,1149,2.6,NSW,2021
SAL10211,Barragga Bay,91,63,1187,2.1,NSW,2021
SAL10212,Barratta (NSW),12,41,2249,1.8,NSW,2021
SAL10213,Barren Grounds,0,0,0,0.0,NSW,2021
SAL10214,Barrengarry,214,50,2062,2.5,NSW,2021
SAL10215,Barretts Creek,12,55,749,3.0,NSW,2021
SAL10216,Barringella,30,52,2624,2.6,NSW,2021
SAL10217,Barrington (NSW),394,55,1262,2.3,NSW,2021
SAL10218,Barrington Tops,0,57,350,1.0,NSW,2021
SAL10219,Barry (Blayney - NSW),153,45,1437,2.4,NSW,2021
SAL10220,Barry (Tamworth Regional - NSW),0,26,0,0.0,NSW,2021
SAL10221,Barwang,139,46,1875,2.6,NSW,2021
SAL10222,Baryulgil,20,49,725,3.4,NSW,2021
SAL10223,Basin View,1583,48,1244,2.4,NSW,2021
SAL10224,Bass Hill,10230,34,1411,3.3,NSW,2021
SAL10225,Bassendean (NSW),5,22,0,4.0,NSW,2021
SAL10226,Batar Creek,93,51,2071,2.8,NSW,2021
SAL10227,Bateau Bay,12516,42,1475,2.5,NSW,2021
SAL10228,Batehaven,1911,54,1128,2.0,NSW,2021
SAL10229,Batemans Bay,1573,53,791,1.8,NSW,2021
SAL10230,Bathampton,40,54,1625,2.5,NSW,2021
SAL10231,Bathurst,7001,41,1209,1.9,NSW,2021
SAL10232,Batlow,1270,49,1064,2.2,NSW,2021
SAL10233,Baulkham Hills,37415,39,2474,3.0,NSW,2021
SAL10234,Baw Baw (NSW),271,45,2178,2.8,NSW,2021
SAL10235,Bawley Point,844,56,1240,2.2,NSW,2021
SAL10236,Baxters Ridge,0,0,0,0.0,NSW,2021
SAL10237,Bayview (NSW),3807,58,1885,2.3,NSW,2021
SAL10238,Beacon Hill,7814,41,2937,3.2,NSW,2021
SAL10239,Beaconsfield (NSW),1172,33,3061,2.4,NSW,2021
SAL10240,Bean Creek,56,59,762,2.1,NSW,2021
SAL10241,Bearbong,72,38,1437,3.1,NSW,2021
SAL10242,Beaumont (NSW),117,63,1875,2.4,NSW,2021
SAL10243,Beaumont Hills,9041,38,3308,3.5,NSW,2021
SAL10244,Beckom,123,42,1125,2.7,NSW,2021
SAL10245,Bective,194,49,1575,2.4,NSW,2021
SAL10246,Bectric,53,41,1208,2.8,NSW,2021
SAL10247,Bedgerabong,127,45,1375,2.5,NSW,2021
SAL10248,Beechwood,914,37,1516,2.8,NSW,2021
SAL10249,Beecroft,10291,43,2962,3.0,NSW,2021
SAL10250,Beecroft Peninsula,0,66,725,1.0,NSW,2021
SAL10251,Beelbangera,358,39,1786,2.6,NSW,2021
SAL10252,Beemunnel,34,38,2749,2.9,NSW,2021
SAL10253,Bega,5013,43,1196,2.3,NSW,2021
SAL10254,Beggan Beggan,128,31,2139,2.8,NSW,2021
SAL10255,Belanglo,22,53,2250,2.5,NSW,2021
SAL10256,Belbora,123,55,971,2.1,NSW,2021
SAL10257,Belfield,6555,40,1727,2.9,NSW,2021
SAL10258,Belford,176,44,2833,3.4,NSW,2021
SAL10259,Belfrayden,12,54,575,1.4,NSW,2021
SAL10260,Belgravia,124,42,2083,2.6,NSW,2021
SAL10261,Belimbla Park,576,39,2213,3.3,NSW,2021
SAL10262,Bell (NSW),44,41,1149,2.4,NSW,2021
SAL10263,Bella Vista,8384,40,3518,3.4,NSW,2021
SAL10264,Bellambi,4039,38,1183,2.3,NSW,2021
SAL10265,Bellangry,114,54,1149,2.2,NSW,2021
SAL10266,Bellata,266,45,1284,2.4,NSW,2021
SAL10267,Bellawongarah,116,62,2187,2.2,NSW,2021
SAL10268,Bellbird,2338,34,1427,2.7,NSW,2021
SAL10269,Bellbird Heights,805,40,1487,2.6,NSW,2021
SAL10270,Bellbrook,339,49,858,2.4,NSW,2021
SAL10271,Bellevue Hill,10590,39,3315,2.5,NSW,2021
SAL10272,Bellimbopinni,82,41,1187,2.3,NSW,2021
SAL10273,Bellingen,3923,44,1268,2.4,NSW,2021
SAL10274,Bellmount Forest,120,49,2812,2.6,NSW,2021
SAL10275,Belltrees,37,32,2750,3.5,NSW,2021
SAL10276,Belmont (NSW),7289,48,1280,2.2,NSW,2021
SAL10277,Belmont North,6291,40,1739,2.6,NSW,2021
SAL10278,Belmont South,1053,48,1239,2.3,NSW,2021
SAL10279,Belmore,13781,38,1456,2.6,NSW,2021
SAL10280,Belmore River,268,51,1292,2.5,NSW,2021
SAL10281,Beloka,20,57,2750,2.9,NSW,2021
SAL10282,Belowra,5,50,1499,1.5,NSW,2021
SAL10283,Belrose,8726,46,2598,2.9,NSW,2021
SAL10284,Bemboka,589,50,1015,2.3,NSW,2021
SAL10285,Ben Bullen,71,55,1562,2.3,NSW,2021
SAL10286,Ben Lomond (NSW),135,47,1231,2.4,NSW,2021
SAL10287,Benandarah,165,57,1025,2.1,NSW,2021
SAL10288,Bendalong,135,55,1224,2.3,NSW,2021
SAL10289,Bendemeer,486,52,1021,2.3,NSW,2021
SAL10290,Bendick Murrell,143,56,1152,2.1,NSW,2021
SAL10291,Bendolba,253,37,1625,2.8,NSW,2021
SAL10292,Bendoura,108,43,1416,2.6,NSW,2021
SAL10293,Benerembah,140,28,2125,3.0,NSW,2021
SAL10294,Bengalla,16,46,1875,2.4,NSW,2021
SAL10295,Bennetts Green,0,72,900,2.0,NSW,2021
SAL10296,Benolong,76,32,1843,3.4,NSW,2021
SAL10297,Bensville,2500,42,2176,2.9,NSW,2021
SAL10298,Bentley (NSW),225,53,1212,2.6,NSW,2021
SAL10299,Berala,8757,37,1552,3.0,NSW,2021
SAL10300,Berambing,104,47,2035,2.6,NSW,2021
SAL10301,Beresfield,3267,39,1257,2.3,NSW,2021
SAL10302,Bergalia,180,51,1541,2.7,NSW,2021
SAL10303,Berkeley,7798,40,1217,2.5,NSW,2021
SAL10304,Berkeley Vale,8951,36,1791,2.7,NSW,2021
SAL10305,Berkshire Park,2149,37,2036,3.2,NSW,2021
SAL10306,Berlang,0,0,0,0.0,NSW,2021
SAL10307,Bermagui,1865,58,1022,2.1,NSW,2021
SAL10308,Berowra,4762,41,2781,3.0,NSW,2021
SAL10309,Berowra Heights,5286,42,2468,2.9,NSW,2021
SAL10310,Berowra Waters,169,56,1812,2.1,NSW,2021
SAL10311,Berrambool,486,46,1136,2.2,NSW,2021
SAL10312,Berrara,333,59,1269,2.2,NSW,2021
SAL10313,Berremangra,87,51,1541,2.4,NSW,2021
SAL10314,Berrico,33,55,1406,2.2,NSW,2021
SAL10315,Berridale,1300,45,1455,2.3,NSW,2021
SAL10316,Berrigal,39,41,612,3.1,NSW,2021
SAL10317,Berrigan,1264,55,980,2.2,NSW,2021
SAL10318,Berrilee,212,51,2349,2.9,NSW,2021
SAL10319,Berrima,813,52,2100,2.5,NSW,2021
SAL10320,Berringer Lake,30,49,900,2.0,NSW,2021
SAL10321,Berry,3098,57,1495,2.3,NSW,2021
SAL10322,Berry Jerry,82,43,2156,2.6,NSW,2021
SAL10323,Berry Mountain,29,65,2250,1.9,NSW,2021
SAL10324,Berry Park,182,61,1125,2.3,NSW,2021
SAL10325,Berthong,65,32,2250,3.3,NSW,2021
SAL10326,Beryl,117,48,1583,2.6,NSW,2021
SAL10327,Bethungra,137,57,1016,1.9,NSW,2021
SAL10328,Bevendale,45,55,1208,1.9,NSW,2021
SAL10329,Beverley Park,2646,42,2242,2.9,NSW,2021
SAL10330,Beverly Hills,10483,40,1862,2.9,NSW,2021
SAL10331,Bewong,80,41,1774,2.5,NSW,2021
SAL10332,Bexhill,528,44,1704,2.6,NSW,2021
SAL10333,Bexley,19646,40,1870,2.9,NSW,2021
SAL10334,Bexley North,4281,42,1894,2.7,NSW,2021
SAL10335,Biala,84,38,2125,2.8,NSW,2021
SAL10336,Bibbenluke,82,52,1357,2.3,NSW,2021
SAL10337,Biddon,123,38,1300,2.5,NSW,2021
SAL10338,Bidgeemia,32,54,2250,2.4,NSW,2021
SAL10339,Bidwill (NSW),4202,30,899,2.8,NSW,2021
SAL10340,Bielsdown Hills,104,56,1343,2.4,NSW,2021
SAL10341,Big Hill (NSW),78,53,2333,2.6,NSW,2021
SAL10342,Big Jacks Creek,61,44,2124,2.4,NSW,2021
SAL10343,Big Ridge,16,59,1666,2.0,NSW,2021
SAL10344,Big Springs,135,49,1708,2.7,NSW,2021
SAL10345,Bigga,268,57,875,2.0,NSW,2021
SAL10346,Bilambil,441,45,1385,2.8,NSW,2021
SAL10347,Bilambil Heights,3491,44,1562,2.6,NSW,2021
SAL10348,Bilbul,586,43,2025,2.7,NSW,2021
SAL10349,Bilgola Beach,251,54,4299,2.5,NSW,2021
SAL10350,Bilgola Plateau,3650,46,2856,2.9,NSW,2021
SAL10351,Billeroy,31,51,1875,2.7,NSW,2021
SAL10352,Billilingra,7,51,2250,2.7,NSW,2021
SAL10353,Billimari,117,50,1375,2.2,NSW,2021
SAL10354,Billinudgel,261,43,1474,2.7,NSW,2021
SAL10355,Billys Creek,79,53,491,1.9,NSW,2021
SAL10356,Billywillinga,196,45,1843,2.7,NSW,2021
SAL10357,Bilpin,653,48,1692,2.6,NSW,2021
SAL10358,Bimberi,0,0,0,0.0,NSW,2021
SAL10359,Bimbi,71,49,1781,2.6,NSW,2021
SAL10360,Bimbimbie,113,43,1666,2.9,NSW,2021
SAL10361,Binalong,550,45,1433,2.3,NSW,2021
SAL10362,Binda,291,45,1325,2.3,NSW,2021
SAL10363,Bindera,32,65,962,1.7,NSW,2021
SAL10364,Bingara,1318,61,853,2.0,NSW,2021
SAL10365,Bingeebeebra Creek,39,52,1333,2.4,NSW,2021
SAL10366,Bingie,205,61,1125,2.1,NSW,2021
SAL10367,Bingleburra,36,58,900,2.6,NSW,2021
SAL10368,Biniguy,159,33,1474,2.8,NSW,2021
SAL10369,Binjura,339,48,2042,2.6,NSW,2021
SAL10370,Binna Burra (NSW),223,39,2113,3.0,NSW,2021
SAL10371,Binnaway,658,54,782,2.0,NSW,2021
SAL10372,Binya,122,42,1875,3.1,NSW,2021
SAL10373,Birchgrove,3228,46,3603,2.4,NSW,2021
SAL10374,Birdwood (NSW),34,63,624,1.8,NSW,2021
SAL10375,Birganbigil,59,41,1600,2.9,NSW,2021
SAL10376,Birmingham Gardens,2598,28,1468,2.6,NSW,2021
SAL10377,Birriwa,45,47,1624,2.3,NSW,2021
SAL10378,Birrong,3331,36,1575,3.2,NSW,2021
SAL10379,Bishops Bridge,218,43,1949,2.8,NSW,2021
SAL10380,Bithramere,163,51,1625,2.6,NSW,2021
SAL10381,Black Creek (Port Macquarie-Hastings - NSW),47,59,1416,2.3,NSW,2021
SAL10382,Black Creek (Snowy Valleys - NSW),16,23,1375,3.8,NSW,2021
SAL10383,Black Head,972,65,1053,2.0,NSW,2021
SAL10384,Black Hill (NSW),516,47,2980,3.2,NSW,2021
SAL10385,Black Hollow,11,56,1375,2.0,NSW,2021
SAL10386,Black Mountain (NSW),291,47,1768,2.6,NSW,2021
SAL10387,Black Range (NSW),230,42,1625,2.8,NSW,2021
SAL10388,Black Springs (NSW),227,46,1774,2.5,NSW,2021
SAL10389,Blackalls Park,2812,43,1422,2.5,NSW,2021
SAL10390,Blackbutt (NSW),3291,43,1604,2.6,NSW,2021
SAL10391,Blackett,3586,31,1174,2.9,NSW,2021
SAL10392,Blackheath,4672,53,1332,2.0,NSW,2021
SAL10393,Blackmans Flat,22,38,2250,3.8,NSW,2021
SAL10394,Blackmans Point,178,58,737,1.9,NSW,2021
SAL10395,Blacksmiths,1881,50,1252,2.3,NSW,2021
SAL10396,Blacktown,50961,34,1774,2.9,NSW,2021
SAL10397,Blackville,128,45,1416,2.7,NSW,2021
SAL10398,Blackwall (NSW),1941,45,1449,2.2,NSW,2021
SAL10399,Blair Athol (NSW),2725,37,2389,3.4,NSW,2021
SAL10400,Blairmount,409,33,1792,3.1,NSW,2021
SAL10401,Blakebrook,132,47,1825,2.5,NSW,2021
SAL10402,Blakehurst,6652,43,2474,3.1,NSW,2021
SAL10403,Blakney Creek,92,39,2374,2.6,NSW,2021
SAL10404,Bland,61,29,1437,3.1,NSW,2021
SAL10405,Blandford,205,51,1449,2.0,NSW,2021
SAL10406,Blaxland (NSW),7434,41,2171,2.7,NSW,2021
SAL10407,Blaxlands Creek,113,55,1531,2.8,NSW,2021
SAL10408,Blaxlands Ridge,589,39,2764,3.4,NSW,2021
SAL10409,Blayney,3448,38,1383,2.5,NSW,2021
SAL10410,Bligh Park,6220,32,2029,2.8,NSW,2021
SAL10411,Blighty,192,36,1374,2.8,NSW,2021
SAL10412,Blowering,3,72,450,1.0,NSW,2021
SAL10413,Blue Bay,1060,52,1323,2.1,NSW,2021
SAL10414,Blue Haven,6563,33,1608,2.9,NSW,2021
SAL10415,Blue Knob,210,58,739,1.9,NSW,2021
SAL10416,Blue Mountains National Park,0,69,1625,1.0,NSW,2021
SAL10417,Blue Nobby,25,50,1624,2.5,NSW,2021
SAL10418,Blue Vale,81,38,2083,2.8,NSW,2021
SAL10419,Blueys Beach,242,64,1275,2.0,NSW,2021
SAL10420,Boambee,1770,47,2048,2.9,NSW,2021
SAL10421,Boambee East,5304,42,1407,2.5,NSW,2021
SAL10422,Boambolo,79,36,2312,2.9,NSW,2021
SAL10423,Boat Harbour (Lismore - NSW),19,38,2374,2.9,NSW,2021
SAL10424,Boat Harbour (Port Stephens - NSW),993,47,1741,2.6,NSW,2021
SAL10425,Bobadah,30,43,1937,2.7,NSW,2021
SAL10426,Bobin,141,55,1083,2.3,NSW,2021
SAL10427,Bobs Creek,119,46,1531,2.9,NSW,2021
SAL10428,Bobs Farm,662,57,1211,2.3,NSW,2021
SAL10429,Bobundara,27,44,900,2.4,NSW,2021
SAL10430,Boco,16,35,2499,3.0,NSW,2021
SAL10431,Bocoble,132,51,1359,2.5,NSW,2021
SAL10432,Bocobra,60,50,1375,2.6,NSW,2021
SAL10433,Bodalla,808,53,1181,2.3,NSW,2021
SAL10434,Bodangora,74,52,1187,2.4,NSW,2021
SAL10435,Boeill Creek,89,40,2399,2.8,NSW,2021
SAL10436,Bogan,44,43,1166,2.8,NSW,2021
SAL10437,Bogan Gate,269,40,1260,2.6,NSW,2021
SAL10438,Bogangar,3313,41,1595,2.6,NSW,2021
SAL10439,Bogee,82,52,933,2.1,NSW,2021
SAL10440,Boggabilla,1022,36,1105,2.9,NSW,2021
SAL10441,Boggabri,1203,43,1506,2.3,NSW,2021
SAL10442,Bogong Peaks Wilderness,0,0,0,0.0,NSW,2021
SAL10443,Bohena Creek,214,44,2125,2.8,NSW,2021
SAL10444,Bohnock,83,52,1625,2.8,NSW,2021
SAL10445,Bolaro,31,61,774,1.8,NSW,2021
SAL10446,Bolivia,74,61,866,1.9,NSW,2021
SAL10447,Bolong,94,46,1625,2.6,NSW,2021
SAL10448,Bolton Point,2124,43,1217,2.5,NSW,2021
SAL10449,Bolwarra (NSW),1350,41,2217,2.8,NSW,2021
SAL10450,Bolwarra Heights,3436,36,2546,3.1,NSW,2021
SAL10451,Bom Bom,0,57,1625,1.0,NSW,2021
SAL10452,Bomaderry,6738,45,1119,2.2,NSW,2021
SAL10453,Bombah Point,24,49,2749,2.8,NSW,2021
SAL10454,Bombala,1372,47,1277,2.1,NSW,2021
SAL10455,Bombay,142,49,2042,2.6,NSW,2021
SAL10456,Bombira,504,40,2903,3.0,NSW,2021
SAL10457,Bombo,175,40,2594,2.9,NSW,2021
SAL10458,Bombowlee,291,51,1800,2.6,NSW,2021
SAL10459,Bombowlee Creek,52,47,2333,2.7,NSW,2021
SAL10460,Bomen,40,43,1875,2.6,NSW,2021
SAL10461,Bonalbo,338,59,668,1.8,NSW,2021
SAL10462,Bondi,10411,34,2546,2.1,NSW,2021
SAL10463,Bondi Beach,11513,33,2795,2.0,NSW,2021
SAL10464,Bondi Forest,0,53,0,0.0,NSW,2021
SAL10465,Bondi Junction,10361,35,2379,2.1,NSW,2021
SAL10466,Bonnells Bay,4066,42,1460,2.5,NSW,2021
SAL10467,Bonnet Bay,2238,44,3087,3.0,NSW,2021
SAL10468,Bonny Hills,3045,51,1421,2.5,NSW,2021
SAL10469,Bonnyrigg,9785,37,1393,3.2,NSW,2021
SAL10470,Bonnyrigg Heights,7369,38,1930,3.6,NSW,2021
SAL10471,Bonshaw (NSW),133,51,1042,2.5,NSW,2021
SAL10472,Bonville,2939,44,1829,2.8,NSW,2021
SAL10473,Booerie Creek,130,49,1458,2.6,NSW,2021
SAL10474,Book Book,130,40,1843,3.0,NSW,2021
SAL10475,Booker Bay,1442,54,1218,2.1,NSW,2021
SAL10476,Bookham,127,47,1375,2.6,NSW,2021
SAL10477,Bookookoorara,0,0,0,0.0,NSW,2021
SAL10478,Bookram,0,0,0,0.0,NSW,2021
SAL10479,Boolambayte,85,53,1062,2.1,NSW,2021
SAL10480,Boolaroo,1636,39,1504,2.4,NSW,2021
SAL10481,Boolcarroll,25,29,3249,2.4,NSW,2021
SAL10482,Booligal,98,43,1812,2.5,NSW,2021
SAL10483,Boolijah,0,0,0,0.0,NSW,2021
SAL10484,Boomanoomana,116,33,2050,3.3,NSW,2021
SAL10485,Boomerang Beach,423,46,1454,2.3,NSW,2021
SAL10486,Boomey,88,39,1687,3.3,NSW,2021
SAL10487,Boomi,207,41,1343,2.6,NSW,2021
SAL10488,Boomi Creek,14,66,1374,1.6,NSW,2021
SAL10489,Boona Mount,46,43,1125,3.3,NSW,2021
SAL10490,Boonal,51,33,1708,2.8,NSW,2021
SAL10491,Boonoo Boonoo,19,64,743,1.7,NSW,2021
SAL10492,Boorabee Park,146,43,2017,2.7,NSW,2021
SAL10493,Booragul,1623,51,1114,2.3,NSW,2021
SAL10494,Booral (NSW),457,41,1607,2.7,NSW,2021
SAL10495,Boorga,27,44,2749,2.8,NSW,2021
SAL10496,Boorganna,24,32,762,2.3,NSW,2021
SAL10497,Boorolong,71,46,1562,2.6,NSW,2021
SAL10498,Boorook,20,54,899,2.4,NSW,2021
SAL10499,Boorooma,1741,27,2399,3.0,NSW,2021
SAL10500,Booroorban,36,42,1874,2.5,NSW,2021
SAL10501,Boorowa,1888,50,1199,2.2,NSW,2021
SAL10502,Bootawa,174,57,1204,2.3,NSW,2021
SAL10503,Booti Booti,0,66,0,0.0,NSW,2021
SAL10504,Booyong,84,43,1792,2.5,NSW,2021
SAL10505,Bora Ridge,107,40,1292,3.0,NSW,2021
SAL10506,Borah Creek,22,46,524,2.5,NSW,2021
SAL10507,Borambola,117,48,1625,2.5,NSW,2021
SAL10508,Border Ranges,0,0,0,0.0,NSW,2021
SAL10509,Boree,93,44,2083,2.8,NSW,2021
SAL10510,Boree Creek,204,46,1233,2.5,NSW,2021
SAL10511,Borenore,476,44,2480,2.9,NSW,2021
SAL10512,Boro,97,47,2535,2.5,NSW,2021
SAL10513,Bossley Park,15492,41,1542,3.3,NSW,2021
SAL10514,Bostobrick,132,49,974,2.4,NSW,2021
SAL10515,Botany,12960,36,2373,2.6,NSW,2021
SAL10516,Botobolar,131,37,2249,3.3,NSW,2021
SAL10517,Bottle Creek,42,52,725,2.4,NSW,2021
SAL10518,Bouddi,5,67,1249,2.0,NSW,2021
SAL10519,Bourbah,42,35,1375,2.9,NSW,2021
SAL10520,Bourke,1699,35,1560,2.5,NSW,2021
SAL10521,Bourkelands,3113,35,2203,2.8,NSW,2021
SAL10522,Bournda,127,45,1437,2.8,NSW,2021
SAL10523,Bournewood,60,33,1800,3.2,NSW,2021
SAL10524,Bow Bowing,1606,36,2108,3.1,NSW,2021
SAL10525,Bowan Park,106,42,2624,2.7,NSW,2021
SAL10526,Bowen Mountain,1609,35,2235,2.9,NSW,2021
SAL10527,Bowenfels,2049,41,917,2.3,NSW,2021
SAL10528,Bowling Alley Point,21,42,1649,3.7,NSW,2021
SAL10529,Bowman,139,55,1281,2.4,NSW,2021
SAL10530,Bowman Farm,41,49,949,2.5,NSW,2021
SAL10531,Bowmans Creek,17,39,1249,2.7,NSW,2021
SAL10532,Bowna,115,40,2187,2.7,NSW,2021
SAL10533,Bowning,619,45,1888,2.5,NSW,2021
SAL10534,Bowral,10764,55,1535,2.2,NSW,2021
SAL10535,Bowraville,1157,46,947,2.3,NSW,2021
SAL10536,Box Head,0,0,0,0.0,NSW,2021
SAL10537,Box Hill (NSW),6450,31,2881,3.3,NSW,2021
SAL10538,Boxers Creek,259,44,1458,2.8,NSW,2021
SAL10539,Boydtown,75,58,739,1.8,NSW,2021
SAL10540,Bradbury (NSW),9433,34,1557,2.8,NSW,2021
SAL10541,Braefield,64,52,1624,2.4,NSW,2021
SAL10542,Braemar,966,34,1930,2.9,NSW,2021
SAL10543,Braemar Bay,16,63,899,1.9,NSW,2021
SAL10544,Braidwood,1720,50,1412,2.2,NSW,2021
SAL10545,Brandy Hill,713,48,2384,3.0,NSW,2021
SAL10546,Branxton,2255,38,2266,2.9,NSW,2021
SAL10547,Braunstone,284,47,1660,2.8,NSW,2021
SAL10548,Brawboy,18,30,1812,2.1,NSW,2021
SAL10549,Bray Park (NSW),822,41,1014,2.5,NSW,2021
SAL10550,Brays Creek,119,51,1149,2.3,NSW,2021
SAL10551,Brayton,208,49,1812,2.5,NSW,2021
SAL10552,Breadalbane (NSW),107,47,2437,2.8,NSW,2021
SAL10553,Breakfast Creek,44,55,1093,2.3,NSW,2021
SAL10554,Breakfast Point,4678,47,2303,2.1,NSW,2021
SAL10555,Bream Beach,9,45,2999,2.5,NSW,2021
SAL10556,Bredbo,392,43,2234,2.6,NSW,2021
SAL10557,Breelong,85,40,1300,2.7,NSW,2021
SAL10558,Breeza,124,35,1625,2.6,NSW,2021
SAL10559,Bretti,24,60,1125,2.4,NSW,2021
SAL10560,Brewarrina,931,33,1004,2.3,NSW,2021
SAL10561,Brewongle,151,38,2125,2.9,NSW,2021
SAL10562,Briarbrook,19,35,1375,2.3,NSW,2021
SAL10563,Bribbaree,144,45,885,2.5,NSW,2021
SAL10564,Bridgman,242,39,2650,3.1,NSW,2021
SAL10565,Brierfield,322,46,1604,2.9,NSW,2021
SAL10566,Brighton-Le-Sands,8336,43,1582,2.2,NSW,2021
SAL10567,Brightwaters,875,50,1419,2.4,NSW,2021
SAL10568,Bril Bril,0,0,0,0.0,NSW,2021
SAL10569,Brimbin,75,55,933,2.5,NSW,2021
SAL10570,Brindabella,24,68,1124,1.8,NSW,2021
SAL10571,Brinerville,0,0,0,0.0,NSW,2021
SAL10572,Bringelly,2433,42,1833,3.2,NSW,2021
SAL10573,Bringenbrong,48,41,2083,2.8,NSW,2021
SAL10574,Brisbane Grove,147,47,2291,2.7,NSW,2021
SAL10575,Broadmeadow,1688,34,1653,2.2,NSW,2021
SAL10576,Broadwater (Bega Valley - NSW),148,51,1812,2.4,NSW,2021
SAL10577,Broadwater (Richmond Valley - NSW),670,50,1071,2.2,NSW,2021
SAL10578,Broadway,63,51,1468,2.3,NSW,2021
SAL10579,Brobenah,12,47,2749,2.8,NSW,2021
SAL10580,Brocklehurst,308,44,1890,2.9,NSW,2021
SAL10581,Brocklesby,218,42,1268,2.3,NSW,2021
SAL10582,Brockley,51,32,1875,3.4,NSW,2021
SAL10583,Brodies Plains,56,51,1291,2.3,NSW,2021
SAL10584,Brogans Creek,4,65,900,2.0,NSW,2021
SAL10585,Brogers Creek,49,58,2625,2.3,NSW,2021
SAL10586,Brogo,581,54,1214,2.3,NSW,2021
SAL10587,Broke (NSW),557,43,1718,2.6,NSW,2021
SAL10588,Broken Head,385,43,1687,2.5,NSW,2021
SAL10589,Broken Hill,17706,44,1176,2.2,NSW,2021
SAL10590,Brombin,127,43,1656,2.7,NSW,2021
SAL10591,Bronte,7166,38,3365,2.5,NSW,2021
SAL10592,Brookdale (NSW),50,39,2749,3.5,NSW,2021
SAL10593,Brookfield (NSW),224,47,2049,2.8,NSW,2021
SAL10594,Brooklana,42,57,1187,1.6,NSW,2021
SAL10595,Brooklet,253,51,2083,2.5,NSW,2021
SAL10596,Brooklyn (NSW),737,48,2062,2.4,NSW,2021
SAL10597,Brookong,21,46,2250,2.5,NSW,2021
SAL10598,Brookvale,3389,37,2127,2.2,NSW,2021
SAL10599,Brooman,26,59,1062,2.2,NSW,2021
SAL10600,Brooms Head,271,59,823,2.0,NSW,2021
SAL10601,Broughams Gate,34,39,2124,2.8,NSW,2021
SAL10602,Broughton (NSW),85,57,2550,2.8,NSW,2021
SAL10603,Broughton Vale,180,62,2143,2.6,NSW,2021
SAL10604,Broughton Village,95,56,1937,2.4,NSW,2021
SAL10605,Broulee,1947,50,1355,2.3,NSW,2021
SAL10606,Brownlow Hill,384,37,2349,3.2,NSW,2021
SAL10607,Browns Creek,120,40,2874,2.8,NSW,2021
SAL10608,Browns Mountain,20,65,1249,1.8,NSW,2021
SAL10609,Brownsville,524,44,1160,2.1,NSW,2021
SAL10610,Brucedale,184,42,2750,2.8,NSW,2021
SAL10611,Bruie Plains,28,31,1625,3.0,NSW,2021
SAL10612,Bruinbun,34,47,1374,2.3,NSW,2021
SAL10613,Brumby Plains,0,80,1125,2.0,NSW,2021
SAL10614,Brundee,49,36,1791,2.5,NSW,2021
SAL10615,Brungle,146,39,1437,2.7,NSW,2021
SAL10616,Brungle Creek,28,43,1375,2.6,NSW,2021
SAL10617,Brunkerville,216,48,2250,3.0,NSW,2021
SAL10618,Brunswick Heads,1905,47,1280,2.2,NSW,2021
SAL10619,Brushgrove,181,61,1135,2.0,NSW,2021
SAL10620,Brushy Creek,37,49,1125,2.6,NSW,2021
SAL10621,Buangla,0,0,0,0.0,NSW,2021
SAL10622,Bucca (NSW),614,43,1740,2.8,NSW,2021
SAL10623,Bucca Wauka,80,57,1125,2.1,NSW,2021
SAL10624,Buccarumbi,30,59,1041,1.9,NSW,2021
SAL10625,Buchanan (NSW),212,38,2028,3.0,NSW,2021
SAL10626,Buckajo,322,49,1462,2.4,NSW,2021
SAL10627,Buckaroo,138,48,2722,2.8,NSW,2021
SAL10628,Buckenbowra,16,51,2250,2.6,NSW,2021
SAL10629,Buckenderra,21,70,1166,1.8,NSW,2021
SAL10630,Buckendoon,48,37,1687,3.1,NSW,2021
SAL10631,Bucketty,165,50,1375,2.1,NSW,2021
SAL10632,Buckra Bendinni,123,48,1031,2.4,NSW,2021
SAL10633,Budawang,29,65,1292,1.8,NSW,2021
SAL10634,Buddabadah,40,47,1875,2.6,NSW,2021
SAL10635,Budden,16,58,1624,2.0,NSW,2021
SAL10636,Budderoo,0,69,2250,3.0,NSW,2021
SAL10637,Buddong,0,0,0,0.0,NSW,2021
SAL10638,Budgee Budgee (NSW),241,50,1781,2.5,NSW,2021
SAL10639,Budgewoi,3497,44,1289,2.3,NSW,2021
SAL10640,Budgewoi Peninsula,0,0,0,0.0,NSW,2021
SAL10641,Budgong,87,56,1562,2.4,NSW,2021
SAL10642,Buff Point,3559,44,1323,2.4,NSW,2021
SAL10643,Bugaldie,162,47,1281,2.5,NSW,2021
SAL10644,Bukalong,8,46,2749,2.8,NSW,2021
SAL10645,Bukkulla,149,43,1542,2.6,NSW,2021
SAL10646,Bulahdelah,1538,54,963,2.2,NSW,2021
SAL10647,Bulee,0,0,0,0.0,NSW,2021
SAL10648,Bulga (NSW),418,37,2062,3.0,NSW,2021
SAL10649,Bulga Forest,5,63,450,1.0,NSW,2021
SAL10650,Bulgary,13,32,1749,2.8,NSW,2021
SAL10651,Bulla (NSW),0,0,0,0.0,NSW,2021
SAL10652,Bulla Creek,49,48,2625,2.9,NSW,2021
SAL10653,Bullaburra,1300,45,1765,2.5,NSW,2021
SAL10654,Bullagreen,44,32,1687,3.4,NSW,2021
SAL10655,Bullarah,103,42,1916,2.5,NSW,2021
SAL10656,Bullatale,41,41,1625,2.4,NSW,2021
SAL10657,Bullawa Creek,130,46,1593,3.0,NSW,2021
SAL10658,Bulldog,15,56,649,2.3,NSW,2021
SAL10659,Bulli,6798,40,2331,2.8,NSW,2021
SAL10660,Bulliac,44,58,749,1.9,NSW,2021
SAL10661,Bullio,79,49,1375,2.5,NSW,2021
SAL10662,Bulyeroi,28,43,1875,2.7,NSW,2021
SAL10663,Bumbaldry,107,52,1375,2.3,NSW,2021
SAL10664,Bumbalong,3,54,0,0.0,NSW,2021
SAL10665,Bundabah,140,59,924,2.1,NSW,2021
SAL10666,Bundagen,96,52,725,2.0,NSW,2021
SAL10667,Bundanoon (NSW),2869,59,1290,2.2,NSW,2021
SAL10668,Bundarra,674,48,955,2.5,NSW,2021
SAL10669,Bundeena,2103,50,1832,2.5,NSW,2021
SAL10670,Bundella,53,47,1458,2.6,NSW,2021
SAL10671,Bundemar,38,41,2124,3.1,NSW,2021
SAL10672,Bundewallah,34,68,3083,2.0,NSW,2021
SAL10673,Bundook,114,54,900,2.3,NSW,2021
SAL10674,Bundure,17,45,2624,3.3,NSW,2021
SAL10675,Bungaba,88,51,1437,2.1,NSW,2021
SAL10676,Bungabbee,3,66,1125,1.7,NSW,2021
SAL10677,Bungalora,73,55,1437,2.5,NSW,2021
SAL10678,Bungarby,80,58,824,2.1,NSW,2021
SAL10679,Bungarribee,3177,33,2928,3.9,NSW,2021
SAL10680,Bungawalbin,138,46,1050,2.6,NSW,2021
SAL10681,Bungendore,4745,38,2922,2.9,NSW,2021
SAL10682,Bungonia,469,50,1264,2.4,NSW,2021
SAL10683,Bungowannah,175,44,1906,3.1,NSW,2021
SAL10684,Bungwahl,249,54,1199,2.1,NSW,2021
SAL10685,Bunnaloo,107,51,1541,2.6,NSW,2021
SAL10686,Bunnan,94,53,784,2.2,NSW,2021
SAL10687,Bunyah,130,56,1208,2.2,NSW,2021
SAL10688,Bunyan,192,48,2050,2.7,NSW,2021
SAL10689,Burcher,82,46,1312,2.4,NSW,2021
SAL10690,Bureen,70,42,2125,2.8,NSW,2021
SAL10691,Burnt Bridge,110,30,1218,3.2,NSW,2021
SAL10692,Burnt Yards,39,36,2874,2.6,NSW,2021
SAL10693,Buronga,1252,38,1381,2.6,NSW,2021
SAL10694,Burra (Queanbeyan-Palerang Regional - NSW),790,46,2892,2.7,NSW,2021
SAL10695,Burra (Snowy Valleys - NSW),47,50,2062,2.5,NSW,2021
SAL10696,Burra Creek,71,45,1374,2.4,NSW,2021
SAL10697,Burraboi,106,44,1312,2.4,NSW,2021
SAL10698,Burradoo,2879,59,2180,2.4,NSW,2021
SAL10699,Burraga,82,51,1374,2.5,NSW,2021
SAL10700,Burragate,96,57,1020,1.9,NSW,2021
SAL10701,Burrandana,23,42,2374,2.7,NSW,2021
SAL10702,Burraneer,3719,43,3490,3.0,NSW,2021
SAL10703,Burrangong,261,46,1656,2.7,NSW,2021
SAL10704,Burrapine,58,52,575,2.0,NSW,2021
SAL10705,Burrawang,431,54,1958,2.4,NSW,2021
SAL10706,Burrell Creek,233,54,1181,2.2,NSW,2021
SAL10707,Burren Junction,225,49,1124,2.5,NSW,2021
SAL10708,Burrier,70,39,1958,3.3,NSW,2021
SAL10709,Burrill Lake,1782,48,1183,2.3,NSW,2021
SAL10710,Burringbar,878,45,1482,2.6,NSW,2021
SAL10711,Burrinjuck,40,48,1166,2.0,NSW,2021
SAL10712,Burroway,171,32,2062,3.4,NSW,2021
SAL10713,Burrumbuttock,421,45,1638,2.7,NSW,2021
SAL10714,Burrundulla,140,49,2562,2.6,NSW,2021
SAL10715,Burrungubugge,43,34,900,1.9,NSW,2021
SAL10716,Burwood (NSW),18224,32,1671,2.5,NSW,2021
SAL10717,Burwood Heights,1134,38,2087,2.7,NSW,2021
SAL10718,Busby,4446,32,1163,3.2,NSW,2021
SAL10719,Busbys Flat,57,52,575,2.5,NSW,2021
SAL10720,Bushells Ridge,8,60,1125,2.7,NSW,2021
SAL10721,Buttaba,1204,43,1875,2.7,NSW,2021
SAL10722,Buttai,52,42,3750,3.3,NSW,2021
SAL10723,Butterwick,190,42,2666,3.1,NSW,2021
SAL10724,Buxton (NSW),2071,33,1942,2.9,NSW,2021
SAL10725,Byabarra,329,48,1297,2.7,NSW,2021
SAL10726,Byadbo Wilderness,0,0,0,0.0,NSW,2021
SAL10727,Byangum,153,47,1187,2.5,NSW,2021
SAL10728,Bylong,19,57,2125,1.9,NSW,2021
SAL10729,Byng,52,54,1968,2.3,NSW,2021
SAL10730,Byrock,26,41,687,1.9,NSW,2021
SAL10731,Byron Bay,6330,39,1561,2.3,NSW,2021
SAL10732,Byrrill Creek,125,56,780,2.0,NSW,2021
SAL10733,Bywong,1342,47,3172,2.8,NSW,2021
SAL10734,Cabarita (NSW),1933,50,2695,2.6,NSW,2021
SAL10735,Cabarita Beach,101,52,1875,2.2,NSW,2021
SAL10736,Cabbage Tree Island (Ballina - NSW),89,21,850,3.9,NSW,2021
SAL10737,Cabbage Tree Island (Mid-Coast - NSW),12,29,3374,1.5,NSW,2021
SAL10738,Cabramatta,21142,40,1184,3.0,NSW,2021
SAL10739,Cabramatta West,7822,37,1509,3.5,NSW,2021
SAL10740,Cabramurra,16,40,1874,1.0,NSW,2021
SAL10741,Caddens,3487,33,2592,3.3,NSW,2021
SAL10742,Cadgee (NSW),27,58,1149,2.2,NSW,2021
SAL10743,Cadia,3,29,0,0.0,NSW,2021
SAL10744,Caerleon,184,29,1937,2.9,NSW,2021
SAL10745,Caffreys Flat,53,59,700,2.1,NSW,2021
SAL10746,Cairncross,0,0,0,0.0,NSW,2021
SAL10747,Calala,4577,33,1863,2.7,NSW,2021
SAL10748,Calamia,24,54,900,1.5,NSW,2021
SAL10749,Calderwood,3013,30,2431,3.1,NSW,2021
SAL10750,Caldwell,42,35,1562,3.0,NSW,2021
SAL10751,Calga,134,43,2124,3.0,NSW,2021
SAL10752,Califat,12,51,450,3.0,NSW,2021
SAL10753,Calimo,71,45,1542,2.8,NSW,2021
SAL10754,Callaghan,1358,20,0,0.0,NSW,2021
SAL10755,Callaghans Creek,17,59,1375,2.6,NSW,2021
SAL10756,Callala Bay,2234,51,1289,2.4,NSW,2021
SAL10757,Callala Beach,777,58,1146,2.1,NSW,2021
SAL10758,Calliope (NSW),87,46,1792,2.8,NSW,2021
SAL10759,Caloola,62,42,1458,2.4,NSW,2021
SAL10760,Cambalong,12,63,1124,1.8,NSW,2021
SAL10761,Camberwell (NSW),102,38,1281,2.7,NSW,2021
SAL10762,Cambewarra,234,55,2295,2.6,NSW,2021
SAL10763,Cambewarra Village,1211,43,2188,2.8,NSW,2021
SAL10764,Camboon (NSW),58,54,1958,2.1,NSW,2021
SAL10765,Cambra,16,57,1624,2.2,NSW,2021
SAL10766,Cambridge Gardens,2030,36,1950,2.8,NSW,2021
SAL10767,Cambridge Park,7054,34,1535,2.6,NSW,2021
SAL10768,Cambridge Plateau,0,0,0,0.0,NSW,2021
SAL10769,Camden,3378,43,1650,2.4,NSW,2021
SAL10770,Camden Head,149,59,1218,2.1,NSW,2021
SAL10771,Camden Park (NSW),2233,39,3219,3.3,NSW,2021
SAL10772,Camden South,4595,38,2032,2.8,NSW,2021
SAL10773,Camellia,0,32,1125,1.0,NSW,2021
SAL10774,Cameron Park,9977,33,2464,3.1,NSW,2021
SAL10775,Camerons Creek,29,35,1374,2.9,NSW,2021
SAL10776,Camira (NSW),35,45,962,2.5,NSW,2021
SAL10777,Cammeray,7088,40,2870,2.2,NSW,2021
SAL10778,Camp Creek (NSW),42,48,949,2.3,NSW,2021
SAL10779,Campbelltown (NSW),16577,34,1432,2.4,NSW,2021
SAL10780,Camperdown (NSW),9381,33,2331,1.9,NSW,2021
SAL10781,Campsie,26132,36,1497,2.6,NSW,2021
SAL10782,Campvale,0,0,0,0.0,NSW,2021
SAL10783,Cams Wharf,182,56,1385,2.1,NSW,2021
SAL10784,Canada Bay,1308,40,2473,2.7,NSW,2021
SAL10785,Canadian Lead,19,48,1874,2.7,NSW,2021
SAL10786,Canbelego,54,36,1125,2.2,NSW,2021
SAL10787,Candelo,780,46,1256,2.4,NSW,2021
SAL10788,Cangai,17,64,1292,2.0,NSW,2021
SAL10789,Caniaba,804,41,2231,3.0,NSW,2021
SAL10790,Canley Heights,12320,37,1486,3.4,NSW,2021
SAL10791,Canley Vale,10300,39,1330,3.1,NSW,2021
SAL10792,Canobolas,481,48,2273,2.6,NSW,2021
SAL10793,Canoelands,177,45,2166,3.1,NSW,2021
SAL10794,Canonba,29,31,1249,3.0,NSW,2021
SAL10795,Canowindra,2437,48,1099,2.3,NSW,2021
SAL10796,Canterbury (NSW),9430,34,1882,2.5,NSW,2021
SAL10797,Canton Beach,1202,61,710,1.8,NSW,2021
SAL10798,Canyonleigh,455,46,2016,2.7,NSW,2021
SAL10799,Caparra,62,59,1125,2.1,NSW,2021
SAL10800,Capeen Creek,13,48,725,1.7,NSW,2021
SAL10801,Capertee,130,53,833,1.8,NSW,2021
SAL10802,Capoompeta,4,52,1375,1.0,NSW,2021
SAL10803,Captains Flat,611,40,1644,2.4,NSW,2021
SAL10804,Carabost,67,51,1281,2.4,NSW,2021
SAL10805,Caragabal,174,42,1286,2.5,NSW,2021
SAL10806,Carcalgong,45,56,850,1.9,NSW,2021
SAL10807,Carcoar,271,55,1187,2.1,NSW,2021
SAL10808,Cardiff (NSW),6318,38,1512,2.4,NSW,2021
SAL10809,Cardiff Heights,1384,44,1850,2.4,NSW,2021
SAL10810,Cardiff South,2931,38,1688,2.5,NSW,2021
SAL10811,Carey Bay,865,54,1266,2.1,NSW,2021
SAL10812,Cargo,562,38,2009,2.8,NSW,2021
SAL10813,Carinda,165,37,1343,2.4,NSW,2021
SAL10814,Caringbah,12575,37,1890,2.3,NSW,2021
SAL10815,Caringbah South,13168,42,2721,2.9,NSW,2021
SAL10816,Carlaminda,29,40,2750,3.4,NSW,2021
SAL10817,Carlingford,28044,38,2084,3.0,NSW,2021
SAL10818,Carlton (NSW),10631,38,1860,2.7,NSW,2021
SAL10819,Carnes Hill,3332,32,2630,3.8,NSW,2021
SAL10820,Carnham,4,73,725,1.7,NSW,2021
SAL10821,Carool,204,49,1521,2.5,NSW,2021
SAL10822,Caroona,196,40,933,2.6,NSW,2021
SAL10823,Carrabolla,10,48,575,2.8,NSW,2021
SAL10824,Carrai,0,0,0,0.0,NSW,2021
SAL10825,Carramar (NSW),3475,40,1073,2.6,NSW,2021
SAL10826,Carrathool,200,42,1531,2.6,NSW,2021
SAL10827,Carrick (NSW),164,56,2100,2.6,NSW,2021
SAL10828,Carrington (Mid-Coast - NSW),32,58,1375,2.0,NSW,2021
SAL10829,Carrington (Newcastle - NSW),2061,36,1766,2.2,NSW,2021
SAL10830,Carrington Falls,32,56,1875,2.4,NSW,2021
SAL10831,Carroll,305,37,1524,2.7,NSW,2021
SAL10832,Carrowbrook,37,44,1125,2.1,NSW,2021
SAL10833,Carrs Creek,186,44,1375,2.7,NSW,2021
SAL10834,Carrs Island,10,42,1125,2.5,NSW,2021
SAL10835,Carrs Peninsula,17,52,1166,2.4,NSW,2021
SAL10836,Carss Park,1265,46,2297,2.8,NSW,2021
SAL10837,Cartwright,2616,35,826,2.6,NSW,2021
SAL10838,Cartwrights Hill,169,47,1833,2.6,NSW,2021
SAL10839,Carwell,28,54,1749,2.3,NSW,2021
SAL10840,Carwoola,1602,44,3205,3.0,NSW,2021
SAL10841,Cascade (NSW),8,78,575,1.5,NSW,2021
SAL10842,Casino,10930,43,1044,2.3,NSW,2021
SAL10843,Cassilis (NSW),278,42,1375,2.6,NSW,2021
SAL10844,Castle Cove,2643,46,3439,2.9,NSW,2021
SAL10845,Castle Doyle,150,49,2299,2.8,NSW,2021
SAL10846,Castle Hill (NSW),40874,42,2551,3.0,NSW,2021
SAL10847,Castle Rock,131,44,3041,3.1,NSW,2021
SAL10848,Castlecrag,2965,47,4675,3.0,NSW,2021
SAL10849,Castlereagh,1248,38,2370,3.4,NSW,2021
SAL10850,Casuarina (NSW),3256,41,2327,2.9,NSW,2021
SAL10851,Casula,16584,36,1730,3.2,NSW,2021
SAL10852,Catalina,2522,53,1130,2.3,NSW,2021
SAL10853,Cataract,4,43,2750,2.0,NSW,2021
SAL10854,Cathcart (NSW),106,37,1312,2.6,NSW,2021
SAL10855,Catherine Field,2609,33,2316,3.3,NSW,2021
SAL10856,Catherine Hill Bay,943,37,2628,2.9,NSW,2021
SAL10857,Cathundral,31,32,3250,4.0,NSW,2021
SAL10858,Cattai,1077,40,2878,3.3,NSW,2021
SAL10859,Cattle Creek (NSW),38,35,1374,3.2,NSW,2021
SAL10860,Cavan (NSW),37,50,3083,2.9,NSW,2021
SAL10861,Caves Beach,4016,49,1628,2.6,NSW,2021
SAL10862,Cawdor (NSW),430,44,2399,3.2,NSW,2021
SAL10863,Cawongla,204,57,816,1.9,NSW,2021
SAL10864,Cecil Hills,6906,38,2409,3.6,NSW,2021
SAL10865,Cecil Park,815,43,2446,3.4,NSW,2021
SAL10866,Cedar Brush Creek,125,46,2250,2.8,NSW,2021
SAL10867,Cedar Creek (Cessnock - NSW),32,48,1625,2.5,NSW,2021
SAL10868,Cedar Creek (Tweed - NSW),12,63,1149,2.4,NSW,2021
SAL10869,Cedar Party,379,57,1183,2.6,NSW,2021
SAL10870,Cedar Point,175,50,1410,2.4,NSW,2021
SAL10871,Cells River,0,54,1125,1.0,NSW,2021
SAL10872,Centennial Park (NSW),2225,36,2154,1.9,NSW,2021
SAL10873,Central Colo,30,39,3083,3.4,NSW,2021
SAL10874,Central Macdonald,49,51,1812,2.5,NSW,2021
SAL10875,Central Mangrove,253,46,2388,3.1,NSW,2021
SAL10876,Central Tilba,342,57,1156,2.1,NSW,2021
SAL10877,Cessnock,16300,40,1192,2.4,NSW,2021
SAL10878,Chaelundi,0,0,0,0.0,NSW,2021
SAL10879,Chain Valley Bay,2773,63,866,2.1,NSW,2021
SAL10880,Chakola,88,46,2249,2.8,NSW,2021
SAL10881,Chambigne,48,57,833,2.3,NSW,2021
SAL10882,Charbon,91,50,746,1.8,NSW,2021
SAL10883,Charles Sturt University,433,20,2750,2.0,NSW,2021
SAL10884,Charlestown (NSW),13601,38,1839,2.5,NSW,2021
SAL10885,Charleys Forest,70,55,850,2.1,NSW,2021
SAL10886,Charlotte Bay,175,47,1187,2.7,NSW,2021
SAL10887,Charlton (NSW),17,33,1125,2.7,NSW,2021
SAL10888,Charmhaven,2501,39,1392,2.6,NSW,2021
SAL10889,Chatham Valley,69,51,1437,2.5,NSW,2021
SAL10890,Chatsbury,86,54,1781,2.3,NSW,2021
SAL10891,Chatswood,25553,37,2158,2.5,NSW,2021
SAL10892,Chatswood West,1521,42,3121,3.0,NSW,2021
SAL10893,Chatsworth (NSW),157,57,1152,2.3,NSW,2021
SAL10894,Cheero Point,100,41,2428,2.2,NSW,2021
SAL10895,Cheltenham (NSW),2166,46,3573,3.1,NSW,2021
SAL10896,Cherry Tree Hill,51,62,1499,2.1,NSW,2021
SAL10897,Cherrybrook,19082,43,2924,3.1,NSW,2021
SAL10898,Chester Hill,14007,34,1355,3.2,NSW,2021
SAL10899,Chichester (NSW),25,59,949,2.1,NSW,2021
SAL10900,Chifley (NSW),3490,42,2311,2.9,NSW,2021
SAL10901,Chilcotts Creek,16,43,2749,3.6,NSW,2021
SAL10902,Chilcotts Grass,237,50,2143,2.8,NSW,2021
SAL10903,Chillingham,228,53,1050,2.3,NSW,2021
SAL10904,Chinderah,1639,62,719,1.8,NSW,2021
SAL10905,Chinnock,22,52,1375,2.9,NSW,2021
SAL10906,Chippendale,7803,28,1606,1.8,NSW,2021
SAL10907,Chipping Norton,9412,39,2024,3.0,NSW,2021
SAL10908,Chisholm (NSW),4577,32,2755,3.2,NSW,2021
SAL10909,Chiswick,2909,40,2444,2.2,NSW,2021
SAL10910,Chittaway Bay,1987,41,1693,2.6,NSW,2021
SAL10911,Chittaway Point,947,44,1793,2.7,NSW,2021
SAL10912,Chowan Creek,57,59,866,2.3,NSW,2021
SAL10913,Chullora,14,39,0,0.0,NSW,2021
SAL10914,Church Point,1066,54,3182,2.6,NSW,2021
SAL10915,Clandulla,186,50,900,2.4,NSW,2021
SAL10916,Clare (NSW),27,50,1999,2.9,NSW,2021
SAL10917,Claremont Meadows,5177,33,2297,3.2,NSW,2021
SAL10918,Clarence,200,52,1791,2.5,NSW,2021
SAL10919,Clarence Town,2265,39,1934,2.8,NSW,2021
SAL10920,Clarendon (NSW),147,40,1625,3.6,NSW,2021
SAL10921,Clarenza,602,49,2076,2.8,NSW,2021
SAL10922,Clareville,822,57,2802,2.4,NSW,2021
SAL10923,Claymore,2579,28,1020,3.1,NSW,2021
SAL10924,Clear Creek,115,56,1924,2.8,NSW,2021
SAL10925,Clear Range,34,42,2750,2.8,NSW,2021
SAL10926,Clearfield,0,58,899,1.5,NSW,2021
SAL10927,Clemton Park,1676,47,1869,2.8,NSW,2021
SAL10928,Clergate,206,41,1910,2.7,NSW,2021
SAL10929,Cleveland (NSW),22,39,900,2.9,NSW,2021
SAL10930,Clifden,27,35,1937,3.5,NSW,2021
SAL10931,Cliftleigh,2309,27,2018,2.9,NSW,2021
SAL10932,Clifton (NSW),35,41,2583,2.4,NSW,2021
SAL10933,Clifton Grove,950,43,2703,3.1,NSW,2021
SAL10934,Clontarf (NSW),1746,47,4609,3.0,NSW,2021
SAL10935,Clothiers Creek,293,43,1728,3.1,NSW,2021
SAL10936,Clouds Creek,0,0,0,0.0,NSW,2021
SAL10937,Clovelly,4887,37,3474,2.6,NSW,2021
SAL10938,Clunes (NSW),907,43,1855,2.6,NSW,2021
SAL10939,Clybucca,214,50,1687,2.3,NSW,2021
SAL10940,Clyde (NSW),9,51,725,1.0,NSW,2021
SAL10941,Clydesdale (NSW),114,41,2749,2.8,NSW,2021
SAL10942,Coal Point,1749,52,2148,2.5,NSW,2021
SAL10943,Coalcliff,212,47,3299,2.8,NSW,2021
SAL10944,Coaldale,73,47,2124,3.1,NSW,2021
SAL10945,Coasters Retreat,30,66,2250,1.9,NSW,2021
SAL10946,Cobaki,203,46,1906,2.8,NSW,2021
SAL10947,Cobaki Lakes,42,48,2250,2.9,NSW,2021
SAL10948,Cobar,3603,36,1816,2.3,NSW,2021
SAL10949,Cobar Park,36,48,774,2.4,NSW,2021
SAL10950,Cobargo,766,56,967,2.3,NSW,2021
SAL10951,Cobark,47,56,1458,2.6,NSW,2021
SAL10952,Cobbadah,95,43,1125,2.7,NSW,2021
SAL10953,Cobbitty,4206,35,2313,2.9,NSW,2021
SAL10954,Cobbora,25,57,1499,3.0,NSW,2021
SAL10955,Cobramunga,41,45,974,2.6,NSW,2021
SAL10956,Cockwhy,25,33,2624,3.0,NSW,2021
SAL10957,Codrington (NSW),83,42,1687,3.2,NSW,2021
SAL10958,Coffee Camp,201,54,843,2.1,NSW,2021
SAL10959,Coffs Harbour,27089,43,1231,2.3,NSW,2021
SAL10960,Coggan,3,66,900,1.3,NSW,2021
SAL10961,Cogra Bay,13,54,1374,2.0,NSW,2021
SAL10962,Coila,44,60,900,1.9,NSW,2021
SAL10963,Coldstream (NSW),61,53,866,2.3,NSW,2021
SAL10964,Coleambally,1152,43,1555,2.4,NSW,2021
SAL10965,Colebee,4914,33,3223,3.7,NSW,2021
SAL10966,Coledale,1372,42,2586,2.8,NSW,2021
SAL10967,Colinroobie,51,33,1542,3.2,NSW,2021
SAL10968,Colinton (NSW),115,51,2100,2.3,NSW,2021
SAL10969,Collarenebri,634,39,1042,2.5,NSW,2021
SAL10970,Collaroy (NSW),7944,43,2372,2.5,NSW,2021
SAL10971,Collaroy Plateau,4805,40,3278,3.2,NSW,2021
SAL10972,Collector,376,38,2200,2.8,NSW,2021
SAL10973,Collendina,109,50,1625,2.6,NSW,2021
SAL10974,Collerina,10,54,250,2.0,NSW,2021
SAL10975,Collie (NSW),177,42,1343,2.7,NSW,2021
SAL10976,Collingullie,258,41,1800,2.9,NSW,2021
SAL10977,Collingwood (NSW),51,45,2125,2.5,NSW,2021
SAL10978,Collins Creek,167,50,1057,2.4,NSW,2021
SAL10979,Collombatti,681,49,1294,2.6,NSW,2021
SAL10980,Collum Collum,0,0,0,0.0,NSW,2021
SAL10981,Colly Blue,22,40,1375,2.4,NSW,2021
SAL10982,Colo (Bathurst Regional - NSW),3,44,725,4.0,NSW,2021
SAL10983,Colo (Hawkesbury - NSW),62,45,2249,3.5,NSW,2021
SAL10984,Colo Heights,336,40,1607,3.0,NSW,2021
SAL10985,Colo Vale,1775,38,1875,2.8,NSW,2021
SAL10986,Colongra,0,0,0,0.0,NSW,2021
SAL10987,Colyton,8770,36,1539,2.8,NSW,2021
SAL10988,Comara,27,64,1312,2.0,NSW,2021
SAL10989,Combaning,100,39,2036,2.8,NSW,2021
SAL10990,Combara,28,40,612,2.5,NSW,2021
SAL10991,Comberton,31,46,1562,3.0,NSW,2021
SAL10992,Comboyne,416,55,1191,2.2,NSW,2021
SAL10993,Come By Chance,88,35,2125,3.4,NSW,2021
SAL10994,Comerong Island,19,67,1875,1.9,NSW,2021
SAL10995,Commissioners Creek,38,39,1375,2.3,NSW,2021
SAL10996,Como (NSW),4053,40,3152,3.1,NSW,2021
SAL10997,Comobella,65,38,1292,2.9,NSW,2021
SAL10998,Conargo,117,48,1325,2.3,NSW,2021
SAL10999,Concord,14551,43,2410,2.8,NSW,2021
SAL11000,Concord West,6178,42,2354,2.8,NSW,2021
SAL11001,Condell Park,13066,34,1636,3.4,NSW,2021
SAL11002,Condobolin,3185,39,1292,2.4,NSW,2021
SAL11003,Condong,314,40,1696,2.9,NSW,2021
SAL11004,Coneac,7,59,1625,2.0,NSW,2021
SAL11005,Congarinni,365,53,1125,2.6,NSW,2021
SAL11006,Congarinni North,394,49,1239,2.6,NSW,2021
SAL11007,Congewai,206,56,1687,2.3,NSW,2021
SAL11008,Congo,253,48,1550,2.3,NSW,2021
SAL11009,Conimbia,30,31,1812,2.7,NSW,2021
SAL11010,Coniston,2267,39,1535,2.4,NSW,2021
SAL11011,Conjola,148,52,1624,2.9,NSW,2021
SAL11012,Conjola Park,298,51,1181,2.2,NSW,2021
SAL11013,Connells Point,2884,43,2644,3.1,NSW,2021
SAL11014,Constitution Hill,4030,38,1706,2.8,NSW,2021
SAL11015,Coogee (NSW),14634,35,2976,2.2,NSW,2021
SAL11016,Cookamidgera,151,48,1300,2.4,NSW,2021
SAL11017,Cookardinia,81,44,1674,2.5,NSW,2021
SAL11018,Cooks Gap,549,43,1637,2.6,NSW,2021
SAL11019,Cooks Hill,3774,35,1881,2.0,NSW,2021
SAL11020,Cooks Myalls,49,43,1374,2.7,NSW,2021
SAL11021,Coolabah,32,37,1374,2.7,NSW,2021
SAL11022,Coolac,244,37,1625,2.7,NSW,2021
SAL11023,Coolagolite,309,51,1187,2.4,NSW,2021
SAL11024,Coolah,1262,47,1162,2.4,NSW,2021
SAL11025,Coolamon,2275,42,1427,2.5,NSW,2021
SAL11026,Coolangatta (NSW),324,51,2058,2.8,NSW,2021
SAL11027,Coolangubra,0,0,0,0.0,NSW,2021
SAL11028,Coolatai,99,42,1031,2.2,NSW,2021
SAL11029,Cooleman,0,0,0,0.0,NSW,2021
SAL11030,Cooleys Creek,8,35,2250,3.0,NSW,2021
SAL11031,Coolgardie (NSW),132,44,2250,2.9,NSW,2021
SAL11032,Coolongolook,382,55,952,2.5,NSW,2021
SAL11033,Coolringdon,73,55,1375,2.4,NSW,2021
SAL11034,Coolumbooka,13,35,1875,3.0,NSW,2021
SAL11035,Coolumburra,3,70,725,2.0,NSW,2021
SAL11036,Cooma (NSW),6715,44,1374,2.2,NSW,2021
SAL11037,Coomba Bay,168,58,1583,2.4,NSW,2021
SAL11038,Coomba Park,691,61,786,1.9,NSW,2021
SAL11039,Coombadjha,7,58,0,1.3,NSW,2021
SAL11040,Coombell,12,58,1125,2.3,NSW,2021
SAL11041,Coomealla,748,43,1358,2.7,NSW,2021
SAL11042,Coomoo Coomoo,19,48,3750,3.3,NSW,2021
SAL11043,Coonabarabran,3477,50,1154,2.3,NSW,2021
SAL11044,Coonamble,2666,38,1206,2.4,NSW,2021
SAL11045,Coongbar,0,67,3250,1.5,NSW,2021
SAL11046,Cooperabung,293,46,1825,3.0,NSW,2021
SAL11047,Coopernook,625,46,1142,2.5,NSW,2021
SAL11048,Coopers Gully,172,49,1625,2.4,NSW,2021
SAL11049,Coopers Shoot,409,46,1954,2.7,NSW,2021
SAL11050,Cooplacurripa,9,62,1062,1.7,NSW,2021
SAL11051,Coorabell,481,48,2107,2.7,NSW,2021
SAL11052,Cooranbong,7077,39,1639,2.7,NSW,2021
SAL11053,Cootamundra,6885,51,1037,2.2,NSW,2021
SAL11054,Cootralantra,107,42,1800,2.7,NSW,2021
SAL11055,Cooyal,137,45,2416,2.7,NSW,2021
SAL11056,Copacabana,2809,43,2143,2.8,NSW,2021
SAL11057,Cope,113,43,1125,2.4,NSW,2021
SAL11058,Copeland,74,56,1125,1.9,NSW,2021
SAL11059,Copeton,57,44,1375,2.9,NSW,2021
SAL11060,Copmanhurst,344,50,974,2.3,NSW,2021
SAL11061,Coppabella (NSW),12,22,1875,3.3,NSW,2021
SAL11062,Copperhannia,9,55,1999,1.8,NSW,2021
SAL11063,Coraki,1373,46,1072,2.5,NSW,2021
SAL11064,Coralville,168,53,1125,2.6,NSW,2021
SAL11065,Coramba,817,46,1625,2.6,NSW,2021
SAL11066,Corang,4,68,399,1.5,NSW,2021
SAL11067,Corangula,22,62,1124,2.2,NSW,2021
SAL11068,Corbie Hill,168,51,1875,2.7,NSW,2021
SAL11069,Cordeaux,0,0,0,0.0,NSW,2021
SAL11070,Cordeaux Heights,4460,41,2634,3.1,NSW,2021
SAL11071,Coree,43,44,2416,2.3,NSW,2021
SAL11072,Coreen,122,34,2049,2.9,NSW,2021
SAL11073,Corindi Beach,1802,39,1550,2.7,NSW,2021
SAL11074,Corinella (NSW),72,35,1875,3.0,NSW,2021
SAL11075,Corlette,5699,52,1566,2.4,NSW,2021
SAL11076,Corndale (NSW),358,49,1821,2.7,NSW,2021
SAL11077,Corney Town,66,52,762,1.9,NSW,2021
SAL11078,Cornwallis,44,45,1875,2.8,NSW,2021
SAL11079,Corobimilla,44,47,1708,2.9,NSW,2021
SAL11080,Corowa,5595,52,1130,2.1,NSW,2021
SAL11081,Corrabare,0,0,0,0.0,NSW,2021
SAL11082,Corrimal,6972,41,1508,2.3,NSW,2021
SAL11083,Corrong,3,52,0,4.0,NSW,2021
SAL11084,Corrowong,23,62,1749,2.0,NSW,2021
SAL11085,Corunna,83,60,974,2.4,NSW,2021
SAL11086,Cottage Point,96,60,2750,1.9,NSW,2021
SAL11087,Cottonvale (NSW),20,57,850,1.8,NSW,2021
SAL11088,Cougal,30,64,840,1.9,NSW,2021
SAL11089,Countegany,38,58,1458,2.1,NSW,2021
SAL11090,Courabyra,112,38,1375,3.0,NSW,2021
SAL11091,Couradda,29,49,1333,3.0,NSW,2021
SAL11092,Couragago,9,27,2124,4.0,NSW,2021
SAL11093,Couridjah,282,40,1791,2.9,NSW,2021
SAL11094,Coutts Crossing,1053,44,1157,2.6,NSW,2021
SAL11095,Cow Flat,58,51,2249,2.8,NSW,2021
SAL11096,Cowabbie,16,34,3125,2.7,NSW,2021
SAL11097,Cowan,631,41,2250,2.9,NSW,2021
SAL11098,Cowper,88,48,1300,2.4,NSW,2021
SAL11099,Cowra,10145,46,1107,2.3,NSW,2021
SAL11100,Coxs Creek,73,37,1166,3.0,NSW,2021
SAL11101,Coxs Crown,18,46,450,2.6,NSW,2021
SAL11102,Crabbes Creek,343,47,1420,2.7,NSW,2021
SAL11103,Crackenback,213,45,2374,2.9,NSW,2021
SAL11104,Craigie (NSW),29,42,2250,2.5,NSW,2021
SAL11105,Cranebrook,15779,33,2108,2.9,NSW,2021
SAL11106,Crangan Bay,3,65,1125,2.0,NSW,2021
SAL11107,Craven,104,54,1050,2.3,NSW,2021
SAL11108,Craven Plateau,14,62,1874,2.0,NSW,2021
SAL11109,Crawford River,57,54,1125,2.2,NSW,2021
SAL11110,Crawney,48,47,762,2.6,NSW,2021
SAL11111,Creel Bay,4,35,2499,2.0,NSW,2021
SAL11112,Creewah,36,59,875,1.5,NSW,2021
SAL11113,Cremorne (NSW),11263,40,2481,2.1,NSW,2021
SAL11114,Cremorne Point,2270,47,2951,2.1,NSW,2021
SAL11115,Crescent Head,1633,50,1317,2.2,NSW,2021
SAL11116,Crestwood,4936,35,1719,2.2,NSW,2021
SAL11117,Cringila,2156,38,1117,2.8,NSW,2021
SAL11118,Croki,34,61,1208,2.1,NSW,2021
SAL11119,Cromer (NSW),8030,41,2483,3.0,NSW,2021
SAL11120,Cronulla,17899,43,2058,2.1,NSW,2021
SAL11121,Crooble,54,37,1562,3.1,NSW,2021
SAL11122,Croobyar,174,57,1516,2.5,NSW,2021
SAL11123,Crooked Corner,78,55,1312,2.1,NSW,2021
SAL11124,Crookwell,2686,52,1196,2.2,NSW,2021
SAL11125,Croom,112,38,1718,3.0,NSW,2021
SAL11126,Croppa Creek,104,38,2416,3.0,NSW,2021
SAL11127,Cross Roads (NSW),19,40,2125,3.2,NSW,2021
SAL11128,Crosslands,626,41,1389,2.8,NSW,2021
SAL11129,Croudace Bay,641,41,2010,2.8,NSW,2021
SAL11130,Crowdy Bay,6,28,1999,2.0,NSW,2021
SAL11131,Crowdy Head,78,63,1875,2.2,NSW,2021
SAL11132,Crows Nest (NSW),4974,36,2614,2.0,NSW,2021
SAL11133,Crowther,78,43,1350,2.5,NSW,2021
SAL11134,Crowther Island,0,0,0,0.0,NSW,2021
SAL11135,Croydon (NSW),10755,42,2157,2.7,NSW,2021
SAL11136,Croydon Park (NSW),10929,41,1843,2.7,NSW,2021
SAL11137,Crudine,68,56,900,2.3,NSW,2021
SAL11138,Cryon,39,44,1875,3.1,NSW,2021
SAL11139,Crystal Creek (NSW),263,47,1210,2.6,NSW,2021
SAL11140,Cubba,26,44,4999,2.6,NSW,2021
SAL11141,Cudal,586,44,1312,2.4,NSW,2021
SAL11142,Cudgegong,66,51,1687,2.4,NSW,2021
SAL11143,Cudgel,36,38,1625,3.2,NSW,2021
SAL11144,Cudgen,952,39,1893,2.9,NSW,2021
SAL11145,Cudgera Creek,339,45,1800,2.8,NSW,2021
SAL11146,Cudmirrah,284,56,1093,2.0,NSW,2021
SAL11147,Culburra Beach,2946,54,1247,2.2,NSW,2021
SAL11148,Culcairn,1483,44,1173,2.5,NSW,2021
SAL11149,Cullen Bullen,166,51,1042,2.5,NSW,2021
SAL11150,Cullenbone,49,30,3125,3.8,NSW,2021
SAL11151,Cullendore,10,57,1374,2.0,NSW,2021
SAL11152,Cullerin,41,53,2250,2.7,NSW,2021
SAL11153,Cullivel,10,51,1699,3.3,NSW,2021
SAL11154,Culmaran Creek,21,48,1437,2.4,NSW,2021
SAL11155,Cumbalum,2211,37,2170,3.0,NSW,2021
SAL11156,Cumbandry,22,20,3250,5.5,NSW,2021
SAL11157,Cumberland Reach,208,38,2386,3.1,NSW,2021
SAL11158,Cumbo,3,59,2750,2.0,NSW,2021
SAL11159,Cumborah,198,58,497,1.6,NSW,2021
SAL11160,Cumnock,491,44,1184,2.5,NSW,2021
SAL11161,Cundle Flat,12,60,1125,2.2,NSW,2021
SAL11162,Cundletown,2050,46,1305,2.5,NSW,2021
SAL11163,Cundumbul,44,38,1875,3.0,NSW,2021
SAL11164,Cunjurong Point,111,60,1337,1.9,NSW,2021
SAL11165,Cunningar,163,54,1333,2.1,NSW,2021
SAL11166,Cunninyeuk,24,27,2249,3.3,NSW,2021
SAL11167,Curban,137,40,1765,2.5,NSW,2021
SAL11168,Curl Curl,2364,40,3870,3.0,NSW,2021
SAL11169,Curlew Waters,21,39,1649,3.2,NSW,2021
SAL11170,Curlewis (NSW),779,40,1403,2.6,NSW,2021
SAL11171,Curlwaa,496,42,1589,2.5,NSW,2021
SAL11172,Curra Creek,43,55,762,2.0,NSW,2021
SAL11173,Currabubula,339,41,1553,2.5,NSW,2021
SAL11174,Curragh,0,0,0,0.0,NSW,2021
SAL11175,Curramore (NSW),220,52,2178,3.0,NSW,2021
SAL11176,Currans Hill,5541,32,2170,3.0,NSW,2021
SAL11177,Currarong,479,61,1197,2.0,NSW,2021
SAL11178,Currawang,167,46,2449,2.4,NSW,2021
SAL11179,Currawarna,199,38,1875,2.9,NSW,2021
SAL11180,Curraweela,67,53,1375,2.5,NSW,2021
SAL11181,Curricabark,8,58,4249,2.5,NSW,2021
SAL11182,Currowan,72,52,1458,2.6,NSW,2021
SAL11183,Cuttabri,37,43,1749,2.6,NSW,2021
SAL11184,Cuttagee,61,64,949,2.0,NSW,2021
SAL11185,Dabee,42,35,1375,2.5,NSW,2021
SAL11186,Daceyville,1146,56,651,1.8,NSW,2021
SAL11187,Dairy Arm,43,49,1166,1.8,NSW,2021
SAL11188,Dairy Flat,22,60,474,2.3,NSW,2021
SAL11189,Dairymans Plains,183,49,1875,2.6,NSW,2021
SAL11190,Daleys Point,705,59,1227,2.1,NSW,2021
SAL11191,Dalgety,252,48,1375,2.4,NSW,2021
SAL11192,Dalmeny,2194,59,1092,2.1,NSW,2021
SAL11193,Dalmorton,6,74,900,2.0,NSW,2021
SAL11194,Dalswinton,57,36,1812,2.2,NSW,2021
SAL11195,Dalton,230,48,1531,2.6,NSW,2021
SAL11196,Dalwood (Ballina - NSW),218,50,2181,2.6,NSW,2021
SAL11197,Dalwood (Singleton - NSW),111,39,2625,3.5,NSW,2021
SAL11198,Dandaloo,38,35,1958,3.0,NSW,2021
SAL11199,Dandry,65,41,900,2.6,NSW,2021
SAL11200,Dangar Island,313,56,1857,2.2,NSW,2021
SAL11201,Dangarsleigh,120,50,1910,2.4,NSW,2021
SAL11202,Dangelong,6,32,2750,3.0,NSW,2021
SAL11203,Dapto,10954,39,1475,2.5,NSW,2021
SAL11204,Darawank,451,52,1285,2.6,NSW,2021
SAL11205,Darbalara,62,29,2125,3.1,NSW,2021
SAL11206,Darbys Falls,243,55,845,2.2,NSW,2021
SAL11207,Dareton,456,49,823,2.2,NSW,2021
SAL11208,Dargan,83,62,1160,1.8,NSW,2021
SAL11209,Dark Corner,45,48,899,2.4,NSW,2021
SAL11210,Darkes Forest,95,45,2624,3.2,NSW,2021
SAL11211,Darkwood,237,47,949,2.3,NSW,2021
SAL11212,Darling Point,3977,49,3219,1.9,NSW,2021
SAL11213,Darlinghurst,10615,37,2279,1.7,NSW,2021
SAL11214,Darlington (Singleton - NSW),378,35,1786,2.3,NSW,2021
SAL11215,Darlington (Sydney - NSW),2597,27,2392,2.3,NSW,2021
SAL11216,Darlington Point,1030,44,1312,2.3,NSW,2021
SAL11217,Darlow,30,61,1937,2.1,NSW,2021
SAL11218,Daroobalgie,88,36,2049,2.6,NSW,2021
SAL11219,Dartbrook,110,41,2449,2.6,NSW,2021
SAL11220,Daruka,770,44,2327,2.9,NSW,2021
SAL11221,Davidson,2725,45,3254,3.1,NSW,2021
SAL11222,Davis Creek,34,44,1125,2.6,NSW,2021
SAL11223,Davistown,2602,48,1380,2.4,NSW,2021
SAL11224,Dawes Point,385,55,4708,2.1,NSW,2021
SAL11225,Daysdale,83,56,1281,2.1,NSW,2021
SAL11226,Dean Park,3180,35,1846,2.9,NSW,2021
SAL11227,Deauville,29,59,1624,2.6,NSW,2021
SAL11228,Debenham,5,54,749,1.5,NSW,2021
SAL11229,Dee Why,23354,36,2106,2.3,NSW,2021
SAL11230,Deep Creek (Clarence Valley - NSW),12,26,4750,4.0,NSW,2021
SAL11231,Deep Creek (Kempsey - NSW),100,54,1071,2.5,NSW,2021
SAL11232,Deep Creek (Kyogle - NSW),20,44,1087,3.0,NSW,2021
SAL11233,Deepwater (NSW),456,56,763,2.0,NSW,2021
SAL11234,Deer Vale,128,47,1125,2.4,NSW,2021
SAL11235,Delegate,295,53,785,2.1,NSW,2021
SAL11236,Delungra,625,45,1054,2.5,NSW,2021
SAL11237,Denham Court,9129,33,2448,3.2,NSW,2021
SAL11238,Denhams Beach,650,61,1323,2.3,NSW,2021
SAL11239,Deniliquin,7432,47,1221,2.2,NSW,2021
SAL11240,Denistone,3726,43,2683,2.9,NSW,2021
SAL11241,Denistone East,2292,41,2424,3.1,NSW,2021
SAL11242,Denistone West,947,42,2579,3.1,NSW,2021
SAL11243,Denman,1821,43,1427,2.4,NSW,2021
SAL11244,Depot Beach,34,40,1937,2.5,NSW,2021
SAL11245,Derriwong,38,46,899,2.3,NSW,2021
SAL11246,Deua,0,0,0,0.0,NSW,2021
SAL11247,Deua River Valley,52,64,1125,1.9,NSW,2021
SAL11248,Devils Hole,10,63,1416,1.9,NSW,2021
SAL11249,Dewitt,11,53,466,2.0,NSW,2021
SAL11250,Dharruk,2806,35,1467,3.0,NSW,2021
SAL11251,Dhulura,42,30,3124,2.9,NSW,2021
SAL11252,Dhuragoon,38,39,1375,3.1,NSW,2021
SAL11253,Diamond Beach,1012,50,1331,2.4,NSW,2021
SAL11254,Diamond Head,7,52,225,1.7,NSW,2021
SAL11255,Diehard,62,51,420,1.4,NSW,2021
SAL11256,Diggers Camp,13,67,575,1.3,NSW,2021
SAL11257,Dignams Creek,82,55,1104,2.0,NSW,2021
SAL11258,Dilkoon,40,53,1042,2.5,NSW,2021
SAL11259,Dilpurra,29,41,1312,3.2,NSW,2021
SAL11260,Dingo Forest,0,0,0,0.0,NSW,2021
SAL11261,Dinoga,51,52,1312,2.6,NSW,2021
SAL11262,Dirnaseer,89,48,1687,3.0,NSW,2021
SAL11263,Dirty Creek,106,32,1125,2.9,NSW,2021
SAL11264,Dobies Bight,117,42,1583,2.7,NSW,2021
SAL11265,Doctor George Mountain,65,55,1187,2.2,NSW,2021
SAL11266,Doctors Gap,25,60,624,1.8,NSW,2021
SAL11267,Dog Rocks,7,45,1625,3.0,NSW,2021
SAL11268,Dolans Bay,699,41,3542,3.2,NSW,2021
SAL11269,Dolls Point,1633,44,1708,2.1,NSW,2021
SAL11270,Dollys Flat,65,54,1208,2.5,NSW,2021
SAL11271,Dolphin Point,354,47,1488,2.4,NSW,2021
SAL11272,Dombarton,130,54,2094,2.7,NSW,2021
SAL11273,Donald Creek,39,39,1375,2.8,NSW,2021
SAL11274,Dondingalong,712,51,1164,2.5,NSW,2021
SAL11275,Doon Doon,92,55,1062,2.4,NSW,2021
SAL11276,Doonbah,298,68,876,2.0,NSW,2021
SAL11277,Doonside,13614,36,1582,2.9,NSW,2021
SAL11278,Dooralong,350,42,2833,3.1,NSW,2021
SAL11279,Dora Creek,1739,51,1401,2.3,NSW,2021
SAL11280,Dorrigo,1214,56,925,2.0,NSW,2021
SAL11281,Dorrigo Mountain,88,61,1156,2.0,NSW,2021
SAL11282,Dorroughby,158,53,1625,2.4,NSW,2021
SAL11283,Double Bay,4709,39,3077,2.1,NSW,2021
SAL11284,Doubtful Creek,162,43,1160,2.6,NSW,2021
SAL11285,Douglas Park,1386,42,2250,3.1,NSW,2021
SAL11286,Dover Heights,4044,41,3877,3.0,NSW,2021
SAL11287,Downside,124,46,2583,2.6,NSW,2021
SAL11288,Doyalson,299,38,1433,2.7,NSW,2021
SAL11289,Doyalson North,383,72,691,1.6,NSW,2021
SAL11290,Doyles Creek,39,56,1562,2.6,NSW,2021
SAL11291,Doyles River,0,0,0,0.0,NSW,2021
SAL11292,Drake,244,57,698,1.8,NSW,2021
SAL11293,Drake Village,95,54,687,2.1,NSW,2021
SAL11294,Drildool,23,50,1416,2.6,NSW,2021
SAL11295,Dripstone,68,52,1125,2.4,NSW,2021
SAL11296,Drummoyne,12011,42,2776,2.3,NSW,2021
SAL11297,Dry Creek (NSW),50,39,2374,3.3,NSW,2021
SAL11298,Dry Plain,42,54,1875,2.1,NSW,2021
SAL11299,Dubbo,43516,35,1690,2.5,NSW,2021
SAL11300,Duck Creek,50,51,1124,2.3,NSW,2021
SAL11301,Duckenfield,92,49,1343,2.5,NSW,2021
SAL11302,Duckmaloi,44,51,2249,2.6,NSW,2021
SAL11303,Dudley,2505,39,2487,2.7,NSW,2021
SAL11304,Duffys Forest,509,43,4250,3.2,NSW,2021
SAL11305,Dulguigan,143,53,2150,2.9,NSW,2021
SAL11306,Dulwich Hill,14046,38,2095,2.2,NSW,2021
SAL11307,Dum Dum,125,59,1771,2.4,NSW,2021
SAL11308,Dumaresq,80,42,1687,2.5,NSW,2021
SAL11309,Dumaresq Island,70,57,2583,2.4,NSW,2021
SAL11310,Dumaresq Valley,29,47,1125,2.7,NSW,2021
SAL11311,Dumbudgery,0,0,0,0.0,NSW,2021
SAL11312,Dunbible,380,47,1949,2.7,NSW,2021
SAL11313,Dunbogan,1020,63,947,2.0,NSW,2021
SAL11314,Duncans Creek,70,51,1375,2.5,NSW,2021
SAL11315,Dundas (NSW),4959,37,1962,2.8,NSW,2021
SAL11316,Dundas Valley,5875,38,1835,2.8,NSW,2021
SAL11317,Dundee,152,56,1228,2.4,NSW,2021
SAL11318,Dundurrabin,121,48,492,2.0,NSW,2021
SAL11319,Dunedoo,1097,51,985,2.2,NSW,2021
SAL11320,Dungarubba,52,37,1624,3.3,NSW,2021
SAL11321,Dungay,225,50,1406,2.6,NSW,2021
SAL11322,Dungeree,6,11,3250,5.0,NSW,2021
SAL11323,Dungog,1983,52,1045,2.2,NSW,2021
SAL11324,Dungowan,366,41,1805,2.8,NSW,2021
SAL11325,Dunkeld (NSW),42,52,1499,2.3,NSW,2021
SAL11326,Dunmore (NSW),318,41,2214,2.7,NSW,2021
SAL11327,Dunolly (NSW),136,42,933,2.1,NSW,2021
SAL11328,Dunoon,840,42,1510,2.6,NSW,2021
SAL11329,Duns Creek,582,42,2236,2.9,NSW,2021
SAL11330,Dunville Loop,13,63,1375,1.7,NSW,2021
SAL11331,Dural (Hornsby - NSW),7900,45,2489,3.0,NSW,2021
SAL11332,Dural (Singleton - NSW),0,0,0,0.0,NSW,2021
SAL11333,Duramana,248,47,1949,2.7,NSW,2021
SAL11334,Duranbah,226,43,1850,2.6,NSW,2021
SAL11335,Duri,463,47,1696,2.5,NSW,2021
SAL11336,Duroby,74,58,939,2.2,NSW,2021
SAL11337,Durran Durra,114,46,2062,2.6,NSW,2021
SAL11338,Durras North,50,59,1812,2.1,NSW,2021
SAL11339,Durren Durren,96,44,2250,3.2,NSW,2021
SAL11340,Duval,0,30,725,2.0,NSW,2021
SAL11341,Dyers Crossing,346,53,1149,2.5,NSW,2021
SAL11342,Dyraaba,113,53,1300,2.5,NSW,2021
SAL11343,Dyrring,102,37,2250,3.3,NSW,2021
SAL11344,Eagle Vale,5789,36,1785,3.0,NSW,2021
SAL11345,Eagleton,205,50,1421,2.6,NSW,2021
SAL11346,Earlwood,18053,44,2164,2.8,NSW,2021
SAL11347,East Albury,6224,40,1508,2.2,NSW,2021
SAL11348,East Ballina,5882,48,1554,2.3,NSW,2021
SAL11349,East Branxton,1881,33,2024,2.7,NSW,2021
SAL11350,East Coraki,222,44,1625,2.7,NSW,2021
SAL11351,East Corrimal,3432,39,1518,2.3,NSW,2021
SAL11352,East Gosford,4391,44,1330,2.1,NSW,2021
SAL11353,East Gresford,338,43,1375,2.5,NSW,2021
SAL11354,East Hills,3370,41,1829,2.6,NSW,2021
SAL11355,East Jindabyne,1067,37,2349,2.7,NSW,2021
SAL11356,East Kangaloon,80,54,2125,2.6,NSW,2021
SAL11357,East Kempsey,1336,41,1116,2.2,NSW,2021
SAL11358,East Killara,2895,43,3005,3.2,NSW,2021
SAL11359,East Kurrajong,2203,38,2757,3.4,NSW,2021
SAL11360,East Lindfield,3710,43,3457,3.1,NSW,2021
SAL11361,East Lismore,4980,39,1236,2.3,NSW,2021
SAL11362,East Lynne,94,56,1325,2.1,NSW,2021
SAL11363,East Maitland,11860,40,1422,2.3,NSW,2021
SAL11364,East Ryde,2522,43,3240,3.0,NSW,2021
SAL11365,East Seaham,353,42,2250,3.0,NSW,2021
SAL11366,East Tamworth,5417,40,1711,2.3,NSW,2021
SAL11367,East Wagga Wagga,213,40,1452,2.3,NSW,2021
SAL11368,East Wardell,312,44,1550,2.6,NSW,2021
SAL11369,Eastern Creek,874,32,1861,3.3,NSW,2021
SAL11370,Eastgardens,4086,31,2232,2.4,NSW,2021
SAL11371,Eastlakes,6347,40,1300,2.4,NSW,2021
SAL11372,Eastwood (NSW),18695,39,1945,2.8,NSW,2021
SAL11373,Eatonsville,214,47,1449,2.6,NSW,2021
SAL11374,Ebenezer (NSW),1081,38,2261,3.3,NSW,2021
SAL11375,Ebor,149,55,1270,2.4,NSW,2021
SAL11376,Eccleston,27,58,1312,2.0,NSW,2021
SAL11377,Edderton,4,50,1875,2.0,NSW,2021
SAL11378,Eden,3350,53,1025,2.2,NSW,2021
SAL11379,Eden Creek,136,58,1028,2.0,NSW,2021
SAL11380,Edensor Park,10279,39,1817,3.4,NSW,2021
SAL11381,Edenville,80,55,900,2.3,NSW,2021
SAL11382,Edgecliff,2499,39,2321,1.9,NSW,2021
SAL11383,Edgeroi,96,48,2583,3.1,NSW,2021
SAL11384,Edgeworth,6401,39,1435,2.4,NSW,2021
SAL11385,Edith (NSW),120,55,1174,2.3,NSW,2021
SAL11386,Edmondson Park,12080,31,2562,3.4,NSW,2021
SAL11387,Edrom,0,0,0,0.0,NSW,2021
SAL11388,Eenaweena,21,47,900,1.7,NSW,2021
SAL11389,Eglinton (NSW),3012,34,2054,2.9,NSW,2021
SAL11390,Eighteen Mile,3,68,500,2.0,NSW,2021
SAL11391,Elands,178,60,642,1.9,NSW,2021
SAL11392,Elanora Heights,4581,41,3052,3.2,NSW,2021
SAL11393,Elcombe,25,32,449,3.3,NSW,2021
SAL11394,Elderslie (Camden - NSW),7878,34,2150,2.8,NSW,2021
SAL11395,Elderslie (Singleton - NSW),131,41,2550,3.1,NSW,2021
SAL11396,Eleebana,6460,45,2227,2.7,NSW,2021
SAL11397,Elermore Vale,6057,42,1567,2.5,NSW,2021
SAL11398,Elizabeth Bay,4878,43,2116,1.5,NSW,2021
SAL11399,Elizabeth Beach,259,51,1583,2.4,NSW,2021
SAL11400,Elizabeth Hills,3208,31,2413,3.8,NSW,2021
SAL11401,Ellalong,1351,35,1697,3.0,NSW,2021
SAL11402,Elland,331,53,1437,2.5,NSW,2021
SAL11403,Ellangowan (NSW),318,47,1375,2.7,NSW,2021
SAL11404,Ellenborough,171,47,730,2.1,NSW,2021
SAL11405,Ellerslie (Snowy Valleys - NSW),39,38,1875,3.3,NSW,2021
SAL11406,Ellerslie (Wentworth - NSW),56,42,1999,2.5,NSW,2021
SAL11407,Ellerston,123,41,1446,2.1,NSW,2021
SAL11408,Ellis Lane,852,44,2269,3.1,NSW,2021
SAL11409,Elong Elong,142,43,1145,2.4,NSW,2021
SAL11410,Elrington,155,51,1843,2.8,NSW,2021
SAL11411,Elsmore,358,33,1199,2.3,NSW,2021
SAL11412,Eltham (NSW),332,48,1978,2.8,NSW,2021
SAL11413,Elvina Bay,80,50,1958,2.2,NSW,2021
SAL11414,Emerald Beach,2677,41,1813,2.7,NSW,2021
SAL11415,Emerald Hill,137,39,1708,2.5,NSW,2021
SAL11416,Emerton,2295,32,1238,2.9,NSW,2021
SAL11417,Emmaville,505,58,748,1.9,NSW,2021
SAL11418,Empire Bay,2522,42,1884,2.7,NSW,2021
SAL11419,Empire Vale,185,48,1428,2.7,NSW,2021
SAL11420,Emu Heights (NSW),3205,38,2398,2.9,NSW,2021
SAL11421,Emu Plains,8126,41,1877,2.6,NSW,2021
SAL11422,Emu Swamp,156,51,2687,2.7,NSW,2021
SAL11423,Endrick,0,0,0,0.0,NSW,2021
SAL11424,Enfield (NSW),2992,41,1742,2.6,NSW,2021
SAL11425,Engadine,17736,39,2303,2.9,NSW,2021
SAL11426,Englorie Park,361,36,1653,2.5,NSW,2021
SAL11427,Enmore (Armidale Regional - NSW),34,57,1687,2.5,NSW,2021
SAL11428,Enmore (Inner West - NSW),3871,35,2309,2.2,NSW,2021
SAL11429,Enngonia,183,37,1562,2.9,NSW,2021
SAL11430,Environa,0,0,0,0.0,NSW,2021
SAL11431,Epping (NSW),29551,36,2243,2.8,NSW,2021
SAL11432,Eraring,221,60,1981,2.5,NSW,2021
SAL11433,Eremerang,21,34,1937,3.4,NSW,2021
SAL11434,Erigolia,29,41,2249,3.8,NSW,2021
SAL11435,Erin Vale,36,40,1937,2.5,NSW,2021
SAL11436,Erina,5205,61,1010,2.1,NSW,2021
SAL11437,Erina Heights,454,41,2819,3.2,NSW,2021
SAL11438,Ermington,12686,37,1993,2.8,NSW,2021
SAL11439,Erowal Bay,652,49,1407,2.3,NSW,2021
SAL11440,Errowanbang,52,43,1833,2.2,NSW,2021
SAL11441,Erskine Park,6486,37,2349,3.2,NSW,2021
SAL11442,Erskineville,9657,34,3020,2.0,NSW,2021
SAL11443,Erudgere,108,38,2791,3.3,NSW,2021
SAL11444,Eschol Park,2607,36,1851,2.9,NSW,2021
SAL11445,Esk (NSW),0,0,0,0.0,NSW,2021
SAL11446,Essington,99,47,1874,2.7,NSW,2021
SAL11447,Estella,2541,34,1920,2.6,NSW,2021
SAL11448,Ettalong Beach,5161,54,1077,1.9,NSW,2021
SAL11449,Ettamogah,92,39,2333,3.0,NSW,2021
SAL11450,Ettrema,0,27,0,0.0,NSW,2021
SAL11451,Ettrick (NSW),149,46,1202,2.5,NSW,2021
SAL11452,Euabalong,125,48,825,2.4,NSW,2021
SAL11453,Euabalong West,20,54,1125,2.0,NSW,2021
SAL11454,Euberta,130,47,1812,2.5,NSW,2021
SAL11455,Euchareena,170,40,900,2.6,NSW,2021
SAL11456,Eucumbene,28,59,849,1.6,NSW,2021
SAL11457,Eugowra,862,50,1245,2.3,NSW,2021
SAL11458,Eulah Creek,84,46,2250,2.9,NSW,2021
SAL11459,Eumungerie,384,43,1288,2.6,NSW,2021
SAL11460,Eunanoreenya,165,49,2299,2.7,NSW,2021
SAL11461,Eungai Creek,397,47,1075,2.4,NSW,2021
SAL11462,Eungai Rail,208,45,979,2.6,NSW,2021
SAL11463,Eungella (NSW),350,48,1012,2.4,NSW,2021
SAL11464,Eureka (NSW),353,47,1944,2.5,NSW,2021
SAL11465,Eurimbla,44,39,2374,3.4,NSW,2021
SAL11466,Eurobodalla,80,56,1075,2.4,NSW,2021
SAL11467,Euroka,348,48,1875,2.8,NSW,2021
SAL11468,Euroley,76,38,1625,2.7,NSW,2021
SAL11469,Eurongilly,91,36,2250,3.4,NSW,2021
SAL11470,Eurunderee,186,50,2583,2.7,NSW,2021
SAL11471,Euston,822,36,1612,2.8,NSW,2021
SAL11472,Evans Head,2907,52,1086,2.1,NSW,2021
SAL11473,Evans Plains,168,46,2374,2.7,NSW,2021
SAL11474,Eveleigh,606,34,1339,2.1,NSW,2021
SAL11475,Eviron,229,40,1666,3.4,NSW,2021
SAL11476,Ewingar,53,62,493,1.5,NSW,2021
SAL11477,Ewingsdale,1025,42,2553,3.0,NSW,2021
SAL11478,Exeter (NSW),1087,53,1914,2.5,NSW,2021
SAL11479,Failford,748,58,1005,2.3,NSW,2021
SAL11480,Fairfield (NSW),18596,40,1092,2.9,NSW,2021
SAL11481,Fairfield East,5198,37,1212,3.2,NSW,2021
SAL11482,Fairfield Heights,8269,38,1285,3.4,NSW,2021
SAL11483,Fairfield West,12981,36,1428,3.4,NSW,2021
SAL11484,Fairholme,43,38,1374,3.1,NSW,2021
SAL11485,Fairlight,6141,39,3251,2.4,NSW,2021
SAL11486,Fairy Hill,407,49,1348,2.6,NSW,2021
SAL11487,Fairy Meadow,7512,38,1407,2.4,NSW,2021
SAL11488,Falbrook,29,31,1375,2.7,NSW,2021
SAL11489,Falconer,52,46,2062,2.9,NSW,2021
SAL11490,Falls Creek (NSW),939,49,1508,2.7,NSW,2021
SAL11491,Far Meadow,209,60,1930,2.4,NSW,2021
SAL11492,Fargunyah,22,29,1125,3.7,NSW,2021
SAL11493,Farley,605,30,2015,2.6,NSW,2021
SAL11494,Farmborough Heights,4179,38,2234,2.8,NSW,2021
SAL11495,Farnham,21,57,1187,2.7,NSW,2021
SAL11496,Farrants Hill,131,51,1375,2.4,NSW,2021
SAL11497,Farringdon,21,64,2374,1.6,NSW,2021
SAL11498,Fassifern (NSW),586,47,1343,2.3,NSW,2021
SAL11499,Faulconbridge,4156,40,2152,2.7,NSW,2021
SAL11500,Faulkland,106,54,1718,2.2,NSW,2021
SAL11501,Fawcetts Plain,155,42,1718,2.9,NSW,2021
SAL11502,Federal (NSW),784,47,1910,2.5,NSW,2021
SAL11503,Fennell Bay,1780,45,1375,2.4,NSW,2021
SAL11504,Fern Bay,4046,43,1435,2.4,NSW,2021
SAL11505,Fern Gully,47,45,2750,2.4,NSW,2021
SAL11506,Fernances,7,62,900,1.4,NSW,2021
SAL11507,Fernances Crossing,36,48,1625,2.3,NSW,2021
SAL11508,Fernbank Creek,122,50,1625,2.8,NSW,2021
SAL11509,Fernbrook,131,58,1271,2.0,NSW,2021
SAL11510,Fernhill,987,45,1107,2.3,NSW,2021
SAL11511,Fernleigh,298,50,2024,2.8,NSW,2021
SAL11512,Fernmount,444,46,1784,2.7,NSW,2021
SAL11513,Fernside,55,42,1624,2.7,NSW,2021
SAL11514,Fernvale (NSW),261,44,1485,2.8,NSW,2021
SAL11515,Ferodale,98,43,1562,2.8,NSW,2021
SAL11516,Fiddletown,259,40,2562,3.1,NSW,2021
SAL11517,Fifield,128,42,1541,3.0,NSW,2021
SAL11518,Figtree,12335,40,2042,2.8,NSW,2021
SAL11519,Findon Creek,36,54,762,2.2,NSW,2021
SAL11520,Fine Flower,25,53,1625,2.8,NSW,2021
SAL11521,Fingal Bay,1635,63,1114,2.1,NSW,2021
SAL11522,Fingal Head,615,46,1614,2.6,NSW,2021
SAL11523,Finley,2455,51,1066,2.2,NSW,2021
SAL11524,Firefly,247,51,1375,2.5,NSW,2021
SAL11525,Fishermans Bay,76,59,1875,2.2,NSW,2021
SAL11526,Fishermans Paradise,491,50,1016,2.2,NSW,2021
SAL11527,Fishermans Reach,144,59,739,1.9,NSW,2021
SAL11528,Fishers Hill,56,43,1874,2.9,NSW,2021
SAL11529,Fishing Point,1105,51,1755,2.4,NSW,2021
SAL11530,Fitzgeralds Mount,25,46,1624,2.6,NSW,2021
SAL11531,Fitzgeralds Valley,12,33,2750,3.3,NSW,2021
SAL11532,Fitzroy Falls,220,50,2250,2.4,NSW,2021
SAL11533,Five Dock,9823,41,2328,2.5,NSW,2021
SAL11534,Five Ways,27,49,900,3.7,NSW,2021
SAL11535,Flat Tops,21,64,1625,1.6,NSW,2021
SAL11536,Fletcher (NSW),8014,32,2545,3.2,NSW,2021
SAL11537,Flinders (NSW),7118,36,2103,2.9,NSW,2021
SAL11538,Floraville,1814,40,2128,2.8,NSW,2021
SAL11539,Forbes (NSW),8157,42,1221,2.3,NSW,2021
SAL11540,Forbes Creek,62,52,2666,2.5,NSW,2021
SAL11541,Forbes River,20,45,2749,2.3,NSW,2021
SAL11542,Forbesdale,170,54,1333,2.7,NSW,2021
SAL11543,Fords Bridge,30,52,1875,2.3,NSW,2021
SAL11544,Fordwich,90,40,1625,2.3,NSW,2021
SAL11545,Forest Glen (NSW),71,39,2583,3.5,NSW,2021
SAL11546,Forest Grove (NSW),115,48,3166,2.9,NSW,2021
SAL11547,Forest Hill (NSW),3081,25,1788,2.8,NSW,2021
SAL11548,Forest Land,0,0,0,0.0,NSW,2021
SAL11549,Forest Lodge,4965,34,2437,2.1,NSW,2021
SAL11550,Forest Reefs,537,43,2343,2.9,NSW,2021
SAL11551,Forestville (NSW),8659,43,2507,2.9,NSW,2021
SAL11552,Forresters Beach,3354,44,1758,2.6,NSW,2021
SAL11553,Forster (NSW),14187,57,1009,2.1,NSW,2021
SAL11554,Fortis Creek,38,58,849,2.0,NSW,2021
SAL11555,Fosters Valley,72,49,2062,2.7,NSW,2021
SAL11556,Fosterton,94,58,1325,2.0,NSW,2021
SAL11557,Fountaindale,726,46,2903,3.2,NSW,2021
SAL11558,Four Corners,0,0,0,0.0,NSW,2021
SAL11559,Four Mile Creek (NSW),16,23,4625,3.5,NSW,2021
SAL11560,Fowlers Gap,26,31,1625,4.3,NSW,2021
SAL11561,Foxground,164,60,2166,2.4,NSW,2021
SAL11562,Frazer Park,0,0,0,0.0,NSW,2021
SAL11563,Frazers Creek,215,48,1392,2.7,NSW,2021
SAL11564,Frederickton,1452,49,1114,2.4,NSW,2021
SAL11565,Freeburn Island,0,0,0,0.0,NSW,2021
SAL11566,Freemans,0,0,0,0.0,NSW,2021
SAL11567,Freemans Reach,2049,37,2143,2.9,NSW,2021
SAL11568,Freemans Waterhole,120,39,619,2.2,NSW,2021
SAL11569,Freemantle,28,49,1999,2.9,NSW,2021
SAL11570,French Park,17,18,1625,4.0,NSW,2021
SAL11571,Frenchs Forest,14267,40,3109,3.2,NSW,2021
SAL11572,Freshwater (NSW),9186,37,2726,2.5,NSW,2021
SAL11573,Frog Rock,170,44,1812,2.7,NSW,2021
SAL11574,Frogmore,146,48,1562,2.4,NSW,2021
SAL11575,Frogs Hollow,117,40,1292,2.6,NSW,2021
SAL11576,Frying Pan,11,61,575,1.3,NSW,2021
SAL11577,Fullerton,47,55,1375,2.3,NSW,2021
SAL11578,Fullerton Cove,735,69,1062,2.1,NSW,2021
SAL11579,Furracabad,49,42,1312,2.4,NSW,2021
SAL11580,Gables,3339,32,3219,3.4,NSW,2021
SAL11581,Gadara,49,50,1625,2.3,NSW,2021
SAL11582,Gala Vale,13,37,2374,2.4,NSW,2021
SAL11583,Galambine,100,29,3200,3.0,NSW,2021
SAL11584,Galong,235,44,1111,2.3,NSW,2021
SAL11585,Galore,70,43,1375,2.6,NSW,2021
SAL11586,Galston,3195,46,2295,2.8,NSW,2021
SAL11587,Ganbenang,109,57,1958,2.4,NSW,2021
SAL11588,Gangat,40,37,1375,3.0,NSW,2021
SAL11589,Ganmain,793,48,1175,2.4,NSW,2021
SAL11590,Garah,291,44,1343,2.4,NSW,2021
SAL11591,Garden Suburb,1959,41,2361,2.9,NSW,2021
SAL11592,Garema,84,50,1312,2.4,NSW,2021
SAL11593,Garland,75,44,2374,3.0,NSW,2021
SAL11594,Garland Valley,22,62,900,2.6,NSW,2021
SAL11595,Garoo,93,40,1624,2.6,NSW,2021
SAL11596,Garra,117,36,2071,2.9,NSW,2021
SAL11597,Garthowen,169,42,2094,2.6,NSW,2021
SAL11598,Gateshead,3121,35,1232,2.5,NSW,2021
SAL11599,Gearys Flat,3,73,1125,3.0,NSW,2021
SAL11600,Geehi,0,0,0,0.0,NSW,2021
SAL11601,Gelston Park,160,47,2437,2.8,NSW,2021
SAL11602,Gemalla,24,49,1749,2.6,NSW,2021
SAL11603,Geneva,699,50,1158,2.2,NSW,2021
SAL11604,Georges Creek (NSW),11,58,850,1.8,NSW,2021
SAL11605,Georges Hall,9739,36,1785,3.2,NSW,2021
SAL11606,Georges Plains,218,48,2125,2.8,NSW,2021
SAL11607,Georgetown (NSW),2072,36,2005,2.3,NSW,2021
SAL11608,Georgica,240,51,1212,2.1,NSW,2021
SAL11609,Gerogery,684,41,1819,2.9,NSW,2021
SAL11610,Gerringong,4165,46,1899,2.6,NSW,2021
SAL11611,Gerroa,571,56,1919,2.2,NSW,2021
SAL11612,Geurie,706,42,1416,2.5,NSW,2021
SAL11613,Ghinni Ghi,41,62,849,1.8,NSW,2021
SAL11614,Ghinni Ghinni,45,55,900,2.3,NSW,2021
SAL11615,Ghoolendaadi,85,35,1875,2.7,NSW,2021
SAL11616,Giants Creek,149,43,1187,2.6,NSW,2021
SAL11617,Gibberagee,35,60,575,1.9,NSW,2021
SAL11618,Gibraltar Range,118,39,3250,1.0,NSW,2021
SAL11619,Gidginbung,69,38,1812,3.1,NSW,2021
SAL11620,Gidley,91,43,949,3.0,NSW,2021
SAL11621,Gilead,882,74,758,1.6,NSW,2021
SAL11622,Gilgai,740,45,1151,2.5,NSW,2021
SAL11623,Gilgandra,2983,47,1083,2.2,NSW,2021
SAL11624,Gilgooma,44,37,2333,3.0,NSW,2021
SAL11625,Gilgunnia,0,0,0,0.0,NSW,2021
SAL11626,Gillenbah,119,57,1604,2.1,NSW,2021
SAL11627,Gilletts Ridge,44,49,1624,2.7,NSW,2021
SAL11628,Gillieston Heights,4796,30,1986,2.8,NSW,2021
SAL11629,Gilmandyke,17,47,900,1.7,NSW,2021
SAL11630,Gilmore (NSW),229,45,1771,2.8,NSW,2021
SAL11631,Gin Gin (NSW),159,38,1645,2.6,NSW,2021
SAL11632,Gineroi,63,51,1312,2.3,NSW,2021
SAL11633,Ginghi,15,45,1624,2.0,NSW,2021
SAL11634,Gingkin,62,59,1208,1.8,NSW,2021
SAL11635,Girards Hill,1318,47,1237,2.1,NSW,2021
SAL11636,Girilambone,86,38,1416,2.9,NSW,2021
SAL11637,Giro,0,58,0,0.0,NSW,2021
SAL11638,Girral,53,52,900,2.2,NSW,2021
SAL11639,Girralong,44,56,849,1.9,NSW,2021
SAL11640,Girraween (NSW),6256,36,2378,3.2,NSW,2021
SAL11641,Girvan,210,50,1271,2.3,NSW,2021
SAL11642,Gladesville,12867,39,2257,2.4,NSW,2021
SAL11643,Gladstone (NSW),437,47,1281,2.5,NSW,2021
SAL11644,Glanmire (NSW),186,40,1958,3.0,NSW,2021
SAL11645,Glebe (NSW),11680,38,1756,2.0,NSW,2021
SAL11646,Gledswood Hills,6112,31,2780,3.3,NSW,2021
SAL11647,Glen Alice,56,52,1542,2.1,NSW,2021
SAL11648,Glen Allen,55,39,933,2.2,NSW,2021
SAL11649,Glen Alpine,4429,43,2669,3.2,NSW,2021
SAL11650,Glen Davis,106,57,814,2.1,NSW,2021
SAL11651,Glen Elgin,32,46,1624,2.2,NSW,2021
SAL11652,Glen Fergus,15,34,3999,3.0,NSW,2021
SAL11653,Glen Innes,6219,49,904,2.1,NSW,2021
SAL11654,Glen Martin,158,45,1625,2.8,NSW,2021
SAL11655,Glen Nevis,0,0,0,0.0,NSW,2021
SAL11656,Glen Oak,426,40,2178,3.3,NSW,2021
SAL11657,Glen Ward,3,70,725,2.0,NSW,2021
SAL11658,Glen William,143,49,1875,2.7,NSW,2021
SAL11659,Glenbawn,89,38,2250,2.6,NSW,2021
SAL11660,Glenbrook,5078,44,2502,2.8,NSW,2021
SAL11661,Glencoe (NSW),166,55,1406,2.1,NSW,2021
SAL11662,Glendale (NSW),3260,36,1514,2.5,NSW,2021
SAL11663,Glendenning,5196,33,2203,3.4,NSW,2021
SAL11664,Glendon,114,47,2449,2.9,NSW,2021
SAL11665,Glendon Brook,368,41,2250,3.2,NSW,2021
SAL11666,Glenelg (NSW),44,44,1875,2.6,NSW,2021
SAL11667,Glenellen,130,55,2166,2.5,NSW,2021
SAL11668,Glenfield (NSW),10536,36,2070,3.0,NSW,2021
SAL11669,Glenfield Park,5078,35,1508,2.4,NSW,2021
SAL11670,Glengarrie,102,51,1041,2.1,NSW,2021
SAL11671,Glenhaven,6619,48,2532,2.8,NSW,2021
SAL11672,Gleniffer,414,53,1478,2.4,NSW,2021
SAL11673,Glenmore (NSW),108,44,2166,3.1,NSW,2021
SAL11674,Glenmore Park,25021,34,2526,3.2,NSW,2021
SAL11675,Glennies Creek,33,50,2050,2.5,NSW,2021
SAL11676,Glenning Valley,2023,41,2252,2.9,NSW,2021
SAL11677,Glenorie,3792,42,2524,3.2,NSW,2021
SAL11678,Glenquarry,261,48,2156,3.0,NSW,2021
SAL11679,Glenreagh,1005,39,1384,2.8,NSW,2021
SAL11680,Glenridding,259,44,1142,2.2,NSW,2021
SAL11681,Glenrock (NSW),10,23,1125,2.3,NSW,2021
SAL11682,Glenroy (Albury - NSW),3528,45,1557,2.4,NSW,2021
SAL11683,Glenroy (Snowy Valleys - NSW),85,56,2250,2.5,NSW,2021
SAL11684,Glenthorne,234,46,1158,2.5,NSW,2021
SAL11685,Glenugie,1298,35,1166,2.4,NSW,2021
SAL11686,Glenwood (NSW),15829,37,3068,3.5,NSW,2021
SAL11687,Glenworth Valley,12,32,725,2.2,NSW,2021
SAL11688,Glossodia,2865,33,2119,3.0,NSW,2021
SAL11689,Gloucester,3133,55,985,2.1,NSW,2021
SAL11690,Gloucester Tops,0,0,0,0.0,NSW,2021
SAL11691,Goat Island,4,43,0,5.0,NSW,2021
SAL11692,Gobarralong,63,59,2299,2.4,NSW,2021
SAL11693,Gobbagombalin,2184,28,2510,2.9,NSW,2021
SAL11694,Gocup,153,39,2431,2.9,NSW,2021
SAL11695,Godfreys Creek,65,46,1843,2.5,NSW,2021
SAL11696,Gogeldrie,65,42,2333,2.8,NSW,2021
SAL11697,Gol Gol,1956,37,2104,2.9,NSW,2021
SAL11698,Gollan,109,40,1562,2.6,NSW,2021
SAL11699,Golspie,81,51,1562,2.2,NSW,2021
SAL11700,Gongolgon,31,48,1125,2.2,NSW,2021
SAL11701,Gonn,42,44,1562,2.8,NSW,2021
SAL11702,Gooandra,0,0,0,0.0,NSW,2021
SAL11703,Goobarragandra,89,52,1458,2.6,NSW,2021
SAL11704,Good Forest,38,53,2062,2.8,NSW,2021
SAL11705,Good Hope,159,44,1906,2.6,NSW,2021
SAL11706,Goodmans Ford,0,0,0,0.0,NSW,2021
SAL11707,Goodnight,86,40,1375,2.7,NSW,2021
SAL11708,Goodooga,223,41,780,2.4,NSW,2021
SAL11709,Goodwood Island,91,50,833,2.1,NSW,2021
SAL11710,Googong,7444,32,3371,3.1,NSW,2021
SAL11711,Goolgowi,416,38,1375,2.5,NSW,2021
SAL11712,Goolhi,65,46,1437,2.5,NSW,2021
SAL11713,Goolma,95,54,1291,2.4,NSW,2021
SAL11714,Goolmangar,183,43,1803,2.9,NSW,2021
SAL11715,Gooloogong,408,47,992,2.4,NSW,2021
SAL11716,Goombargana,59,39,1187,3.3,NSW,2021
SAL11717,Goonellabah,13351,41,1318,2.4,NSW,2021
SAL11718,Goonengerry,422,51,1300,2.3,NSW,2021
SAL11719,Goonoo Forest,13,38,749,2.5,NSW,2021
SAL11720,Goonoo Goonoo,42,49,2583,2.8,NSW,2021
SAL11721,Goonumbla,98,28,1374,3.0,NSW,2021
SAL11722,Goorangoola,52,55,2583,2.5,NSW,2021
SAL11723,Goorianawa,20,59,1125,2.4,NSW,2021
SAL11724,Gordon (NSW),8795,39,2460,2.7,NSW,2021
SAL11725,Gorge Creek,16,31,900,1.7,NSW,2021
SAL11726,Gormans Hill,887,53,1083,2.1,NSW,2021
SAL11727,Gorokan,8624,41,1156,2.3,NSW,2021
SAL11728,Gosford,4873,35,1421,1.9,NSW,2021
SAL11729,Gosforth,82,51,1416,3.3,NSW,2021
SAL11730,Gostwyck,17,54,1374,3.2,NSW,2021
SAL11731,Goulburn,23963,40,1405,2.3,NSW,2021
SAL11732,Gouldsville,24,36,1875,4.6,NSW,2021
SAL11733,Gowan,38,59,1374,2.1,NSW,2021
SAL11734,Gowang,27,58,762,1.6,NSW,2021
SAL11735,Gowrie (Singleton - NSW),338,42,3062,3.2,NSW,2021
SAL11736,Gowrie (Tamworth Regional - NSW),96,41,1833,2.7,NSW,2021
SAL11737,Grabben Gullen,248,52,1218,2.3,NSW,2021
SAL11738,Gradys Creek,59,58,1281,2.0,NSW,2021
SAL11739,Grafton,10563,44,1179,2.2,NSW,2021
SAL11740,Gragin,15,29,1875,3.8,NSW,2021
SAL11741,Grahamstown,71,54,1125,2.3,NSW,2021
SAL11742,Graman,102,38,949,2.5,NSW,2021
SAL11743,Grantham Farm,3669,30,2570,3.2,NSW,2021
SAL11744,Grants Beach,8,61,0,7.0,NSW,2021
SAL11745,Granville (NSW),16716,31,1598,2.8,NSW,2021
SAL11746,Grasmere,2105,59,1652,2.6,NSW,2021
SAL11747,Grassy Head,85,59,1124,2.2,NSW,2021
SAL11748,Grattai,330,50,1287,2.3,NSW,2021
SAL11749,Gravesend,299,42,1406,2.8,NSW,2021
SAL11750,Grays Point,3034,44,3061,3.0,NSW,2021
SAL11751,Great Mackerel Beach,50,57,1124,1.7,NSW,2021
SAL11752,Great Marlow,184,50,1399,2.5,NSW,2021
SAL11753,Green Cape,3,49,0,0.0,NSW,2021
SAL11754,Green Creek,19,44,2250,3.3,NSW,2021
SAL11755,Green Forest,11,38,1625,2.5,NSW,2021
SAL11756,Green Gully (NSW),49,52,1166,2.5,NSW,2021
SAL11757,Green Hills (Armidale Regional - NSW),16,61,1375,1.9,NSW,2021
SAL11758,Green Hills (Snowy Valleys - NSW),0,0,0,0.0,NSW,2021
SAL11759,Green Pigeon,176,51,987,2.3,NSW,2021
SAL11760,Green Point (Central Coast - NSW),6810,48,1510,2.5,NSW,2021
SAL11761,Green Point (Mid-Coast - NSW),522,54,1174,2.2,NSW,2021
SAL11762,Green Valley (NSW),12919,37,1775,3.5,NSW,2021
SAL11763,Greenacre,26314,33,1449,3.4,NSW,2021
SAL11764,Greendale (Bega Valley - NSW),94,48,1416,2.3,NSW,2021
SAL11765,Greendale (Liverpool - NSW),314,42,1958,3.5,NSW,2021
SAL11766,Greenethorpe,202,53,1037,2.2,NSW,2021
SAL11767,Greenfield Park,5394,38,1477,3.5,NSW,2021
SAL11768,Greengrove,14,58,1437,2.2,NSW,2021
SAL11769,Greenhill (NSW),757,42,1284,2.8,NSW,2021
SAL11770,Greenhills Beach,1375,37,4704,3.7,NSW,2021
SAL11771,Greenlands (Singleton - NSW),102,45,2349,3.1,NSW,2021
SAL11772,Greenlands (Snowy Monaro Regional - NSW),20,40,1375,3.3,NSW,2021
SAL11773,Greenleigh,676,50,3263,2.7,NSW,2021
SAL11774,Greenridge,156,32,1485,3.4,NSW,2021
SAL11775,Greenwell Point,1245,58,1096,2.1,NSW,2021
SAL11776,Greenwich,5469,42,2946,2.4,NSW,2021
SAL11777,Greenwich Park,162,52,1624,2.5,NSW,2021
SAL11778,Greg Greg,36,47,2583,2.1,NSW,2021
SAL11779,Gregadoo,274,41,2305,3.1,NSW,2021
SAL11780,Gregory Hills,9142,30,2406,3.2,NSW,2021
SAL11781,Greigs Flat,206,47,1458,2.7,NSW,2021
SAL11782,Grenfell,2600,54,991,2.1,NSW,2021
SAL11783,Gresford,240,38,1525,2.5,NSW,2021
SAL11784,Greta (NSW),3349,33,1929,2.8,NSW,2021
SAL11785,Greta Main,73,45,1812,2.8,NSW,2021
SAL11786,Grevillia,79,55,819,2.1,NSW,2021
SAL11787,Greystanes,23511,39,1930,3.0,NSW,2021
SAL11788,Griffith (NSW),19505,36,1676,2.6,NSW,2021
SAL11789,Grogan,87,40,2166,3.0,NSW,2021
SAL11790,Grong Grong,287,40,1388,2.5,NSW,2021
SAL11791,Grose Vale,1272,46,2447,3.2,NSW,2021
SAL11792,Grose Wold,668,42,2409,3.1,NSW,2021
SAL11793,Grosses Plain,34,49,2750,3.0,NSW,2021
SAL11794,Growee,12,46,1499,2.0,NSW,2021
SAL11795,Guerilla Bay,59,65,1458,2.1,NSW,2021
SAL11796,Guildford (NSW),24091,31,1314,3.1,NSW,2021
SAL11797,Guildford West,5762,31,1583,3.4,NSW,2021
SAL11798,Gulargambone,528,43,953,2.2,NSW,2021
SAL11799,Gulf Creek,45,50,850,2.4,NSW,2021
SAL11800,Gulgong,2680,41,1371,2.4,NSW,2021
SAL11801,Gulmarrad,1950,49,1302,2.7,NSW,2021
SAL11802,Gum Flat,209,45,1350,2.5,NSW,2021
SAL11803,Gum Scrub,121,44,1583,2.7,NSW,2021
SAL11804,Gumbalie,23,64,3999,2.1,NSW,2021
SAL11805,Gumble,49,48,1187,2.4,NSW,2021
SAL11806,Gumly Gumly,450,34,1983,3.0,NSW,2021
SAL11807,Gumma,486,52,1204,2.5,NSW,2021
SAL11808,Gunbar,33,47,2166,2.3,NSW,2021
SAL11809,Gundagai,1699,45,1225,2.3,NSW,2021
SAL11810,Gundamulda,25,38,1125,2.9,NSW,2021
SAL11811,Gundaroo,1233,43,3243,3.0,NSW,2021
SAL11812,Gundary,306,45,2200,3.1,NSW,2021
SAL11813,Gunderbooka,27,39,1062,1.6,NSW,2021
SAL11814,Gunderman,189,54,1062,1.8,NSW,2021
SAL11815,Gundy,165,50,1525,2.3,NSW,2021
SAL11816,Gungal,186,45,1333,2.7,NSW,2021
SAL11817,Gungalman,19,49,2249,3.5,NSW,2021
SAL11818,Gunnedah,10359,37,1564,2.5,NSW,2021
SAL11819,Gunning,820,38,2049,2.7,NSW,2021
SAL11820,Gunning Gap,88,42,1312,2.8,NSW,2021
SAL11821,Gunningbland,90,44,1875,3.0,NSW,2021
SAL11822,Gunningrah,26,34,2750,3.4,NSW,2021
SAL11823,Guntawang,43,31,2374,3.5,NSW,2021
SAL11824,Gurley,248,42,1562,2.9,NSW,2021
SAL11825,Gurnang,94,32,0,0.0,NSW,2021
SAL11826,Gurranang,57,58,706,2.1,NSW,2021
SAL11827,Gurrundah,80,41,2125,2.8,NSW,2021
SAL11828,Guyong,118,50,1562,2.5,NSW,2021
SAL11829,Guyra,2003,44,1040,2.3,NSW,2021
SAL11830,Gwabegar,124,54,860,2.2,NSW,2021
SAL11831,Gwandalan,3785,42,1493,2.5,NSW,2021
SAL11832,Gwynneville,3139,29,1394,2.6,NSW,2021
SAL11833,Gymea,8219,39,2049,2.5,NSW,2021
SAL11834,Gymea Bay,6983,42,3047,3.1,NSW,2021
SAL11835,Haberfield,6480,46,2761,2.8,NSW,2021
SAL11836,Hacks Ferry,9,38,4625,2.5,NSW,2021
SAL11837,Halekulani,2677,49,1031,2.2,NSW,2021
SAL11838,Halfway Creek,246,48,1208,2.6,NSW,2021
SAL11839,Hallidays Point,656,51,1454,2.7,NSW,2021
SAL11840,Halloran,34,43,1149,2.2,NSW,2021
SAL11841,Halls Creek (NSW),180,46,1437,2.6,NSW,2021
SAL11842,Hallsville,642,42,2008,2.8,NSW,2021
SAL11843,Halton,25,43,1374,2.5,NSW,2021
SAL11844,Hambledon Hill,14,70,1937,1.7,NSW,2021
SAL11845,Hamilton (NSW),4614,39,1689,2.1,NSW,2021
SAL11846,Hamilton East,997,43,2297,2.6,NSW,2021
SAL11847,Hamilton North,934,36,1934,2.3,NSW,2021
SAL11848,Hamilton South,4057,44,1426,2.3,NSW,2021
SAL11849,Hamilton Valley,834,33,1924,2.9,NSW,2021
SAL11850,Hamlyn Terrace,8761,36,1941,2.9,NSW,2021
SAL11851,Hammondville,3691,42,1868,2.7,NSW,2021
SAL11852,Hampden Hall,74,51,1199,2.4,NSW,2021
SAL11853,Hampton (NSW),118,61,1446,1.9,NSW,2021
SAL11854,Hanging Rock,98,58,849,1.9,NSW,2021
SAL11855,Hanleys Creek,3,13,4750,5.0,NSW,2021
SAL11856,Hannam Vale,218,51,1406,2.4,NSW,2021
SAL11857,Hanwood,1388,39,1856,2.8,NSW,2021
SAL11858,Harden,1900,52,973,2.1,NSW,2021
SAL11859,Hardys Bay,233,59,2068,2.3,NSW,2021
SAL11860,Harefield,165,34,3035,3.3,NSW,2021
SAL11861,Hargraves,300,50,872,2.2,NSW,2021
SAL11862,Harolds Cross,79,50,2374,2.3,NSW,2021
SAL11863,Harparary,47,27,2250,3.6,NSW,2021
SAL11864,Harpers Hill,64,54,1562,2.4,NSW,2021
SAL11865,Harrington,3381,64,883,2.0,NSW,2021
SAL11866,Harrington Park,13332,35,3014,3.5,NSW,2021
SAL11867,Harris Park,5043,31,1779,2.5,NSW,2021
SAL11868,Hartley (NSW),478,48,1906,2.6,NSW,2021
SAL11869,Hartley Vale,84,57,1708,2.2,NSW,2021
SAL11870,Hartwood,26,35,2125,2.0,NSW,2021
SAL11871,Hartys Plains,36,57,1749,2.5,NSW,2021
SAL11872,Harwood,346,45,1101,2.4,NSW,2021
SAL11873,Hassall Grove,4401,32,2018,3.3,NSW,2021
SAL11874,Hassans Walls,0,0,0,0.0,NSW,2021
SAL11875,Hastings Point,661,67,744,1.7,NSW,2021
SAL11876,Hat Head,365,60,990,2.0,NSW,2021
SAL11877,Hatfield,10,43,725,3.7,NSW,2021
SAL11878,Havilah (NSW),42,32,2125,2.9,NSW,2021
SAL11879,Hawkesbury Heights,468,35,2279,2.9,NSW,2021
SAL11880,Hawks Nest,1413,61,1096,2.0,NSW,2021
SAL11881,Hay (NSW),2300,47,1152,2.2,NSW,2021
SAL11882,Hay South,357,52,1413,2.2,NSW,2021
SAL11883,Hayes Gap,22,54,2250,2.0,NSW,2021
SAL11884,Haymarket,8305,30,1931,2.4,NSW,2021
SAL11885,Haystack,3,58,1125,1.4,NSW,2021
SAL11886,Hayters Hill,40,48,2749,2.5,NSW,2021
SAL11887,Haywards Bay,1280,38,2308,3.1,NSW,2021
SAL11888,Hazelbrook,5077,41,1794,2.6,NSW,2021
SAL11889,Hazelgrove,97,58,1775,2.4,NSW,2021
SAL11890,Heathcote (NSW),6148,43,2240,2.7,NSW,2021
SAL11891,Heatherbrae,654,47,1066,2.0,NSW,2021
SAL11892,Hebden,67,38,3416,3.6,NSW,2021
SAL11893,Hebersham,5643,33,1335,3.0,NSW,2021
SAL11894,Heckenberg,3263,32,1159,3.3,NSW,2021
SAL11895,Heddon Greta,2838,33,2130,2.9,NSW,2021
SAL11896,Heifer Station,8,59,2124,1.8,NSW,2021
SAL11897,Helensburgh,6576,38,2490,2.9,NSW,2021
SAL11898,Henley,455,46,3353,2.9,NSW,2021
SAL11899,Henty (NSW),1225,51,1016,2.2,NSW,2021
SAL11900,Hereford Hall,23,63,1249,2.5,NSW,2021
SAL11901,Hermidale,127,43,1562,2.7,NSW,2021
SAL11902,Hermitage Flat,323,48,979,2.0,NSW,2021
SAL11903,Hernani,117,47,1375,2.7,NSW,2021
SAL11904,Herons Creek,246,46,1266,2.7,NSW,2021
SAL11905,Hexham (NSW),157,35,928,2.1,NSW,2021
SAL11906,Hickeys Creek,128,58,1125,2.1,NSW,2021
SAL11907,High Range,497,45,2750,3.1,NSW,2021
SAL11908,Higher Macdonald,20,55,762,2.6,NSW,2021
SAL11909,Highfields (NSW),936,37,2198,2.7,NSW,2021
SAL11910,Hill End (NSW),111,60,749,1.8,NSW,2021
SAL11911,Hill Top (Snowy Monaro Regional - NSW),115,43,2100,2.8,NSW,2021
SAL11912,Hill Top (Wingecarribee - NSW),2792,35,1924,2.8,NSW,2021
SAL11913,Hilldale,193,45,1550,2.8,NSW,2021
SAL11914,Hillgrove (Armidale Regional - NSW),174,51,1021,2.2,NSW,2021
SAL11915,Hillgrove (Wagga Wagga - NSW),30,52,1541,1.6,NSW,2021
SAL11916,Hillsborough (Lake Macquarie - NSW),641,40,1970,2.7,NSW,2021
SAL11917,Hillsborough (Maitland - NSW),50,46,2333,3.1,NSW,2021
SAL11918,Hillsdale,5647,35,1635,2.3,NSW,2021
SAL11919,Hillston,1547,36,1486,2.4,NSW,2021
SAL11920,Hillville,302,53,1281,2.5,NSW,2021
SAL11921,Hillvue,6528,42,1701,2.5,NSW,2021
SAL11922,Hinchinbrook (NSW),11521,35,1909,3.5,NSW,2021
SAL11923,Hinton,471,44,2131,2.7,NSW,2021
SAL11924,Hobartville,2712,35,1759,2.5,NSW,2021
SAL11925,Hobbys Yards,89,51,1583,2.2,NSW,2021
SAL11926,Hogarth Range,66,53,1031,2.1,NSW,2021
SAL11927,Holbrook,1650,51,1101,2.2,NSW,2021
SAL11928,Holgate,1023,43,2951,3.3,NSW,2021
SAL11929,Hollisdale,52,61,1375,2.1,NSW,2021
SAL11930,Hollydeen,44,47,1875,2.4,NSW,2021
SAL11931,Holmesville,1413,38,1884,2.9,NSW,2021
SAL11932,Holroyd,1248,33,1893,2.8,NSW,2021
SAL11933,Holsworthy,5657,31,2571,3.2,NSW,2021
SAL11934,Holts Flat,10,58,3250,2.3,NSW,2021
SAL11935,Home Rule,55,48,966,2.7,NSW,2021
SAL11936,Homebush (NSW),11660,31,2101,2.5,NSW,2021
SAL11937,Homebush West,9108,31,1952,2.6,NSW,2021
SAL11938,Homeleigh,120,47,1083,2.4,NSW,2021
SAL11939,Honeybugle,41,41,1625,3.6,NSW,2021
SAL11940,Hopefield,95,38,2208,2.5,NSW,2021
SAL11941,Hopkins Creek,139,46,1375,3.1,NSW,2021
SAL11942,Horningsea Park,3673,32,2457,3.5,NSW,2021
SAL11943,Hornsby,22462,38,1952,2.5,NSW,2021
SAL11944,Hornsby Heights,6354,41,2699,3.0,NSW,2021
SAL11945,Horse Station Creek,147,48,1341,2.4,NSW,2021
SAL11946,Horseshoe Bend,427,40,1375,2.4,NSW,2021
SAL11947,Horseshoe Creek,69,49,1375,2.6,NSW,2021
SAL11948,Horsfield Bay,501,46,2083,2.6,NSW,2021
SAL11949,Horsley,9437,36,2164,3.0,NSW,2021
SAL11950,Horsley Park,1790,45,2135,3.2,NSW,2021
SAL11951,Hoskinstown,191,38,2916,2.7,NSW,2021
SAL11952,Hovells Creek,27,51,1375,2.4,NSW,2021
SAL11953,Howards Grass,78,48,1850,2.6,NSW,2021
SAL11954,Howell,31,52,966,2.3,NSW,2021
SAL11955,Howes Valley,80,51,749,2.0,NSW,2021
SAL11956,Howick (NSW),0,0,0,0.0,NSW,2021
SAL11957,Howlong,2997,49,1293,2.3,NSW,2021
SAL11958,Hoxton Park,4572,35,1960,3.5,NSW,2021
SAL11959,Humula,129,55,1218,2.4,NSW,2021
SAL11960,Hungerford (NSW),12,45,4750,2.0,NSW,2021
SAL11961,Hunters Hill,9014,46,3413,2.8,NSW,2021
SAL11962,Hunterview,3113,31,2379,2.9,NSW,2021
SAL11963,Huntingdon,86,51,2050,2.8,NSW,2021
SAL11964,Huntingwood,3,34,0,0.0,NSW,2021
SAL11965,Huntley (Orange - NSW),161,38,2437,2.8,NSW,2021
SAL11966,Huntley (Wollongong - NSW),66,44,1937,3.3,NSW,2021
SAL11967,Huntleys Cove,740,50,2359,2.2,NSW,2021
SAL11968,Huntleys Point,142,57,3999,2.6,NSW,2021
SAL11969,Huonbrook,99,52,725,2.1,NSW,2021
SAL11970,Hurlstone Park,5001,42,2121,2.5,NSW,2021
SAL11971,Hurstville,31162,33,1804,2.8,NSW,2021
SAL11972,Hurstville Grove,2606,43,2419,3.2,NSW,2021
SAL11973,Huskisson,840,56,1294,1.9,NSW,2021
SAL11974,Hyams Beach,137,65,1850,1.8,NSW,2021
SAL11975,Hydes Creek,155,41,2050,3.0,NSW,2021
SAL11976,Hyland Park,440,49,989,2.2,NSW,2021
SAL11977,Hyndmans Creek,41,59,1166,2.4,NSW,2021
SAL11978,Ilarwill,233,52,1162,2.4,NSW,2021
SAL11979,Ilford,165,53,933,2.3,NSW,2021
SAL11980,Illabo,132,57,1031,2.0,NSW,2021
SAL11981,Illaroo,41,50,1624,2.8,NSW,2021
SAL11982,Illawong,7427,44,2778,3.1,NSW,2021
SAL11983,Iluka (NSW),1764,62,834,1.9,NSW,2021
SAL11984,Indi,25,38,3124,3.1,NSW,2021
SAL11985,Ingebirah,93,47,2250,2.7,NSW,2021
SAL11986,Ingeegoodbee,0,0,0,0.0,NSW,2021
SAL11987,Ingleburn,15264,37,1596,2.8,NSW,2021
SAL11988,Ingleside,1030,44,2776,3.2,NSW,2021
SAL11989,Innes View,26,62,687,1.7,NSW,2021
SAL11990,Inverell,12057,41,1187,2.3,NSW,2021
SAL11991,Invergordon (NSW),34,64,1041,1.8,NSW,2021
SAL11992,Invergowrie,794,43,1906,2.6,NSW,2021
SAL11993,Iron Pot Creek,23,39,1374,3.0,NSW,2021
SAL11994,Ironbark (NSW),22,53,812,2.2,NSW,2021
SAL11995,Ironmungy,0,0,0,0.0,NSW,2021
SAL11996,Irvington,70,53,1199,2.6,NSW,2021
SAL11997,Irymple (NSW),3,51,400,1.0,NSW,2021
SAL11998,Isabella,58,60,1312,2.3,NSW,2021
SAL11999,Islington,2026,35,1828,2.1,NSW,2021
SAL12000,Ivanhoe (NSW),261,42,1416,2.2,NSW,2021
SAL12001,Jackadgery,132,45,1562,2.9,NSW,2021
SAL12002,Jacks Creek,180,47,1224,2.6,NSW,2021
SAL12003,Jacksons Flat,41,38,1375,1.9,NSW,2021
SAL12004,Jacky Bulbin Flat,58,52,1124,2.6,NSW,2021
SAL12005,Jagumba,0,0,0,0.0,NSW,2021
SAL12006,Jagungal Wilderness,0,0,0,0.0,NSW,2021
SAL12007,Jamberoo,1910,50,2131,2.6,NSW,2021
SAL12008,James Creek,257,52,1774,2.7,NSW,2021
SAL12009,Jamisontown,5321,38,1538,2.3,NSW,2021
SAL12010,Jannali,6632,39,2220,2.6,NSW,2021
SAL12011,Jaspers Brush,362,55,1890,2.5,NSW,2021
SAL12012,Jaunter,11,34,537,2.2,NSW,2021
SAL12013,Jeir,271,47,3536,3.0,NSW,2021
SAL12014,Jellat Jellat,85,47,1875,2.5,NSW,2021
SAL12015,Jemalong,82,43,1218,2.7,NSW,2021
SAL12016,Jembaicumbene,64,47,2250,2.6,NSW,2021
SAL12017,Jennings,168,59,792,1.9,NSW,2021
SAL12018,Jenolan,36,40,2083,2.1,NSW,2021
SAL12019,Jeogla,40,51,1375,2.3,NSW,2021
SAL12020,Jerangle,90,49,1812,2.4,NSW,2021
SAL12021,Jeremadra,187,47,1708,2.6,NSW,2021
SAL12022,Jeremy,0,0,0,0.0,NSW,2021
SAL12023,Jerilderie,922,51,1166,2.2,NSW,2021
SAL12024,Jerrabattgulla,16,68,866,1.5,NSW,2021
SAL12025,Jerrabomberra,9601,38,3403,3.0,NSW,2021
SAL12026,Jerrara,132,41,2899,3.4,NSW,2021
SAL12027,Jerrawa,106,52,1875,2.7,NSW,2021
SAL12028,Jerrawangala,60,48,1906,2.9,NSW,2021
SAL12029,Jerrong,16,63,1374,1.3,NSW,2021
SAL12030,Jerrys Plains,447,34,2020,2.7,NSW,2021
SAL12031,Jerseyville,132,50,1015,2.6,NSW,2021
SAL12032,Jesmond,3210,31,1180,2.4,NSW,2021
SAL12033,Jewells,2452,45,1732,2.6,NSW,2021
SAL12034,Jews Lagoon,0,27,1874,1.0,NSW,2021
SAL12035,Jiggi,370,46,1318,2.5,NSW,2021
SAL12036,Jilliby,1694,43,2713,3.4,NSW,2021
SAL12037,Jimenbuen,40,48,1562,2.5,NSW,2021
SAL12038,Jincumbilly,10,68,900,1.5,NSW,2021
SAL12039,Jindabyne,2986,32,2058,2.5,NSW,2021
SAL12040,Jinden,20,56,900,1.9,NSW,2021
SAL12041,Jindera,2721,38,2013,3.0,NSW,2021
SAL12042,Jingellic,73,58,1562,2.0,NSW,2021
SAL12043,Jingera,39,45,1625,2.1,NSW,2021
SAL12044,Joadja,139,43,2042,2.6,NSW,2021
SAL12045,Joes Box,24,46,725,1.8,NSW,2021
SAL12046,Johns River,346,50,1194,2.4,NSW,2021
SAL12047,Jolly Nose,0,0,0,0.0,NSW,2021
SAL12048,Jones Bridge,15,44,2250,2.6,NSW,2021
SAL12049,Jones Island,82,57,1100,2.6,NSW,2021
SAL12050,Jordan Springs,11772,30,2484,3.2,NSW,2021
SAL12051,Judds Creek,12,51,2250,2.2,NSW,2021
SAL12052,Jugiong,255,43,1303,2.4,NSW,2021
SAL12053,Junction Hill,1547,47,1340,2.4,NSW,2021
SAL12054,Junee,5066,39,1354,2.4,NSW,2021
SAL12055,Junee Reefs,86,47,1687,2.8,NSW,2021
SAL12056,Kahibah,2603,39,1804,2.4,NSW,2021
SAL12057,Kains Flat,219,46,1625,2.8,NSW,2021
SAL12058,Kalang,280,50,989,2.3,NSW,2021
SAL12059,Kalaru,820,44,1458,2.5,NSW,2021
SAL12060,Kalkite,294,37,1589,2.6,NSW,2021
SAL12061,Kamarah,83,42,949,2.5,NSW,2021
SAL12062,Kameruka,192,37,1768,2.7,NSW,2021
SAL12063,Kanahooka,5698,48,1399,2.5,NSW,2021
SAL12064,Kanangra,0,0,0,0.0,NSW,2021
SAL12065,Kandos,1263,54,677,1.8,NSW,2021
SAL12066,Kangaloon,206,50,2650,2.7,NSW,2021
SAL12067,Kangaroo Creek,102,56,974,2.3,NSW,2021
SAL12068,Kangaroo Point (NSW),602,46,4111,3.1,NSW,2021
SAL12069,Kangaroo Valley,856,54,1578,2.3,NSW,2021
SAL12070,Kangaroobie,60,48,2250,3.0,NSW,2021
SAL12071,Kangiara,50,48,2250,2.6,NSW,2021
SAL12072,Kangy Angy,331,50,1199,2.5,NSW,2021
SAL12073,Kanimbla (NSW),184,54,1625,2.3,NSW,2021
SAL12074,Kanoona,147,42,1937,3.0,NSW,2021
SAL12075,Kanwal,4194,45,1344,2.5,NSW,2021
SAL12076,Kapooka,395,23,2386,3.4,NSW,2021
SAL12077,Kaputar,4,34,0,0.0,NSW,2021
SAL12078,Karaak Flat,43,48,1125,2.6,NSW,2021
SAL12079,Karabar,8517,38,1989,2.6,NSW,2021
SAL12080,Karangi,515,44,1899,2.7,NSW,2021
SAL12081,Kareela,3572,42,2765,3.0,NSW,2021
SAL12082,Kariong,6485,36,2200,3.0,NSW,2021
SAL12083,Kars Springs,37,49,1749,2.5,NSW,2021
SAL12084,Karuah,1618,50,1061,2.3,NSW,2021
SAL12085,Katoomba,8268,48,1171,2.1,NSW,2021
SAL12086,Kayuga,49,45,1416,2.6,NSW,2021
SAL12087,Kearns,2693,36,2147,3.1,NSW,2021
SAL12088,Kearsley,838,38,1467,2.8,NSW,2021
SAL12089,Keepit,16,31,1999,2.8,NSW,2021
SAL12090,Keera,45,36,1042,3.3,NSW,2021
SAL12091,Keerrong,155,37,2125,3.1,NSW,2021
SAL12092,Keinbah,109,44,2042,2.8,NSW,2021
SAL12093,Keiraville,4001,26,1739,2.5,NSW,2021
SAL12094,Keith Hall,156,46,1286,2.7,NSW,2021
SAL12095,Kellys Plains,169,43,2374,2.8,NSW,2021
SAL12096,Kellyville,27011,38,3044,3.3,NSW,2021
SAL12097,Kellyville Ridge,10890,35,3073,3.4,NSW,2021
SAL12098,Kelso (NSW),10039,36,1737,2.7,NSW,2021
SAL12099,Kelvin,182,43,1812,2.8,NSW,2021
SAL12100,Kembla Grange,1452,29,2574,3.0,NSW,2021
SAL12101,Kembla Heights,88,44,1265,2.2,NSW,2021
SAL12102,Kemps Creek,2121,44,1753,3.2,NSW,2021
SAL12103,Kempsey,483,43,881,2.0,NSW,2021
SAL12104,Kendall,1153,48,1381,2.6,NSW,2021
SAL12105,Kenebri,31,57,725,2.1,NSW,2021
SAL12106,Kennaicle Creek,3,72,1875,1.0,NSW,2021
SAL12107,Kensington (NSW),11927,32,2118,2.3,NSW,2021
SAL12108,Kenthurst,5313,44,3061,3.3,NSW,2021
SAL12109,Kentlyn,726,43,2066,3.2,NSW,2021
SAL12110,Kentucky,179,52,1531,2.5,NSW,2021
SAL12111,Kentucky South,121,49,1312,2.4,NSW,2021
SAL12112,Kerewong,7,64,762,1.6,NSW,2021
SAL12113,Keri Keri,4,53,2750,3.0,NSW,2021
SAL12114,Kerrabee,11,60,725,2.5,NSW,2021
SAL12115,Kerrigundi,14,52,75,2.3,NSW,2021
SAL12116,Kerrs Creek,58,47,1416,2.4,NSW,2021
SAL12117,Kew (NSW),1761,63,1107,2.3,NSW,2021
SAL12118,Keybarbin,0,0,0,0.0,NSW,2021
SAL12119,Khancoban,319,49,1199,2.1,NSW,2021
SAL12120,Khatambuhl,0,0,0,0.0,NSW,2021
SAL12121,Kia Ora (NSW),34,40,1458,2.7,NSW,2021
SAL12122,Kiacatoo,77,31,1812,3.8,NSW,2021
SAL12123,Kiah,101,53,1041,2.3,NSW,2021
SAL12124,Kiama,7904,52,1572,2.3,NSW,2021
SAL12125,Kiama Downs,5087,43,2103,2.8,NSW,2021
SAL12126,Kiama Heights,878,47,1758,2.6,NSW,2021
SAL12127,Kianga (NSW),785,58,1108,2.2,NSW,2021
SAL12128,Kiar,25,50,1125,2.2,NSW,2021
SAL12129,Kickabil,67,39,1374,2.9,NSW,2021
SAL12130,Kielvale,251,45,1531,2.6,NSW,2021
SAL12131,Kikiamah,107,36,1792,3.0,NSW,2021
SAL12132,Kikoira,60,45,1562,2.7,NSW,2021
SAL12133,Kilaben Bay,1516,47,2186,2.6,NSW,2021
SAL12134,Kilgin,59,39,1187,2.8,NSW,2021
SAL12135,Kilgra,79,51,1312,2.7,NSW,2021
SAL12136,Killabakh,248,57,982,2.4,NSW,2021
SAL12137,Killara (NSW),10620,42,2802,2.8,NSW,2021
SAL12138,Killarney Heights,4502,43,3426,3.2,NSW,2021
SAL12139,Killarney Vale,7491,39,1524,2.6,NSW,2021
SAL12140,Killawarra (NSW),178,52,1575,2.8,NSW,2021
SAL12141,Killcare,517,53,1890,2.4,NSW,2021
SAL12142,Killcare Heights,812,50,2133,2.5,NSW,2021
SAL12143,Killiekrankie,0,0,0,0.0,NSW,2021
SAL12144,Killimicat,35,44,1812,3.1,NSW,2021
SAL12145,Killingworth (NSW),690,39,2091,3.1,NSW,2021
SAL12146,Killongbutta,34,48,1437,2.2,NSW,2021
SAL12147,Kimbriki,156,49,1218,2.5,NSW,2021
SAL12148,Kinchela,286,49,1437,2.5,NSW,2021
SAL12149,Kincumber,7398,48,1321,2.4,NSW,2021
SAL12150,Kincumber South,721,68,721,1.7,NSW,2021
SAL12151,Kindee,91,50,1416,2.6,NSW,2021
SAL12152,Kindervale,25,37,1562,3.0,NSW,2021
SAL12153,King Creek,1863,45,2088,3.0,NSW,2021
SAL12154,Kingfisher Shores,160,41,1531,2.2,NSW,2021
SAL12155,Kinghorne,0,0,0,0.0,NSW,2021
SAL12156,Kings Forest,40,50,1375,2.8,NSW,2021
SAL12157,Kings Langley,9354,41,2457,3.0,NSW,2021
SAL12158,Kings Park (NSW),3476,37,2186,2.8,NSW,2021
SAL12159,Kings Plains (Blayney - NSW),121,48,1833,2.5,NSW,2021
SAL12160,Kings Plains (Inverell - NSW),26,42,1437,2.6,NSW,2021
SAL12161,Kings Point,609,48,1383,2.4,NSW,2021
SAL12162,Kingscliff,8355,47,1575,2.4,NSW,2021
SAL12163,Kingsdale,211,40,2321,3.2,NSW,2021
SAL12164,Kingsford (NSW),13492,33,1892,2.5,NSW,2021
SAL12165,Kingsgate,5,23,612,1.3,NSW,2021
SAL12166,Kingsgrove,12881,42,1898,2.9,NSW,2021
SAL12167,Kingsland,32,29,1874,2.9,NSW,2021
SAL12168,Kingstown,62,32,1125,2.6,NSW,2021
SAL12169,Kingsvale,233,39,1656,2.6,NSW,2021
SAL12170,Kingswood (Bega Valley - NSW),4,31,2499,3.0,NSW,2021
SAL12171,Kingswood (Penrith - NSW),10633,34,1397,2.4,NSW,2021
SAL12172,Kingswood (Tamworth Regional - NSW),1142,45,2085,2.9,NSW,2021
SAL12173,Kinvara,193,50,1812,2.3,NSW,2021
SAL12174,Kioloa,292,58,989,2.0,NSW,2021
SAL12175,Kiora,47,52,1499,2.1,NSW,2021
SAL12176,Kippara,0,0,0,0.0,NSW,2021
SAL12177,Kippaxs,22,57,1042,2.1,NSW,2021
SAL12178,Kippenduff,17,66,725,1.8,NSW,2021
SAL12179,Kirkconnell,219,43,2583,3.3,NSW,2021
SAL12180,Kirkham,690,45,3416,3.4,NSW,2021
SAL12181,Kirrawee,11007,39,2070,2.5,NSW,2021
SAL12182,Kirribilli,3629,44,2267,1.7,NSW,2021
SAL12183,Kitchener,679,37,1962,3.1,NSW,2021
SAL12184,Kiwarrak,3,41,7000,4.0,NSW,2021
SAL12185,Klori,53,38,2542,2.6,NSW,2021
SAL12186,Knights Hill,39,59,1749,2.3,NSW,2021
SAL12187,Knockrow,186,53,2343,2.5,NSW,2021
SAL12188,Knorrit Flat,39,49,1125,2.3,NSW,2021
SAL12189,Knorrit Forest,0,0,0,0.0,NSW,2021
SAL12190,Kogarah,16416,35,1903,2.5,NSW,2021
SAL12191,Kogarah Bay,2102,44,2528,3.1,NSW,2021
SAL12192,Kooba,39,49,1416,2.8,NSW,2021
SAL12193,Kookabookra,19,37,474,2.0,NSW,2021
SAL12194,Koolewong,920,48,1735,2.5,NSW,2021
SAL12195,Koolkhan,31,46,1562,2.2,NSW,2021
SAL12196,Koonawarra,3732,36,1258,2.6,NSW,2021
SAL12197,Koonorigan,332,48,1295,2.5,NSW,2021
SAL12198,Koonyum Range,17,36,4499,5.5,NSW,2021
SAL12199,Kooragang,4,40,2250,1.0,NSW,2021
SAL12200,Koorainghat,176,54,1375,2.7,NSW,2021
SAL12201,Koorawatha,450,52,806,2.1,NSW,2021
SAL12202,Kooringal (NSW),7404,35,1404,2.4,NSW,2021
SAL12203,Kootingal,2313,38,1369,2.5,NSW,2021
SAL12204,Koraleigh,291,45,1097,2.5,NSW,2021
SAL12205,Koreelah,83,58,724,1.8,NSW,2021
SAL12206,Korora,2740,44,1829,2.6,NSW,2021
SAL12207,Kosciuszko,0,0,0,0.0,NSW,2021
SAL12208,Kotara,3980,39,2077,2.6,NSW,2021
SAL12209,Kotara South,1267,37,2230,2.8,NSW,2021
SAL12210,Krambach,382,52,1230,2.2,NSW,2021
SAL12211,Krawarree,82,48,1156,2.3,NSW,2021
SAL12212,Kremnos,181,53,1045,2.3,NSW,2021
SAL12213,Ku-ring-gai Chase,10,58,1708,1.7,NSW,2021
SAL12214,Kulnura,589,48,1913,2.8,NSW,2021
SAL12215,Kulwin (NSW),14,47,1375,2.5,NSW,2021
SAL12216,Kunama,56,56,900,2.1,NSW,2021
SAL12217,Kundabung,616,45,1448,2.9,NSW,2021
SAL12218,Kundibakh,89,53,974,2.5,NSW,2021
SAL12219,Kundle Kundle,204,44,1609,2.9,NSW,2021
SAL12220,Kungala,145,49,1196,2.4,NSW,2021
SAL12221,Kunghur,133,45,1265,2.7,NSW,2021
SAL12222,Kunghur Creek,54,54,1374,2.7,NSW,2021
SAL12223,Kurmond,850,43,1941,2.9,NSW,2021
SAL12224,Kurnell,2528,38,2161,3.1,NSW,2021
SAL12225,Kurraba Point,1401,43,3047,2.0,NSW,2021
SAL12226,Kurrajong,3113,46,2304,2.9,NSW,2021
SAL12227,Kurrajong Heights,1255,43,2317,2.7,NSW,2021
SAL12228,Kurrajong Hills,705,44,2644,3.0,NSW,2021
SAL12229,Kurri Kurri,6174,38,1254,2.4,NSW,2021
SAL12230,Kyalite,87,34,1562,3.3,NSW,2021
SAL12231,Kyarran,15,53,1375,2.1,NSW,2021
SAL12232,Kybeyan,28,49,1562,2.9,NSW,2021
SAL12233,Kyeamba,67,42,1625,3.0,NSW,2021
SAL12234,Kyeemagh,935,44,1699,2.8,NSW,2021
SAL12235,Kyle Bay,1039,45,3069,3.1,NSW,2021
SAL12236,Kynnumboon,109,54,1187,2.5,NSW,2021
SAL12237,Kyogle,2248,47,939,2.2,NSW,2021
SAL12238,La Perouse,366,45,2062,2.8,NSW,2021
SAL12239,Lacmalac,146,48,2750,2.6,NSW,2021
SAL12240,Lade Vale,158,48,2125,2.6,NSW,2021
SAL12241,Ladysmith,339,42,1791,2.7,NSW,2021
SAL12242,Laffing Waters,98,41,2285,3.0,NSW,2021
SAL12243,Laggan,407,52,1607,2.5,NSW,2021
SAL12244,Lagoon Grass,49,39,1125,2.7,NSW,2021
SAL12245,Laguna,310,57,1348,1.9,NSW,2021
SAL12246,Lake Albert (NSW),6291,43,1891,2.6,NSW,2021
SAL12247,Lake Bathurst,218,48,1696,2.4,NSW,2021
SAL12248,Lake Brewster,12,33,2750,2.3,NSW,2021
SAL12249,Lake Burrendong,0,0,0,0.0,NSW,2021
SAL12250,Lake Cargelligo,1430,40,1158,2.4,NSW,2021
SAL12251,Lake Cathie,4296,52,1275,2.4,NSW,2021
SAL12252,Lake Conjola,687,66,869,1.9,NSW,2021
SAL12253,Lake Cowal,43,32,2124,3.0,NSW,2021
SAL12254,Lake George,118,46,3750,2.7,NSW,2021
SAL12255,Lake Haven,3529,49,1023,2.2,NSW,2021
SAL12256,Lake Heights,4105,36,1356,2.6,NSW,2021
SAL12257,Lake Hiawatha,0,0,0,0.0,NSW,2021
SAL12258,Lake Hume Village,59,43,1156,1.7,NSW,2021
SAL12259,Lake Illawarra,3288,43,1069,2.1,NSW,2021
SAL12260,Lake Innes,495,44,2214,3.0,NSW,2021
SAL12261,Lake Macquarie,0,0,0,0.0,NSW,2021
SAL12262,Lake Munmorah,5084,50,1155,2.3,NSW,2021
SAL12263,Lake Tabourie,689,53,983,2.2,NSW,2021
SAL12264,Lake Wyangan,877,44,2210,2.9,NSW,2021
SAL12265,Lakelands (NSW),1445,43,2315,2.8,NSW,2021
SAL12266,Lakemba,17092,32,1227,3.1,NSW,2021
SAL12267,Lakesland,499,41,2454,3.3,NSW,2021
SAL12268,Lakewood,1249,58,1036,2.2,NSW,2021
SAL12269,Lalalty,88,30,1375,3.2,NSW,2021
SAL12270,Lalor Park,7834,37,1460,2.6,NSW,2021
SAL12271,Lambs Valley (Glen Innes Severn - NSW),75,46,1624,2.4,NSW,2021
SAL12272,Lambs Valley (Singleton - NSW),347,41,2299,3.0,NSW,2021
SAL12273,Lambton,5214,40,1628,2.4,NSW,2021
SAL12274,Landervale,25,42,1416,3.0,NSW,2021
SAL12275,Lane Cove,12363,38,2539,2.4,NSW,2021
SAL12276,Lane Cove North,11773,36,2386,2.3,NSW,2021
SAL12277,Lane Cove West,3146,37,2966,2.7,NSW,2021
SAL12278,Langley Vale,82,46,1062,2.5,NSW,2021
SAL12279,Lanitza,313,49,1202,2.7,NSW,2021
SAL12280,Lankeys Creek,60,51,1375,2.4,NSW,2021
SAL12281,Lansdowne (Canterbury-Bankstown - NSW),16,37,762,3.2,NSW,2021
SAL12282,Lansdowne (Mid-Coast - NSW),607,52,1005,2.4,NSW,2021
SAL12283,Lansdowne Forest,23,40,450,1.7,NSW,2021
SAL12284,Lansvale,2595,40,1528,3.1,NSW,2021
SAL12285,Lapstone,948,44,2339,2.8,NSW,2021
SAL12286,Larbert,34,53,2250,2.5,NSW,2021
SAL12287,Largs,1962,39,2065,2.8,NSW,2021
SAL12288,Larnook,394,50,936,2.2,NSW,2021
SAL12289,Larras Lee,57,40,2124,2.6,NSW,2021
SAL12290,Laughtondale,102,50,1724,2.4,NSW,2021
SAL12291,Laurel Hill,21,41,1024,2.7,NSW,2021
SAL12292,Laurieton,2012,67,755,1.7,NSW,2021
SAL12293,Lavadia,43,36,1125,3.0,NSW,2021
SAL12294,Lavender Bay,870,43,2379,1.8,NSW,2021
SAL12295,Laverstock,30,53,1625,2.3,NSW,2021
SAL12296,Lavington,13073,40,1130,2.2,NSW,2021
SAL12297,Lawrence (NSW),1159,54,1104,2.4,NSW,2021
SAL12298,Lawson (NSW),2651,45,1519,2.4,NSW,2021
SAL12299,Leadville,140,50,1275,2.6,NSW,2021
SAL12300,Leconfield,145,42,2583,3.1,NSW,2021
SAL12301,Lee Creek,0,0,0,0.0,NSW,2021
SAL12302,Leeton,9170,38,1425,2.5,NSW,2021
SAL12303,Leets Vale,59,44,1812,2.5,NSW,2021
SAL12304,Leeville,282,42,1550,2.9,NSW,2021
SAL12305,Legume,168,49,788,2.2,NSW,2021
SAL12306,Leichhardt (NSW),15158,37,2673,2.4,NSW,2021
SAL12307,Lemington,12,46,900,2.3,NSW,2021
SAL12308,Lemon Tree,54,58,1958,2.7,NSW,2021
SAL12309,Lemon Tree Passage,2686,52,1071,2.3,NSW,2021
SAL12310,Len Waters Estate,0,0,0,0.0,NSW,2021
SAL12311,Lenaghan,70,43,3062,3.2,NSW,2021
SAL12312,Lennox Head,7687,42,2081,2.6,NSW,2021
SAL12313,Leonay,2582,41,2466,2.9,NSW,2021
SAL12314,Leppington,9423,32,2275,3.2,NSW,2021
SAL12315,Lerida,38,47,3250,2.5,NSW,2021
SAL12316,Lethbridge Park,4730,32,1073,2.7,NSW,2021
SAL12317,Leumeah,9992,37,1469,2.7,NSW,2021
SAL12318,Leura,4503,55,1369,2.1,NSW,2021
SAL12319,Levenstrath,48,42,1062,2.5,NSW,2021
SAL12320,Lewinsbrook,42,54,1999,2.3,NSW,2021
SAL12321,Lewis Ponds,127,44,2035,2.9,NSW,2021
SAL12322,Lewisham (NSW),4060,34,2405,2.2,NSW,2021
SAL12323,Leycester,146,46,1600,2.8,NSW,2021
SAL12324,Liberty Grove,2055,37,2663,2.7,NSW,2021
SAL12325,Lidcombe,23663,33,1888,2.9,NSW,2021
SAL12326,Liddell,0,40,2250,1.0,NSW,2021
SAL12327,Lidsdale,471,38,2083,2.9,NSW,2021
SAL12328,Lidster,301,46,2204,2.8,NSW,2021
SAL12329,Lightning Ridge,1946,53,792,2.0,NSW,2021
SAL12330,Lilli Pilli (Eurobodalla - NSW),647,59,1355,2.3,NSW,2021
SAL12331,Lilli Pilli (Sutherland Shire - NSW),1405,44,3625,3.2,NSW,2021
SAL12332,Lillian Rock,234,52,860,2.4,NSW,2021
SAL12333,Lilydale (NSW),19,67,1125,1.7,NSW,2021
SAL12334,Lilyfield,7641,41,2858,2.5,NSW,2021
SAL12335,Lilyvale (NSW),11,63,824,1.4,NSW,2021
SAL12336,Limbri,113,53,1166,2.5,NSW,2021
SAL12337,Limeburners Creek (Mid-Coast - NSW),327,43,1586,2.9,NSW,2021
SAL12338,Limeburners Creek (Port Macquarie-Hastings - NSW),32,39,2625,3.4,NSW,2021
SAL12339,Limekilns,115,43,1875,2.7,NSW,2021
SAL12340,Limerick,33,53,1875,2.4,NSW,2021
SAL12341,Limestone (NSW),14,38,2249,2.8,NSW,2021
SAL12342,Limpinwood,234,56,1235,2.4,NSW,2021
SAL12343,Linburn,59,45,1958,2.7,NSW,2021
SAL12344,Linden (NSW),471,47,2039,2.5,NSW,2021
SAL12345,Lindendale,263,49,1771,2.6,NSW,2021
SAL12346,Lindesay,38,53,1375,2.0,NSW,2021
SAL12347,Lindesay Creek,27,53,1312,2.4,NSW,2021
SAL12348,Lindfield,10943,40,2833,2.8,NSW,2021
SAL12349,Lindifferon,47,32,1375,2.8,NSW,2021
SAL12350,Linley Point,382,47,3833,3.0,NSW,2021
SAL12351,Lionsville,14,21,8000,8.0,NSW,2021
SAL12352,Lisarow,5299,41,2087,2.9,NSW,2021
SAL12353,Lismore (NSW),3656,41,1035,2.1,NSW,2021
SAL12354,Lismore Heights,2117,43,1294,2.2,NSW,2021
SAL12355,Liston,130,60,949,2.0,NSW,2021
SAL12356,Lithgow,4956,49,1010,2.0,NSW,2021
SAL12357,Little Back Creek,37,48,1687,2.2,NSW,2021
SAL12358,Little Bay,4817,42,2364,2.4,NSW,2021
SAL12359,Little Billabong,146,35,2125,2.6,NSW,2021
SAL12360,Little Forest,185,59,1218,2.6,NSW,2021
SAL12361,Little Hartley,629,49,1843,2.6,NSW,2021
SAL12362,Little Jacks Creek,24,36,1024,3.3,NSW,2021
SAL12363,Little Jilliby,102,33,1875,3.3,NSW,2021
SAL12364,Little Pelican,0,65,1750,1.5,NSW,2021
SAL12365,Little Plain,159,45,1649,2.9,NSW,2021
SAL12366,Little River (NSW),38,50,3124,2.8,NSW,2021
SAL12367,Little Topar,19,54,2250,2.5,NSW,2021
SAL12368,Little Wobby,23,62,1124,1.9,NSW,2021
SAL12369,Littleton,737,47,1161,2.1,NSW,2021
SAL12370,Liverpool,31078,34,1303,2.6,NSW,2021
SAL12371,Llanarth (NSW),2302,38,2348,2.8,NSW,2021
SAL12372,Llandilo,1618,38,1879,3.4,NSW,2021
SAL12373,Llangothlin,104,44,1542,2.6,NSW,2021
SAL12374,Lloyd,1509,32,2247,2.7,NSW,2021
SAL12375,Loadstone,34,57,949,1.9,NSW,2021
SAL12376,Lochiel (NSW),411,44,1586,2.8,NSW,2021
SAL12377,Lochinvar,1095,40,2287,2.8,NSW,2021
SAL12378,Lockhart,1019,51,1111,2.2,NSW,2021
SAL12379,Locksley (NSW),55,39,2312,2.6,NSW,2021
SAL12380,Loftus,4190,39,2425,2.9,NSW,2021
SAL12381,Loftville,265,54,570,1.3,NSW,2021
SAL12382,Logans Crossing,162,57,1416,2.4,NSW,2021
SAL12383,Logie Brae,47,52,1458,2.1,NSW,2021
SAL12384,Londonderry (NSW),4024,38,2158,3.3,NSW,2021
SAL12385,Long Beach,1758,51,1389,2.5,NSW,2021
SAL12386,Long Flat (NSW),112,47,974,2.4,NSW,2021
SAL12387,Long Jetty,6736,45,1201,2.2,NSW,2021
SAL12388,Long Plain (Inverell - NSW),44,38,1625,2.6,NSW,2021
SAL12389,Long Plain (Snowy Monaro Regional - NSW),0,0,0,0.0,NSW,2021
SAL12390,Long Point (Campbelltown - NSW),173,54,1775,2.6,NSW,2021
SAL12391,Long Point (Singleton - NSW),64,34,2083,3.4,NSW,2021
SAL12392,Longarm,23,36,725,3.0,NSW,2021
SAL12393,Longreach (NSW),72,51,2125,2.9,NSW,2021
SAL12394,Longueville,2116,46,4894,3.2,NSW,2021
SAL12395,Loomberah,552,40,2086,2.9,NSW,2021
SAL12396,Lord Howe Island,445,46,1699,2.2,NSW,2021
SAL12397,Lords Hill,33,52,1437,1.9,NSW,2021
SAL12398,Lorn,1465,43,1935,2.5,NSW,2021
SAL12399,Lorne (NSW),277,53,1542,2.6,NSW,2021
SAL12400,Lost River,94,45,2562,3.0,NSW,2021
SAL12401,Lostock,65,42,833,2.2,NSW,2021
SAL12402,Louisa Creek,10,45,1125,2.7,NSW,2021
SAL12403,Louth,74,51,1562,2.5,NSW,2021
SAL12404,Louth Park,922,35,3293,3.5,NSW,2021
SAL12405,Lovedale,502,50,2162,2.7,NSW,2021
SAL12406,Lovett Bay,117,59,2437,2.2,NSW,2021
SAL12407,Lowanna,359,51,820,2.1,NSW,2021
SAL12408,Lower Acacia Creek,36,59,1312,1.9,NSW,2021
SAL12409,Lower Bago,5,50,0,0.0,NSW,2021
SAL12410,Lower Belford,407,46,2374,2.9,NSW,2021
SAL12411,Lower Boro,217,50,1812,2.3,NSW,2021
SAL12412,Lower Bottle Creek,43,57,899,2.5,NSW,2021
SAL12413,Lower Creek,66,54,762,2.6,NSW,2021
SAL12414,Lower Duck Creek,27,54,1166,3.1,NSW,2021
SAL12415,Lower Dyraaba,43,37,612,2.4,NSW,2021
SAL12416,Lower Lewis Ponds,40,43,1583,2.5,NSW,2021
SAL12417,Lower Macdonald,244,53,1278,2.0,NSW,2021
SAL12418,Lower Mangrove,70,53,1312,2.1,NSW,2021
SAL12419,Lower Pappinbarra,136,51,1125,2.5,NSW,2021
SAL12420,Lower Peacock,5,67,900,1.8,NSW,2021
SAL12421,Lower Portland,711,46,1965,3.0,NSW,2021
SAL12422,Lower Southgate,112,52,1437,2.3,NSW,2021
SAL12423,Lowesdale,100,38,1874,2.5,NSW,2021
SAL12424,Lowther,69,62,1562,2.0,NSW,2021
SAL12425,Loxford,42,32,1375,2.7,NSW,2021
SAL12426,Lucas Heights,4,56,0,1.0,NSW,2021
SAL12427,Lucknow (NSW),277,48,1928,2.6,NSW,2021
SAL12428,Luddenham,1927,37,2968,3.5,NSW,2021
SAL12429,Lue,216,43,1649,2.5,NSW,2021
SAL12430,Lugarno,5869,45,2721,3.0,NSW,2021
SAL12431,Lurnea,10057,32,1239,3.2,NSW,2021
SAL12432,Luskintyre,216,40,2536,3.2,NSW,2021
SAL12433,Lynchs Creek,106,44,1228,2.5,NSW,2021
SAL12434,Lyndhurst (Armidale Regional - NSW),41,39,1375,2.5,NSW,2021
SAL12435,Lyndhurst (Blayney - NSW),359,47,1362,2.3,NSW,2021
SAL12436,Lynwood (NSW),215,50,1946,2.8,NSW,2021
SAL12437,Mabins Well,8,25,2250,5.0,NSW,2021
SAL12438,Macdonalds Creek,11,59,725,2.0,NSW,2021
SAL12439,Macksville,2782,47,944,2.3,NSW,2021
SAL12440,Maclean,2778,56,965,2.1,NSW,2021
SAL12441,Macmasters Beach,1399,49,2190,2.6,NSW,2021
SAL12442,Macquarie Fields,14023,36,1374,2.9,NSW,2021
SAL12443,Macquarie Hills,3605,35,2241,2.9,NSW,2021
SAL12444,Macquarie Links,1455,39,3135,3.4,NSW,2021
SAL12445,Macquarie Marshes,0,63,0,1.0,NSW,2021
SAL12446,Macquarie Park,11071,31,1886,2.0,NSW,2021
SAL12447,Macquarie Pass,0,0,0,0.0,NSW,2021
SAL12448,Maddens Plains,8,40,2749,2.5,NSW,2021
SAL12449,Maffra (NSW),22,52,1749,2.0,NSW,2021
SAL12450,Magenta (NSW),332,60,1843,2.1,NSW,2021
SAL12451,Magometon,26,32,1749,2.4,NSW,2021
SAL12452,Maianbar,539,50,2339,2.5,NSW,2021
SAL12453,Maimuru,145,43,1624,2.4,NSW,2021
SAL12454,Main Arm,640,45,1403,2.8,NSW,2021
SAL12455,Main Creek,95,57,1399,2.3,NSW,2021
SAL12456,Mairjimmy,37,46,2333,2.8,NSW,2021
SAL12457,Maison Dieu,175,35,2200,3.2,NSW,2021
SAL12458,Maitland (NSW),1972,43,1241,2.2,NSW,2021
SAL12459,Maitland Bar,21,60,850,1.8,NSW,2021
SAL12460,Maitland Vale,281,31,3050,3.2,NSW,2021
SAL12461,Majors Creek (NSW),290,47,1328,2.4,NSW,2021
SAL12462,Malabar,4714,46,1790,2.6,NSW,2021
SAL12463,Malabugilmah,35,50,725,2.2,NSW,2021
SAL12464,Maldon (NSW),25,48,1875,2.8,NSW,2021
SAL12465,Mallabula,963,49,1170,2.4,NSW,2021
SAL12466,Mallan,45,39,1749,3.1,NSW,2021
SAL12467,Mallanganee,137,57,912,2.1,NSW,2021
SAL12468,Mallee,8,67,1999,2.0,NSW,2021
SAL12469,Mallowa,97,30,2062,2.3,NSW,2021
SAL12470,Maloneys Beach,408,51,1095,2.4,NSW,2021
SAL12471,Malua Bay,2071,52,1423,2.3,NSW,2021
SAL12472,Manar,112,39,1978,2.5,NSW,2021
SAL12473,Manchester Square,27,66,2750,2.1,NSW,2021
SAL12474,Mandagery,82,36,1458,2.4,NSW,2021
SAL12475,Mandalong,433,47,1906,3.0,NSW,2021
SAL12476,Mandemar,64,47,1958,2.7,NSW,2021
SAL12477,Mandurama,345,50,1267,2.3,NSW,2021
SAL12478,Mangerton,2862,39,2147,2.6,NSW,2021
SAL12479,Mangoola,76,46,1375,2.4,NSW,2021
SAL12480,Mangoplah,291,47,2075,2.8,NSW,2021
SAL12481,Mangrove Creek,56,34,2125,3.7,NSW,2021
SAL12482,Mangrove Mountain,736,43,1816,3.0,NSW,2021
SAL12483,Manildra,822,43,1449,2.5,NSW,2021
SAL12484,Manilla,2386,48,994,2.2,NSW,2021
SAL12485,Manly (NSW),16296,38,3164,2.2,NSW,2021
SAL12486,Manly Vale,6389,38,2351,2.4,NSW,2021
SAL12487,Mannering Park,2554,41,1391,2.5,NSW,2021
SAL12488,Manning Point,229,64,693,1.6,NSW,2021
SAL12489,Mannus,225,39,1583,2.3,NSW,2021
SAL12490,Manobalai,76,56,1833,2.3,NSW,2021
SAL12491,Manton (NSW),350,45,2750,2.8,NSW,2021
SAL12492,Manyana,670,55,1095,2.0,NSW,2021
SAL12493,Maragle,84,57,1312,2.2,NSW,2021
SAL12494,Maraylya,1281,41,2607,3.3,NSW,2021
SAL12495,Marayong,7834,36,1593,2.8,NSW,2021
SAL12496,March,118,42,1937,2.7,NSW,2021
SAL12497,Marchmont,285,42,3187,3.2,NSW,2021
SAL12498,Mardi,3598,37,1955,2.8,NSW,2021
SAL12499,Marengo (NSW),8,27,1249,3.7,NSW,2021
SAL12500,Mares Run,0,0,0,0.0,NSW,2021
SAL12501,Marinna,36,52,2250,2.5,NSW,2021
SAL12502,Marks Point,1861,48,1122,2.1,NSW,2021
SAL12503,Markwell,144,46,1312,2.7,NSW,2021
SAL12504,Marlee,199,53,1362,2.5,NSW,2021
SAL12505,Marlo Merrican,60,43,949,2.8,NSW,2021
SAL12506,Marlow,35,59,1187,1.5,NSW,2021
SAL12507,Marlowe,8,72,1125,1.6,NSW,2021
SAL12508,Marmong Point,765,47,1916,2.5,NSW,2021
SAL12509,Marom Creek,146,51,1899,2.6,NSW,2021
SAL12510,Maroota,616,41,2079,3.3,NSW,2021
SAL12511,Maroubra,30722,39,2141,2.4,NSW,2021
SAL12512,Marrangaroo,783,38,2283,2.9,NSW,2021
SAL12513,Marrar,363,39,1825,2.8,NSW,2021
SAL12514,Marrickville,26570,37,2170,2.3,NSW,2021
SAL12515,Marsden Park,14610,32,2722,3.4,NSW,2021
SAL12516,Marsfield,12492,39,1943,2.5,NSW,2021
SAL12517,Marshall Mount,177,40,2175,3.0,NSW,2021
SAL12518,Marshdale,46,42,1375,2.5,NSW,2021
SAL12519,Marthaguy,63,31,1875,3.2,NSW,2021
SAL12520,Martindale,168,39,1812,2.8,NSW,2021
SAL12521,Martins Creek,351,40,1485,2.6,NSW,2021
SAL12522,Martinsville,389,53,1821,2.8,NSW,2021
SAL12523,Marulan,1428,38,1484,2.6,NSW,2021
SAL12524,Maryland (Newcastle - NSW),7714,37,1793,2.8,NSW,2021
SAL12525,Maryland (Tenterfield - NSW),89,52,1042,2.4,NSW,2021
SAL12526,Marys Mount,99,44,1875,3.0,NSW,2021
SAL12527,Maryvale (NSW),190,37,1687,2.8,NSW,2021
SAL12528,Maryville,1671,39,2067,2.3,NSW,2021
SAL12529,Mascot,21591,30,2254,2.5,NSW,2021
SAL12530,Matcham,1038,44,3360,3.2,NSW,2021
SAL12531,Matheson,50,39,1875,2.6,NSW,2021
SAL12532,Mathoura,1002,51,993,2.2,NSW,2021
SAL12533,Matong,159,53,780,2.2,NSW,2021
SAL12534,Matraville,9925,42,2075,2.7,NSW,2021
SAL12535,Maude (NSW),110,41,1781,2.3,NSW,2021
SAL12536,Maules Creek,87,45,1624,2.7,NSW,2021
SAL12537,Maxwell,90,36,2166,3.0,NSW,2021
SAL12538,Maybole,51,41,1333,2.9,NSW,2021
SAL12539,Mayers Flat,50,58,1125,2.0,NSW,2021
SAL12540,Mayfield (Newcastle - NSW),9760,36,1566,2.2,NSW,2021
SAL12541,Mayfield (Oberon - NSW),3,50,1125,1.0,NSW,2021
SAL12542,Mayfield (Queanbeyan-Palerang Regional - NSW),57,41,1906,2.9,NSW,2021
SAL12543,Mayfield (Shoalhaven - NSW),36,53,780,2.5,NSW,2021
SAL12544,Mayfield East,1794,36,1809,2.2,NSW,2021
SAL12545,Mayfield North,0,0,0,0.0,NSW,2021
SAL12546,Mayfield West,1993,34,1592,2.3,NSW,2021
SAL12547,Mayrung,171,34,1478,2.9,NSW,2021
SAL12548,Mays Hill,1902,31,2076,2.7,NSW,2021
SAL12549,Mayvale,19,40,1125,2.3,NSW,2021
SAL12550,McCullys Gap,262,41,2299,2.8,NSW,2021
SAL12551,McDougalls Hill,131,49,1593,2.2,NSW,2021
SAL12552,McGraths Hill,2537,34,2177,2.9,NSW,2021
SAL12553,McKees Hill,295,44,1728,2.9,NSW,2021
SAL12554,McKellars Park,210,39,1390,2.2,NSW,2021
SAL12555,McLeans Ridges,808,45,2305,2.9,NSW,2021
SAL12556,McLeods Shoot,113,39,2200,2.7,NSW,2021
SAL12557,McMahons Point,2315,44,2568,1.8,NSW,2021
SAL12558,McMahons Reef,68,40,1187,2.4,NSW,2021
SAL12559,Meadow Flat,356,45,2083,2.8,NSW,2021
SAL12560,Meadowbank (NSW),5089,34,1993,2.0,NSW,2021
SAL12561,Mebbin,0,0,0,0.0,NSW,2021
SAL12562,Mebul,61,49,1075,2.5,NSW,2021
SAL12563,Medlow Bath,569,52,1312,2.1,NSW,2021
SAL12564,Medowie,10879,37,2044,2.9,NSW,2021
SAL12565,Medway,143,47,1899,2.7,NSW,2021
SAL12566,Meerschaum Vale,372,47,1968,2.7,NSW,2021
SAL12567,Megalong Valley,148,52,2042,2.7,NSW,2021
SAL12568,Megan,168,57,1015,2.1,NSW,2021
SAL12569,Melbergen,19,31,2250,2.8,NSW,2021
SAL12570,Melinga,112,52,1468,2.4,NSW,2021
SAL12571,Mellong,7,45,1125,1.0,NSW,2021
SAL12572,Mellool,43,57,1312,2.2,NSW,2021
SAL12573,Melonba,1439,31,2859,3.3,NSW,2021
SAL12574,Melrose Park (NSW),2059,37,2182,2.7,NSW,2021
SAL12575,Melville (NSW),64,48,1958,2.4,NSW,2021
SAL12576,Memagong,96,40,2062,2.5,NSW,2021
SAL12577,Menah,186,46,2214,2.7,NSW,2021
SAL12578,Menai,10419,39,2575,3.0,NSW,2021
SAL12579,Menangle,1252,54,1476,2.6,NSW,2021
SAL12580,Menangle Park,224,39,1687,2.9,NSW,2021
SAL12581,Mendooran,626,45,928,2.4,NSW,2021
SAL12582,Menindee,537,50,885,2.1,NSW,2021
SAL12583,Merah North,129,36,1857,2.4,NSW,2021
SAL12584,Merewether,11788,39,2287,2.4,NSW,2021
SAL12585,Merewether Heights,1495,41,3022,2.9,NSW,2021
SAL12586,Merimbula,3821,54,1146,2.0,NSW,2021
SAL12587,Meringo,143,50,1428,2.4,NSW,2021
SAL12588,Mernot,0,0,0,0.0,NSW,2021
SAL12589,Meroo,46,39,2250,3.3,NSW,2021
SAL12590,Meroo Meadow,474,50,2116,2.6,NSW,2021
SAL12591,Merotherie,24,50,1375,2.9,NSW,2021
SAL12592,Merriangaah,12,61,649,1.8,NSW,2021
SAL12593,Merricumbene,14,54,1062,1.5,NSW,2021
SAL12594,Merrigal,10,27,1649,4.0,NSW,2021
SAL12595,Merrill,38,39,2750,3.2,NSW,2021
SAL12596,Merriwa (NSW),1825,45,1208,2.4,NSW,2021
SAL12597,Merriwagga,124,49,1062,2.2,NSW,2021
SAL12598,Merrygoen,79,41,900,2.3,NSW,2021
SAL12599,Merrylands,32472,33,1470,3.0,NSW,2021
SAL12600,Merrylands West,7054,36,1394,2.8,NSW,2021
SAL12601,Merungle Hill,258,42,1768,2.7,NSW,2021
SAL12602,Meryla,9,63,725,1.2,NSW,2021
SAL12603,Metford,4707,35,1484,2.6,NSW,2021
SAL12604,Methul,60,47,1125,2.3,NSW,2021
SAL12605,Metz,117,43,1874,2.8,NSW,2021
SAL12606,Miamley,12,56,725,2.4,NSW,2021
SAL12607,Miandetta (NSW),23,29,2250,3.2,NSW,2021
SAL12608,Micalo Island,45,56,2124,2.1,NSW,2021
SAL12609,Michelago,642,38,2750,2.9,NSW,2021
SAL12610,Middle Arm,377,46,1531,2.7,NSW,2021
SAL12611,Middle Brook,260,44,1968,2.6,NSW,2021
SAL12612,Middle Brother,52,59,1343,2.5,NSW,2021
SAL12613,Middle Cove,1327,45,4446,3.0,NSW,2021
SAL12614,Middle Dural,1040,46,3067,3.4,NSW,2021
SAL12615,Middle Falbrook,73,45,1625,2.6,NSW,2021
SAL12616,Middle Flat,41,55,2250,2.3,NSW,2021
SAL12617,Middle Pocket,141,44,1718,2.7,NSW,2021
SAL12618,Middleton Grange,7043,31,2344,3.6,NSW,2021
SAL12619,Middlingbank,22,46,1187,2.0,NSW,2021
SAL12620,Midginbil,84,50,1542,2.7,NSW,2021
SAL12621,Mihi,32,42,2374,2.7,NSW,2021
SAL12622,Mila,55,47,1874,2.7,NSW,2021
SAL12623,Milbrodale,149,47,1449,2.6,NSW,2021
SAL12624,Milbrulong,119,49,1145,2.5,NSW,2021
SAL12625,Milkers Flat,3,79,549,2.0,NSW,2021
SAL12626,Millah Murrah,23,29,4499,4.5,NSW,2021
SAL12627,Millbank (NSW),113,59,774,1.9,NSW,2021
SAL12628,Miller,3374,35,825,2.8,NSW,2021
SAL12629,Millers Forest,357,47,1971,2.9,NSW,2021
SAL12630,Millers Point,1735,43,3160,1.9,NSW,2021
SAL12631,Millfield,1282,38,1668,2.8,NSW,2021
SAL12632,Millie,14,49,1375,2.3,NSW,2021
SAL12633,Millingandi,519,62,859,2.0,NSW,2021
SAL12634,Millthorpe,1347,43,2071,2.7,NSW,2021
SAL12635,Milparinka,67,30,1875,3.6,NSW,2021
SAL12636,Milperra,4074,39,2117,3.0,NSW,2021
SAL12637,Milroy (Gunnedah - NSW),72,42,2250,2.7,NSW,2021
SAL12638,Milroy (Mid-Western Regional - NSW),61,43,3250,2.9,NSW,2021
SAL12639,Milsons Passage,32,62,949,2.2,NSW,2021
SAL12640,Milsons Point,2529,44,3267,1.8,NSW,2021
SAL12641,Milton (NSW),1801,55,1325,2.4,NSW,2021
SAL12642,Milvale,89,44,1233,2.4,NSW,2021
SAL12643,Mimosa (NSW),70,41,1562,2.8,NSW,2021
SAL12644,Minchinbury,5778,35,2208,3.3,NSW,2021
SAL12645,Mindaribba,97,53,2583,2.9,NSW,2021
SAL12646,Mingoola (NSW),7,59,474,1.6,NSW,2021
SAL12647,Minimbah,199,52,1375,2.8,NSW,2021
SAL12648,Minjary,55,39,1812,2.8,NSW,2021
SAL12649,Minmi,700,35,1899,2.9,NSW,2021
SAL12650,Minnamurra,804,50,1577,2.5,NSW,2021
SAL12651,Minnie Water,212,59,1140,2.2,NSW,2021
SAL12652,Minore,194,41,1833,2.8,NSW,2021
SAL12653,Minto,13940,35,1646,3.1,NSW,2021
SAL12654,Minto Heights,384,44,2178,3.3,NSW,2021
SAL12655,Mirador,519,52,1662,2.5,NSW,2021
SAL12656,Miranda (NSW),17942,39,1920,2.4,NSW,2021
SAL12657,Mirannie,55,47,1125,2.4,NSW,2021
SAL12658,Mirrabooka (NSW),809,42,1557,2.5,NSW,2021
SAL12659,Mirrool,79,44,1416,2.4,NSW,2021
SAL12660,Missabotti,246,50,1152,2.7,NSW,2021
SAL12661,Mitchell (NSW),1179,30,779,1.7,NSW,2021
SAL12662,Mitchells Flat,242,43,2905,3.0,NSW,2021
SAL12663,Mitchells Island,462,55,1304,2.4,NSW,2021
SAL12664,Mittagong,6090,49,1425,2.2,NSW,2021
SAL12665,Moama,7213,49,1348,2.4,NSW,2021
SAL12666,Modanville,614,48,1687,2.7,NSW,2021
SAL12667,Mogareeka,67,61,1274,2.0,NSW,2021
SAL12668,Mogendoura,238,53,1147,2.5,NSW,2021
SAL12669,Moggs Swamp,19,45,2083,3.1,NSW,2021
SAL12670,Mogilla,100,59,1174,2.4,NSW,2021
SAL12671,Mogo (Eurobodalla - NSW),332,44,1208,2.7,NSW,2021
SAL12672,Mogo (Mid-Western Regional - NSW),9,46,1749,2.0,NSW,2021
SAL12673,Mogo Creek,10,41,450,1.0,NSW,2021
SAL12674,Mogood,21,59,900,2.7,NSW,2021
SAL12675,Mograni,34,58,1375,2.1,NSW,2021
SAL12676,Mogriguy,122,44,1583,2.7,NSW,2021
SAL12677,Mole River,89,61,837,1.7,NSW,2021
SAL12678,Moleville Creek,42,46,2583,3.0,NSW,2021
SAL12679,Mollyan,48,52,1125,2.0,NSW,2021
SAL12680,Mollymook,1195,55,1346,2.3,NSW,2021
SAL12681,Mollymook Beach,2531,57,1247,2.2,NSW,2021
SAL12682,Molong,2595,43,1376,2.5,NSW,2021
SAL12683,Mona Vale,10877,46,2296,2.6,NSW,2021
SAL12684,Monak,60,41,1625,2.6,NSW,2021
SAL12685,Monaltrie,235,48,1471,2.6,NSW,2021
SAL12686,Mondayong,9,30,2750,5.0,NSW,2021
SAL12687,Mondrook,167,52,1388,2.6,NSW,2021
SAL12688,Monga,27,59,1292,1.9,NSW,2021
SAL12689,Mongarlowe,121,54,1281,2.1,NSW,2021
SAL12690,Mongogarie,85,53,1312,2.7,NSW,2021
SAL12691,Monia Gap,22,38,2250,4.5,NSW,2021
SAL12692,Monivae,30,36,2250,2.9,NSW,2021
SAL12693,Monkerai,102,51,1281,2.7,NSW,2021
SAL12694,Monteagle,213,44,1238,2.7,NSW,2021
SAL12695,Montecollum,67,52,1281,2.3,NSW,2021
SAL12696,Montefiores,630,39,1640,2.6,NSW,2021
SAL12697,Monterey,4619,44,1785,2.5,NSW,2021
SAL12698,Mooball,193,39,1354,2.5,NSW,2021
SAL12699,Moobi,168,36,2388,2.7,NSW,2021
SAL12700,Moogem,0,0,0,0.0,NSW,2021
SAL12701,Mookerawa,24,60,949,1.5,NSW,2021
SAL12702,Mookima Wybra,43,41,899,2.6,NSW,2021
SAL12703,Moolarben,10,35,1875,2.2,NSW,2021
SAL12704,Moollattoo,0,0,0,0.0,NSW,2021
SAL12705,Moolpa,18,25,2374,3.7,NSW,2021
SAL12706,Moombooldool,26,39,1312,2.5,NSW,2021
SAL12707,Moonan Brook,19,67,492,1.6,NSW,2021
SAL12708,Moonan Flat,131,46,1458,2.5,NSW,2021
SAL12709,Moonbah,564,44,2183,2.8,NSW,2021
SAL12710,Moonbi,1201,50,1354,2.4,NSW,2021
SAL12711,Moonbria,8,61,1625,2.0,NSW,2021
SAL12712,Mooneba,71,50,1291,2.5,NSW,2021
SAL12713,Moonee,0,37,0,0.0,NSW,2021
SAL12714,Moonee Beach,2176,41,1875,2.8,NSW,2021
SAL12715,Mooney Mooney,350,52,1978,2.4,NSW,2021
SAL12716,Mooney Mooney Creek,27,40,1749,2.9,NSW,2021
SAL12717,Moonpar,21,55,2124,2.5,NSW,2021
SAL12718,Mooral Creek,105,49,1274,2.6,NSW,2021
SAL12719,Moorara,0,0,0,0.0,NSW,2021
SAL12720,Moorbel,251,46,1645,2.6,NSW,2021
SAL12721,Moore Creek,2868,37,2523,3.2,NSW,2021
SAL12722,Moore Park,18,30,3874,2.7,NSW,2021
SAL12723,Moorebank,11408,36,2201,3.1,NSW,2021
SAL12724,Moorilda,38,58,1062,2.0,NSW,2021
SAL12725,Moorland (NSW),516,46,1260,2.5,NSW,2021
SAL12726,Moorong,175,37,2949,3.5,NSW,2021
SAL12727,Moorwatha,60,56,2250,2.8,NSW,2021
SAL12728,Moparrabah,123,54,725,2.4,NSW,2021
SAL12729,Moppy,8,58,1375,2.2,NSW,2021
SAL12730,Morago,50,48,2083,2.8,NSW,2021
SAL12731,Morangarell,34,58,1375,2.1,NSW,2021
SAL12732,Morans Crossing,55,44,1274,2.8,NSW,2021
SAL12733,Moree,8962,38,1575,2.4,NSW,2021
SAL12734,Morisset,4078,53,959,2.1,NSW,2021
SAL12735,Morisset Park,1085,38,1858,2.9,NSW,2021
SAL12736,Morning Bay,31,57,1791,1.6,NSW,2021
SAL12737,Mororo,115,44,1624,2.7,NSW,2021
SAL12738,Morpeth,1686,55,1122,2.1,NSW,2021
SAL12739,Mortdale,10745,38,1995,2.6,NSW,2021
SAL12740,Mortlake (NSW),1954,35,2347,2.1,NSW,2021
SAL12741,Morton,225,45,1542,2.9,NSW,2021
SAL12742,Mortons Creek,309,47,1640,2.9,NSW,2021
SAL12743,Morts Estate,545,46,1133,2.2,NSW,2021
SAL12744,Morundah,81,46,1218,2.8,NSW,2021
SAL12745,Moruya,4295,52,1140,2.2,NSW,2021
SAL12746,Moruya Heads,1125,51,1357,2.3,NSW,2021
SAL12747,Morven (Glen Innes Severn - NSW),0,0,0,0.0,NSW,2021
SAL12748,Morven (Greater Hume Shire - NSW),125,48,1541,2.4,NSW,2021
SAL12749,Mosman,28329,45,2892,2.3,NSW,2021
SAL12750,Moss Vale,9310,45,1511,2.4,NSW,2021
SAL12751,Mossgiel,26,44,450,2.0,NSW,2021
SAL12752,Mossy Point,608,54,1759,2.4,NSW,2021
SAL12753,Moto,144,51,1075,2.7,NSW,2021
SAL12754,Moulamein,489,48,1116,2.2,NSW,2021
SAL12755,Mount Adrah,49,49,1875,2.8,NSW,2021
SAL12756,Mount Annan,11784,34,2493,3.2,NSW,2021
SAL12757,Mount Aquila,6,28,1374,2.0,NSW,2021
SAL12758,Mount Arthur,109,59,1437,2.4,NSW,2021
SAL12759,Mount Austin,4035,37,1124,2.3,NSW,2021
SAL12760,Mount Burrell,276,53,815,2.1,NSW,2021
SAL12761,Mount Colah,7816,40,2505,2.9,NSW,2021
SAL12762,Mount Collins,11,32,725,1.8,NSW,2021
SAL12763,Mount Cooper (NSW),8,64,1312,1.4,NSW,2021
SAL12764,Mount Darragh,25,65,474,1.4,NSW,2021
SAL12765,Mount David,51,51,687,2.0,NSW,2021
SAL12766,Mount Dee,14,60,1999,2.8,NSW,2021
SAL12767,Mount Druitt,16986,33,1478,3.1,NSW,2021
SAL12768,Mount Elliot (NSW),169,48,2583,3.0,NSW,2021
SAL12769,Mount Fairy,244,46,2324,2.6,NSW,2021
SAL12770,Mount Foster,18,48,3124,3.4,NSW,2021
SAL12771,Mount Frome,120,39,2399,2.8,NSW,2021
SAL12772,Mount George (NSW),337,45,1199,2.7,NSW,2021
SAL12773,Mount Harris,33,32,2750,3.8,NSW,2021
SAL12774,Mount Hope (NSW),16,30,900,3.0,NSW,2021
SAL12775,Mount Horeb,22,40,1499,2.1,NSW,2021
SAL12776,Mount Hunter,749,39,2200,3.2,NSW,2021
SAL12777,Mount Hutton (NSW),3712,43,1519,2.3,NSW,2021
SAL12778,Mount Irvine,22,67,899,1.8,NSW,2021
SAL12779,Mount Keira,1691,40,2476,2.9,NSW,2021
SAL12780,Mount Kembla,1083,42,2824,3.0,NSW,2021
SAL12781,Mount Kingiman,14,36,3250,4.3,NSW,2021
SAL12782,Mount Knowles,40,48,1937,3.1,NSW,2021
SAL12783,Mount Kuring-Gai,1766,42,2428,3.0,NSW,2021
SAL12784,Mount Lambie,65,55,1874,2.4,NSW,2021
SAL12785,Mount Lewis,1234,37,1539,3.3,NSW,2021
SAL12786,Mount Lindsey,0,0,0,0.0,NSW,2021
SAL12787,Mount Marsden,54,52,860,2.1,NSW,2021
SAL12788,Mount Marsh,0,45,0,0.0,NSW,2021
SAL12789,Mount Mitchell,106,53,1174,2.2,NSW,2021
SAL12790,Mount Murray,53,57,2124,2.7,NSW,2021
SAL12791,Mount Olive (Oberon - NSW),28,63,2250,2.2,NSW,2021
SAL12792,Mount Olive (Singleton - NSW),135,47,2399,2.6,NSW,2021
SAL12793,Mount Ousley,1611,42,2293,2.8,NSW,2021
SAL12794,Mount Panorama,101,53,2083,2.6,NSW,2021
SAL12795,Mount Pleasant (NSW),1397,40,2862,2.9,NSW,2021
SAL12796,Mount Pritchard,10426,36,1396,3.1,NSW,2021
SAL12797,Mount Rankin,428,44,2437,3.0,NSW,2021
SAL12798,Mount Rivers,60,47,1875,2.6,NSW,2021
SAL12799,Mount Riverview,3074,40,2248,2.8,NSW,2021
SAL12800,Mount Royal,25,58,762,2.0,NSW,2021
SAL12801,Mount Russell,111,46,1437,2.4,NSW,2021
SAL12802,Mount Saint Thomas,1449,37,1835,2.6,NSW,2021
SAL12803,Mount Seaview,28,57,1125,2.3,NSW,2021
SAL12804,Mount Tenandra,24,51,1458,2.2,NSW,2021
SAL12805,Mount Thorley,86,37,2437,3.2,NSW,2021
SAL12806,Mount Tomah,68,57,2125,2.1,NSW,2021
SAL12807,Mount Vernon,1235,40,3177,3.8,NSW,2021
SAL12808,Mount Victoria,945,49,1197,2.1,NSW,2021
SAL12809,Mount View,114,49,2187,2.5,NSW,2021
SAL12810,Mount Vincent,380,46,2294,2.8,NSW,2021
SAL12811,Mount Warning,148,54,833,1.8,NSW,2021
SAL12812,Mount Warrigal,4880,42,1365,2.6,NSW,2021
SAL12813,Mount Werong,3,61,0,0.0,NSW,2021
SAL12814,Mount White,171,58,1147,1.9,NSW,2021
SAL12815,Mount Wilson,81,62,2250,1.7,NSW,2021
SAL12816,Mountain Creek (NSW),65,50,1375,2.4,NSW,2021
SAL12817,Mountain Lagoon,78,55,1625,2.3,NSW,2021
SAL12818,Mountain Top,45,44,1375,2.1,NSW,2021
SAL12819,Mountain View (NSW),208,39,1399,2.7,NSW,2021
SAL12820,Mourquong,75,42,1625,2.5,NSW,2021
SAL12821,Mowbray Park,94,46,2583,3.4,NSW,2021
SAL12822,Mozart,58,55,1875,2.4,NSW,2021
SAL12823,Mudgee,11457,36,1678,2.4,NSW,2021
SAL12824,Mulbring,682,46,2067,2.9,NSW,2021
SAL12825,Mulgoa,2044,41,2533,3.3,NSW,2021
SAL12826,Mulgrave (NSW),78,40,1812,2.6,NSW,2021
SAL12827,Mulguthrie,19,24,1625,3.2,NSW,2021
SAL12828,Muli Muli,90,35,599,3.8,NSW,2021
SAL12829,Mulla,21,45,2749,3.2,NSW,2021
SAL12830,Mulla Creek,87,53,1390,2.8,NSW,2021
SAL12831,Mullaley,174,45,1292,2.5,NSW,2021
SAL12832,Mullamuddy,95,43,1562,2.9,NSW,2021
SAL12833,Mullaway,607,40,1760,2.7,NSW,2021
SAL12834,Mullengandra,122,44,2062,2.5,NSW,2021
SAL12835,Mullengudgery,38,45,1374,2.5,NSW,2021
SAL12836,Mullion,89,55,2437,2.6,NSW,2021
SAL12837,Mullion Creek,561,39,1800,3.0,NSW,2021
SAL12838,Mulloon,129,45,2416,2.5,NSW,2021
SAL12839,Mullumbimby,4180,45,1355,2.5,NSW,2021
SAL12840,Mullumbimby Creek,512,48,1488,2.6,NSW,2021
SAL12841,Mulwala,2557,53,1185,2.3,NSW,2021
SAL12842,Mulyandry,38,61,1875,1.9,NSW,2021
SAL12843,Mumbil,298,48,864,2.3,NSW,2021
SAL12844,Mumblebone Plain,9,42,2125,3.0,NSW,2021
SAL12845,Mumbulla Mountain,0,63,0,0.0,NSW,2021
SAL12846,Mummel,129,46,2374,2.8,NSW,2021
SAL12847,Mummulgum,105,45,1031,2.6,NSW,2021
SAL12848,Mundamia,85,53,1406,2.4,NSW,2021
SAL12849,Mundarlo,51,52,1687,2.3,NSW,2021
SAL12850,Munderoo,58,47,1625,2.9,NSW,2021
SAL12851,Mundongo,246,44,2295,2.9,NSW,2021
SAL12852,Mungay Creek,133,43,1266,2.7,NSW,2021
SAL12853,Munghorn,0,0,0,0.0,NSW,2021
SAL12854,Mungindi (NSW),487,42,1166,2.2,NSW,2021
SAL12855,Mungo,0,56,1375,1.0,NSW,2021
SAL12856,Mungo Brush,0,0,0,0.0,NSW,2021
SAL12857,Munni,38,52,1024,2.1,NSW,2021
SAL12858,Munyabla,72,30,1624,3.0,NSW,2021
SAL12859,Murga,58,52,1625,2.7,NSW,2021
SAL12860,Murrah,82,60,1542,2.2,NSW,2021
SAL12861,Murrami,288,40,1542,2.9,NSW,2021
SAL12862,Murrawombie,29,30,1625,4.3,NSW,2021
SAL12863,Murray Downs,274,48,2416,2.7,NSW,2021
SAL12864,Murray Gorge,0,0,0,0.0,NSW,2021
SAL12865,Murrays Beach,882,44,2303,2.8,NSW,2021
SAL12866,Murrays Run,140,59,1541,2.2,NSW,2021
SAL12867,Murrengenburg,0,0,0,0.0,NSW,2021
SAL12868,Murrin Bridge,57,40,662,2.3,NSW,2021
SAL12869,Murringo,390,47,1258,2.3,NSW,2021
SAL12870,Murrulebale,61,40,2124,2.9,NSW,2021
SAL12871,Murrumbateman,3607,40,3348,3.1,NSW,2021
SAL12872,Murrumbo,4,34,2250,4.0,NSW,2021
SAL12873,Murrumbucca,82,52,2200,2.6,NSW,2021
SAL12874,Murrumburrah,81,51,1666,2.3,NSW,2021
SAL12875,Murrurundi,945,54,877,2.0,NSW,2021
SAL12876,Murulla,23,34,2625,3.3,NSW,2021
SAL12877,Murwillumbah,7616,46,1147,2.4,NSW,2021
SAL12878,Muscle Creek,313,38,3083,3.0,NSW,2021
SAL12879,Muswellbrook,12272,35,1603,2.5,NSW,2021
SAL12880,Mutawintji,30,44,1187,3.8,NSW,2021
SAL12881,Muttama,140,32,1833,2.8,NSW,2021
SAL12882,Myall Creek,27,52,1125,2.5,NSW,2021
SAL12883,Myall Lake,0,0,0,0.0,NSW,2021
SAL12884,Myall Park (NSW),226,47,1974,3.0,NSW,2021
SAL12885,Myalla (NSW),4,34,1875,2.0,NSW,2021
SAL12886,Mylestom,336,50,1083,2.2,NSW,2021
SAL12887,Mylneford,78,51,1468,2.7,NSW,2021
SAL12888,Myocum,1217,47,1505,2.5,NSW,2021
SAL12889,Myola (NSW),94,65,979,1.9,NSW,2021
SAL12890,Myrtle Creek (NSW),92,60,850,2.4,NSW,2021
SAL12891,Myrtle Mountain,75,53,1625,2.3,NSW,2021
SAL12892,Myrtle Park,51,33,899,2.8,NSW,2021
SAL12893,Myrtleville,100,37,1375,2.8,NSW,2021
SAL12894,Mystery Bay,199,63,1125,2.0,NSW,2021
SAL12895,Myuna Bay,0,0,0,0.0,NSW,2021
SAL12896,Nabiac,1294,48,1253,2.6,NSW,2021
SAL12897,Nadgee,0,0,0,0.0,NSW,2021
SAL12898,Nambucca Heads,6675,57,839,2.0,NSW,2021
SAL12899,Namoi River,61,49,1062,2.7,NSW,2021
SAL12900,Nana Glen,1132,44,1540,2.7,NSW,2021
SAL12901,Nangus,240,41,1333,2.7,NSW,2021
SAL12902,Nanima,252,43,2974,3.0,NSW,2021
SAL12903,Napoleon Reef,130,59,1859,2.3,NSW,2021
SAL12904,Naradhan,63,50,1749,2.5,NSW,2021
SAL12905,Narara,8471,38,1896,2.8,NSW,2021
SAL12906,Narellan,3358,36,1706,2.7,NSW,2021
SAL12907,Narellan Vale,6931,35,2248,3.0,NSW,2021
SAL12908,Naremburn,5924,39,3272,2.4,NSW,2021
SAL12909,Narooma,2731,58,926,2.0,NSW,2021
SAL12910,Narrabarba,22,47,725,1.9,NSW,2021
SAL12911,Narrabeen,8255,48,1780,2.0,NSW,2021
SAL12912,Narrabri,7327,39,1590,2.4,NSW,2021
SAL12913,Narraburra,70,47,1343,3.0,NSW,2021
SAL12914,Narran Lake,14,40,3750,3.0,NSW,2021
SAL12915,Narrandera,4369,44,1113,2.3,NSW,2021
SAL12916,Narrangullen,9,20,4750,2.3,NSW,2021
SAL12917,Narrawa,112,53,2166,2.5,NSW,2021
SAL12918,Narrawallee,1487,50,1309,2.3,NSW,2021
SAL12919,Narraweena,6971,43,1935,2.8,NSW,2021
SAL12920,Narromine,4608,39,1306,2.5,NSW,2021
SAL12921,Narwee,5411,40,1431,2.7,NSW,2021
SAL12922,Nashdale,403,44,2180,2.7,NSW,2021
SAL12923,Nashua,267,48,2025,2.7,NSW,2021
SAL12924,Nattai,77,42,1149,2.3,NSW,2021
SAL12925,Naughtons Gap,137,32,1792,2.9,NSW,2021
SAL12926,Neath,430,55,792,2.1,NSW,2021
SAL12927,Nebea,18,28,2125,2.0,NSW,2021
SAL12928,Neilrex,81,43,1437,2.7,NSW,2021
SAL12929,Nelligen,399,53,1148,2.4,NSW,2021
SAL12930,Nelson (Bega Valley - NSW),12,23,899,2.3,NSW,2021
SAL12931,Nelson (The Hills Shire - NSW),460,47,2399,3.1,NSW,2021
SAL12932,Nelson Bay (NSW),6141,51,1305,2.2,NSW,2021
SAL12933,Nelsons Plains,326,48,2250,3.0,NSW,2021
SAL12934,Nelungaloo,47,31,1812,2.8,NSW,2021
SAL12935,Nemingha,705,44,1741,2.4,NSW,2021
SAL12936,Nericon,278,39,1890,2.8,NSW,2021
SAL12937,Neringla,17,65,1125,2.0,NSW,2021
SAL12938,Nerong,168,59,862,2.1,NSW,2021
SAL12939,Nerriga,77,54,1062,2.0,NSW,2021
SAL12940,Nerrigundah,40,58,1312,2.5,NSW,2021
SAL12941,Nethercote,332,51,1375,2.6,NSW,2021
SAL12942,Neurea,129,51,1916,2.5,NSW,2021
SAL12943,Neutral Bay,10090,38,2443,2.0,NSW,2021
SAL12944,Never Never,0,0,0,0.0,NSW,2021
SAL12945,Nevertire,135,47,1437,2.6,NSW,2021
SAL12946,Neville,229,42,1553,2.8,NSW,2021
SAL12947,New Berrima,598,37,1607,2.5,NSW,2021
SAL12948,New Brighton,368,45,1634,2.4,NSW,2021
SAL12949,New Buildings,31,65,687,1.8,NSW,2021
SAL12950,New Italy,249,42,1158,2.6,NSW,2021
SAL12951,New Lambton,10651,41,1853,2.4,NSW,2021
SAL12952,New Lambton Heights,2610,41,2742,2.9,NSW,2021
SAL12953,New Mexico,59,48,2124,2.4,NSW,2021
SAL12954,New Park,142,52,1020,2.2,NSW,2021
SAL12955,New Valley,32,51,725,1.8,NSW,2021
SAL12956,Newbold,8,11,1375,6.0,NSW,2021
SAL12957,Newbridge (NSW),223,54,1428,2.4,NSW,2021
SAL12958,Newcastle,3852,41,1943,1.7,NSW,2021
SAL12959,Newcastle East,1061,47,1891,2.1,NSW,2021
SAL12960,Newcastle West,1453,42,1639,1.7,NSW,2021
SAL12961,Newee Creek,418,48,1347,2.5,NSW,2021
SAL12962,Newington (NSW),5648,38,2465,2.9,NSW,2021
SAL12963,Newnes,7,34,2250,1.0,NSW,2021
SAL12964,Newnes Plateau,0,0,0,0.0,NSW,2021
SAL12965,Newport (NSW),9659,46,2479,2.6,NSW,2021
SAL12966,Newrybar,532,47,1843,2.6,NSW,2021
SAL12967,Newstead (NSW),19,48,1249,2.4,NSW,2021
SAL12968,Newton Boyd,21,47,1375,3.1,NSW,2021
SAL12969,Newtown (NSW),14690,34,2330,2.1,NSW,2021
SAL12970,Niagara Park,2779,37,1780,2.7,NSW,2021
SAL12971,Niangala,149,49,1375,2.5,NSW,2021
SAL12972,Niemur,74,36,1812,2.9,NSW,2021
SAL12973,Nightcap,0,0,0,0.0,NSW,2021
SAL12974,Nimbin,1607,50,798,2.0,NSW,2021
SAL12975,Nimmitabel,324,49,1073,2.1,NSW,2021
SAL12976,Nimmo,24,54,1874,2.4,NSW,2021
SAL12977,Nirimba Fields,1632,31,2567,2.9,NSW,2021
SAL12978,Nobbys Creek,306,48,1949,2.8,NSW,2021
SAL12979,Nombi,55,28,2250,3.8,NSW,2021
SAL12980,Noona,21,53,1208,2.0,NSW,2021
SAL12981,Noorong,20,59,1374,2.0,NSW,2021
SAL12982,Nooroo,48,44,1562,2.6,NSW,2021
SAL12983,Norah Head,1149,51,1711,2.5,NSW,2021
SAL12984,Noraville,3001,42,1480,2.5,NSW,2021
SAL12985,Nords Wharf,895,44,1679,2.6,NSW,2021
SAL12986,Normanhurst,5387,41,2590,2.9,NSW,2021
SAL12987,North Albury,6232,38,1159,2.2,NSW,2021
SAL12988,North Arm (NSW),117,42,1562,2.8,NSW,2021
SAL12989,North Arm Cove,552,56,1272,2.3,NSW,2021
SAL12990,North Avoca,2318,41,2511,2.8,NSW,2021
SAL12991,North Balgowlah,3816,39,4212,3.3,NSW,2021
SAL12992,North Batemans Bay,794,49,1268,2.2,NSW,2021
SAL12993,North Boambee Valley,2318,52,1414,2.4,NSW,2021
SAL12994,North Bondi,9290,35,3292,2.6,NSW,2021
SAL12995,North Bourke,200,42,1781,2.4,NSW,2021
SAL12996,North Brother,0,0,0,0.0,NSW,2021
SAL12997,North Casino,1000,43,1968,3.1,NSW,2021
SAL12998,North Curl Curl,4288,40,3611,3.2,NSW,2021
SAL12999,North Dorrigo,186,58,933,2.1,NSW,2021
SAL13000,North Epping,4657,44,3062,3.1,NSW,2021
SAL13001,North Gosford,3986,36,1406,2.3,NSW,2021
SAL13002,North Haven (NSW),1619,61,832,1.9,NSW,2021
SAL13003,North Kellyville,17401,33,3120,3.3,NSW,2021
SAL13004,North Lambton,3454,31,1678,2.5,NSW,2021
SAL13005,North Lismore,754,42,1166,2.4,NSW,2021
SAL13006,North Macksville,669,53,916,2.3,NSW,2021
SAL13007,North Manly,3396,40,3169,3.1,NSW,2021
SAL13008,North Narooma,683,57,1351,2.3,NSW,2021
SAL13009,North Narrabeen,6016,40,2711,3.0,NSW,2021
SAL13010,North Nowra,5856,39,1411,2.4,NSW,2021
SAL13011,North Parramatta,12064,38,1703,2.3,NSW,2021
SAL13012,North Richmond,6358,39,1724,2.6,NSW,2021
SAL13013,North Rocks,9136,40,2354,2.9,NSW,2021
SAL13014,North Rothbury,2502,30,2206,2.9,NSW,2021
SAL13015,North Ryde,14043,37,2383,2.6,NSW,2021
SAL13016,North Shore (NSW),371,48,1478,2.4,NSW,2021
SAL13017,North St Marys,4123,35,1255,2.7,NSW,2021
SAL13018,North Star,214,38,1786,2.3,NSW,2021
SAL13019,North Strathfield,4618,34,2333,2.7,NSW,2021
SAL13020,North Sydney,8964,36,2405,1.9,NSW,2021
SAL13021,North Tamworth,6273,38,1463,2.2,NSW,2021
SAL13022,North Tumbulgum,238,39,2041,2.9,NSW,2021
SAL13023,North Turramurra,4194,56,2064,2.4,NSW,2021
SAL13024,North Wagga Wagga,679,44,1494,2.5,NSW,2021
SAL13025,North Wahroonga,2100,45,3189,3.1,NSW,2021
SAL13026,North Willoughby,4161,40,2488,2.7,NSW,2021
SAL13027,North Wollongong,2299,30,1549,2.0,NSW,2021
SAL13028,North Woodburn,142,39,1343,2.7,NSW,2021
SAL13029,North Yalgogrin,77,44,1687,2.7,NSW,2021
SAL13030,North Yeoval,95,43,1187,2.7,NSW,2021
SAL13031,Northangera,44,58,2166,2.2,NSW,2021
SAL13032,Northbridge (NSW),6493,44,3874,2.9,NSW,2021
SAL13033,Northmead,11261,39,1924,2.5,NSW,2021
SAL13034,Northwood (NSW),916,46,5012,3.1,NSW,2021
SAL13035,Norway,58,65,1062,1.7,NSW,2021
SAL13036,Norwest,4688,37,2207,2.5,NSW,2021
SAL13037,Nowendoc,88,62,1093,1.9,NSW,2021
SAL13038,Nowley,50,42,2125,2.7,NSW,2021
SAL13039,Nowra,9956,40,1037,2.2,NSW,2021
SAL13040,Nowra Hill,2141,37,1902,3.0,NSW,2021
SAL13041,Nubba,77,52,1812,2.4,NSW,2021
SAL13042,Nulkaba,715,42,2217,3.0,NSW,2021
SAL13043,Nullamanna,171,40,1542,2.8,NSW,2021
SAL13044,Nullica,17,50,1312,1.9,NSW,2021
SAL13045,Nullo Mountain,20,62,1125,2.0,NSW,2021
SAL13046,Numbaa,122,45,1541,2.8,NSW,2021
SAL13047,Number One,27,53,1374,2.6,NSW,2021
SAL13048,Numbla Vale,43,39,1875,2.4,NSW,2021
SAL13049,Numbugga,129,52,1166,2.4,NSW,2021
SAL13050,Numeralla,254,51,1292,2.4,NSW,2021
SAL13051,Numinbah,89,50,1125,2.3,NSW,2021
SAL13052,Numulgi,207,50,1602,2.4,NSW,2021
SAL13053,Nunderi,696,50,1803,2.7,NSW,2021
SAL13054,Nundle,482,55,764,2.0,NSW,2021
SAL13055,Nungatta,4,27,1375,4.0,NSW,2021
SAL13056,Nungatta South,0,0,0,0.0,NSW,2021
SAL13057,Nurenmerenmong,10,37,1812,3.0,NSW,2021
SAL13058,Nymagee,96,52,1041,2.3,NSW,2021
SAL13059,Nymboida,268,56,870,2.2,NSW,2021
SAL13060,Nyngan,1953,41,1428,2.4,NSW,2021
SAL13061,Nyora (NSW),18,48,1875,3.0,NSW,2021
SAL13062,Nyrang Creek,29,58,1562,2.3,NSW,2021
SAL13063,O'Connell (NSW),653,43,2578,2.9,NSW,2021
SAL13064,Oak Flats,6840,42,1488,2.5,NSW,2021
SAL13065,Oakdale (NSW),2028,36,2083,3.0,NSW,2021
SAL13066,Oakey Park,305,48,1037,2.2,NSW,2021
SAL13067,Oakhampton,165,68,1125,2.0,NSW,2021
SAL13068,Oakhampton Heights,139,47,4187,3.2,NSW,2021
SAL13069,Oakhurst (NSW),6947,34,2097,3.3,NSW,2021
SAL13070,Oaklands,304,50,1053,2.3,NSW,2021
SAL13071,Oakville,2027,44,2368,3.3,NSW,2021
SAL13072,Oakwood (NSW),178,38,1562,2.6,NSW,2021
SAL13073,Oallen,145,56,1125,1.9,NSW,2021
SAL13074,Oatlands (NSW),5833,42,2292,3.0,NSW,2021
SAL13075,Oatley,10664,43,2537,2.8,NSW,2021
SAL13076,Oban,7,41,2750,2.5,NSW,2021
SAL13077,Obanvale,27,37,2750,2.9,NSW,2021
SAL13078,Oberne Creek,49,52,1562,2.2,NSW,2021
SAL13079,Oberon,3319,47,1321,2.2,NSW,2021
SAL13080,Obley,94,56,1406,2.4,NSW,2021
SAL13081,Ocean Shores,5777,43,1471,2.4,NSW,2021
SAL13082,Ogunbil,152,52,1231,2.4,NSW,2021
SAL13083,Old Adaminaby,42,61,2124,1.8,NSW,2021
SAL13084,Old Bar,5126,50,1170,2.3,NSW,2021
SAL13085,Old Bonalbo,73,56,668,2.0,NSW,2021
SAL13086,Old Erowal Bay,1080,40,1246,2.4,NSW,2021
SAL13087,Old Grevillia,53,51,833,2.1,NSW,2021
SAL13088,Old Guildford,2857,29,1511,3.8,NSW,2021
SAL13089,Old Junee,254,52,1312,2.3,NSW,2021
SAL13090,Old Mill,16,40,900,2.3,NSW,2021
SAL13091,Old Station,32,43,1166,2.7,NSW,2021
SAL13092,Old Toongabbie,3276,38,2172,2.8,NSW,2021
SAL13093,Olinda (NSW),32,48,1625,2.6,NSW,2021
SAL13094,Olney,0,0,0,0.0,NSW,2021
SAL13095,Omadale,0,13,0,0.0,NSW,2021
SAL13096,One Mile (NSW),501,54,1542,2.6,NSW,2021
SAL13097,One Tree,22,49,1562,2.0,NSW,2021
SAL13098,Oolong,54,43,1875,2.6,NSW,2021
SAL13099,Ooma,41,30,2666,2.8,NSW,2021
SAL13100,Ootha,44,50,1166,2.3,NSW,2021
SAL13101,Ophir,128,41,2100,2.8,NSW,2021
SAL13102,Oran Park,17624,30,2349,3.3,NSW,2021
SAL13103,Orange,41232,36,1641,2.5,NSW,2021
SAL13104,Orange Grove (NSW),60,37,2125,2.7,NSW,2021
SAL13105,Orangeville,1354,40,2788,3.4,NSW,2021
SAL13106,Orchard Hills,1798,47,2279,3.1,NSW,2021
SAL13107,Orient Point,629,52,985,2.3,NSW,2021
SAL13108,Orton Park,38,42,2583,3.4,NSW,2021
SAL13109,Osborne (NSW),32,50,1792,2.7,NSW,2021
SAL13110,Osterley (NSW),132,47,2562,3.2,NSW,2021
SAL13111,Oswald,88,44,2125,2.8,NSW,2021
SAL13112,Otford,396,40,2750,2.9,NSW,2021
SAL13113,Oura,246,36,1937,2.9,NSW,2021
SAL13114,Ourimbah,4019,39,1940,2.7,NSW,2021
SAL13115,Ournie,34,52,1312,2.3,NSW,2021
SAL13116,Owens Gap,80,37,2062,2.4,NSW,2021
SAL13117,Oxford Falls,265,73,961,2.1,NSW,2021
SAL13118,Oxley (Balranald - NSW),31,46,2125,2.8,NSW,2021
SAL13119,Oxley (Warren - NSW),5,26,1499,2.0,NSW,2021
SAL13120,Oxley Island,321,45,1432,2.8,NSW,2021
SAL13121,Oxley Park,4197,31,1612,2.8,NSW,2021
SAL13122,Oxley Vale,3935,33,1381,2.6,NSW,2021
SAL13123,Oyster Bay,5689,40,3137,3.1,NSW,2021
SAL13124,Oyster Cove (NSW),91,56,1187,2.4,NSW,2021
SAL13125,Packsaddle,73,38,900,3.4,NSW,2021
SAL13126,Paddington (NSW),12701,38,3131,2.1,NSW,2021
SAL13127,Paddys Flat (Kyogle - NSW),8,63,450,2.3,NSW,2021
SAL13128,Paddys Flat (Snowy Monaro Regional - NSW),23,31,1375,2.9,NSW,2021
SAL13129,Paddys River (Snowy Valleys - NSW),15,53,575,1.6,NSW,2021
SAL13130,Paddys River (Wingecarribee - NSW),64,36,1874,2.9,NSW,2021
SAL13131,Padstow,14017,40,1891,2.8,NSW,2021
SAL13132,Padstow Heights,3594,44,1938,2.7,NSW,2021
SAL13133,Pagans Flat,4,54,1649,2.5,NSW,2021
SAL13134,Pages Creek,13,55,1624,1.8,NSW,2021
SAL13135,Pages River,5,64,1024,2.0,NSW,2021
SAL13136,Pagewood,3885,42,2281,2.9,NSW,2021
SAL13137,Palarang,26,55,1624,2.0,NSW,2021
SAL13138,Palerang,0,0,0,0.0,NSW,2021
SAL13139,Paling Yards (Bathurst Regional - NSW),15,53,2499,2.3,NSW,2021
SAL13140,Paling Yards (Oberon - NSW),13,38,1374,2.8,NSW,2021
SAL13141,Pallal,66,38,1875,2.8,NSW,2021
SAL13142,Pallamallawa,472,45,1635,2.4,NSW,2021
SAL13143,Palm Beach (NSW),1652,58,2807,2.3,NSW,2021
SAL13144,Palm Grove (NSW),87,55,1416,2.4,NSW,2021
SAL13145,Palmdale (NSW),95,54,2156,2.6,NSW,2021
SAL13146,Palmers Channel,115,52,1199,2.4,NSW,2021
SAL13147,Palmers Island,482,49,1404,2.6,NSW,2021
SAL13148,Palmers Oaky,38,57,1292,2.2,NSW,2021
SAL13149,Palmvale,95,39,1724,3.1,NSW,2021
SAL13150,Palmwoods (NSW),78,40,966,2.5,NSW,2021
SAL13151,Pambula,1002,54,1117,2.2,NSW,2021
SAL13152,Pambula Beach,667,54,1414,2.1,NSW,2021
SAL13153,Pampoolah,423,51,1288,2.8,NSW,2021
SAL13154,Pan Ban,38,34,3499,3.3,NSW,2021
SAL13155,Panania,13507,38,2036,2.9,NSW,2021
SAL13156,Pangee,21,49,1375,2.4,NSW,2021
SAL13157,Panuara,86,34,2250,3.1,NSW,2021
SAL13158,Pappinbarra,86,45,1156,2.7,NSW,2021
SAL13159,Para,7,46,2449,4.5,NSW,2021
SAL13160,Paradise (NSW),15,16,1375,3.3,NSW,2021
SAL13161,Paringi,29,29,1437,2.8,NSW,2021
SAL13162,Parkes (NSW),11324,39,1401,2.4,NSW,2021
SAL13163,Parkesbourne,152,51,2083,2.5,NSW,2021
SAL13164,Parklea,3684,35,2832,3.5,NSW,2021
SAL13165,Parkville (NSW),275,41,2029,2.6,NSW,2021
SAL13166,Parma,167,53,1624,2.5,NSW,2021
SAL13167,Parramatta,30211,32,2092,2.4,NSW,2021
SAL13168,Parraweena,61,44,1937,2.6,NSW,2021
SAL13169,Patchs Beach,45,49,1833,2.1,NSW,2021
SAL13170,Paterson (NSW),960,41,1907,2.7,NSW,2021
SAL13171,Patonga,235,65,1069,1.8,NSW,2021
SAL13172,Paupong,11,60,1625,2.0,NSW,2021
SAL13173,Paxton,1215,33,1692,2.9,NSW,2021
SAL13174,Paynes Crossing,50,61,1374,2.3,NSW,2021
SAL13175,Paytens Bridge,109,36,2750,2.5,NSW,2021
SAL13176,Peacock Creek,23,59,900,2.0,NSW,2021
SAL13177,Peak Hill (NSW),1162,48,996,2.2,NSW,2021
SAL13178,Peak View,43,52,2083,2.2,NSW,2021
SAL13179,Peakhurst,12079,41,1835,2.7,NSW,2021
SAL13180,Peakhurst Heights,2524,44,2105,2.9,NSW,2021
SAL13181,Pearces Creek,210,42,2285,2.9,NSW,2021
SAL13182,Pearl Beach,510,64,1761,2.0,NSW,2021
SAL13183,Peats Ridge,301,42,1875,3.2,NSW,2021
SAL13184,Pebbly Beach,0,70,75,1.0,NSW,2021
SAL13185,Peel,256,41,2399,3.0,NSW,2021
SAL13186,Peelwood,45,61,762,2.0,NSW,2021
SAL13187,Pejar,67,55,1542,2.2,NSW,2021
SAL13188,Pelaw Main,1080,39,1174,2.4,NSW,2021
SAL13189,Pelican (NSW),874,48,1448,2.5,NSW,2021
SAL13190,Pelton,82,34,1562,2.5,NSW,2021
SAL13191,Pembrooke,118,50,1375,2.7,NSW,2021
SAL13192,Pemulwuy,5532,37,2758,3.2,NSW,2021
SAL13193,Pendle Hill,7743,37,1824,2.8,NSW,2021
SAL13194,Pennant Hills,7588,43,2433,2.8,NSW,2021
SAL13195,Penrith,17966,36,1397,2.1,NSW,2021
SAL13196,Penrose,263,55,1091,2.2,NSW,2021
SAL13197,Penshurst (NSW),12592,38,1835,2.6,NSW,2021
SAL13198,Pericoe,22,40,262,2.1,NSW,2021
SAL13199,Perisher Valley,99,31,5249,4.0,NSW,2021
SAL13200,Perrys Crossing,4,30,0,2.0,NSW,2021
SAL13201,Perthville,567,43,1883,2.6,NSW,2021
SAL13202,Petersham,8200,36,2217,2.2,NSW,2021
SAL13203,Pheasants Nest,716,43,2428,3.2,NSW,2021
SAL13204,Phegans Bay,406,48,2075,2.4,NSW,2021
SAL13205,Phillip Bay,721,44,2193,3.1,NSW,2021
SAL13206,Phoenix Park,77,50,1416,2.6,NSW,2021
SAL13207,Piallamore,276,46,2053,2.9,NSW,2021
SAL13208,Piallaway,128,48,1375,2.6,NSW,2021
SAL13209,Piambong,157,48,1812,2.6,NSW,2021
SAL13210,Picketts Valley,221,42,2971,3.5,NSW,2021
SAL13211,Picnic Point,6413,39,2459,3.0,NSW,2021
SAL13212,Picton (NSW),5282,38,2181,2.8,NSW,2021
SAL13213,Pigeonbah,12,55,2874,2.5,NSW,2021
SAL13214,Piggabeen,333,43,1921,3.1,NSW,2021
SAL13215,Pikapene,5,59,0,0.0,NSW,2021
SAL13216,Pillar Valley,352,50,992,2.3,NSW,2021
SAL13217,Pilliga,175,51,762,2.0,NSW,2021
SAL13218,Pilot Wilderness,0,0,0,0.0,NSW,2021
SAL13219,Pimlico (NSW),358,41,1625,2.9,NSW,2021
SAL13220,Pimlico Island,0,0,0,0.0,NSW,2021
SAL13221,Pinbeyan,0,0,0,0.0,NSW,2021
SAL13222,Pindaroi,53,47,1208,2.1,NSW,2021
SAL13223,Pindimar,345,60,1067,2.1,NSW,2021
SAL13224,Pine Camp,10,30,1749,2.7,NSW,2021
SAL13225,Pine Clump,11,48,1625,2.7,NSW,2021
SAL13226,Pine Grove (NSW),3,40,1375,1.3,NSW,2021
SAL13227,Pine Lodge (NSW),38,48,1041,2.3,NSW,2021
SAL13228,Pine Ridge,96,34,1562,2.9,NSW,2021
SAL13229,Pine Valley,30,47,3083,3.3,NSW,2021
SAL13230,Piney Range,63,44,1687,2.3,NSW,2021
SAL13231,Pinkett,77,39,1958,2.7,NSW,2021
SAL13232,Pinnacle (NSW),30,58,1024,2.3,NSW,2021
SAL13233,Pinnacle Swamp,40,45,2374,3.0,NSW,2021
SAL13234,Pinny Beach,0,0,0,0.0,NSW,2021
SAL13235,Piora,71,55,1375,2.5,NSW,2021
SAL13236,Pipeclay,102,51,1625,2.7,NSW,2021
SAL13237,Pitnacree,48,45,2187,3.1,NSW,2021
SAL13238,Pitt Town,3871,38,2707,3.2,NSW,2021
SAL13239,Pitt Town Bottoms,85,29,3250,4.4,NSW,2021
SAL13240,Pleasant Hills,127,42,1350,2.7,NSW,2021
SAL13241,Pleasure Point,606,39,3276,3.5,NSW,2021
SAL13242,Plumpton (NSW),10070,34,2171,3.5,NSW,2021
SAL13243,Point Clare,3974,46,1623,2.5,NSW,2021
SAL13244,Point Frederick,2043,48,1631,2.0,NSW,2021
SAL13245,Point Piper,1334,52,4530,2.2,NSW,2021
SAL13246,Point Wolstoncroft,0,0,0,0.0,NSW,2021
SAL13247,Pointer Mountain,14,48,1624,2.8,NSW,2021
SAL13248,Pokolbin,1049,57,2395,2.4,NSW,2021
SAL13249,Pola Creek,86,40,2333,3.0,NSW,2021
SAL13250,Polo Flat,13,43,1875,2.2,NSW,2021
SAL13251,Pomeroy,94,44,1625,2.9,NSW,2021
SAL13252,Pomona (NSW),167,50,1375,2.5,NSW,2021
SAL13253,Ponto,53,49,2249,2.8,NSW,2021
SAL13254,Pooncarie,226,40,1031,2.4,NSW,2021
SAL13255,Port Botany,0,65,0,0.0,NSW,2021
SAL13256,Port Hacking,1210,40,3394,3.2,NSW,2021
SAL13257,Port Kembla,5088,42,1308,2.4,NSW,2021
SAL13258,Port Macquarie,47693,48,1282,2.2,NSW,2021
SAL13259,Port Stephens,0,0,0,0.0,NSW,2021
SAL13260,Porters Creek,0,0,0,0.0,NSW,2021
SAL13261,Porters Retreat,64,53,1687,2.2,NSW,2021
SAL13262,Portland (NSW),2447,46,1150,2.3,NSW,2021
SAL13263,Possum Brush,145,55,1325,2.7,NSW,2021
SAL13264,Possum Creek,277,45,1649,2.5,NSW,2021
SAL13265,Potato Point,156,63,1281,1.9,NSW,2021
SAL13266,Pottery Estate,112,50,949,1.9,NSW,2021
SAL13267,Potts Hill,1454,31,2223,3.2,NSW,2021
SAL13268,Potts Point,7183,37,2054,1.4,NSW,2021
SAL13269,Pottsville,7238,42,1556,2.7,NSW,2021
SAL13270,Prairiewood,3457,43,1478,3.1,NSW,2021
SAL13271,Premer,126,43,875,2.8,NSW,2021
SAL13272,Prestons,15694,34,2310,3.6,NSW,2021
SAL13273,Pretty Beach (Central Coast - NSW),314,57,1818,2.3,NSW,2021
SAL13274,Pretty Beach (Shoalhaven - NSW),0,0,0,0.0,NSW,2021
SAL13275,Pretty Pine,59,47,1625,2.6,NSW,2021
SAL13276,Primbee,1623,44,1341,2.4,NSW,2021
SAL13277,Primrose Valley,155,39,2625,2.8,NSW,2021
SAL13278,Prospect (NSW),5187,38,2084,2.9,NSW,2021
SAL13279,Providence Portal,6,55,1625,2.0,NSW,2021
SAL13280,Pucawan,36,60,849,2.5,NSW,2021
SAL13281,Puddledock,41,49,1687,2.5,NSW,2021
SAL13282,Pulganbar,5,67,1574,1.5,NSW,2021
SAL13283,Pullabooka,52,33,1333,2.5,NSW,2021
SAL13284,Pulletop,64,51,2349,2.3,NSW,2021
SAL13285,Pumpenbil,247,54,1187,2.4,NSW,2021
SAL13286,Punchbowl (Canterbury-Bankstown - NSW),21384,33,1389,3.3,NSW,2021
SAL13287,Punchbowl (Clarence Valley - NSW),3,46,2999,3.0,NSW,2021
SAL13288,Purfleet,107,32,574,2.9,NSW,2021
SAL13289,Purlewaugh,81,54,1437,2.4,NSW,2021
SAL13290,Putney,4097,44,3053,3.0,NSW,2021
SAL13291,Putta Bucca,190,52,2562,2.6,NSW,2021
SAL13292,Putty,126,48,1093,2.2,NSW,2021
SAL13293,Pyangle,37,47,1624,3.0,NSW,2021
SAL13294,Pymble,11775,41,3379,2.9,NSW,2021
SAL13295,Pyramul,60,57,1042,2.2,NSW,2021
SAL13296,Pyree,110,46,1958,2.6,NSW,2021
SAL13297,Pyrmont,12658,37,2422,2.1,NSW,2021
SAL13298,Quaama,291,53,1058,2.3,NSW,2021
SAL13299,Quakers Hill,27893,35,2310,3.1,NSW,2021
SAL13300,Quambone,128,44,1100,2.5,NSW,2021
SAL13301,Quanda,19,53,1625,2.0,NSW,2021
SAL13302,Quandary,57,46,1812,2.9,NSW,2021
SAL13303,Quandialla,163,48,877,2.4,NSW,2021
SAL13304,Queanbeyan,6409,38,1693,2.0,NSW,2021
SAL13305,Queanbeyan East,4240,34,1687,2.0,NSW,2021
SAL13306,Queanbeyan West,3146,35,2106,2.5,NSW,2021
SAL13307,Queens Park (NSW),3143,40,3441,2.6,NSW,2021
SAL13308,Queens Pinch,44,41,1625,3.3,NSW,2021
SAL13309,Queenscliff (NSW),3407,36,2903,2.2,NSW,2021
SAL13310,Quialigo,292,45,1444,2.7,NSW,2021
SAL13311,Quidong,20,23,1625,2.6,NSW,2021
SAL13312,Quiera,7,32,2750,5.0,NSW,2021
SAL13313,Quipolly,215,42,2017,2.7,NSW,2021
SAL13314,Quirindi,3355,46,1198,2.3,NSW,2021
SAL13315,Quorrobolong,573,48,2392,2.9,NSW,2021
SAL13316,Raby,5943,36,1907,3.0,NSW,2021
SAL13317,Raglan (NSW),1272,38,1785,2.9,NSW,2021
SAL13318,Rainbow Flat,693,51,1299,2.6,NSW,2021
SAL13319,Rainbow Reach,84,56,1025,2.3,NSW,2021
SAL13320,Raleigh,681,49,1482,2.6,NSW,2021
SAL13321,Ramornie,186,50,1028,2.5,NSW,2021
SAL13322,Ramsgate,1151,47,1803,2.5,NSW,2021
SAL13323,Ramsgate Beach,1734,45,1475,2.1,NSW,2021
SAL13324,Rand,192,39,1343,2.8,NSW,2021
SAL13325,Randwick,28943,36,2422,2.2,NSW,2021
SAL13326,Rangari,42,35,2125,2.8,NSW,2021
SAL13327,Rangers Valley,27,37,2750,1.9,NSW,2021
SAL13328,Rankin Park,2547,40,2214,2.7,NSW,2021
SAL13329,Rankins Springs,208,35,1273,2.5,NSW,2021
SAL13330,Rannock,78,39,1833,3.1,NSW,2021
SAL13331,Rappville,142,49,743,2.3,NSW,2021
SAL13332,Rathmines,2076,47,1517,2.6,NSW,2021
SAL13333,Ravensdale,70,51,2124,3.0,NSW,2021
SAL13334,Ravenswood (NSW),444,57,930,2.0,NSW,2021
SAL13335,Ravensworth (NSW),5,14,0,0.0,NSW,2021
SAL13336,Rawdon Island,142,38,2349,3.2,NSW,2021
SAL13337,Rawdon Vale,15,45,1749,3.0,NSW,2021
SAL13338,Raworth,2094,36,2203,2.9,NSW,2021
SAL13339,Rawsonville,66,42,3125,3.2,NSW,2021
SAL13340,Raymond Terrace,13453,37,1297,2.5,NSW,2021
SAL13341,Razorback,1174,43,2730,3.3,NSW,2021
SAL13342,Red Head,798,58,1228,2.3,NSW,2021
SAL13343,Red Hill (Snowy Valleys - NSW),4,61,1125,2.5,NSW,2021
SAL13344,Red Hill (Tamworth Regional - NSW),30,47,1375,2.3,NSW,2021
SAL13345,Red Hill (Warren - NSW),5,43,725,2.0,NSW,2021
SAL13346,Red Range,247,45,1388,2.4,NSW,2021
SAL13347,Red Rock,412,55,1148,2.2,NSW,2021
SAL13348,Red Rocks,3,58,3250,2.0,NSW,2021
SAL13349,Redbank (NSW),404,48,1833,2.7,NSW,2021
SAL13350,Redbournberry,247,41,2583,2.9,NSW,2021
SAL13351,Reddestone,59,59,1062,1.9,NSW,2021
SAL13352,Redfern,13072,36,2145,1.9,NSW,2021
SAL13353,Redhead,3785,48,1598,2.4,NSW,2021
SAL13354,Redlands,36,36,2499,2.6,NSW,2021
SAL13355,Reedy Creek (NSW),159,44,1583,2.7,NSW,2021
SAL13356,Reedy Swamp,97,46,1416,2.6,NSW,2021
SAL13357,Reefton (NSW),34,56,1458,2.2,NSW,2021
SAL13358,Regents Park (NSW),4990,36,1402,3.0,NSW,2021
SAL13359,Regentville,829,37,2187,2.8,NSW,2021
SAL13360,Reids Flat,85,53,833,2.1,NSW,2021
SAL13361,Reidsdale,121,50,1583,2.4,NSW,2021
SAL13362,Rennie,31,50,2749,2.4,NSW,2021
SAL13363,Reno,131,35,1910,2.9,NSW,2021
SAL13364,Renwick,1453,37,2377,2.9,NSW,2021
SAL13365,Repentance Creek,118,51,1187,2.5,NSW,2021
SAL13366,Repton,667,49,1480,2.5,NSW,2021
SAL13367,Reserve Creek,201,41,1403,2.8,NSW,2021
SAL13368,Retreat (NSW),45,56,725,2.3,NSW,2021
SAL13369,Revesby,15268,38,1844,2.9,NSW,2021
SAL13370,Revesby Heights,1916,35,2673,3.1,NSW,2021
SAL13371,Rhine Falls,39,39,2125,2.5,NSW,2021
SAL13372,Rhodes,11453,32,2183,2.2,NSW,2021
SAL13373,Richards,37,52,725,1.6,NSW,2021
SAL13374,Richlands (NSW),48,40,1812,2.7,NSW,2021
SAL13375,Richmond (NSW),5418,43,1353,2.1,NSW,2021
SAL13376,Richmond Hill (NSW),850,52,2006,2.6,NSW,2021
SAL13377,Richmond Lowlands,55,34,2749,3.4,NSW,2021
SAL13378,Richmond Vale,95,43,3124,3.3,NSW,2021
SAL13379,Rileys Hill,181,48,1337,2.6,NSW,2021
SAL13380,Ringwood (NSW),37,46,1625,2.1,NSW,2021
SAL13381,Riverlea,32,62,962,1.8,NSW,2021
SAL13382,Riverside (NSW),298,53,1461,2.5,NSW,2021
SAL13383,Riverstone,8627,32,2138,2.9,NSW,2021
SAL13384,Rivertree,10,52,0,2.0,NSW,2021
SAL13385,Riverview (NSW),3148,42,4731,3.2,NSW,2021
SAL13386,Riverwood,12793,40,1210,2.5,NSW,2021
SAL13387,Rixs Creek,18,44,2249,2.4,NSW,2021
SAL13388,Rob Roy,69,49,1499,2.6,NSW,2021
SAL13389,Robertson (NSW),2017,47,1736,2.5,NSW,2021
SAL13390,Robin Hill,925,48,2708,2.9,NSW,2021
SAL13391,Rock Flat,73,49,2625,3.3,NSW,2021
SAL13392,Rock Forest,149,48,2107,2.6,NSW,2021
SAL13393,Rock Valley,266,53,1346,2.4,NSW,2021
SAL13394,Rockdale,15475,34,1906,2.6,NSW,2021
SAL13395,Rockley,180,51,1111,2.2,NSW,2021
SAL13396,Rockley Mount,78,43,2791,3.1,NSW,2021
SAL13397,Rockton,22,57,1125,2.6,NSW,2021
SAL13398,Rocky Creek (Gwydir - NSW),25,64,1031,2.1,NSW,2021
SAL13399,Rocky Creek (Inverell - NSW),25,49,824,3.0,NSW,2021
SAL13400,Rocky Glen,65,56,933,2.5,NSW,2021
SAL13401,Rocky Hall,53,59,1125,2.2,NSW,2021
SAL13402,Rocky Plain (NSW),69,41,1812,2.7,NSW,2021
SAL13403,Rocky Point (NSW),275,42,1678,2.8,NSW,2021
SAL13404,Rocky River (Tenterfield - NSW),35,61,1187,2.2,NSW,2021
SAL13405,Rocky River (Uralla - NSW),297,48,1343,2.4,NSW,2021
SAL13406,Rodd Point,1380,44,2953,2.8,NSW,2021
SAL13407,Rollands Plains,151,51,1292,2.7,NSW,2021
SAL13408,Rookhurst,60,61,1375,2.4,NSW,2021
SAL13409,Rookwood (NSW),3,51,1874,2.5,NSW,2021
SAL13410,Rooty Hill,16176,37,2001,3.2,NSW,2021
SAL13411,Ropes Crossing,7280,31,2216,3.3,NSW,2021
SAL13412,Rose Bay (NSW),9911,40,2539,2.3,NSW,2021
SAL13413,Rose Valley (Kiama - NSW),87,43,2150,2.9,NSW,2021
SAL13414,Rose Valley (Snowy Monaro Regional - NSW),32,44,1874,2.6,NSW,2021
SAL13415,Rosebank,423,49,1660,2.4,NSW,2021
SAL13416,Roseberg,39,58,754,1.9,NSW,2021
SAL13417,Roseberry,25,42,1124,2.3,NSW,2021
SAL13418,Roseberry Creek,57,61,1083,1.8,NSW,2021
SAL13419,Rosebery (NSW),13533,33,2274,2.3,NSW,2021
SAL13420,Rosebrook (NSW),73,46,2583,2.8,NSW,2021
SAL13421,Rosedale (NSW),225,53,1531,2.4,NSW,2021
SAL13422,Rosehill (NSW),4047,32,1763,2.5,NSW,2021
SAL13423,Roselands,12356,38,1685,3.0,NSW,2021
SAL13424,Rosemeadow,8007,34,1708,3.0,NSW,2021
SAL13425,Rosemeath,26,53,1874,2.0,NSW,2021
SAL13426,Roseville,10340,40,3200,2.9,NSW,2021
SAL13427,Roseville Chase,1618,45,4026,3.1,NSW,2021
SAL13428,Rosewood (Port Macquarie-Hastings - NSW),221,52,1728,2.6,NSW,2021
SAL13429,Rosewood (Snowy Valleys - NSW),218,45,1312,2.6,NSW,2021
SAL13430,Roslyn,95,55,1416,2.5,NSW,2021
SAL13431,Rossglen,50,61,1281,2.1,NSW,2021
SAL13432,Rossgole,5,62,1749,1.5,NSW,2021
SAL13433,Rossi,117,32,2650,3.2,NSW,2021
SAL13434,Rossmore (NSW),2241,40,1827,3.4,NSW,2021
SAL13435,Rothbury,55,55,2250,2.4,NSW,2021
SAL13436,Roto,33,37,2166,2.9,NSW,2021
SAL13437,Rouchel,137,46,2031,2.4,NSW,2021
SAL13438,Rouchel Brook,22,56,1583,2.1,NSW,2021
SAL13439,Roughit,111,47,1624,2.8,NSW,2021
SAL13440,Round Mountain,148,50,1375,2.6,NSW,2021
SAL13441,Round Swamp,11,63,687,2.1,NSW,2021
SAL13442,Rous,230,48,1687,2.8,NSW,2021
SAL13443,Rous Mill,204,49,1562,2.7,NSW,2021
SAL13444,Rouse Hill,11349,34,2643,3.0,NSW,2021
SAL13445,Rowan,105,43,2416,3.2,NSW,2021
SAL13446,Rowena,172,31,1731,2.6,NSW,2021
SAL13447,Rowlands Creek,84,59,833,1.8,NSW,2021
SAL13448,Royal National Park,42,22,1875,3.3,NSW,2021
SAL13449,Royalla,1063,41,3655,3.4,NSW,2021
SAL13450,Rozelle,8553,40,3196,2.3,NSW,2021
SAL13451,Ruby Creek,65,58,1291,2.4,NSW,2021
SAL13452,Rufus,41,47,1187,2.3,NSW,2021
SAL13453,Rugby,83,53,1437,2.3,NSW,2021
SAL13454,Rukenvale,15,52,1625,2.0,NSW,2021
SAL13455,Run-o-Waters,605,46,2229,2.9,NSW,2021
SAL13456,Running Stream,120,61,959,1.9,NSW,2021
SAL13457,Runnyford,28,50,1749,2.0,NSW,2021
SAL13458,Ruse,5632,38,1797,2.8,NSW,2021
SAL13459,Rushcutters Bay,2335,38,1877,1.5,NSW,2021
SAL13460,Rushes Creek,98,48,1281,2.3,NSW,2021
SAL13461,Rushforth,285,47,1524,2.7,NSW,2021
SAL13462,Russell Lea,4920,43,2658,2.6,NSW,2021
SAL13463,Russell Vale,1593,39,1715,2.7,NSW,2021
SAL13464,Rutherford,13091,35,1475,2.6,NSW,2021
SAL13465,Ruthven,114,40,2208,2.9,NSW,2021
SAL13466,Ryan (NSW),62,42,1625,3.2,NSW,2021
SAL13467,Rydal,163,53,1325,2.1,NSW,2021
SAL13468,Rydalmere,7274,37,1871,2.8,NSW,2021
SAL13469,Ryde,31907,36,2024,2.4,NSW,2021
SAL13470,Rye Park,230,50,1300,2.5,NSW,2021
SAL13471,Ryhope,35,49,1375,2.8,NSW,2021
SAL13472,Rylstone,904,54,1113,2.1,NSW,2021
SAL13473,Sackville,230,46,2178,2.8,NSW,2021
SAL13474,Sackville North,388,41,2833,3.3,NSW,2021
SAL13475,Saddleback Mountain,67,59,1916,2.5,NSW,2021
SAL13476,Sadleir,3243,33,946,3.0,NSW,2021
SAL13477,Safety Beach (NSW),1103,46,1837,2.7,NSW,2021
SAL13478,Salamander Bay,4991,57,1107,2.1,NSW,2021
SAL13479,Salisbury (NSW),50,55,1875,2.5,NSW,2021
SAL13480,Salisbury Plains,61,57,1916,2.5,NSW,2021
SAL13481,Sallys Flat,13,53,1125,2.0,NSW,2021
SAL13482,Salt Ash,1103,46,1461,2.7,NSW,2021
SAL13483,Saltwater,4,58,1875,3.0,NSW,2021
SAL13484,San Isidore,349,41,2178,2.9,NSW,2021
SAL13485,San Remo (NSW),4434,34,1375,2.7,NSW,2021
SAL13486,Sancrox,602,45,2050,2.9,NSW,2021
SAL13487,Sanctuary Point,7874,47,1068,2.3,NSW,2021
SAL13488,Sandbar,0,0,0,0.0,NSW,2021
SAL13489,Sandgate (NSW),276,69,687,2.0,NSW,2021
SAL13490,Sandigo,87,41,1625,2.6,NSW,2021
SAL13491,Sandilands (NSW),20,51,1374,3.0,NSW,2021
SAL13492,Sandon (NSW),9,62,874,1.8,NSW,2021
SAL13493,Sandringham (NSW),1275,47,2101,2.5,NSW,2021
SAL13494,Sandy Beach,2913,35,1567,2.7,NSW,2021
SAL13495,Sandy Creek (Cobar - NSW),25,42,2250,3.5,NSW,2021
SAL13496,Sandy Creek (Upper Hunter Shire - NSW),42,48,2249,2.6,NSW,2021
SAL13497,Sandy Crossing,26,32,1624,3.8,NSW,2021
SAL13498,Sandy Flat,97,48,1333,2.5,NSW,2021
SAL13499,Sandy Gully (NSW),15,60,1437,1.9,NSW,2021
SAL13500,Sandy Hill,44,59,1281,1.9,NSW,2021
SAL13501,Sandy Hollow,188,44,1300,2.4,NSW,2021
SAL13502,Sandy Point (NSW),597,41,2986,2.9,NSW,2021
SAL13503,Sanger,5,59,1249,2.0,NSW,2021
SAL13504,Sans Souci,10864,44,1863,2.5,NSW,2021
SAL13505,Sapphire,32,47,1375,2.8,NSW,2021
SAL13506,Sapphire Beach,2660,46,2056,2.6,NSW,2021
SAL13507,Saratoga,3982,43,1989,2.7,NSW,2021
SAL13508,Sassafras (NSW),18,61,900,1.5,NSW,2021
SAL13509,Saumarez,76,60,1468,2.2,NSW,2021
SAL13510,Saumarez Ponds,416,46,2045,2.7,NSW,2021
SAL13511,Savernake,67,40,1666,2.7,NSW,2021
SAL13512,Sawpit Creek,7,62,1375,1.6,NSW,2021
SAL13513,Sawtell,3788,47,1405,2.3,NSW,2021
SAL13514,Sawyers Gully,542,42,1847,3.2,NSW,2021
SAL13515,Scarborough (NSW),325,41,2571,3.1,NSW,2021
SAL13516,Scheyville,7,35,6999,5.0,NSW,2021
SAL13517,Schofields,15213,32,2696,3.2,NSW,2021
SAL13518,Scone,5824,39,1507,2.4,NSW,2021
SAL13519,Scotia,12,61,575,1.4,NSW,2021
SAL13520,Scotland Island,711,48,2397,2.5,NSW,2021
SAL13521,Scotts Creek (NSW),25,47,725,2.4,NSW,2021
SAL13522,Scotts Flat,43,32,1312,2.1,NSW,2021
SAL13523,Scotts Head,986,54,1212,2.2,NSW,2021
SAL13524,Seaforth (NSW),7384,42,4184,3.1,NSW,2021
SAL13525,Seaham,1011,41,2312,3.1,NSW,2021
SAL13526,Seahampton,292,37,1625,2.7,NSW,2021
SAL13527,Seal Rocks,56,46,1416,2.1,NSW,2021
SAL13528,Sebastopol (NSW),56,42,2250,2.6,NSW,2021
SAL13529,Sedgefield,254,37,2656,3.3,NSW,2021
SAL13530,Seelands,376,53,1468,2.6,NSW,2021
SAL13531,Sefton,6300,35,1528,3.3,NSW,2021
SAL13532,Segenhoe,219,39,1478,2.4,NSW,2021
SAL13533,Seven Hills (NSW),20095,37,1892,2.8,NSW,2021
SAL13534,Seven Oaks,56,46,1874,2.6,NSW,2021
SAL13535,Sextonville,30,48,1124,2.5,NSW,2021
SAL13536,Shadforth (NSW),104,49,2374,2.6,NSW,2021
SAL13537,Shallow Bay,68,50,1166,2.4,NSW,2021
SAL13538,Shalvey,3455,32,1180,3.0,NSW,2021
SAL13539,Shanes Park,384,39,1531,2.9,NSW,2021
SAL13540,Shannon Brook,182,39,1575,2.8,NSW,2021
SAL13541,Shannon Vale,143,45,1458,2.5,NSW,2021
SAL13542,Shannondale,76,36,1375,3.2,NSW,2021
SAL13543,Shannons Flat,87,54,1875,2.0,NSW,2021
SAL13544,Shark Creek,30,56,933,1.8,NSW,2021
SAL13545,Sharps Creek,13,42,2250,4.5,NSW,2021
SAL13546,Sheedys Gully,136,47,1625,2.5,NSW,2021
SAL13547,Shell Cove,7591,40,2452,3.0,NSW,2021
SAL13548,Shellharbour,3520,46,1596,2.5,NSW,2021
SAL13549,Shellharbour City Centre,457,71,949,1.6,NSW,2021
SAL13550,Shelly Beach (NSW),1313,47,1646,2.5,NSW,2021
SAL13551,Sherwood (Clarence Valley - NSW),68,43,900,2.4,NSW,2021
SAL13552,Sherwood (Kempsey - NSW),145,55,1303,2.5,NSW,2021
SAL13553,Sherwood (Kyogle - NSW),36,56,749,2.3,NSW,2021
SAL13554,Shoal Bay (NSW),1815,59,1007,2.0,NSW,2021
SAL13555,Shoalhaven Heads,3248,56,1066,2.1,NSW,2021
SAL13556,Shooters Hill,29,48,2749,2.6,NSW,2021
SAL13557,Shortland,4537,33,1344,2.3,NSW,2021
SAL13558,Silent Grove,11,67,1249,2.3,NSW,2021
SAL13559,Silverdale (NSW),4543,35,2654,3.3,NSW,2021
SAL13560,Silverton (NSW),48,58,1375,2.0,NSW,2021
SAL13561,Silverwater (Lake Macquarie - NSW),274,51,1387,2.4,NSW,2021
SAL13562,Silverwater (Parramatta - NSW),3600,35,1875,2.7,NSW,2021
SAL13563,Simpkins Creek,28,38,1625,3.0,NSW,2021
SAL13564,Singleton (NSW),5185,40,1517,2.3,NSW,2021
SAL13565,Singleton Heights,4896,33,1925,2.6,NSW,2021
SAL13566,Singleton Military Area,581,21,1625,3.3,NSW,2021
SAL13567,Singletons Mill,3,60,725,1.0,NSW,2021
SAL13568,Six Mile Swamp,0,0,0,0.0,NSW,2021
SAL13569,Skennars Head,1303,47,1674,2.5,NSW,2021
SAL13570,Skillion Flat,93,49,1562,2.7,NSW,2021
SAL13571,Skinners Shoot,130,40,1874,2.8,NSW,2021
SAL13572,Sleepy Hollow,123,47,1375,2.5,NSW,2021
SAL13573,Smeaton Grange,16,49,899,1.3,NSW,2021
SAL13574,Smiggin Holes,19,27,0,0.0,NSW,2021
SAL13575,Smithfield (NSW),13160,38,1300,3.1,NSW,2021
SAL13576,Smiths Creek (Clarence Valley - NSW),20,43,450,3.3,NSW,2021
SAL13577,Smiths Creek (Kyogle - NSW),55,57,1333,1.9,NSW,2021
SAL13578,Smiths Creek (Tweed - NSW),345,47,1187,2.5,NSW,2021
SAL13579,Smiths Lake,1332,49,1210,2.3,NSW,2021
SAL13580,Smithtown,625,43,1178,2.4,NSW,2021
SAL13581,Snakes Plain,14,40,1875,1.8,NSW,2021
SAL13582,Snowball,3,73,1199,1.5,NSW,2021
SAL13583,Snowy Plain,0,46,1874,2.0,NSW,2021
SAL13584,Sodwalls,94,52,1937,2.3,NSW,2021
SAL13585,Sofala,111,60,668,1.8,NSW,2021
SAL13586,Soldiers Point,1564,56,1350,2.2,NSW,2021
SAL13587,Somersby,1087,47,2215,3.0,NSW,2021
SAL13588,Somerton (NSW),272,38,1455,2.6,NSW,2021
SAL13589,South Albury,1372,40,1147,1.8,NSW,2021
SAL13590,South Arm (Clarence Valley - NSW),196,56,1452,2.5,NSW,2021
SAL13591,South Arm (Nambucca Valley - NSW),311,49,900,2.5,NSW,2021
SAL13592,South Ballina,27,56,1124,1.7,NSW,2021
SAL13593,South Bathurst,1583,38,1222,2.2,NSW,2021
SAL13594,South Bowenfels,1326,48,1608,2.4,NSW,2021
SAL13595,South Coogee,5611,42,2105,2.6,NSW,2021
SAL13596,South Durras,319,57,1398,2.1,NSW,2021
SAL13597,South Golden Beach,887,40,1620,2.5,NSW,2021
SAL13598,South Grafton,6288,40,975,2.4,NSW,2021
SAL13599,South Granville,5829,32,1104,3.3,NSW,2021
SAL13600,South Gundagai,781,45,1279,2.5,NSW,2021
SAL13601,South Gundurimba,355,47,1381,2.4,NSW,2021
SAL13602,South Guyra,385,40,827,2.1,NSW,2021
SAL13603,South Hurstville,5221,40,1867,2.8,NSW,2021
SAL13604,South Kempsey,2604,42,1074,2.6,NSW,2021
SAL13605,South Lismore,1775,39,1252,2.4,NSW,2021
SAL13606,South Littleton,317,39,1317,2.3,NSW,2021
SAL13607,South Maitland,432,44,995,2.1,NSW,2021
SAL13608,South Maroota,613,41,2424,3.1,NSW,2021
SAL13609,South Murwillumbah,1064,48,1292,2.4,NSW,2021
SAL13610,South Nowra,3165,33,1789,2.8,NSW,2021
SAL13611,South Pambula,493,42,1608,2.7,NSW,2021
SAL13612,South Penrith,12005,37,1870,2.7,NSW,2021
SAL13613,South Tamworth,6621,37,1029,2.2,NSW,2021
SAL13614,South Turramurra,3208,42,3447,3.1,NSW,2021
SAL13615,South Wentworthville,6913,35,1793,3.0,NSW,2021
SAL13616,South West Rocks,5058,58,980,2.1,NSW,2021
SAL13617,South Windsor,5948,34,1466,2.5,NSW,2021
SAL13618,South Wolumla,180,48,1471,2.6,NSW,2021
SAL13619,Southampton (NSW),33,44,1999,2.6,NSW,2021
SAL13620,Southgate,198,51,1321,2.4,NSW,2021
SAL13621,Speers Point,3400,45,1766,2.4,NSW,2021
SAL13622,Speewa,115,45,1375,2.9,NSW,2021
SAL13623,Spencer,288,52,913,2.0,NSW,2021
SAL13624,Spicers Creek,55,51,1125,2.8,NSW,2021
SAL13625,Spicketts Creek,32,60,1375,2.2,NSW,2021
SAL13626,Splitters Creek,312,47,2968,2.9,NSW,2021
SAL13627,Spring Creek (NSW),131,54,2050,2.6,NSW,2021
SAL13628,Spring Farm (NSW),9868,30,2403,3.0,NSW,2021
SAL13629,Spring Flat,345,36,2974,3.0,NSW,2021
SAL13630,Spring Grove,532,43,1837,2.9,NSW,2021
SAL13631,Spring Hill (Orange - NSW),526,38,1971,2.8,NSW,2021
SAL13632,Spring Hill (Wollongong - NSW),92,38,1937,2.9,NSW,2021
SAL13633,Spring Mountain (NSW),20,50,1562,3.2,NSW,2021
SAL13634,Spring Plains,73,34,1666,2.6,NSW,2021
SAL13635,Spring Ridge,266,40,1312,2.2,NSW,2021
SAL13636,Spring Terrace,123,50,1812,2.5,NSW,2021
SAL13637,Springdale (NSW),126,49,1562,2.5,NSW,2021
SAL13638,Springdale Heights,2644,37,1202,2.4,NSW,2021
SAL13639,Springfield (Central Coast - NSW),4310,37,2008,2.8,NSW,2021
SAL13640,Springfield (Snowy Monaro Regional - NSW),34,48,1749,2.5,NSW,2021
SAL13641,Springrange,498,43,2750,3.2,NSW,2021
SAL13642,Springside (NSW),303,45,2250,2.7,NSW,2021
SAL13643,Springvale (NSW),1851,41,3185,3.4,NSW,2021
SAL13644,Springwood (NSW),8423,48,1778,2.4,NSW,2021
SAL13645,St Albans (NSW),161,56,919,2.1,NSW,2021
SAL13646,St Andrews (NSW),5785,36,1837,3.0,NSW,2021
SAL13647,St Clair (Penrith - NSW),19942,36,2067,3.0,NSW,2021
SAL13648,St Clair (Singleton - NSW),17,36,2125,3.0,NSW,2021
SAL13649,St Fillans,259,43,1775,2.7,NSW,2021
SAL13650,St George (NSW),0,0,0,0.0,NSW,2021
SAL13651,St Georges Basin,3215,53,1113,2.3,NSW,2021
SAL13652,St Helens Park,6647,33,1850,3.0,NSW,2021
SAL13653,St Huberts Island,1080,58,1605,2.3,NSW,2021
SAL13654,St Ives (NSW),18384,43,2888,2.9,NSW,2021
SAL13655,St Ives Chase,3283,42,3306,3.2,NSW,2021
SAL13656,St Johns Park,6302,43,1567,3.3,NSW,2021
SAL13657,St Leonards (NSW),7212,34,2475,1.9,NSW,2021
SAL13658,St Marys (NSW),13256,34,1437,2.5,NSW,2021
SAL13659,St Peters (NSW),3629,35,2924,2.3,NSW,2021
SAL13660,Stanborough,85,48,1531,2.7,NSW,2021
SAL13661,Stanbridge,204,38,1125,2.5,NSW,2021
SAL13662,Stanford Merthyr,575,41,1337,2.5,NSW,2021
SAL13663,Stanhope (NSW),162,42,2200,3.0,NSW,2021
SAL13664,Stanhope Gardens,9349,37,2868,3.2,NSW,2021
SAL13665,Stanmore (NSW),7619,36,2395,2.3,NSW,2021
SAL13666,Stannifer,75,50,840,2.2,NSW,2021
SAL13667,Stannum,56,54,1312,2.5,NSW,2021
SAL13668,Stanwell Park,1532,45,2798,2.9,NSW,2021
SAL13669,Stanwell Tops,517,38,2663,3.0,NSW,2021
SAL13670,State Mine Gully,10,59,1374,1.8,NSW,2021
SAL13671,Steam Plains,0,56,0,0.0,NSW,2021
SAL13672,Steeple Flat,25,52,1312,2.4,NSW,2021
SAL13673,Stewarts Brook,24,59,1375,2.5,NSW,2021
SAL13674,Stewarts River,126,49,1406,2.5,NSW,2021
SAL13675,Stockinbingal,347,53,986,2.2,NSW,2021
SAL13676,Stockrington,92,37,1958,3.2,NSW,2021
SAL13677,Stockton (NSW),4046,47,1535,2.3,NSW,2021
SAL13678,Stockyard Creek (NSW),55,54,900,2.3,NSW,2021
SAL13679,Stokers Siding,692,48,1492,2.6,NSW,2021
SAL13680,Stonehenge (NSW),136,55,1406,2.4,NSW,2021
SAL13681,Stonequarry,34,47,2374,2.6,NSW,2021
SAL13682,Stony Chute,156,53,919,2.2,NSW,2021
SAL13683,Stony Creek (Bega Valley - NSW),151,48,1542,2.7,NSW,2021
SAL13684,Stony Creek (Mid-Western Regional - NSW),65,35,2249,3.1,NSW,2021
SAL13685,Stony Crossing,27,55,1624,3.1,NSW,2021
SAL13686,Stotts Creek,10,48,1749,2.8,NSW,2021
SAL13687,Stratford (NSW),161,47,979,2.1,NSW,2021
SAL13688,Strathcedar,88,42,1354,2.9,NSW,2021
SAL13689,Stratheden,220,47,1235,2.4,NSW,2021
SAL13690,Strathfield (NSW),25915,32,2262,2.8,NSW,2021
SAL13691,Strathfield South,3636,38,2045,2.8,NSW,2021
SAL13692,Stroud,988,48,1310,2.5,NSW,2021
SAL13693,Stroud Hill,31,53,780,2.4,NSW,2021
SAL13694,Stroud Road,242,49,1483,2.5,NSW,2021
SAL13695,Stuart Town,241,51,909,2.3,NSW,2021
SAL13696,Stuarts Point,766,55,777,2.0,NSW,2021
SAL13697,Stubbo,270,46,1305,2.6,NSW,2021
SAL13698,Stud Park,54,35,1625,2.8,NSW,2021
SAL13699,Suffolk Park,4222,39,2020,2.6,NSW,2021
SAL13700,Sugarloaf (NSW),65,57,1375,2.2,NSW,2021
SAL13701,Summer Hill (Dungog - NSW),128,43,1906,3.0,NSW,2021
SAL13702,Summer Hill (Inner West - NSW),7288,36,2260,2.1,NSW,2021
SAL13703,Summer Hill Creek,234,40,2562,3.0,NSW,2021
SAL13704,Summer Island,93,41,2100,3.1,NSW,2021
SAL13705,Summerland Point,2708,48,1312,2.5,NSW,2021
SAL13706,Sun Valley (NSW),234,47,2374,2.9,NSW,2021
SAL13707,Sunny Corner,94,59,1281,1.8,NSW,2021
SAL13708,Sunset Strip (NSW),42,63,537,1.5,NSW,2021
SAL13709,Sunshine (NSW),475,50,1575,2.5,NSW,2021
SAL13710,Sunshine Bay,1439,56,1138,2.1,NSW,2021
SAL13711,Suntop,61,47,2250,2.7,NSW,2021
SAL13712,Surf Beach (NSW),1934,53,1099,2.1,NSW,2021
SAL13713,Surfside,1456,47,1168,2.4,NSW,2021
SAL13714,Surry Hills,15828,35,2308,1.8,NSW,2021
SAL13715,Sussex Inlet,3888,61,887,2.0,NSW,2021
SAL13716,Sutherland (NSW),11570,37,1949,2.1,NSW,2021
SAL13717,Sutton (NSW),1556,44,3044,2.9,NSW,2021
SAL13718,Sutton Forest,504,50,2069,2.5,NSW,2021
SAL13719,Swan Bay (Port Stephens - NSW),310,52,1156,2.5,NSW,2021
SAL13720,Swan Bay (Richmond Valley - NSW),357,43,1833,2.9,NSW,2021
SAL13721,Swan Creek (NSW),106,37,900,2.8,NSW,2021
SAL13722,Swan Vale,35,45,1874,3.2,NSW,2021
SAL13723,Swanbrook,9,55,2124,2.8,NSW,2021
SAL13724,Swanhaven,196,65,809,1.8,NSW,2021
SAL13725,Swans Crossing,0,0,0,0.0,NSW,2021
SAL13726,Swansea (NSW),5044,53,1037,2.2,NSW,2021
SAL13727,Swansea Heads,609,46,2083,2.7,NSW,2021
SAL13728,Sweetmans Creek,44,58,1125,2.3,NSW,2021
SAL13729,Sydenham (NSW),1100,36,2245,2.5,NSW,2021
SAL13730,Sydney,16667,32,2227,2.1,NSW,2021
SAL13731,Sydney Olympic Park,4848,31,1975,2.0,NSW,2021
SAL13732,Sylvania,10749,46,1961,2.6,NSW,2021
SAL13733,Sylvania Waters,3200,43,2371,2.9,NSW,2021
SAL13734,Tabbil Creek,53,38,1718,3.6,NSW,2021
SAL13735,Tabbimoble,33,56,599,1.7,NSW,2021
SAL13736,Tabbita,76,34,2750,3.3,NSW,2021
SAL13737,Table Top,1516,42,2475,3.0,NSW,2021
SAL13738,Tabulam,508,51,701,2.2,NSW,2021
SAL13739,Tacoma,615,40,1679,3.0,NSW,2021
SAL13740,Tacoma South,257,43,1781,2.6,NSW,2021
SAL13741,Tahlee,28,28,966,2.4,NSW,2021
SAL13742,Tahmoor,5777,34,1739,2.7,NSW,2021
SAL13743,Talarm,242,50,1292,2.5,NSW,2021
SAL13744,Talawanta,19,59,949,1.9,NSW,2021
SAL13745,Talbingo,224,61,969,1.9,NSW,2021
SAL13746,Tallawang,165,38,1449,2.8,NSW,2021
SAL13747,Tallawong,6570,30,2759,3.2,NSW,2021
SAL13748,Tallimba,185,41,1202,2.7,NSW,2021
SAL13749,Tallong,914,48,1579,2.7,NSW,2021
SAL13750,Tallowal,0,0,0,0.0,NSW,2021
SAL13751,Tallowwood Ridge,25,60,387,1.6,NSW,2021
SAL13752,Tallwood,67,61,2036,2.2,NSW,2021
SAL13753,Tallwoods Village,993,60,1314,2.2,NSW,2021
SAL13754,Talmalmo,44,57,1375,1.9,NSW,2021
SAL13755,Talofa,103,47,3062,2.6,NSW,2021
SAL13756,Taloumbi,96,47,1292,2.7,NSW,2021
SAL13757,Tamarama,1478,36,4522,2.5,NSW,2021
SAL13758,Tamban,94,55,949,2.2,NSW,2021
SAL13759,Tambar Springs,273,50,1013,2.1,NSW,2021
SAL13760,Tambaroora,30,60,687,1.8,NSW,2021
SAL13761,Taminda,57,34,1375,2.2,NSW,2021
SAL13762,Tamworth,189,49,697,1.7,NSW,2021
SAL13763,Tanglewood,104,43,1875,2.2,NSW,2021
SAL13764,Tanilba Bay,3237,48,1131,2.4,NSW,2021
SAL13765,Tanja,174,58,1042,2.0,NSW,2021
SAL13766,Tannas Mount,47,45,1833,2.7,NSW,2021
SAL13767,Tantangara,0,0,0,0.0,NSW,2021
SAL13768,Tantawangalo,162,52,1333,2.4,NSW,2021
SAL13769,Tantonan,15,61,1375,1.9,NSW,2021
SAL13770,Tapitallee,625,52,2062,2.7,NSW,2021
SAL13771,Tara (NSW),47,39,1437,3.3,NSW,2021
SAL13772,Taradale (NSW),33,51,1312,2.2,NSW,2021
SAL13773,Tarago,510,40,2027,2.6,NSW,2021
SAL13774,Taralga,403,53,1166,2.1,NSW,2021
SAL13775,Tarana,187,48,1875,2.5,NSW,2021
SAL13776,Tarban,13,68,1149,1.9,NSW,2021
SAL13777,Tarbuck Bay,194,48,1021,2.4,NSW,2021
SAL13778,Tarcutta,425,43,1265,2.4,NSW,2021
SAL13779,Taree,16715,45,968,2.2,NSW,2021
SAL13780,Taree South,326,53,1067,2.2,NSW,2021
SAL13781,Taren Point,1879,58,1463,2.3,NSW,2021
SAL13782,Tarlo,171,53,1562,2.6,NSW,2021
SAL13783,Tarraganda,346,50,1612,2.4,NSW,2021
SAL13784,Tarrawanna,2184,48,1449,2.4,NSW,2021
SAL13785,Tarriaro,102,46,2125,2.8,NSW,2021
SAL13786,Tarro,1703,45,1167,2.3,NSW,2021
SAL13787,Tascott,1675,43,1882,2.5,NSW,2021
SAL13788,Tatham,225,41,1575,2.6,NSW,2021
SAL13789,Tathra,1527,56,1221,2.0,NSW,2021
SAL13790,Tatton,2560,40,2337,2.8,NSW,2021
SAL13791,Taylors Arm,133,54,885,2.2,NSW,2021
SAL13792,Taylors Beach (NSW),130,51,1625,2.3,NSW,2021
SAL13793,Taylors Flat,58,57,966,2.1,NSW,2021
SAL13794,Tea Gardens,3288,69,991,1.9,NSW,2021
SAL13795,Telarah,2318,36,1311,2.3,NSW,2021
SAL13796,Telegraph Point,604,47,1514,2.7,NSW,2021
SAL13797,Telopea,5356,40,1465,2.5,NSW,2021
SAL13798,Temagog,268,53,1087,2.3,NSW,2021
SAL13799,Temora,4706,48,1165,2.3,NSW,2021
SAL13800,Tempe,3550,39,2452,2.7,NSW,2021
SAL13801,Ten Mile Hollow,6,46,0,0.0,NSW,2021
SAL13802,Tenambit,3088,41,1251,2.4,NSW,2021
SAL13803,Tenandra,78,34,1875,3.5,NSW,2021
SAL13804,Tennyson (NSW),379,47,2133,2.8,NSW,2021
SAL13805,Tennyson Point,1247,42,3232,3.1,NSW,2021
SAL13806,Tenterden (NSW),41,44,1218,2.4,NSW,2021
SAL13807,Tenterfield,4067,55,933,2.1,NSW,2021
SAL13808,Teralba,2654,37,2060,2.6,NSW,2021
SAL13809,Terania Creek,207,49,949,2.2,NSW,2021
SAL13810,Terara,305,59,825,1.8,NSW,2021
SAL13811,Teridgerie,27,10,1749,4.0,NSW,2021
SAL13812,Termeil,273,53,1390,2.5,NSW,2021
SAL13813,Terrabella,14,36,3250,2.7,NSW,2021
SAL13814,Terrace Creek,40,46,824,2.1,NSW,2021
SAL13815,Terragon,98,44,2062,3.0,NSW,2021
SAL13816,Terramungamine,315,38,2172,2.8,NSW,2021
SAL13817,Terranora,3365,42,2120,3.0,NSW,2021
SAL13818,Terreel,3,68,450,1.0,NSW,2021
SAL13819,Terrey Hills,3142,47,2778,3.0,NSW,2021
SAL13820,Terrigal,12730,43,2056,2.6,NSW,2021
SAL13821,Terry Hie Hie,76,51,1749,2.4,NSW,2021
SAL13822,Teven,306,46,1825,2.8,NSW,2021
SAL13823,Tewinga,74,56,933,2.3,NSW,2021
SAL13824,Texas (NSW),23,50,1062,2.5,NSW,2021
SAL13825,Thalgarrah,166,38,1395,2.8,NSW,2021
SAL13826,Tharbogang,452,42,1912,2.9,NSW,2021
SAL13827,The Angle,86,47,1875,2.8,NSW,2021
SAL13828,The Basin (NSW),0,0,0,0.0,NSW,2021
SAL13829,The Bight,60,57,1062,2.2,NSW,2021
SAL13830,The Branch,130,44,1187,2.9,NSW,2021
SAL13831,The Brothers,30,45,2250,2.8,NSW,2021
SAL13832,The Channon,325,48,1300,2.4,NSW,2021
SAL13833,The Devils Wilderness,0,62,0,1.0,NSW,2021
SAL13834,The Entrance,4244,50,971,1.9,NSW,2021
SAL13835,The Entrance North,1619,46,1331,2.3,NSW,2021
SAL13836,The Freshwater,5,63,1749,2.0,NSW,2021
SAL13837,The Gap (Richmond Valley - NSW),0,0,0,0.0,NSW,2021
SAL13838,The Gap (Wagga Wagga - NSW),76,36,2125,3.1,NSW,2021
SAL13839,The Glen (NSW),5,48,1375,2.0,NSW,2021
SAL13840,The Gulf,0,0,0,0.0,NSW,2021
SAL13841,The Hatch,44,60,1375,2.5,NSW,2021
SAL13842,The Hill,2076,34,1849,2.0,NSW,2021
SAL13843,The Junction,994,43,1916,2.4,NSW,2021
SAL13844,The Lagoon,268,39,2303,2.8,NSW,2021
SAL13845,The Marra,76,48,2083,2.9,NSW,2021
SAL13846,The Meadows,22,42,1899,2.4,NSW,2021
SAL13847,The Oaks,2982,37,2265,3.1,NSW,2021
SAL13848,The Pilliga,0,0,0,0.0,NSW,2021
SAL13849,The Pinnacles,87,57,1437,2.4,NSW,2021
SAL13850,The Pocket,231,44,1812,2.9,NSW,2021
SAL13851,The Ponds,16315,35,3285,3.5,NSW,2021
SAL13852,The Ridgeway,162,52,2791,2.6,NSW,2021
SAL13853,The Risk,31,50,1812,2.6,NSW,2021
SAL13854,The Rock,1347,42,1358,2.6,NSW,2021
SAL13855,The Rocks (Bathurst Regional - NSW),70,49,3333,3.2,NSW,2021
SAL13856,The Rocks (Sydney - NSW),629,43,4374,1.7,NSW,2021
SAL13857,The Sandon,0,68,649,1.5,NSW,2021
SAL13858,The Slopes,327,45,2272,3.1,NSW,2021
SAL13859,The Whiteman,158,44,1770,2.7,NSW,2021
SAL13860,Theresa Creek (NSW),72,51,833,2.3,NSW,2021
SAL13861,Theresa Park,600,40,2522,3.4,NSW,2021
SAL13862,Thirldene,34,25,1625,3.7,NSW,2021
SAL13863,Thirlmere,4986,38,1708,2.7,NSW,2021
SAL13864,Thirroul,6348,43,2281,2.7,NSW,2021
SAL13865,Thora,311,49,1271,2.7,NSW,2021
SAL13866,Thornleigh,8898,40,2681,2.9,NSW,2021
SAL13867,Thornton (NSW),10690,32,2051,2.8,NSW,2021
SAL13868,Thredbo,405,37,1666,2.0,NSW,2021
SAL13869,Thrumster,2382,32,1988,2.9,NSW,2021
SAL13870,Thuddungra,137,50,1525,2.6,NSW,2021
SAL13871,Thule,25,61,1416,2.0,NSW,2021
SAL13872,Thumb Creek,36,53,725,2.1,NSW,2021
SAL13873,Thurgoona,11028,34,1953,2.8,NSW,2021
SAL13874,Thyra,17,35,1625,3.2,NSW,2021
SAL13875,Tianjara,7,49,1749,2.7,NSW,2021
SAL13876,Tibbuc,41,47,949,2.6,NSW,2021
SAL13877,Tibooburra,95,47,1833,2.5,NSW,2021
SAL13878,Tichborne,92,39,1542,2.7,NSW,2021
SAL13879,Tichular,0,73,75,2.0,NSW,2021
SAL13880,Tighes Hill,1801,36,2084,2.4,NSW,2021
SAL13881,Tilba Tilba,102,51,1125,2.4,NSW,2021
SAL13882,Tilbuster,49,50,2562,2.8,NSW,2021
SAL13883,Tilligerry Creek,0,0,0,0.0,NSW,2021
SAL13884,Tilpa,46,42,1187,2.5,NSW,2021
SAL13885,Timbarra (NSW),36,35,1833,3.1,NSW,2021
SAL13886,Timbillica,12,50,900,3.0,NSW,2021
SAL13887,Timbumburi,122,47,2291,2.7,NSW,2021
SAL13888,Timor (NSW),55,43,1531,2.7,NSW,2021
SAL13889,Tindarey,35,39,2250,3.4,NSW,2021
SAL13890,Tinderry,59,55,1916,2.2,NSW,2021
SAL13891,Tingha,774,47,897,2.4,NSW,2021
SAL13892,Tingira Heights,2043,40,1947,2.7,NSW,2021
SAL13893,Tinonee,1202,46,1294,2.5,NSW,2021
SAL13894,Tinpot,4,57,900,2.0,NSW,2021
SAL13895,Tintenbar,618,46,1896,2.9,NSW,2021
SAL13896,Tintinhull,433,43,1787,2.9,NSW,2021
SAL13897,Tiona,10,39,874,2.0,NSW,2021
SAL13898,Tipperary (NSW),34,52,849,2.0,NSW,2021
SAL13899,Tiri,3,64,575,1.3,NSW,2021
SAL13900,Tirrannaville,235,52,2023,2.3,NSW,2021
SAL13901,Titaatee Creek,23,59,1437,2.1,NSW,2021
SAL13902,Tocal,47,19,1125,2.0,NSW,2021
SAL13903,Tocumwal,2862,59,1067,2.2,NSW,2021
SAL13904,Tolbar,0,0,0,0.0,NSW,2021
SAL13905,Tolland,3459,34,1207,2.5,NSW,2021
SAL13906,Tolwong,0,0,0,0.0,NSW,2021
SAL13907,Tomago,269,60,788,1.7,NSW,2021
SAL13908,Tomakin,1233,54,1260,2.2,NSW,2021
SAL13909,Tomalla,6,40,1125,1.8,NSW,2021
SAL13910,Tombong,0,68,450,1.0,NSW,2021
SAL13911,Tomboye,36,57,833,1.7,NSW,2021
SAL13912,Tomerong,1194,42,1868,2.8,NSW,2021
SAL13913,Tomewin,98,48,1687,2.6,NSW,2021
SAL13914,Tomingley,342,50,1375,2.5,NSW,2021
SAL13915,Tomki,69,44,1208,2.7,NSW,2021
SAL13916,Toms Creek,33,55,700,2.1,NSW,2021
SAL13917,Tonderburine,112,44,1875,2.5,NSW,2021
SAL13918,Tongarra,141,46,3041,3.1,NSW,2021
SAL13919,Toogong,71,41,900,2.4,NSW,2021
SAL13920,Tooleybuc,336,40,1452,2.4,NSW,2021
SAL13921,Toolijooa,103,47,2250,2.7,NSW,2021
SAL13922,Tooloom,14,71,949,1.9,NSW,2021
SAL13923,Tooloon,34,49,2250,2.8,NSW,2021
SAL13924,Tooma,66,49,2125,2.4,NSW,2021
SAL13925,Toongabbie (NSW),16177,35,2106,2.9,NSW,2021
SAL13926,Toongi,62,43,1874,2.6,NSW,2021
SAL13927,Toonumbar,30,58,725,1.9,NSW,2021
SAL13928,Tooranie,12,43,1624,2.6,NSW,2021
SAL13929,Tooraweenah,253,46,1078,2.3,NSW,2021
SAL13930,Toormina,6171,45,1059,2.3,NSW,2021
SAL13931,Toorooka,47,58,762,2.2,NSW,2021
SAL13932,Toothdale,210,48,1978,2.7,NSW,2021
SAL13933,Tootool,51,49,2125,3.3,NSW,2021
SAL13934,Toowoon Bay,543,58,1168,2.0,NSW,2021
SAL13935,Topi Topi,53,53,2250,2.4,NSW,2021
SAL13936,Toronto,5973,50,1170,2.2,NSW,2021
SAL13937,Torrington (NSW),77,64,612,1.7,NSW,2021
SAL13938,Torryburn (Dungog - NSW),131,49,1875,2.5,NSW,2021
SAL13939,Torryburn (Uralla - NSW),41,48,2124,2.5,NSW,2021
SAL13940,Totnes Valley,29,59,1062,2.1,NSW,2021
SAL13941,Tottenham (NSW),451,52,937,2.1,NSW,2021
SAL13942,Touga,0,0,0,0.0,NSW,2021
SAL13943,Toukley,4557,47,1044,2.1,NSW,2021
SAL13944,Towallum,0,0,0,0.0,NSW,2021
SAL13945,Towamba,249,53,808,2.3,NSW,2021
SAL13946,Townsend,991,42,1044,2.4,NSW,2021
SAL13947,Towradgi,3241,42,1572,2.4,NSW,2021
SAL13948,Towrang,161,52,1562,2.7,NSW,2021
SAL13949,Tralee,0,32,900,1.0,NSW,2021
SAL13950,Trangie,1073,45,1220,2.2,NSW,2021
SAL13951,Tregeagle,428,53,1955,2.7,NSW,2021
SAL13952,Tregear,3700,30,1103,2.8,NSW,2021
SAL13953,Trenayr,71,53,1062,2.5,NSW,2021
SAL13954,Trentham Cliffs,85,44,1625,2.6,NSW,2021
SAL13955,Trewilga,24,53,1374,2.8,NSW,2021
SAL13956,Triamble,12,53,574,1.8,NSW,2021
SAL13957,Triangle Flat,62,37,1375,2.9,NSW,2021
SAL13958,Trundle,568,51,1114,2.1,NSW,2021
SAL13959,Trungley Hall,80,32,2050,3.0,NSW,2021
SAL13960,Trunkey Creek,118,56,1087,2.1,NSW,2021
SAL13961,Tubbamurra,19,58,962,2.4,NSW,2021
SAL13962,Tubbul,63,47,1166,2.5,NSW,2021
SAL13963,Tucabia,354,55,1045,2.2,NSW,2021
SAL13964,Tucki Tucki,128,50,1375,2.8,NSW,2021
SAL13965,Tuckombil,285,43,2027,3.0,NSW,2021
SAL13966,Tuckurimba,112,40,1687,2.9,NSW,2021
SAL13967,Tuena,81,59,574,1.8,NSW,2021
SAL13968,Tuggerah,925,35,1569,2.5,NSW,2021
SAL13969,Tuggerawong,1285,43,1477,2.5,NSW,2021
SAL13970,Tugrabakh,81,48,1270,2.6,NSW,2021
SAL13971,Tullakool,68,40,1833,2.7,NSW,2021
SAL13972,Tullamore,369,50,931,2.3,NSW,2021
SAL13973,Tullarwalla,0,76,2750,2.0,NSW,2021
SAL13974,Tullera,271,49,1468,2.8,NSW,2021
SAL13975,Tullibigeal,263,37,1262,2.4,NSW,2021
SAL13976,Tullimbar,1840,32,2217,2.9,NSW,2021
SAL13977,Tulloona,59,54,1499,2.7,NSW,2021
SAL13978,Tullymorgan,106,55,1416,2.4,NSW,2021
SAL13979,Tumbarumba,1915,47,1252,2.3,NSW,2021
SAL13980,Tumbi Umbi,5369,45,1657,2.7,NSW,2021
SAL13981,Tumblong,225,42,1524,2.6,NSW,2021
SAL13982,Tumbulgum,454,41,1985,2.6,NSW,2021
SAL13983,Tumorrama,20,43,2250,2.7,NSW,2021
SAL13984,Tumut,6613,42,1242,2.3,NSW,2021
SAL13985,Tumut Plains,70,46,2416,2.9,NSW,2021
SAL13986,Tuncester,51,55,1374,2.1,NSW,2021
SAL13987,Tuncurry,6376,62,854,1.9,NSW,2021
SAL13988,Tunglebung,42,53,1374,2.2,NSW,2021
SAL13989,Tuntable Creek,215,45,1125,2.2,NSW,2021
SAL13990,Tuppal,19,50,1375,2.1,NSW,2021
SAL13991,Tura Beach,3405,58,1280,2.2,NSW,2021
SAL13992,Turill,100,53,1312,2.2,NSW,2021
SAL13993,Turlinjah,144,53,1416,2.4,NSW,2021
SAL13994,Turners Flat,169,43,1781,3.0,NSW,2021
SAL13995,Turondale,103,52,1437,2.4,NSW,2021
SAL13996,Tuross,23,55,900,2.6,NSW,2021
SAL13997,Tuross Head,2353,62,1043,1.9,NSW,2021
SAL13998,Turramurra,12850,43,3046,2.8,NSW,2021
SAL13999,Turrawan,83,52,1624,2.7,NSW,2021
SAL14000,Turrella,2673,32,2137,3.0,NSW,2021
SAL14001,Turvey Park,3572,35,1785,2.5,NSW,2021
SAL14002,Tweed Heads,9176,55,1138,2.0,NSW,2021
SAL14003,Tweed Heads South,7941,52,976,2.1,NSW,2021
SAL14004,Tweed Heads West,6176,47,1029,2.1,NSW,2021
SAL14005,Twelve Mile,25,51,1625,2.2,NSW,2021
SAL14006,Twelve Mile Creek,159,49,933,1.9,NSW,2021
SAL14007,Twelve Mile Peg,0,0,0,0.0,NSW,2021
SAL14008,Twenty Forests,0,0,0,0.0,NSW,2021
SAL14009,Twin Rivers,38,44,2125,2.2,NSW,2021
SAL14010,Two Mile Flat,59,43,1625,2.8,NSW,2021
SAL14011,Tyagarah,194,47,2374,3.0,NSW,2021
SAL14012,Tyalgum,521,46,1237,2.5,NSW,2021
SAL14013,Tyalgum Creek,129,60,1174,2.1,NSW,2021
SAL14014,Tygalgah,116,39,2299,3.0,NSW,2021
SAL14015,Tyndale,190,53,1113,2.3,NSW,2021
SAL14016,Tyringham,109,50,833,2.3,NSW,2021
SAL14017,Uarbry,38,56,850,2.3,NSW,2021
SAL14018,Uki,685,48,1283,2.5,NSW,2021
SAL14019,Ulamambri,189,52,1062,2.4,NSW,2021
SAL14020,Ulan,81,38,1624,2.7,NSW,2021
SAL14021,Ulladulla,7262,51,1007,2.2,NSW,2021
SAL14022,Ulmarra,749,49,984,2.4,NSW,2021
SAL14023,Ulong,215,48,974,2.3,NSW,2021
SAL14024,Ultimo,7410,30,1805,2.1,NSW,2021
SAL14025,Umina Beach,17372,44,1421,2.4,NSW,2021
SAL14026,Unanderra,5476,42,1211,2.4,NSW,2021
SAL14027,Underbank,16,51,1999,2.1,NSW,2021
SAL14028,Undercliffe,27,59,833,2.4,NSW,2021
SAL14029,Ungarie,396,53,958,2.2,NSW,2021
SAL14030,Unumgar,20,58,949,2.6,NSW,2021
SAL14031,Upper Allyn,17,36,2583,3.4,NSW,2021
SAL14032,Upper Bingara,21,47,474,3.3,NSW,2021
SAL14033,Upper Burringbar,289,49,1042,2.2,NSW,2021
SAL14034,Upper Bylong,5,62,1125,2.0,NSW,2021
SAL14035,Upper Colo,48,36,1624,2.8,NSW,2021
SAL14036,Upper Coopers Creek,78,50,1125,2.4,NSW,2021
SAL14037,Upper Copmanhurst,99,53,1093,2.4,NSW,2021
SAL14038,Upper Corindi,158,51,1267,2.5,NSW,2021
SAL14039,Upper Crystal Creek,212,48,1468,2.6,NSW,2021
SAL14040,Upper Dartbrook,152,42,1843,2.6,NSW,2021
SAL14041,Upper Duck Creek,0,63,2250,2.0,NSW,2021
SAL14042,Upper Duroby,118,54,1375,2.8,NSW,2021
SAL14043,Upper Eden Creek,45,57,1312,2.2,NSW,2021
SAL14044,Upper Fine Flower,46,44,489,2.2,NSW,2021
SAL14045,Upper Growee,8,50,1124,2.0,NSW,2021
SAL14046,Upper Horseshoe Creek,118,52,1062,2.3,NSW,2021
SAL14047,Upper Horton,138,48,1221,2.6,NSW,2021
SAL14048,Upper Kangaroo River,151,58,1781,2.3,NSW,2021
SAL14049,Upper Kangaroo Valley,3,31,450,2.0,NSW,2021
SAL14050,Upper Karuah River,3,72,824,2.0,NSW,2021
SAL14051,Upper Lansdowne,533,54,1143,2.4,NSW,2021
SAL14052,Upper Macdonald,42,61,1812,2.0,NSW,2021
SAL14053,Upper Main Arm,283,44,850,2.1,NSW,2021
SAL14054,Upper Mangrove,0,68,2500,1.0,NSW,2021
SAL14055,Upper Manilla,105,53,1666,2.2,NSW,2021
SAL14056,Upper Mongogarie,24,61,900,1.8,NSW,2021
SAL14057,Upper Myall,38,58,1624,2.3,NSW,2021
SAL14058,Upper Nile,12,52,1375,4.0,NSW,2021
SAL14059,Upper Orara,863,45,1739,2.9,NSW,2021
SAL14060,Upper Pappinbarra,48,51,966,2.8,NSW,2021
SAL14061,Upper Rollands Plains,150,44,1343,3.1,NSW,2021
SAL14062,Upper Rouchel,73,51,2187,2.2,NSW,2021
SAL14063,Upper Taylors Arm,126,48,974,2.4,NSW,2021
SAL14064,Upper Tooloom,57,47,787,2.6,NSW,2021
SAL14065,Upper Turon,13,58,575,1.3,NSW,2021
SAL14066,Upper Wilsons Creek,79,48,1562,2.5,NSW,2021
SAL14067,Upsalls Creek,116,49,1375,2.5,NSW,2021
SAL14068,Uralba,266,55,1812,2.6,NSW,2021
SAL14069,Uralla (NSW),2728,46,1150,2.3,NSW,2021
SAL14070,Urana,329,58,933,2.2,NSW,2021
SAL14071,Urangeline,31,40,1437,2.7,NSW,2021
SAL14072,Urangeline East,37,25,1499,3.6,NSW,2021
SAL14073,Uranquinty,910,39,1580,2.7,NSW,2021
SAL14074,Urawilkie,5,21,1249,3.0,NSW,2021
SAL14075,Urbenville,331,55,833,2.1,NSW,2021
SAL14076,Uriarra,31,33,2750,2.8,NSW,2021
SAL14077,Urila,110,52,2250,2.4,NSW,2021
SAL14078,Urliup,193,49,1474,2.7,NSW,2021
SAL14079,Urunga,3185,55,1071,2.2,NSW,2021
SAL14080,Utungun,194,49,1174,2.6,NSW,2021
SAL14081,Vacy,719,42,1803,2.8,NSW,2021
SAL14082,Vale Of Clwydd,465,39,995,2.1,NSW,2021
SAL14083,Valentine,5773,46,2159,2.7,NSW,2021
SAL14084,Valery,53,57,1562,2.3,NSW,2021
SAL14085,Valla,1052,48,1617,2.7,NSW,2021
SAL14086,Valla Beach,1455,55,1084,2.1,NSW,2021
SAL14087,Valley Heights,1188,44,2144,2.6,NSW,2021
SAL14088,Varroville,134,36,2549,3.9,NSW,2021
SAL14089,Vaucluse,9510,43,3418,2.7,NSW,2021
SAL14090,Verges Creek,298,46,1525,2.9,NSW,2021
SAL14091,Verona,286,53,1156,2.3,NSW,2021
SAL14092,Villawood,7051,34,951,3.0,NSW,2021
SAL14093,Vincentia,3870,50,1550,2.2,NSW,2021
SAL14094,Vineyard,1143,50,1214,2.4,NSW,2021
SAL14095,Violet Hill,0,0,0,0.0,NSW,2021
SAL14096,Vittoria (NSW),59,56,1343,2.0,NSW,2021
SAL14097,Voyager Point,1678,37,3205,3.3,NSW,2021
SAL14098,Wadalba,4204,32,1942,3.0,NSW,2021
SAL14099,Wadbilliga,0,0,0,0.0,NSW,2021
SAL14100,Wadeville,177,56,564,2.0,NSW,2021
SAL14101,Wagga Wagga,7198,38,1355,1.9,NSW,2021
SAL14102,Wagstaffe,240,60,1892,2.1,NSW,2021
SAL14103,Wahroonga,17853,44,2998,2.9,NSW,2021
SAL14104,Waitara,7837,36,2106,2.4,NSW,2021
SAL14105,Waitui,89,50,1274,2.4,NSW,2021
SAL14106,Wakefield,144,40,2281,3.2,NSW,2021
SAL14107,Wakeley,4893,41,1553,3.2,NSW,2021
SAL14108,Wakool,262,49,888,2.1,NSW,2021
SAL14109,Walang,109,46,2399,3.0,NSW,2021
SAL14110,Walbundrie,156,42,1375,2.7,NSW,2021
SAL14111,Walcha,2475,49,1220,2.2,NSW,2021
SAL14112,Walcha Road,72,57,1291,2.3,NSW,2021
SAL14113,Waldegrave,33,37,2749,3.1,NSW,2021
SAL14114,Walgett,1824,35,1554,2.5,NSW,2021
SAL14115,Walla Walla,811,44,1166,2.3,NSW,2021
SAL14116,Wallabadah,382,56,1062,2.2,NSW,2021
SAL14117,Wallabi Point,938,45,1763,2.6,NSW,2021
SAL14118,Wallacetown,5,36,0,0.0,NSW,2021
SAL14119,Wallacia,1711,38,2004,2.9,NSW,2021
SAL14120,Wallaga Lake,587,62,915,2.0,NSW,2021
SAL14121,Wallagoot,597,48,1583,2.5,NSW,2021
SAL14122,Wallalong,1049,39,2547,3.2,NSW,2021
SAL14123,Wallamore,84,40,1875,2.7,NSW,2021
SAL14124,Wallanbah,70,55,1083,2.6,NSW,2021
SAL14125,Wallangra,93,42,1125,3.0,NSW,2021
SAL14126,Wallanthery,50,38,1562,2.2,NSW,2021
SAL14127,Wallarah,344,42,1887,3.2,NSW,2021
SAL14128,Wallaringa,14,42,1458,2.0,NSW,2021
SAL14129,Wallarobba,174,50,1781,2.4,NSW,2021
SAL14130,Wallaroo (NSW),576,43,3107,3.0,NSW,2021
SAL14131,Wallendbeen,299,54,1416,2.3,NSW,2021
SAL14132,Wallerawang,2019,39,1424,2.6,NSW,2021
SAL14133,Walleroobie,53,37,1399,2.6,NSW,2021
SAL14134,Wallingat,4,78,0,0.0,NSW,2021
SAL14135,Wallis Lake,6,72,900,1.7,NSW,2021
SAL14136,Wallsend,13244,39,1401,2.3,NSW,2021
SAL14137,Walmer (NSW),52,39,2049,2.8,NSW,2021
SAL14138,Wamban,120,51,1291,2.5,NSW,2021
SAL14139,Wambangalang,68,51,1437,2.2,NSW,2021
SAL14140,Wamberal,6991,40,2407,2.9,NSW,2021
SAL14141,Wamboin,1805,46,3461,3.0,NSW,2021
SAL14142,Wambool,38,45,2812,2.7,NSW,2021
SAL14143,Wambrook,48,52,1583,2.5,NSW,2021
SAL14144,Wanaaring,81,34,1375,3.3,NSW,2021
SAL14145,Wandandian,359,45,1718,2.7,NSW,2021
SAL14146,Wandella (NSW),141,59,1104,2.2,NSW,2021
SAL14147,Wandera,15,52,900,1.5,NSW,2021
SAL14148,Wandook,36,49,1312,2.6,NSW,2021
SAL14149,Wandsworth,107,50,1625,2.6,NSW,2021
SAL14150,Wang Wauk,98,52,1208,2.5,NSW,2021
SAL14151,Wanganella,61,41,1333,2.4,NSW,2021
SAL14152,Wanganui,51,50,1125,2.9,NSW,2021
SAL14153,Wangi Wangi,2920,54,1339,2.3,NSW,2021
SAL14154,Wantabadgery,183,48,1468,2.4,NSW,2021
SAL14155,Wantagong,76,48,2416,2.7,NSW,2021
SAL14156,Wantiool,49,38,1375,2.9,NSW,2021
SAL14157,Wapengo,93,60,1406,2.0,NSW,2021
SAL14158,Warabrook,1982,45,1634,2.4,NSW,2021
SAL14159,Waratah (NSW),4927,41,1511,2.2,NSW,2021
SAL14160,Waratah West,3142,31,1518,2.4,NSW,2021
SAL14161,Warburn,62,34,1874,3.3,NSW,2021
SAL14162,Wardell,830,47,1254,2.4,NSW,2021
SAL14163,Wardrop Valley,80,39,1312,2.5,NSW,2021
SAL14164,Wards Mistake,27,51,1316,2.1,NSW,2021
SAL14165,Wards River,178,55,783,2.1,NSW,2021
SAL14166,Wareemba,1519,43,2294,2.6,NSW,2021
SAL14167,Warialda,1480,51,964,2.2,NSW,2021
SAL14168,Warialda Rail,182,41,949,2.4,NSW,2021
SAL14169,Warilla,6226,45,987,2.3,NSW,2021
SAL14170,Warkworth,42,33,2249,2.9,NSW,2021
SAL14171,Warners Bay,8237,46,1494,2.3,NSW,2021
SAL14172,Warnervale,701,34,1929,3.1,NSW,2021
SAL14173,Warrabah,5,35,1824,2.5,NSW,2021
SAL14174,Warraderry,89,48,1350,2.5,NSW,2021
SAL14175,Warragai Creek,84,41,1437,3.1,NSW,2021
SAL14176,Warragamba,1202,34,1548,2.5,NSW,2021
SAL14177,Warragoon,98,46,1424,2.7,NSW,2021
SAL14178,Warrah,46,38,2374,2.7,NSW,2021
SAL14179,Warrah Creek,78,40,1906,2.9,NSW,2021
SAL14180,Warrah Ridge,84,38,2062,2.4,NSW,2021
SAL14181,Warral,445,46,2152,2.9,NSW,2021
SAL14182,Warranulla,46,52,1375,2.1,NSW,2021
SAL14183,Warrawee,3170,42,3388,2.9,NSW,2021
SAL14184,Warrawidgee,110,38,1562,3.6,NSW,2021
SAL14185,Warrawong,4659,41,908,2.4,NSW,2021
SAL14186,Warrazambil Creek,19,67,949,2.0,NSW,2021
SAL14187,Warregah Island,30,46,1458,2.7,NSW,2021
SAL14188,Warrell Creek,265,52,1258,2.5,NSW,2021
SAL14189,Warren,1272,45,1267,2.2,NSW,2021
SAL14190,Warri,144,39,3150,3.0,NSW,2021
SAL14191,Warriewood,8379,41,2598,2.9,NSW,2021
SAL14192,Warrimoo,2452,38,2382,2.8,NSW,2021
SAL14193,Warroo (NSW),123,39,1875,3.0,NSW,2021
SAL14194,Warrumbungle,0,63,1375,1.0,NSW,2021
SAL14195,Warwick Farm,6135,35,1132,2.3,NSW,2021
SAL14196,Washpool (Clarence Valley - NSW),0,0,0,0.0,NSW,2021
SAL14197,Washpool (Mid-Coast - NSW),38,53,1874,2.7,NSW,2021
SAL14198,Watagan,37,57,675,2.1,NSW,2021
SAL14199,Watanobbi,3980,35,1315,2.6,NSW,2021
SAL14200,Waterfall,522,41,2232,3.0,NSW,2021
SAL14201,Waterloo (NSW),16379,33,2028,1.8,NSW,2021
SAL14202,Watersleigh,40,46,1624,3.1,NSW,2021
SAL14203,Waterview,90,57,767,1.6,NSW,2021
SAL14204,Waterview Heights,1364,49,1485,2.7,NSW,2021
SAL14205,Watsons Bay,883,40,2924,2.4,NSW,2021
SAL14206,Watsons Creek (NSW),94,53,743,1.9,NSW,2021
SAL14207,Wattamolla,71,61,2750,2.3,NSW,2021
SAL14208,Wattamondara,214,46,1402,2.3,NSW,2021
SAL14209,Wattle Flat (NSW),270,51,1071,2.2,NSW,2021
SAL14210,Wattle Grove (NSW),8886,35,2459,3.1,NSW,2021
SAL14211,Wattle Ponds,1193,39,2775,3.2,NSW,2021
SAL14212,Wattle Ridge (NSW),0,43,900,1.0,NSW,2021
SAL14213,Watton,63,41,2583,2.7,NSW,2021
SAL14214,Wauchope,6589,43,1114,2.4,NSW,2021
SAL14215,Waugorah,9,47,2124,2.0,NSW,2021
SAL14216,Waukivory,108,58,1089,2.0,NSW,2021
SAL14217,Waverley (NSW),4216,38,2873,2.3,NSW,2021
SAL14218,Waverly,77,42,1625,2.5,NSW,2021
SAL14219,Waverton,2981,39,2890,2.1,NSW,2021
SAL14220,Way Way,265,55,1375,2.4,NSW,2021
SAL14221,Wayo,125,55,1968,2.4,NSW,2021
SAL14222,Weabonga,43,60,725,1.9,NSW,2021
SAL14223,Wean,34,44,1062,2.2,NSW,2021
SAL14224,Webbers Creek,28,49,1375,2.5,NSW,2021
SAL14225,Webbs Creek,55,58,1187,2.0,NSW,2021
SAL14226,Wedderburn (NSW),665,39,2062,3.4,NSW,2021
SAL14227,Wee Jasper,127,54,825,2.1,NSW,2021
SAL14228,Wee Waa,2034,38,1286,2.5,NSW,2021
SAL14229,Weedallion,29,45,1125,2.9,NSW,2021
SAL14230,Weemelah,86,38,1156,2.5,NSW,2021
SAL14231,Weetaliba,67,43,612,2.3,NSW,2021
SAL14232,Weethalle,268,44,956,2.2,NSW,2021
SAL14233,Weilmoringle,72,43,1624,2.4,NSW,2021
SAL14234,Weismantels,26,52,900,2.8,NSW,2021
SAL14235,Welaregang,32,61,2062,2.3,NSW,2021
SAL14236,Welby,764,42,1357,2.5,NSW,2021
SAL14237,Wellingrove,95,58,974,2.0,NSW,2021
SAL14238,Wellington (NSW),4096,41,975,2.3,NSW,2021
SAL14239,Wellington Vale,27,51,1125,2.6,NSW,2021
SAL14240,Wells Crossing,212,45,1016,2.5,NSW,2021
SAL14241,Wendoree Park,131,46,2349,2.4,NSW,2021
SAL14242,Wentworth (NSW),1577,56,952,2.1,NSW,2021
SAL14243,Wentworth Falls,6428,50,1528,2.3,NSW,2021
SAL14244,Wentworth Point,12703,32,2035,2.1,NSW,2021
SAL14245,Wentworthville,15098,33,2219,2.9,NSW,2021
SAL14246,Werai,98,61,1937,2.2,NSW,2021
SAL14247,Wereboldera,9,35,1625,3.0,NSW,2021
SAL14248,Wermatong,51,45,1749,2.4,NSW,2021
SAL14249,Werombi,941,40,2511,3.3,NSW,2021
SAL14250,Werri Beach,510,47,1941,2.5,NSW,2021
SAL14251,Werrikimbe,0,0,0,0.0,NSW,2021
SAL14252,Werrington,5328,32,1605,2.6,NSW,2021
SAL14253,Werrington County,3698,37,2042,2.8,NSW,2021
SAL14254,Werrington Downs,3221,36,2139,2.8,NSW,2021
SAL14255,Werris Creek,1478,50,941,2.2,NSW,2021
SAL14256,West Albury,3872,46,1363,2.2,NSW,2021
SAL14257,West Ballina,3230,54,1015,2.1,NSW,2021
SAL14258,West Bathurst,3634,36,1299,2.3,NSW,2021
SAL14259,West Bungawalbin,54,49,1187,2.5,NSW,2021
SAL14260,West Coraki,98,50,1343,2.7,NSW,2021
SAL14261,West Gosford,1602,44,1169,1.9,NSW,2021
SAL14262,West Haven,1139,67,940,2.0,NSW,2021
SAL14263,West Hoxton,10152,34,2468,3.7,NSW,2021
SAL14264,West Kempsey,5073,40,925,2.3,NSW,2021
SAL14265,West Nowra,1504,33,1493,2.5,NSW,2021
SAL14266,West Pennant Hills,16620,43,3078,3.1,NSW,2021
SAL14267,West Pymble,5441,41,3503,3.2,NSW,2021
SAL14268,West Ryde,13171,37,1983,2.5,NSW,2021
SAL14269,West Tamworth,5471,34,1053,2.3,NSW,2021
SAL14270,West Wallsend,2981,36,1627,2.6,NSW,2021
SAL14271,West Wiangaree,131,47,1562,2.4,NSW,2021
SAL14272,West Wollongong,5223,35,1672,2.5,NSW,2021
SAL14273,West Wyalong,3037,42,1427,2.3,NSW,2021
SAL14274,Westbrook (NSW),151,50,2594,2.9,NSW,2021
SAL14275,Westdale (Snowy Valleys - NSW),0,35,0,0.0,NSW,2021
SAL14276,Westdale (Tamworth Regional - NSW),2963,30,1704,3.0,NSW,2021
SAL14277,Westleigh,4501,45,3021,3.0,NSW,2021
SAL14278,Westmead,16555,33,2144,2.6,NSW,2021
SAL14279,Weston (NSW),4088,37,1343,2.6,NSW,2021
SAL14280,Westwood (NSW),7,42,3250,2.7,NSW,2021
SAL14281,Wetherill Park,6412,41,1556,3.2,NSW,2021
SAL14282,Wetuppa,6,61,1187,2.0,NSW,2021
SAL14283,Whalan,5929,34,1160,2.8,NSW,2021
SAL14284,Whale Beach,315,60,3285,2.2,NSW,2021
SAL14285,Wheeler Heights,3232,40,2914,3.2,NSW,2021
SAL14286,Wheeny Creek,74,45,1874,2.7,NSW,2021
SAL14287,Wheeo,68,50,2250,2.8,NSW,2021
SAL14288,Wherrol Flat,329,53,1162,2.4,NSW,2021
SAL14289,Whian Whian,179,47,1437,2.8,NSW,2021
SAL14290,Whiporie,114,57,1187,2.3,NSW,2021
SAL14291,White Cliffs,156,56,617,1.8,NSW,2021
SAL14292,White Rock (NSW),807,38,2562,3.2,NSW,2021
SAL14293,Whitebridge,2900,40,2062,2.6,NSW,2021
SAL14294,Whiteman Creek,158,51,1625,2.6,NSW,2021
SAL14295,Whitlow,51,48,1124,2.4,NSW,2021
SAL14296,Whittingham,421,45,1958,2.8,NSW,2021
SAL14297,Whitton,523,41,1243,2.4,NSW,2021
SAL14298,Whoota,73,61,1812,2.1,NSW,2021
SAL14299,Wiagdon,35,44,1624,3.2,NSW,2021
SAL14300,Wiangaree,161,48,966,2.6,NSW,2021
SAL14301,Wiarborough,18,59,1375,2.1,NSW,2021
SAL14302,Wickham (NSW),1637,32,1902,1.9,NSW,2021
SAL14303,Widden,87,29,1937,2.1,NSW,2021
SAL14304,Widgelli,91,37,1199,2.7,NSW,2021
SAL14305,Wilberforce (NSW),2957,39,2259,3.0,NSW,2021
SAL14306,Wilbetree,35,35,2249,2.8,NSW,2021
SAL14307,Wilcannia,735,32,1211,2.8,NSW,2021
SAL14308,Wild Cattle Creek,0,27,0,1.0,NSW,2021
SAL14309,Wildes Meadow,249,57,2100,2.4,NSW,2021
SAL14310,Wiley Park,10016,31,1246,3.0,NSW,2021
SAL14311,Willala,55,45,1375,2.1,NSW,2021
SAL14312,Willawarrin,183,50,845,2.4,NSW,2021
SAL14313,Willbriggie,127,37,2166,3.1,NSW,2021
SAL14314,Willi Willi,28,62,1833,2.1,NSW,2021
SAL14315,Williamsdale,65,49,3624,2.8,NSW,2021
SAL14316,Williamtown,762,56,889,2.1,NSW,2021
SAL14317,Willigobung,63,53,1374,2.4,NSW,2021
SAL14318,Willina,73,54,1312,2.4,NSW,2021
SAL14319,Willmot,2382,32,1036,2.8,NSW,2021
SAL14320,Willoughby (NSW),7124,40,2995,2.7,NSW,2021
SAL14321,Willoughby East,1864,42,4536,3.2,NSW,2021
SAL14322,Willow Tree,327,51,961,2.2,NSW,2021
SAL14323,Willow Vale (Kiama - NSW),73,50,1833,2.6,NSW,2021
SAL14324,Willow Vale (Wingecarribee - NSW),826,45,1974,2.8,NSW,2021
SAL14325,Willsons Downfall,31,45,1187,2.3,NSW,2021
SAL14326,Willurah,0,0,0,0.0,NSW,2021
SAL14327,Wilpinjong,0,0,0,0.0,NSW,2021
SAL14328,Wilsons Creek,466,47,1347,2.6,NSW,2021
SAL14329,Wilton (NSW),3767,34,2840,3.3,NSW,2021
SAL14330,Wimbledon,88,44,2399,2.8,NSW,2021
SAL14331,Wimborne,16,62,1625,1.9,NSW,2021
SAL14332,Winburndale,0,0,0,0.0,NSW,2021
SAL14333,Windale,3421,37,775,2.3,NSW,2021
SAL14334,Windang,2610,56,916,2.1,NSW,2021
SAL14335,Windella,845,41,2886,3.3,NSW,2021
SAL14336,Windellama,417,48,1483,2.3,NSW,2021
SAL14337,Windera (NSW),292,41,3222,3.2,NSW,2021
SAL14338,Windermere (NSW),64,26,2249,3.6,NSW,2021
SAL14339,Windermere Park,722,38,1446,2.5,NSW,2021
SAL14340,Windeyer (NSW),187,54,837,2.1,NSW,2021
SAL14341,Windowie,28,52,2250,2.8,NSW,2021
SAL14342,Windradyne,3309,37,1567,2.5,NSW,2021
SAL14343,Windsor (NSW),1915,41,1679,2.4,NSW,2021
SAL14344,Windsor Downs,1183,49,2629,3.2,NSW,2021
SAL14345,Windy,0,27,725,1.0,NSW,2021
SAL14346,Winegrove,28,63,850,2.2,NSW,2021
SAL14347,Wingadee,28,41,2125,3.8,NSW,2021
SAL14348,Wingello,647,43,1542,2.6,NSW,2021
SAL14349,Wingen,277,41,1571,2.5,NSW,2021
SAL14350,Wingham,5395,47,1105,2.3,NSW,2021
SAL14351,Winifred,44,33,1249,2.9,NSW,2021
SAL14352,Winmalee,6388,40,2147,2.8,NSW,2021
SAL14353,Winston Hills,12123,41,2309,2.9,NSW,2021
SAL14354,Winton (NSW),209,48,1768,2.5,NSW,2021
SAL14355,Wirlinga,395,30,2284,3.0,NSW,2021
SAL14356,Wirraba,0,0,0,0.0,NSW,2021
SAL14357,Wirragulla,25,53,1624,1.9,NSW,2021
SAL14358,Wirrimah,62,57,1125,2.3,NSW,2021
SAL14359,Wirrimbi,160,39,2150,3.3,NSW,2021
SAL14360,Wirrinya,92,33,1625,3.0,NSW,2021
SAL14361,Wisemans Creek,109,52,1104,2.2,NSW,2021
SAL14362,Wisemans Ferry,233,50,1361,2.1,NSW,2021
SAL14363,Wittitrin,56,44,1437,2.5,NSW,2021
SAL14364,Wog Wog (Bega Valley - NSW),0,0,0,0.0,NSW,2021
SAL14365,Wog Wog (Queanbeyan-Palerang Regional - NSW),15,50,1125,2.0,NSW,2021
SAL14366,Woko,9,9,2749,4.5,NSW,2021
SAL14367,Wolgan Valley,71,30,4999,3.2,NSW,2021
SAL14368,Wollangambe,0,0,0,0.0,NSW,2021
SAL14369,Wollar,52,35,1875,2.3,NSW,2021
SAL14370,Wollemi,0,0,0,0.0,NSW,2021
SAL14371,Wolli Creek,10654,30,2163,2.2,NSW,2021
SAL14372,Wollogorang,49,45,2312,3.5,NSW,2021
SAL14373,Wollombi,301,55,1674,2.2,NSW,2021
SAL14374,Wollomombi,119,41,1093,2.4,NSW,2021
SAL14375,Wollongbar,3261,40,1639,2.6,NSW,2021
SAL14376,Wollongong,20446,35,1549,2.0,NSW,2021
SAL14377,Wollstonecraft,8115,38,2639,2.1,NSW,2021
SAL14378,Wollumboola,28,53,1875,1.9,NSW,2021
SAL14379,Wollun,44,46,1375,2.3,NSW,2021
SAL14380,Wolumla,767,45,1396,2.5,NSW,2021
SAL14381,Wombarra,944,44,2860,2.7,NSW,2021
SAL14382,Wombat,280,47,1261,2.6,NSW,2021
SAL14383,Wombat Creek (NSW),0,66,575,1.0,NSW,2021
SAL14384,Wombeyan Caves,53,55,900,2.0,NSW,2021
SAL14385,Womboota,90,43,1156,2.6,NSW,2021
SAL14386,Womerah,0,0,0,0.0,NSW,2021
SAL14387,Wonboyn,130,57,1027,2.2,NSW,2021
SAL14388,Wonboyn North,0,0,0,0.0,NSW,2021
SAL14389,Wondabyne,3,65,1375,2.0,NSW,2021
SAL14390,Wondalga,85,49,1718,2.4,NSW,2021
SAL14391,Wongarbon,814,38,1892,2.9,NSW,2021
SAL14392,Wongawilli,1213,31,2841,3.4,NSW,2021
SAL14393,Wongo Creek,47,57,1624,2.0,NSW,2021
SAL14394,Wongwibinda,62,40,1449,2.4,NSW,2021
SAL14395,Woodberry,3024,36,1187,2.6,NSW,2021
SAL14396,Woodbine (NSW),2780,36,1714,3.0,NSW,2021
SAL14397,Woodburn (Richmond Valley - NSW),743,41,1386,2.5,NSW,2021
SAL14398,Woodburn (Shoalhaven - NSW),74,52,1687,2.5,NSW,2021
SAL14399,Woodcroft (NSW),6597,38,2461,3.3,NSW,2021
SAL14400,Woodenbong,390,55,929,2.0,NSW,2021
SAL14401,Woodford (NSW),1953,44,1913,2.5,NSW,2021
SAL14402,Woodford Island,306,50,1483,2.5,NSW,2021
SAL14403,Woodhill (NSW),94,57,1875,2.4,NSW,2021
SAL14404,Woodhouselee,23,45,1374,2.5,NSW,2021
SAL14405,Woodlands (Eurobodalla - NSW),59,55,1375,2.1,NSW,2021
SAL14406,Woodlands (Wingecarribee - NSW),294,46,2360,2.8,NSW,2021
SAL14407,Woodlawn,45,51,1375,2.7,NSW,2021
SAL14408,Woodpark,1706,33,1945,3.4,NSW,2021
SAL14409,Woodrising,1176,36,1634,2.8,NSW,2021
SAL14410,Woodside (NSW),59,59,774,2.1,NSW,2021
SAL14411,Woodsreef,59,38,1083,2.1,NSW,2021
SAL14412,Woodstock (Cowra - NSW),792,55,978,2.2,NSW,2021
SAL14413,Woodstock (Inverell - NSW),16,39,1187,2.0,NSW,2021
SAL14414,Woodstock (Shoalhaven - NSW),248,53,1812,2.6,NSW,2021
SAL14415,Woodview,142,50,1437,2.9,NSW,2021
SAL14416,Woodville (NSW),440,48,2107,2.8,NSW,2021
SAL14417,Woody Head,7,55,1249,1.5,NSW,2021
SAL14418,Woolbrook,183,44,1274,2.4,NSW,2021
SAL14419,Woolgarlo,42,64,1062,2.3,NSW,2021
SAL14420,Woolgoolga,6151,45,1190,2.4,NSW,2021
SAL14421,Wooli,503,61,778,1.9,NSW,2021
SAL14422,Woollahra,7189,42,3013,2.2,NSW,2021
SAL14423,Woollamia,653,51,1625,2.5,NSW,2021
SAL14424,Woolloomooloo,3792,39,2001,1.7,NSW,2021
SAL14425,Woolners Arm,23,46,949,2.4,NSW,2021
SAL14426,Woolomin,260,42,1160,2.3,NSW,2021
SAL14427,Woolooma,35,55,1687,2.1,NSW,2021
SAL14428,Woolooware,5060,39,2228,2.4,NSW,2021
SAL14429,Wooloweyah,419,49,1674,2.4,NSW,2021
SAL14430,Woolwich,833,52,2931,2.4,NSW,2021
SAL14431,Woomargama,173,44,1583,2.5,NSW,2021
SAL14432,Woombah,965,56,953,2.2,NSW,2021
SAL14433,Woongarrah,5962,36,2255,3.2,NSW,2021
SAL14434,Woonona,12374,43,1816,2.5,NSW,2021
SAL14435,Wootton,228,57,1125,2.0,NSW,2021
SAL14436,Wooyung,139,49,1093,2.5,NSW,2021
SAL14437,Worlds End (NSW),3,59,900,2.0,NSW,2021
SAL14438,Woronora,2043,44,2614,2.9,NSW,2021
SAL14439,Woronora Dam,0,0,0,0.0,NSW,2021
SAL14440,Woronora Heights,2781,43,3250,3.2,NSW,2021
SAL14441,Worrigee,5384,33,1586,2.8,NSW,2021
SAL14442,Worrowing Heights,713,77,767,1.7,NSW,2021
SAL14443,Woy Woy,11072,48,1151,2.2,NSW,2021
SAL14444,Woy Woy Bay,423,47,2416,2.4,NSW,2021
SAL14445,Wrathall,17,69,1437,2.0,NSW,2021
SAL14446,Wrights Beach,137,49,1680,2.2,NSW,2021
SAL14447,Wrights Creek (NSW),15,51,2250,2.8,NSW,2021
SAL14448,Wuuluman,859,35,2041,2.5,NSW,2021
SAL14449,Wyalong,620,44,1404,2.4,NSW,2021
SAL14450,Wyan,34,53,762,2.4,NSW,2021
SAL14451,Wyanbene,41,60,612,1.9,NSW,2021
SAL14452,Wyangala,216,57,1034,2.0,NSW,2021
SAL14453,Wyangle,54,41,2187,2.8,NSW,2021
SAL14454,Wybong,100,37,2062,2.9,NSW,2021
SAL14455,Wybung,0,0,0,0.0,NSW,2021
SAL14456,Wyee,2909,49,1384,2.6,NSW,2021
SAL14457,Wyee Point,1171,43,1692,2.9,NSW,2021
SAL14458,Wylie Creek,13,48,850,2.2,NSW,2021
SAL14459,Wylies Flat,50,48,1875,2.4,NSW,2021
SAL14460,Wymah,30,58,1666,2.1,NSW,2021
SAL14461,Wyndham (NSW),418,55,941,2.2,NSW,2021
SAL14462,Wyneden,42,54,1062,2.0,NSW,2021
SAL14463,Wyoming,10111,42,1408,2.4,NSW,2021
SAL14464,Wyong,4530,45,1096,2.2,NSW,2021
SAL14465,Wyong Creek,476,47,2360,2.8,NSW,2021
SAL14466,Wyongah,2020,37,1622,2.7,NSW,2021
SAL14467,Wyrallah,493,43,1976,2.9,NSW,2021
SAL14468,Yabbra,8,56,900,1.6,NSW,2021
SAL14469,Yadboro,8,58,1875,3.0,NSW,2021
SAL14470,Yagon,0,0,0,0.0,NSW,2021
SAL14471,Yagoona,19651,34,1438,3.2,NSW,2021
SAL14472,Yalbraith,18,61,1074,2.0,NSW,2021
SAL14473,Yallah,122,48,2437,3.1,NSW,2021
SAL14474,Yallaroi,66,42,2416,2.7,NSW,2021
SAL14475,Yalwal,0,63,0,0.0,NSW,2021
SAL14476,Yamba (NSW),6405,57,1106,2.1,NSW,2021
SAL14477,Yambulla,0,0,0,0.0,NSW,2021
SAL14478,Yanco,744,25,1256,2.5,NSW,2021
SAL14479,Yanderra,702,35,2059,3.0,NSW,2021
SAL14480,Yanga,5,38,3250,3.3,NSW,2021
SAL14481,Yankees Creek,0,0,0,0.0,NSW,2021
SAL14482,Yannergee,29,35,1875,2.2,NSW,2021
SAL14483,Yantabulla,22,54,899,2.2,NSW,2021
SAL14484,Yaouk,20,69,1249,1.6,NSW,2021
SAL14485,Yarara,27,39,2750,2.8,NSW,2021
SAL14486,Yarra,138,47,2094,2.7,NSW,2021
SAL14487,Yarrabandai,33,56,1124,2.3,NSW,2021
SAL14488,Yarrabin,96,50,1291,2.4,NSW,2021
SAL14489,Yarragal,14,52,1375,2.5,NSW,2021
SAL14490,Yarragrin,47,45,762,2.9,NSW,2021
SAL14491,Yarragundry,72,58,2125,2.3,NSW,2021
SAL14492,Yarrahapinni,196,59,1078,2.3,NSW,2021
SAL14493,Yarramalong,329,44,2571,2.8,NSW,2021
SAL14494,Yarraman (NSW),10,53,2750,2.8,NSW,2021
SAL14495,Yarramundi,829,41,2829,3.3,NSW,2021
SAL14496,Yarranbella,207,46,914,2.6,NSW,2021
SAL14497,Yarrangobilly,0,0,0,0.0,NSW,2021
SAL14498,Yarras (Bathurst Regional - NSW),9,63,1274,2.4,NSW,2021
SAL14499,Yarras (Port Macquarie-Hastings - NSW),48,51,1375,2.4,NSW,2021
SAL14500,Yarratt Forest,0,0,0,0.0,NSW,2021
SAL14501,Yarravel,1182,47,1326,2.7,NSW,2021
SAL14502,Yarrawa,101,44,1437,2.8,NSW,2021
SAL14503,Yarrawarrah,2775,42,2724,3.0,NSW,2021
SAL14504,Yarrawonga (NSW),445,46,1205,2.7,NSW,2021
SAL14505,Yarrawonga Park,390,46,1316,2.3,NSW,2021
SAL14506,Yarrie Lake,73,57,1375,2.2,NSW,2021
SAL14507,Yarrow,3,74,1125,2.0,NSW,2021
SAL14508,Yarrowford,110,51,1333,2.6,NSW,2021
SAL14509,Yarrowitch,171,52,900,2.0,NSW,2021
SAL14510,Yarrowyck,175,39,1625,2.8,NSW,2021
SAL14511,Yass,6763,42,1739,2.5,NSW,2021
SAL14512,Yass River,459,45,2888,2.8,NSW,2021
SAL14513,Yathella,182,37,2957,3.2,NSW,2021
SAL14514,Yattalunga (NSW),580,41,1896,2.7,NSW,2021
SAL14515,Yatte Yattah,189,57,1625,2.5,NSW,2021
SAL14516,Yaven Creek,67,42,2750,3.6,NSW,2021
SAL14517,Yelgun,88,52,1343,2.7,NSW,2021
SAL14518,Yellow Dam,4,73,450,1.3,NSW,2021
SAL14519,Yellow Pinch,64,43,1416,3.0,NSW,2021
SAL14520,Yellow Rock (Blue Mountains - NSW),1119,42,2635,3.0,NSW,2021
SAL14521,Yellow Rock (Shellharbour - NSW),226,45,2321,3.2,NSW,2021
SAL14522,Yenda (NSW),1564,39,1633,2.6,NSW,2021
SAL14523,Yengo National Park,5,44,2250,3.0,NSW,2021
SAL14524,Yennora,1675,43,900,2.7,NSW,2021
SAL14525,Yeoval,330,47,982,2.3,NSW,2021
SAL14526,Yerong Creek,355,49,1354,2.7,NSW,2021
SAL14527,Yerranderie,4,70,824,1.0,NSW,2021
SAL14528,Yerrinbool,1196,39,1944,2.9,NSW,2021
SAL14529,Yerriyong,46,40,2333,3.6,NSW,2021
SAL14530,Yessabah,111,44,1281,2.7,NSW,2021
SAL14531,Yetholme,241,48,1462,2.7,NSW,2021
SAL14532,Yetman,187,48,1069,2.4,NSW,2021
SAL14533,Yippin Creek,758,37,1553,2.7,NSW,2021
SAL14534,Yoogali,1334,41,2072,2.8,NSW,2021
SAL14535,Yorklea,349,47,1385,2.6,NSW,2021
SAL14536,Young,10610,41,1157,2.4,NSW,2021
SAL14537,Yowie Bay,3053,46,2959,2.9,NSW,2021
SAL14538,Yowrie,125,53,900,2.1,NSW,2021
SAL14539,Yullundry,35,16,1375,3.9,NSW,2021
SAL14540,Yuraygir,0,24,750,1.5,NSW,2021
SAL14541,Zara,87,45,1625,2.8,NSW,2021
SAL14542,Zetland,12622,30,2192,2.0,NSW,2021
SAL19494,No usual address (NSW),11371,0,0,0.0,NSW,2021
SAL19797,Migratory - Offshore - Shipping (NSW),0,56,0,0.0,NSW,2021
SAL20001,Abbeyard,4,63,900,1.0,VIC,2021
SAL20002,Abbotsford (Vic.),9088,33,2197,1.9,VIC,2021
SAL20003,Aberfeldie,3925,41,2571,2.8,VIC,2021
SAL20004,Aberfeldy,7,46,1375,2.0,VIC,2021
SAL20005,Acheron,146,56,1478,2.3,VIC,2021
SAL20006,Ada,0,0,0,0.0,VIC,2021
SAL20007,Adams Estate,83,41,1666,2.8,VIC,2021
SAL20008,Addington,65,56,1042,2.2,VIC,2021
SAL20009,Adelaide Lead,85,50,1125,2.4,VIC,2021
SAL20010,Agnes,61,61,725,1.9,VIC,2021
SAL20011,Aintree,7982,30,2348,3.6,VIC,2021
SAL20012,Aire Valley,0,0,0,0.0,VIC,2021
SAL20013,Aireys Inlet,979,57,1642,2.1,VIC,2021
SAL20014,Airly,160,44,1850,2.9,VIC,2021
SAL20015,Airport West,8173,39,1761,2.3,VIC,2021
SAL20016,Albacutya,0,0,0,0.0,VIC,2021
SAL20017,Albanvale,5641,37,1279,2.9,VIC,2021
SAL20018,Albert Park (Vic.),6044,46,2533,2.2,VIC,2021
SAL20019,Alberton (Vic.),297,51,956,2.3,VIC,2021
SAL20020,Alberton West,76,53,1166,2.2,VIC,2021
SAL20021,Albion (Vic.),4334,35,1310,2.3,VIC,2021
SAL20022,Alexandra (Vic.),2801,51,1086,2.1,VIC,2021
SAL20023,Alfredton,11822,35,1883,2.8,VIC,2021
SAL20024,Allambee,24,63,1187,2.0,VIC,2021
SAL20025,Allambee Reserve,96,44,1468,2.8,VIC,2021
SAL20026,Allambee South,61,58,1416,2.1,VIC,2021
SAL20027,Allans Flat,297,46,1981,2.7,VIC,2021
SAL20028,Allansford,1410,43,1605,2.6,VIC,2021
SAL20029,Allendale,185,48,1600,2.4,VIC,2021
SAL20030,Allestree,168,48,1424,2.6,VIC,2021
SAL20031,Alma (Vic.),195,52,1125,2.4,VIC,2021
SAL20032,Almonds,31,30,1749,3.5,VIC,2021
SAL20033,Almurta,66,54,1125,2.4,VIC,2021
SAL20034,Alphington,5702,39,2429,2.4,VIC,2021
SAL20035,Altona (Vic.),11490,42,1826,2.3,VIC,2021
SAL20036,Altona Meadows,18479,41,1573,2.5,VIC,2021
SAL20037,Altona North,12962,37,1695,2.6,VIC,2021
SAL20038,Alvie,141,47,1100,2.4,VIC,2021
SAL20039,Amherst,63,57,850,2.1,VIC,2021
SAL20040,Amor,4,58,1874,3.0,VIC,2021
SAL20041,Amphitheatre,223,56,1050,2.0,VIC,2021
SAL20042,Anakie,734,43,1940,2.8,VIC,2021
SAL20043,Ancona,99,56,1416,2.3,VIC,2021
SAL20044,Anderson,26,50,1375,2.4,VIC,2021
SAL20045,Anglers Rest,31,65,900,1.8,VIC,2021
SAL20046,Anglesea,3208,54,1701,2.2,VIC,2021
SAL20047,Annuello,40,41,1437,2.8,VIC,2021
SAL20048,Antwerp,53,41,1125,2.4,VIC,2021
SAL20049,Apollo Bay (Vic.),1790,52,1144,2.0,VIC,2021
SAL20050,Appin (Vic.),12,58,866,1.5,VIC,2021
SAL20051,Appin South,38,53,949,2.0,VIC,2021
SAL20052,Apsley (Vic.),329,55,1231,2.1,VIC,2021
SAL20053,Ararat,8500,45,1216,2.2,VIC,2021
SAL20054,Arawata,92,52,1468,2.2,VIC,2021
SAL20055,Arbuckle,0,0,0,0.0,VIC,2021
SAL20056,Arcadia (Vic.),212,45,1708,2.7,VIC,2021
SAL20057,Arcadia South,95,48,1375,2.8,VIC,2021
SAL20058,Archdale,23,54,749,2.0,VIC,2021
SAL20059,Archdale Junction,12,53,3749,2.0,VIC,2021
SAL20060,Archerton,16,44,1125,2.6,VIC,2021
SAL20061,Archies Creek,32,57,900,1.8,VIC,2021
SAL20062,Ardeer,3170,37,1452,2.4,VIC,2021
SAL20063,Ardmona,497,45,1762,2.6,VIC,2021
SAL20064,Areegra,18,54,2749,1.8,VIC,2021
SAL20065,Argyle (Vic.),272,57,794,2.0,VIC,2021
SAL20066,Armadale (Vic.),9368,38,2193,2.0,VIC,2021
SAL20067,Armstrong,90,53,1166,2.2,VIC,2021
SAL20068,Armstrong Creek (Vic.),11247,30,2200,2.9,VIC,2021
SAL20069,Arnold (Vic.),56,54,1166,2.5,VIC,2021
SAL20070,Arnold West,19,51,1062,1.6,VIC,2021
SAL20071,Arthurs Creek,478,52,2214,2.9,VIC,2021
SAL20072,Arthurs Seat,414,48,2015,2.5,VIC,2021
SAL20073,Ascot (Ballarat - Vic.),93,44,2027,2.8,VIC,2021
SAL20074,Ascot (Greater Bendigo - Vic.),2571,35,1913,2.8,VIC,2021
SAL20075,Ascot Vale,15197,37,2192,2.4,VIC,2021
SAL20076,Ashbourne (Vic.),242,48,2474,2.7,VIC,2021
SAL20077,Ashburton,7952,41,2743,2.8,VIC,2021
SAL20078,Ashwood,7154,39,1909,2.5,VIC,2021
SAL20079,Aspendale,7285,40,2343,2.7,VIC,2021
SAL20080,Aspendale Gardens,6427,43,2210,2.9,VIC,2021
SAL20081,Athlone,147,33,1803,3.0,VIC,2021
SAL20082,Attwood,3309,42,2209,2.9,VIC,2021
SAL20083,Aubrey,3,81,1124,1.5,VIC,2021
SAL20084,Auchmore,5,67,3999,1.5,VIC,2021
SAL20085,Avalon,255,41,1775,2.9,VIC,2021
SAL20086,Avenel,1112,49,1414,2.3,VIC,2021
SAL20087,Avoca (Vic.),1356,51,923,2.2,VIC,2021
SAL20088,Avon Plains,8,31,2250,2.3,VIC,2021
SAL20089,Avondale Heights,12388,45,1587,2.6,VIC,2021
SAL20090,Avonmore,42,58,1749,2.4,VIC,2021
SAL20091,Avonsleigh,844,40,2055,2.8,VIC,2021
SAL20092,Axe Creek,452,44,2230,3.0,VIC,2021
SAL20093,Axedale,984,37,1933,2.8,VIC,2021
SAL20094,Ayrford,39,36,1437,2.5,VIC,2021
SAL20095,Bacchus Marsh,7808,39,1508,2.3,VIC,2021
SAL20096,Baddaginnie,347,49,1204,2.3,VIC,2021
SAL20097,Badger Creek,1610,43,1481,2.5,VIC,2021
SAL20098,Bael Bael,10,57,1749,1.8,VIC,2021
SAL20099,Bagshot,355,39,1740,2.8,VIC,2021
SAL20100,Bagshot North,39,53,1708,2.0,VIC,2021
SAL20101,Bahgallah,56,45,1458,2.2,VIC,2021
SAL20102,Bailieston,120,56,1187,2.2,VIC,2021
SAL20103,Bairnsdale,7905,44,1101,2.2,VIC,2021
SAL20104,Bakery Hill,180,34,1263,2.0,VIC,2021
SAL20105,Balaclava (Vic.),5392,35,2026,2.0,VIC,2021
SAL20106,Bald Hills (Vic.),114,40,1666,2.9,VIC,2021
SAL20107,Balintore,59,40,866,2.5,VIC,2021
SAL20108,Ballan,3392,43,1560,2.4,VIC,2021
SAL20109,Ballangeich,71,35,2062,3.2,VIC,2021
SAL20110,Ballapur,19,30,1625,3.0,VIC,2021
SAL20111,Ballarat Central,5378,41,1454,2.1,VIC,2021
SAL20112,Ballarat East,5937,43,1123,2.1,VIC,2021
SAL20113,Ballarat North,4041,43,1290,2.2,VIC,2021
SAL20114,Ballendella,120,56,1166,2.5,VIC,2021
SAL20115,Balliang,254,44,1468,2.8,VIC,2021
SAL20116,Balliang East,199,43,1708,3.1,VIC,2021
SAL20117,Ballyrogan,77,41,2156,2.9,VIC,2021
SAL20118,Balmattum,135,51,1458,2.3,VIC,2021
SAL20119,Balmoral (Vic.),281,53,1211,2.2,VIC,2021
SAL20120,Balnarring,2371,46,1918,2.6,VIC,2021
SAL20121,Balnarring Beach,471,58,1637,2.3,VIC,2021
SAL20122,Balook,9,59,1812,2.8,VIC,2021
SAL20123,Balwyn,13495,43,1975,2.6,VIC,2021
SAL20124,Balwyn North,21302,42,2346,2.9,VIC,2021
SAL20125,Bamawm,491,41,1440,2.7,VIC,2021
SAL20126,Bamawm Extension,282,41,1525,2.7,VIC,2021
SAL20127,Bambra,115,51,1875,2.4,VIC,2021
SAL20128,Bamganie,44,40,2125,2.7,VIC,2021
SAL20129,Bandiana,855,23,2017,3.1,VIC,2021
SAL20130,Bangerang,62,51,2249,2.7,VIC,2021
SAL20131,Bangholme,749,71,644,1.6,VIC,2021
SAL20132,Bannerton,78,32,1375,3.4,VIC,2021
SAL20133,Bannockburn (Vic.),6470,35,2055,3.0,VIC,2021
SAL20134,Banyan,22,54,3499,2.6,VIC,2021
SAL20135,Banyena,27,53,1833,2.9,VIC,2021
SAL20136,Baranduda,3041,37,2090,2.8,VIC,2021
SAL20137,Barfold,82,53,1312,2.5,VIC,2021
SAL20138,Baringhup,185,56,1111,2.1,VIC,2021
SAL20139,Baringhup West,11,39,1624,2.5,VIC,2021
SAL20140,Barjarg,141,56,1854,2.5,VIC,2021
SAL20141,Barkers Creek,487,50,1555,2.5,VIC,2021
SAL20142,Barkly (Vic.),49,54,825,2.0,VIC,2021
SAL20143,Barkstead,41,54,1749,2.3,VIC,2021
SAL20144,Barmah,229,56,875,2.0,VIC,2021
SAL20145,Barnadown,12,64,2333,2.7,VIC,2021
SAL20146,Barnawartha,987,40,1742,2.6,VIC,2021
SAL20147,Barnawartha North,188,46,1899,2.9,VIC,2021
SAL20148,Baromi,149,37,1792,2.5,VIC,2021
SAL20149,Barongarook,458,44,1708,2.7,VIC,2021
SAL20150,Barongarook West,291,43,1531,2.9,VIC,2021
SAL20151,Barrabool,247,44,2562,2.8,VIC,2021
SAL20152,Barrakee,22,54,900,2.6,VIC,2021
SAL20153,Barramunga,11,48,1125,1.5,VIC,2021
SAL20154,Barraport,45,32,1812,3.5,VIC,2021
SAL20155,Barraport West,5,57,575,1.0,VIC,2021
SAL20156,Barrys Reef,39,41,1125,2.2,VIC,2021
SAL20157,Barunah Park,33,58,900,2.5,VIC,2021
SAL20158,Barunah Plains,10,43,2999,2.5,VIC,2021
SAL20159,Barwidgee,96,50,1312,2.3,VIC,2021
SAL20160,Barwite,269,50,1408,2.6,VIC,2021
SAL20161,Barwon Downs,136,48,1037,2.1,VIC,2021
SAL20162,Barwon Heads,4353,46,2226,2.5,VIC,2021
SAL20163,Basalt (Vic.),23,45,1062,1.9,VIC,2021
SAL20164,Bass,405,49,1262,2.4,VIC,2021
SAL20165,Batesford,1141,39,2837,3.3,VIC,2021
SAL20166,Bathumi,76,45,2624,2.8,VIC,2021
SAL20167,Baw Baw (Vic.),0,0,0,0.0,VIC,2021
SAL20168,Baw Baw Village,30,30,0,0.0,VIC,2021
SAL20169,Baxter,2166,40,1493,2.3,VIC,2021
SAL20170,Bayindeen,22,43,2166,2.9,VIC,2021
SAL20171,Bayles,445,42,1897,2.9,VIC,2021
SAL20172,Baynton (Vic.),95,56,1531,2.2,VIC,2021
SAL20173,Bayswater (Vic.),12262,38,1598,2.4,VIC,2021
SAL20174,Bayswater North,9014,38,1675,2.5,VIC,2021
SAL20175,Beaconsfield (Vic.),7267,39,2279,2.9,VIC,2021
SAL20176,Beaconsfield Upper,2997,42,2755,3.2,VIC,2021
SAL20177,Bealiba,213,61,734,2.0,VIC,2021
SAL20178,Bearii,167,63,828,1.9,VIC,2021
SAL20179,Bears Lagoon,53,44,1274,2.5,VIC,2021
SAL20180,Beauchamp,44,29,2250,3.8,VIC,2021
SAL20181,Beaufort (Vic.),1712,51,1031,2.1,VIC,2021
SAL20182,Beaumaris (Vic.),13947,48,2626,2.7,VIC,2021
SAL20183,Beazleys Bridge,24,49,1999,3.3,VIC,2021
SAL20184,Beeac,394,51,1260,2.2,VIC,2021
SAL20185,Beech Forest,125,50,840,2.0,VIC,2021
SAL20186,Beechworth,4274,49,1401,2.2,VIC,2021
SAL20187,Beenak,17,48,1125,2.2,VIC,2021
SAL20188,Belgrave,3894,38,2202,2.7,VIC,2021
SAL20189,Belgrave Heights,1398,40,2132,2.9,VIC,2021
SAL20190,Belgrave South,1670,44,2382,3.0,VIC,2021
SAL20191,Bell Park,5602,41,1224,2.2,VIC,2021
SAL20192,Bell Post Hill,5083,42,1368,2.4,VIC,2021
SAL20193,Bellarine,169,57,2214,2.4,VIC,2021
SAL20194,Bellbird Creek,5,33,699,3.0,VIC,2021
SAL20195,Bellbrae,1346,52,1556,2.5,VIC,2021
SAL20196,Bellbridge,393,50,1413,2.5,VIC,2021
SAL20197,Bellellen,59,57,1875,2.5,VIC,2021
SAL20198,Bellfield (Banyule - Vic.),1996,36,1845,2.6,VIC,2021
SAL20199,Bellfield (Northern Grampians - Vic.),0,0,0,0.0,VIC,2021
SAL20200,Bells Beach,151,48,2600,2.9,VIC,2021
SAL20201,Belmont (Vic.),15066,37,1517,2.3,VIC,2021
SAL20202,Bemm River,72,67,710,1.8,VIC,2021
SAL20203,Bena,303,51,1687,2.4,VIC,2021
SAL20204,Benalla,10822,51,1142,2.1,VIC,2021
SAL20205,Benambra,173,59,1017,1.8,VIC,2021
SAL20206,Benayeo,69,48,2125,2.5,VIC,2021
SAL20207,Bend Of Islands,267,47,1971,2.8,VIC,2021
SAL20208,Bendigo,5652,43,1429,2.1,VIC,2021
SAL20209,Bendoc,109,61,1041,1.8,VIC,2021
SAL20210,Bengworden,93,44,1458,2.6,VIC,2021
SAL20211,Benjeroop,56,37,1812,2.8,VIC,2021
SAL20212,Benloch,138,37,1958,2.6,VIC,2021
SAL20213,Bennison,42,51,1125,2.6,VIC,2021
SAL20214,Bentleigh,17921,39,2263,2.6,VIC,2021
SAL20215,Bentleigh East,30159,40,2215,2.7,VIC,2021
SAL20216,Benwerrin,9,41,1375,2.3,VIC,2021
SAL20217,Beremboke,165,49,2125,2.8,VIC,2021
SAL20218,Berrimal,52,51,1374,2.5,VIC,2021
SAL20219,Berringa,194,49,900,2.3,VIC,2021
SAL20220,Berringama,35,56,1125,2.2,VIC,2021
SAL20221,Berriwillock,180,47,1093,2.4,VIC,2021
SAL20222,Berrybank,37,44,1333,2.2,VIC,2021
SAL20223,Berrys Creek,174,53,1797,2.3,VIC,2021
SAL20224,Berwick,50298,38,2113,2.9,VIC,2021
SAL20225,Bessiebelle,113,42,974,2.3,VIC,2021
SAL20226,Bet Bet,135,48,860,2.3,VIC,2021
SAL20227,Bete Bolong,84,55,1562,2.4,VIC,2021
SAL20228,Bete Bolong North,13,59,1375,2.2,VIC,2021
SAL20229,Bethanga,485,50,1840,2.5,VIC,2021
SAL20230,Betley,101,52,780,2.4,VIC,2021
SAL20231,Beulah (Vic.),312,56,1062,2.2,VIC,2021
SAL20232,Beverford,337,42,1390,2.6,VIC,2021
SAL20233,Beveridge,4642,32,2266,3.2,VIC,2021
SAL20234,Big Desert,8,40,5500,5.0,VIC,2021
SAL20235,Big Hill (Greater Bendigo - Vic.),281,37,1771,2.8,VIC,2021
SAL20236,Big Hill (Surf Coast - Vic.),38,56,1875,2.1,VIC,2021
SAL20237,Big Pats Creek,60,55,1375,2.1,VIC,2021
SAL20238,Biggara,61,45,1999,3.2,VIC,2021
SAL20239,Billabong,0,0,0,0.0,VIC,2021
SAL20240,Bimbourie,11,59,1499,2.0,VIC,2021
SAL20241,Bindi,49,54,1625,2.4,VIC,2021
SAL20242,Binginwarri,134,46,1050,2.3,VIC,2021
SAL20243,Bingo Munjie,8,69,1250,2.5,VIC,2021
SAL20244,Birchip,694,49,1171,2.2,VIC,2021
SAL20245,Birchip West,9,30,2250,1.7,VIC,2021
SAL20246,Birdwoodton,748,39,1784,3.0,VIC,2021
SAL20247,Birregurra,942,43,1521,2.4,VIC,2021
SAL20248,Bittern,4276,46,1615,2.5,VIC,2021
SAL20249,Black Hill (Vic.),2124,40,1471,2.2,VIC,2021
SAL20250,Black Range (Vic.),274,48,1531,2.6,VIC,2021
SAL20251,Black Rock (Vic.),6389,49,2416,2.5,VIC,2021
SAL20252,Blackburn,14478,41,2065,2.5,VIC,2021
SAL20253,Blackburn North,7627,39,2021,2.8,VIC,2021
SAL20254,Blackburn South,10939,42,1861,2.6,VIC,2021
SAL20255,Blackwarry,38,46,1562,2.4,VIC,2021
SAL20256,Blackwood (Vic.),387,47,1424,2.0,VIC,2021
SAL20257,Blairgowrie,2786,58,1490,2.1,VIC,2021
SAL20258,Blakeville,43,41,1625,2.9,VIC,2021
SAL20259,Blampied,237,49,1446,2.4,VIC,2021
SAL20260,Blind Bight,1290,39,1889,2.7,VIC,2021
SAL20261,Blowhard,82,56,1458,2.0,VIC,2021
SAL20262,Bo Peep,25,39,1875,3.1,VIC,2021
SAL20263,Bobinawarrah,100,51,1416,2.4,VIC,2021
SAL20264,Bochara,84,47,1687,2.9,VIC,2021
SAL20265,Bogong,8,19,350,1.0,VIC,2021
SAL20266,Boho,88,60,1562,2.5,VIC,2021
SAL20267,Boho South,93,56,1125,2.3,VIC,2021
SAL20268,Boigbeat,19,31,1624,2.7,VIC,2021
SAL20269,Boinka,14,54,3999,2.7,VIC,2021
SAL20270,Boisdale,307,42,1468,2.5,VIC,2021
SAL20271,Bolangum,4,30,1625,3.0,VIC,2021
SAL20272,Bolinda,185,51,1792,2.7,VIC,2021
SAL20273,Bolton,15,25,1374,2.5,VIC,2021
SAL20274,Bolwarra (Vic.),647,49,1394,2.5,VIC,2021
SAL20275,Bolwarrah,48,44,1499,2.6,VIC,2021
SAL20276,Bona Vista,107,47,1850,2.4,VIC,2021
SAL20277,Bonang,52,58,762,1.8,VIC,2021
SAL20278,Bonbeach,6855,42,1766,2.2,VIC,2021
SAL20279,Bonegilla,610,26,2104,2.7,VIC,2021
SAL20280,Boneo,314,52,1812,2.6,VIC,2021
SAL20281,Bonn,48,38,2624,3.1,VIC,2021
SAL20282,Bonnie Brook,333,39,1625,2.6,VIC,2021
SAL20283,Bonnie Doon (Vic.),666,54,1315,2.2,VIC,2021
SAL20284,Bonshaw (Vic.),949,28,1854,2.7,VIC,2021
SAL20285,Bookaar,159,48,1708,2.7,VIC,2021
SAL20286,Boola,0,0,0,0.0,VIC,2021
SAL20287,Boolarong,5,56,2250,1.7,VIC,2021
SAL20288,Boolarra,1023,50,1200,2.3,VIC,2021
SAL20289,Boolarra South,147,53,1278,2.4,VIC,2021
SAL20290,Boole Poole,9,63,900,1.3,VIC,2021
SAL20291,Boolite,38,41,1406,2.6,VIC,2021
SAL20292,Boomahnoomoonah,14,42,1874,2.4,VIC,2021
SAL20293,Boonah (Vic.),18,46,1125,2.3,VIC,2021
SAL20294,Boorcan,142,39,1292,2.7,VIC,2021
SAL20295,Boorhaman,135,48,1187,2.7,VIC,2021
SAL20296,Boorhaman East,13,50,1999,2.8,VIC,2021
SAL20297,Boorhaman North,53,38,1937,2.3,VIC,2021
SAL20298,Boorolite,166,50,1875,2.6,VIC,2021
SAL20299,Boorool,54,52,1399,2.3,VIC,2021
SAL20300,Boort,940,57,1054,2.1,VIC,2021
SAL20301,Boosey,108,39,1875,2.7,VIC,2021
SAL20302,Boralma,79,43,1625,2.9,VIC,2021
SAL20303,Bornes Hill,33,56,2374,2.4,VIC,2021
SAL20304,Boronia,23607,39,1619,2.4,VIC,2021
SAL20305,Borung,59,50,1125,2.4,VIC,2021
SAL20306,Bostocks Creek,85,55,1791,2.5,VIC,2021
SAL20307,Botanic Ridge,6739,32,2552,3.2,VIC,2021
SAL20308,Boundary Bend,154,53,1531,2.5,VIC,2021
SAL20309,Bowenvale,209,46,1287,2.5,VIC,2021
SAL20310,Boweya,51,46,2125,2.6,VIC,2021
SAL20311,Boweya North,42,49,1375,2.3,VIC,2021
SAL20312,Bowmans Forest,106,53,2071,2.4,VIC,2021
SAL20313,Bowser,44,24,2250,4.6,VIC,2021
SAL20314,Box Hill (Vic.),14353,33,1267,2.2,VIC,2021
SAL20315,Box Hill North,12337,37,1820,2.6,VIC,2021
SAL20316,Box Hill South,8491,39,1928,2.6,VIC,2021
SAL20317,Boxwood,19,54,949,2.5,VIC,2021
SAL20318,Bradford,12,65,1125,3.3,VIC,2021
SAL20319,Bradvale,46,37,1187,3.2,VIC,2021
SAL20320,Braeside,25,58,982,1.4,VIC,2021
SAL20321,Brandy Creek (Vic.),94,42,2125,2.6,VIC,2021
SAL20322,Branxholme,304,50,1362,2.3,VIC,2021
SAL20323,Bravington,14,33,1499,2.7,VIC,2021
SAL20324,Braybrook,9682,34,1451,2.7,VIC,2021
SAL20325,Breakaway Creek,39,32,2083,2.6,VIC,2021
SAL20326,Breakwater,1060,40,1077,2.1,VIC,2021
SAL20327,Breamlea,151,56,1542,2.2,VIC,2021
SAL20328,Brenanah,29,50,899,2.5,VIC,2021
SAL20329,Brewster,47,45,2124,2.6,VIC,2021
SAL20330,Briagolong,1133,44,1334,2.4,VIC,2021
SAL20331,Briar Hill,3220,42,1935,2.4,VIC,2021
SAL20332,Bridge Creek,117,49,1625,2.6,VIC,2021
SAL20333,Bridgewater (Vic.),133,49,1771,2.3,VIC,2021
SAL20334,Bridgewater North,54,49,1624,2.8,VIC,2021
SAL20335,Bridgewater On Loddon,341,50,1242,2.2,VIC,2021
SAL20336,Bright (Vic.),2620,49,1352,2.2,VIC,2021
SAL20337,Brighton (Vic.),23252,48,2710,2.4,VIC,2021
SAL20338,Brighton East,16757,45,2544,2.6,VIC,2021
SAL20339,Brim,181,50,1350,2.5,VIC,2021
SAL20340,Brimboal,11,53,1375,2.3,VIC,2021
SAL20341,Brimin,56,54,1437,2.2,VIC,2021
SAL20342,Brimpaen,80,49,1437,2.7,VIC,2021
SAL20343,Bringalbert,6,63,2624,1.8,VIC,2021
SAL20344,Brit Brit,42,31,1542,2.8,VIC,2021
SAL20345,Broadford,4592,40,1519,2.5,VIC,2021
SAL20346,Broadmeadows (Vic.),12524,32,1151,2.9,VIC,2021
SAL20347,Broadwater (Vic.),75,45,1593,2.2,VIC,2021
SAL20348,Brodribb River,29,37,1125,2.6,VIC,2021
SAL20349,Broken Creek,45,59,1625,2.2,VIC,2021
SAL20350,Bromley,46,59,1124,2.2,VIC,2021
SAL20351,Brookfield (Vic.),10782,32,1642,3.1,VIC,2021
SAL20352,Brooklyn (Vic.),1979,34,1958,2.2,VIC,2021
SAL20353,Brookville,16,56,824,2.0,VIC,2021
SAL20354,Broomfield,213,49,1174,2.5,VIC,2021
SAL20355,Broughton (Vic.),65,42,1687,3.5,VIC,2021
SAL20356,Brown Hill (Vic.),4489,36,1757,2.5,VIC,2021
SAL20357,Browns Plains (Vic.),99,55,1406,2.5,VIC,2021
SAL20358,Bruarong,114,45,1437,2.6,VIC,2021
SAL20359,Brucknell,127,43,1768,2.5,VIC,2021
SAL20360,Brumby,0,0,0,0.0,VIC,2021
SAL20361,Brunswick (Vic.),24896,34,2096,2.1,VIC,2021
SAL20362,Brunswick East,13279,33,2088,2.0,VIC,2021
SAL20363,Brunswick West,14746,34,1797,2.1,VIC,2021
SAL20364,Bruthen,820,43,1198,2.3,VIC,2021
SAL20365,Buangor,112,51,1025,2.3,VIC,2021
SAL20366,Buchan,201,54,1083,2.1,VIC,2021
SAL20367,Buchan South,102,46,1187,2.2,VIC,2021
SAL20368,Buckland (Vic.),156,47,1481,2.6,VIC,2021
SAL20369,Buckley,228,40,2166,2.9,VIC,2021
SAL20370,Buckley Swamp,21,31,1875,2.3,VIC,2021
SAL20371,Buckrabanyule,52,48,1208,2.4,VIC,2021
SAL20372,Budgee Budgee (Vic.),0,0,0,0.0,VIC,2021
SAL20373,Budgeree,146,48,1312,2.7,VIC,2021
SAL20374,Budgerum East,0,59,1274,2.0,VIC,2021
SAL20375,Buffalo,284,47,1649,2.5,VIC,2021
SAL20376,Buffalo River,285,54,1421,2.3,VIC,2021
SAL20377,Bulart,104,38,2083,3.0,VIC,2021
SAL20378,Buldah,5,61,900,2.0,VIC,2021
SAL20379,Bulga (Vic.),0,58,8000,2.0,VIC,2021
SAL20380,Bulgana,19,55,450,2.2,VIC,2021
SAL20381,Bulla (Vic.),668,45,1738,2.8,VIC,2021
SAL20382,Bullaharre,19,24,949,2.3,VIC,2021
SAL20383,Bullarook,77,55,1291,2.3,VIC,2021
SAL20384,Bullarto,89,58,1375,2.2,VIC,2021
SAL20385,Bullarto South,48,61,900,1.8,VIC,2021
SAL20386,Bulleen,11219,45,1814,2.6,VIC,2021
SAL20387,Bullengarook,714,44,2302,2.9,VIC,2021
SAL20388,Bullioh,63,61,1458,1.9,VIC,2021
SAL20389,Bullumwaal,45,36,1343,2.7,VIC,2021
SAL20390,Buln Buln,551,40,1916,2.9,VIC,2021
SAL20391,Buln Buln East,182,50,1812,2.6,VIC,2021
SAL20392,Bumberrah,101,46,1437,2.6,VIC,2021
SAL20393,Bunbartha,313,40,2422,3.1,VIC,2021
SAL20394,Bundalaguah,229,37,1792,3.0,VIC,2021
SAL20395,Bundalong,512,51,1527,2.4,VIC,2021
SAL20396,Bundalong South,42,53,2083,2.4,VIC,2021
SAL20397,Bundara,0,0,0,0.0,VIC,2021
SAL20398,Bunding,61,56,1166,2.6,VIC,2021
SAL20399,Bundoora (Vic.),28068,38,1668,2.6,VIC,2021
SAL20400,Bung Bong,63,59,979,2.2,VIC,2021
SAL20401,Bungador,65,42,1625,2.6,VIC,2021
SAL20402,Bungal,32,52,1624,1.9,VIC,2021
SAL20403,Bungalally,93,50,1875,2.5,VIC,2021
SAL20404,Bungaree (Vic.),302,46,1625,2.7,VIC,2021
SAL20405,Bungeet,29,39,1875,3.6,VIC,2021
SAL20406,Bungeet West,44,51,1416,2.7,VIC,2021
SAL20407,Bungil (Vic.),0,71,4750,2.0,VIC,2021
SAL20408,Bunguluke,18,62,1125,2.3,VIC,2021
SAL20409,Buninyong,3797,45,1745,2.6,VIC,2021
SAL20410,Bunkers Hill,270,46,2058,2.8,VIC,2021
SAL20411,Bunyip,3131,38,1927,2.8,VIC,2021
SAL20412,Bunyip North,95,47,1624,2.8,VIC,2021
SAL20413,Buragwonduc,0,0,0,0.0,VIC,2021
SAL20414,Burkes Bridge,14,58,2249,3.0,VIC,2021
SAL20415,Burkes Flat,20,56,2250,2.6,VIC,2021
SAL20416,Burnbank,47,47,762,2.3,VIC,2021
SAL20417,Burnewang,37,54,1624,2.1,VIC,2021
SAL20418,Burnley,794,32,2423,2.1,VIC,2021
SAL20419,Burnside (Vic.),5800,37,1871,3.1,VIC,2021
SAL20420,Burnside Heights,6377,33,2246,3.6,VIC,2021
SAL20421,Burramboot,36,62,1875,2.1,VIC,2021
SAL20422,Burramine,241,39,2125,2.9,VIC,2021
SAL20423,Burramine South,24,55,1374,2.2,VIC,2021
SAL20424,Burrowye,24,65,1562,2.0,VIC,2021
SAL20425,Burrumbeet,249,58,949,1.9,VIC,2021
SAL20426,Burwood (Vic.),15147,34,1684,2.5,VIC,2021
SAL20427,Burwood East,10675,41,1610,2.6,VIC,2021
SAL20428,Bushfield,596,43,2125,3.0,VIC,2021
SAL20429,Bushy Park (Vic.),49,53,1803,2.2,VIC,2021
SAL20430,Butchers Ridge,7,33,900,2.7,VIC,2021
SAL20431,Buxton (Vic.),591,53,1367,2.2,VIC,2021
SAL20432,Byaduk,129,53,1875,2.1,VIC,2021
SAL20433,Byaduk North,134,40,2049,2.8,VIC,2021
SAL20434,Byawatha,160,51,1696,2.5,VIC,2021
SAL20435,Bylands,117,48,2036,2.7,VIC,2021
SAL20436,Byrneside,161,46,1174,2.7,VIC,2021
SAL20437,Cabarita (Vic.),482,43,2233,2.9,VIC,2021
SAL20438,Cabbage Tree,10,66,1124,1.8,VIC,2021
SAL20439,Cabbage Tree Creek,52,52,850,2.0,VIC,2021
SAL20440,Cadello,25,33,2250,2.2,VIC,2021
SAL20441,Cairnlea,10038,36,2062,3.4,VIC,2021
SAL20442,Calder Park,0,0,0,0.0,VIC,2021
SAL20443,Caldermeade,181,44,2111,2.9,VIC,2021
SAL20444,California Gully,4476,39,1054,2.3,VIC,2021
SAL20445,Calivil,178,38,1449,2.7,VIC,2021
SAL20446,Callawadda,45,41,1083,2.1,VIC,2021
SAL20447,Callignee,391,42,2013,2.8,VIC,2021
SAL20448,Callignee North,42,32,1875,2.3,VIC,2021
SAL20449,Callignee South,10,58,900,2.0,VIC,2021
SAL20450,Calrossie,30,43,774,2.2,VIC,2021
SAL20451,Calulu,186,45,1812,2.9,VIC,2021
SAL20452,Cambarville,0,0,0,0.0,VIC,2021
SAL20453,Camberwell (Vic.),21965,43,2457,2.6,VIC,2021
SAL20454,Cambrian Hill,292,39,2042,3.2,VIC,2021
SAL20455,Campbellfield,4977,38,1110,2.9,VIC,2021
SAL20456,Campbells Bridge,21,57,1249,1.9,VIC,2021
SAL20457,Campbells Creek,2071,44,1399,2.5,VIC,2021
SAL20458,Campbells Forest,50,56,1656,2.2,VIC,2021
SAL20459,Campbelltown (Vic.),51,39,762,2.3,VIC,2021
SAL20460,Camperdown (Vic.),3354,51,1128,2.2,VIC,2021
SAL20461,Canadian,4098,37,1438,2.4,VIC,2021
SAL20462,Canary Island,4,69,2124,1.3,VIC,2021
SAL20463,Caniambo,82,49,1937,2.9,VIC,2021
SAL20464,Cann River,197,52,642,1.8,VIC,2021
SAL20465,Cannie,16,38,1375,2.8,VIC,2021
SAL20466,Cannons Creek,650,41,1607,2.6,VIC,2021
SAL20467,Cannum,45,35,2083,2.8,VIC,2021
SAL20468,Canterbury (Vic.),7800,46,2877,2.7,VIC,2021
SAL20469,Cape Bridgewater,151,58,1937,2.2,VIC,2021
SAL20470,Cape Clear,148,52,1208,2.2,VIC,2021
SAL20471,Cape Conran,5,21,900,1.5,VIC,2021
SAL20472,Cape Otway,34,55,1124,2.1,VIC,2021
SAL20473,Cape Paterson,1111,55,1285,2.2,VIC,2021
SAL20474,Cape Schanck,569,55,2189,2.4,VIC,2021
SAL20475,Cape Woolamai,2301,43,1471,2.4,VIC,2021
SAL20476,Capel Sound,5246,59,950,1.9,VIC,2021
SAL20477,Capels Crossing,54,36,1062,2.3,VIC,2021
SAL20478,Carag Carag,61,56,1125,2.1,VIC,2021
SAL20479,Caralulup,3,62,2250,1.5,VIC,2021
SAL20480,Caramut,256,43,1125,2.4,VIC,2021
SAL20481,Carapooee,60,59,900,2.1,VIC,2021
SAL20482,Carapooee West,40,44,2083,2.5,VIC,2021
SAL20483,Carapook,67,49,2416,2.6,VIC,2021
SAL20484,Carboor,97,47,1275,2.5,VIC,2021
SAL20485,Cardigan,1064,36,2713,3.4,VIC,2021
SAL20486,Cardigan Village,957,32,2200,3.3,VIC,2021
SAL20487,Cardinia,342,44,1875,2.9,VIC,2021
SAL20488,Cardross,847,39,1717,2.9,VIC,2021
SAL20489,Cargerie,38,46,2125,2.4,VIC,2021
SAL20490,Carina (Vic.),26,43,1812,2.3,VIC,2021
SAL20491,Caringal,16,64,450,1.6,VIC,2021
SAL20492,Carisbrook,1192,45,1205,2.5,VIC,2021
SAL20493,Carlisle River,168,45,1036,2.3,VIC,2021
SAL20494,Carlsruhe,382,47,2125,2.8,VIC,2021
SAL20495,Carlton (Vic.),16055,27,1292,1.8,VIC,2021
SAL20496,Carlton North,6177,33,2400,2.3,VIC,2021
SAL20497,Carlyle,82,56,2457,2.5,VIC,2021
SAL20498,Carnegie,17909,36,1878,2.2,VIC,2021
SAL20499,Carngham,171,39,1321,2.7,VIC,2021
SAL20500,Caroline Springs,24488,35,2134,3.1,VIC,2021
SAL20501,Carpendeit,115,40,1312,2.8,VIC,2021
SAL20502,Carrajung,100,49,1125,2.4,VIC,2021
SAL20503,Carrajung Lower,129,50,1021,2.3,VIC,2021
SAL20504,Carrajung South,42,42,1499,3.0,VIC,2021
SAL20505,Carranballac,43,48,2250,3.0,VIC,2021
SAL20506,Carron,18,36,3750,3.8,VIC,2021
SAL20507,Carrum,4239,40,1732,2.3,VIC,2021
SAL20508,Carrum Downs,21976,36,1658,2.5,VIC,2021
SAL20509,Carwarp,68,44,1499,2.9,VIC,2021
SAL20510,Cashmore,197,52,1812,2.4,VIC,2021
SAL20511,Cassilis (Vic.),21,62,687,1.9,VIC,2021
SAL20512,Castella,257,44,1978,2.6,VIC,2021
SAL20513,Casterton,1673,58,881,1.9,VIC,2021
SAL20514,Castle Creek (Vic.),85,43,2083,3.3,VIC,2021
SAL20515,Castle Donnington,139,43,1541,2.5,VIC,2021
SAL20516,Castlemaine,7506,52,1106,2.0,VIC,2021
SAL20517,Catani,297,41,1520,2.8,VIC,2021
SAL20518,Cathcart (Vic.),110,53,1899,2.3,VIC,2021
SAL20519,Cathkin,27,62,1375,2.3,VIC,2021
SAL20520,Catumnal,14,35,1374,2.3,VIC,2021
SAL20521,Caulfield,5748,42,2143,2.4,VIC,2021
SAL20522,Caulfield East,1293,32,1682,2.2,VIC,2021
SAL20523,Caulfield North,16903,37,2205,2.3,VIC,2021
SAL20524,Caulfield South,12328,41,2365,2.6,VIC,2021
SAL20525,Caveat,59,58,1375,1.9,VIC,2021
SAL20526,Cavendish,366,49,1452,2.3,VIC,2021
SAL20527,Ceres,266,41,3125,3.1,VIC,2021
SAL20528,Chadstone,9552,35,1991,2.5,VIC,2021
SAL20529,Chandlers Creek,0,65,350,1.0,VIC,2021
SAL20530,Chapel Flat,0,0,0,0.0,VIC,2021
SAL20531,Chapple Vale,42,56,1937,2.4,VIC,2021
SAL20532,Charam,42,56,1124,2.5,VIC,2021
SAL20533,Charlemont,2612,29,2102,2.5,VIC,2021
SAL20534,Charleroi,82,45,2250,3.3,VIC,2021
SAL20535,Charlton (Vic.),1095,56,958,2.0,VIC,2021
SAL20536,Chatsworth (Vic.),49,40,1562,2.7,VIC,2021
SAL20537,Chelsea,8347,41,1683,2.2,VIC,2021
SAL20538,Chelsea Heights,5393,40,1867,2.6,VIC,2021
SAL20539,Cheltenham (Vic.),23992,40,1919,2.4,VIC,2021
SAL20540,Chepstowe,60,53,1166,2.3,VIC,2021
SAL20541,Cherokee,68,49,3624,2.7,VIC,2021
SAL20542,Cherrypool,3,75,1375,2.0,VIC,2021
SAL20543,Cheshunt,213,50,974,2.2,VIC,2021
SAL20544,Cheshunt South,0,0,0,0.0,VIC,2021
SAL20545,Chesney Vale,204,42,1562,2.7,VIC,2021
SAL20546,Chetwynd,85,41,1071,2.4,VIC,2021
SAL20547,Chewton,763,51,1245,2.1,VIC,2021
SAL20548,Chewton Bushlands,50,57,1166,1.8,VIC,2021
SAL20549,Childers (Vic.),91,57,1062,2.1,VIC,2021
SAL20550,Chillingollah,3,57,450,1.5,VIC,2021
SAL20551,Chiltern,1580,50,1305,2.3,VIC,2021
SAL20552,Chiltern Valley,77,52,1666,2.2,VIC,2021
SAL20553,Chinangin,3,49,749,2.5,VIC,2021
SAL20554,Chinkapook,17,59,1625,2.2,VIC,2021
SAL20555,Chintin,111,44,2333,3.0,VIC,2021
SAL20556,Chirnside Park,11779,38,2084,2.8,VIC,2021
SAL20557,Chirrip,8,74,900,2.3,VIC,2021
SAL20558,Chocolyn,61,49,900,2.1,VIC,2021
SAL20559,Christmas Hills (Vic.),365,46,2285,2.7,VIC,2021
SAL20560,Chum Creek,981,45,1902,2.7,VIC,2021
SAL20561,Churchill (Vic.),4924,38,1109,2.3,VIC,2021
SAL20562,Churchill Island,0,0,0,0.0,VIC,2021
SAL20563,Chute,13,63,949,2.4,VIC,2021
SAL20564,Clarendon (Vic.),163,39,1792,2.7,VIC,2021
SAL20565,Claretown,35,56,1416,2.1,VIC,2021
SAL20566,Clarinda,7441,45,1589,2.7,VIC,2021
SAL20567,Clarkefield,303,44,1699,2.7,VIC,2021
SAL20568,Clarkes Hill,75,42,1437,3.0,VIC,2021
SAL20569,Clayton,18988,28,1494,2.5,VIC,2021
SAL20570,Clayton South,13381,34,1630,2.7,VIC,2021
SAL20571,Clear Lake,57,44,1625,2.5,VIC,2021
SAL20572,Clematis,352,39,2288,2.8,VIC,2021
SAL20573,Clifton Creek,252,38,1483,2.8,VIC,2021
SAL20574,Clifton Hill,6606,37,2755,2.3,VIC,2021
SAL20575,Clifton Springs,7646,48,1348,2.3,VIC,2021
SAL20576,Clonbinane,347,44,1902,2.6,VIC,2021
SAL20577,Clover Flat,15,31,1749,2.3,VIC,2021
SAL20578,Cloverlea,178,44,1821,2.7,VIC,2021
SAL20579,Club Terrace,25,61,674,1.9,VIC,2021
SAL20580,Clunes (Vic.),1844,51,1037,2.2,VIC,2021
SAL20581,Clyde (Vic.),11177,30,2152,3.1,VIC,2021
SAL20582,Clyde North,31681,30,2163,3.3,VIC,2021
SAL20583,Clydebank,133,37,1718,3.2,VIC,2021
SAL20584,Clydesdale (Vic.),62,60,1292,2.0,VIC,2021
SAL20585,Coalville,55,44,2049,2.2,VIC,2021
SAL20586,Cobains,245,43,1812,2.6,VIC,2021
SAL20587,Cobaw,104,39,2083,2.8,VIC,2021
SAL20588,Cobbannah,0,0,0,0.0,VIC,2021
SAL20589,Cobberas,0,0,0,0.0,VIC,2021
SAL20590,Cobblebank,3601,29,1920,3.4,VIC,2021
SAL20591,Cobden,1804,51,1162,2.3,VIC,2021
SAL20592,Cobram,6148,48,1026,2.2,VIC,2021
SAL20593,Cobram East,232,41,1981,2.8,VIC,2021
SAL20594,Cobrico,72,54,1375,2.2,VIC,2021
SAL20595,Cobungra,58,47,1437,2.4,VIC,2021
SAL20596,Coburg,26574,37,2065,2.5,VIC,2021
SAL20597,Coburg North,8327,38,1981,2.5,VIC,2021
SAL20598,Cocamba,4,15,450,5.0,VIC,2021
SAL20599,Cochranes Creek,9,63,1024,2.0,VIC,2021
SAL20600,Cockatoo (Vic.),4408,36,1991,2.8,VIC,2021
SAL20601,Cocoroc,0,0,0,0.0,VIC,2021
SAL20602,Codrington (Vic.),37,44,1874,2.4,VIC,2021
SAL20603,Coghills Creek,80,42,1562,2.8,VIC,2021
SAL20604,Cohuna,2415,55,1112,2.1,VIC,2021
SAL20605,Coimadai,409,47,1859,2.8,VIC,2021
SAL20606,Cokum,0,83,0,1.0,VIC,2021
SAL20607,Colac,9243,44,1108,2.2,VIC,2021
SAL20608,Colac Colac,61,50,1375,2.5,VIC,2021
SAL20609,Colac East,168,46,1541,2.3,VIC,2021
SAL20610,Colac West,89,30,1474,2.7,VIC,2021
SAL20611,Colbinabbin,285,47,1278,2.4,VIC,2021
SAL20612,Colbrook,41,45,2874,2.9,VIC,2021
SAL20613,Coldstream (Vic.),2199,37,1913,2.8,VIC,2021
SAL20614,Coleraine,1062,56,850,1.9,VIC,2021
SAL20615,Colignan,305,37,1325,2.4,VIC,2021
SAL20616,Collingwood (Vic.),9179,33,2130,1.9,VIC,2021
SAL20617,Combienbar,7,58,725,1.7,VIC,2021
SAL20618,Concongella,146,54,1392,2.6,VIC,2021
SAL20619,Condah,104,46,1625,2.2,VIC,2021
SAL20620,Congupna,620,41,1676,2.7,VIC,2021
SAL20621,Connewarre,953,50,2328,2.6,VIC,2021
SAL20622,Connewirricoo,23,60,1312,2.2,VIC,2021
SAL20623,Coojar,38,44,2749,2.3,VIC,2021
SAL20624,Coolaroo,3193,37,1025,2.9,VIC,2021
SAL20625,Cooma (Vic.),94,46,1375,2.8,VIC,2021
SAL20626,Coomboona,134,43,1833,2.7,VIC,2021
SAL20627,Coomoora,308,44,1562,2.7,VIC,2021
SAL20628,Coongulla,229,61,1057,1.9,VIC,2021
SAL20629,Coonooer Bridge,30,45,1562,2.4,VIC,2021
SAL20630,Coonooer West,18,50,1749,2.8,VIC,2021
SAL20631,Cooriemungle,311,42,1662,2.4,VIC,2021
SAL20632,Cope Cope,42,58,1375,2.5,VIC,2021
SAL20633,Cora Lynn,220,43,1724,2.8,VIC,2021
SAL20634,Corack,33,45,1624,2.7,VIC,2021
SAL20635,Corack East,10,33,1149,2.0,VIC,2021
SAL20636,Coragulac,171,45,1762,2.6,VIC,2021
SAL20637,Coral Bank,88,57,1812,2.3,VIC,2021
SAL20638,Corindhap,131,54,1145,2.2,VIC,2021
SAL20639,Corinella (Vic.),1181,53,1169,2.2,VIC,2021
SAL20640,Corio,15497,35,1152,2.5,VIC,2021
SAL20641,Corndale (Vic.),27,51,1625,2.6,VIC,2021
SAL20642,Cornella,43,52,866,2.1,VIC,2021
SAL20643,Cornishtown,94,55,1674,2.2,VIC,2021
SAL20644,Coronet Bay,1108,51,952,2.0,VIC,2021
SAL20645,Corop,161,53,982,2.2,VIC,2021
SAL20646,Cororooke,358,33,1485,2.6,VIC,2021
SAL20647,Corringle,17,58,687,1.9,VIC,2021
SAL20648,Corryong,1352,52,988,2.1,VIC,2021
SAL20649,Corunnun,119,44,1687,2.7,VIC,2021
SAL20650,Cosgrove (Vic.),50,55,1125,2.4,VIC,2021
SAL20651,Cosgrove South,53,57,1124,2.0,VIC,2021
SAL20652,Costerfield,70,59,849,2.0,VIC,2021
SAL20653,Cotswold,20,59,1374,2.3,VIC,2021
SAL20654,Cottles Bridge,609,52,2170,2.7,VIC,2021
SAL20655,Cowa,0,0,0,0.0,VIC,2021
SAL20656,Cowangie,33,35,1041,1.9,VIC,2021
SAL20657,Cowes,6593,55,1026,2.1,VIC,2021
SAL20658,Cowleys Creek,34,39,1375,2.5,VIC,2021
SAL20659,Cowwarr,389,47,1571,2.7,VIC,2021
SAL20660,Craigie (Vic.),62,49,1708,2.7,VIC,2021
SAL20661,Craigieburn,65178,32,1798,3.3,VIC,2021
SAL20662,Cranbourne,21281,35,1477,2.7,VIC,2021
SAL20663,Cranbourne East,24679,31,1912,3.3,VIC,2021
SAL20664,Cranbourne North,24683,32,1941,3.3,VIC,2021
SAL20665,Cranbourne South,3241,35,2278,2.9,VIC,2021
SAL20666,Cranbourne West,19969,32,1856,3.1,VIC,2021
SAL20667,Creek Junction,34,56,1374,2.1,VIC,2021
SAL20668,Creek View,39,57,1458,2.1,VIC,2021
SAL20669,Creightons Creek,162,54,1395,2.3,VIC,2021
SAL20670,Cremorne (Vic.),2158,32,2959,2.0,VIC,2021
SAL20671,Cressy (Vic.),176,52,857,2.0,VIC,2021
SAL20672,Creswick,3279,50,1144,2.2,VIC,2021
SAL20673,Creswick North,55,27,2125,3.2,VIC,2021
SAL20674,Crib Point,3343,39,1447,2.5,VIC,2021
SAL20675,Crookayan,0,0,0,0.0,VIC,2021
SAL20676,Crooked River,5,65,1124,2.0,VIC,2021
SAL20677,Cross Roads (Vic.),27,51,1375,2.3,VIC,2021
SAL20678,Crossley,235,48,1687,2.6,VIC,2021
SAL20679,Crossover,161,51,1968,2.4,VIC,2021
SAL20680,Crowlands,72,54,1218,2.3,VIC,2021
SAL20681,Croxton East,70,49,1708,3.0,VIC,2021
SAL20682,Croydon (Vic.),28608,39,1615,2.4,VIC,2021
SAL20683,Croydon Hills,4839,42,2437,2.9,VIC,2021
SAL20684,Croydon North,8092,40,2156,2.7,VIC,2021
SAL20685,Croydon South,4759,38,1876,2.6,VIC,2021
SAL20686,Crymelon,15,39,1375,2.3,VIC,2021
SAL20687,Cudgee,311,37,2019,3.1,VIC,2021
SAL20688,Cudgewa,254,54,1281,2.1,VIC,2021
SAL20689,Culgoa,86,62,1042,1.6,VIC,2021
SAL20690,Culla,31,36,1624,2.3,VIC,2021
SAL20691,Cullen,36,37,1499,2.7,VIC,2021
SAL20692,Cullulleraine,81,50,819,2.2,VIC,2021
SAL20693,Cundare,15,55,2250,2.5,VIC,2021
SAL20694,Cundare North,10,55,2250,2.2,VIC,2021
SAL20695,Curdies River,25,37,1187,2.6,VIC,2021
SAL20696,Curdievale,125,44,2274,2.9,VIC,2021
SAL20697,Curlewis (Vic.),4175,34,1830,2.7,VIC,2021
SAL20698,Curyo,20,59,2083,2.3,VIC,2021
SAL20699,Dadswells Bridge,69,61,1093,2.0,VIC,2021
SAL20700,Daisy Hill (Vic.),398,53,1169,2.4,VIC,2021
SAL20701,Dales Creek,403,40,1966,2.7,VIC,2021
SAL20702,Dallas,6762,32,1088,3.1,VIC,2021
SAL20703,Dalmore,142,50,1792,2.4,VIC,2021
SAL20704,Daltons Bridge,57,53,1625,2.3,VIC,2021
SAL20705,Dalyenong,0,69,900,1.0,VIC,2021
SAL20706,Dalyston,843,39,1352,2.3,VIC,2021
SAL20707,Dandenong,30127,33,1267,2.8,VIC,2021
SAL20708,Dandenong North,22550,38,1436,2.8,VIC,2021
SAL20709,Dandenong South,125,51,821,1.4,VIC,2021
SAL20710,Dandongadale,8,25,2250,4.0,VIC,2021
SAL20711,Dargo,105,57,725,2.1,VIC,2021
SAL20712,Darley,9190,37,1951,2.8,VIC,2021
SAL20713,Darlimurla,46,44,1625,3.0,VIC,2021
SAL20714,Darlington (Vic.),84,50,1083,2.0,VIC,2021
SAL20715,Darnum,759,41,1744,2.9,VIC,2021
SAL20716,Darraweit Guim,402,47,1792,2.6,VIC,2021
SAL20717,Darriman,12,47,2749,2.2,VIC,2021
SAL20718,Dartmoor (Vic.),299,55,1163,2.1,VIC,2021
SAL20719,Dartmouth,130,60,662,2.0,VIC,2021
SAL20720,Dawson (Vic.),40,62,1437,1.9,VIC,2021
SAL20721,Daylesford,2781,55,1185,1.9,VIC,2021
SAL20722,Dean,132,38,1449,3.1,VIC,2021
SAL20723,Deans Marsh,368,47,1731,2.5,VIC,2021
SAL20724,Deanside,654,29,2210,3.1,VIC,2021
SAL20725,Deddick Valley,12,59,1625,1.8,VIC,2021
SAL20726,Dederang,198,44,2035,2.8,VIC,2021
SAL20727,Deep Lead,210,49,1319,2.4,VIC,2021
SAL20728,Deepdene (Vic.),2101,46,2243,2.6,VIC,2021
SAL20729,Deer Park,18145,35,1456,2.9,VIC,2021
SAL20730,Delacombe,5408,39,1339,2.4,VIC,2021
SAL20731,Delahey,8077,39,1486,2.8,VIC,2021
SAL20732,Delatite,13,41,1625,2.6,VIC,2021
SAL20733,Delburn,37,59,2049,2.2,VIC,2021
SAL20734,Delegate River,41,38,1874,4.0,VIC,2021
SAL20735,Denicull Creek,19,50,2083,2.2,VIC,2021
SAL20736,Denison,453,35,1682,2.9,VIC,2021
SAL20737,Dennington,1994,34,1727,2.7,VIC,2021
SAL20738,Denver,148,55,1774,2.2,VIC,2021
SAL20739,Deptford,0,0,0,0.0,VIC,2021
SAL20740,Derby (Vic.),18,64,1249,1.9,VIC,2021
SAL20741,Dereel,664,46,1256,2.5,VIC,2021
SAL20742,Dergholm,57,50,1312,2.3,VIC,2021
SAL20743,Derrimut,8651,32,2272,3.6,VIC,2021
SAL20744,Derrinal,99,58,1281,2.0,VIC,2021
SAL20745,Derrinallum,386,55,946,2.0,VIC,2021
SAL20746,Devenish,208,54,974,2.2,VIC,2021
SAL20747,Devils River,14,32,2250,3.0,VIC,2021
SAL20748,Devon Meadows,1551,44,1790,2.9,VIC,2021
SAL20749,Devon North,352,53,1319,2.4,VIC,2021
SAL20750,Dewhurst,151,50,2349,2.7,VIC,2021
SAL20751,Dhurringile,369,38,1600,2.6,VIC,2021
SAL20752,Diamond Creek,12503,39,2508,2.9,VIC,2021
SAL20753,Digby,122,49,1041,2.4,VIC,2021
SAL20754,Diggers Rest,5669,33,1991,2.6,VIC,2021
SAL20755,Diggora,78,47,1625,2.3,VIC,2021
SAL20756,Dimboola,1635,52,1059,2.1,VIC,2021
SAL20757,Dingee,195,50,1021,2.3,VIC,2021
SAL20758,Dingley Village,10495,45,1980,2.7,VIC,2021
SAL20759,Dingwall,99,43,1042,2.9,VIC,2021
SAL20760,Dinner Plain,128,37,2250,2.3,VIC,2021
SAL20761,Dixie (Vic.),148,45,1968,2.8,VIC,2021
SAL20762,Dixons Creek,344,54,2016,2.5,VIC,2021
SAL20763,Dobie,33,40,2833,3.0,VIC,2021
SAL20764,Docker,106,50,2150,2.4,VIC,2021
SAL20765,Dockers Plains,59,50,1624,2.6,VIC,2021
SAL20766,Docklands,15495,32,1957,1.8,VIC,2021
SAL20767,Doctors Flat,13,46,1125,2.3,VIC,2021
SAL20768,Dollar,61,51,1125,2.1,VIC,2021
SAL20769,Don Valley,586,44,1760,2.8,VIC,2021
SAL20770,Donald,1472,52,1044,2.1,VIC,2021
SAL20771,Doncaster,25020,40,1592,2.4,VIC,2021
SAL20772,Doncaster East,30926,41,1792,2.7,VIC,2021
SAL20773,Donnybrook (Vic.),2100,30,2207,3.0,VIC,2021
SAL20774,Donvale,12644,45,2100,2.7,VIC,2021
SAL20775,Dooboobetic,13,60,1125,2.1,VIC,2021
SAL20776,Dooen,250,47,1916,2.6,VIC,2021
SAL20777,Dookie,333,48,1317,2.4,VIC,2021
SAL20778,Dookie College,51,20,3374,3.3,VIC,2021
SAL20779,Doreen,27122,33,2151,3.0,VIC,2021
SAL20780,Dorodong,21,46,1374,2.3,VIC,2021
SAL20781,Double Bridges,0,0,0,0.0,VIC,2021
SAL20782,Douglas (Vic.),74,46,1874,2.5,VIC,2021
SAL20783,Doveton,9603,34,1273,2.7,VIC,2021
SAL20784,Dreeite,77,37,1374,2.9,VIC,2021
SAL20785,Dreeite South,28,54,933,2.2,VIC,2021
SAL20786,Driffield,101,40,1875,2.7,VIC,2021
SAL20787,Drik Drik,46,61,1666,2.3,VIC,2021
SAL20788,Dromana,6626,50,1304,2.2,VIC,2021
SAL20789,Dropmore,19,51,3999,2.7,VIC,2021
SAL20790,Drouin,15287,39,1432,2.5,VIC,2021
SAL20791,Drouin East,177,45,1524,2.5,VIC,2021
SAL20792,Drouin South,343,50,1833,2.5,VIC,2021
SAL20793,Drouin West,361,54,1583,2.6,VIC,2021
SAL20794,Drumanure,41,38,1375,2.6,VIC,2021
SAL20795,Drumborg,160,49,1446,2.5,VIC,2021
SAL20796,Drumcondra,571,50,2022,2.4,VIC,2021
SAL20797,Drummartin,42,53,1812,2.5,VIC,2021
SAL20798,Drummond,294,48,1875,2.7,VIC,2021
SAL20799,Drummond North,203,49,1428,2.4,VIC,2021
SAL20800,Drung,119,50,1850,2.3,VIC,2021
SAL20801,Dry Diggings,41,59,1499,2.3,VIC,2021
SAL20802,Drysdale,4976,52,1273,2.3,VIC,2021
SAL20803,Duchembegarra,47,45,2125,2.5,VIC,2021
SAL20804,Dumbalk,455,48,1108,2.2,VIC,2021
SAL20805,Dumbalk North,90,53,1812,2.6,VIC,2021
SAL20806,Dumosa,18,59,2124,2.2,VIC,2021
SAL20807,Dunach,83,58,791,2.3,VIC,2021
SAL20808,Dundonnell,52,53,1375,2.4,VIC,2021
SAL20809,Dunkeld (Vic.),688,48,1309,2.2,VIC,2021
SAL20810,Dunluce,36,56,1999,2.3,VIC,2021
SAL20811,Dunneworthy,15,57,1437,2.7,VIC,2021
SAL20812,Dunnstown,259,44,1521,2.6,VIC,2021
SAL20813,Dunolly (Vic.),899,58,720,1.9,VIC,2021
SAL20814,Dunrobin,70,52,1812,2.5,VIC,2021
SAL20815,Durdidwarrah,12,48,725,2.8,VIC,2021
SAL20816,Durham Lead,408,44,1916,2.8,VIC,2021
SAL20817,Durham Ox,60,47,1174,2.3,VIC,2021
SAL20818,Dutson,32,60,900,2.3,VIC,2021
SAL20819,Dutson Downs,0,0,0,0.0,VIC,2021
SAL20820,Dutton Way,91,52,1375,2.4,VIC,2021
SAL20821,Duverney,23,54,1375,2.7,VIC,2021
SAL20822,Eagle Point,1306,59,1209,2.2,VIC,2021
SAL20823,Eaglehawk,5538,43,1140,2.2,VIC,2021
SAL20824,Eaglehawk North,13,58,1125,2.0,VIC,2021
SAL20825,Eaglemont,3960,46,2866,2.7,VIC,2021
SAL20826,Earlston,82,57,1583,2.3,VIC,2021
SAL20827,East Bairnsdale,1352,45,967,2.2,VIC,2021
SAL20828,East Bendigo,2246,45,1258,2.1,VIC,2021
SAL20829,East Geelong,4012,40,1782,2.3,VIC,2021
SAL20830,East Melbourne,4896,42,2345,1.8,VIC,2021
SAL20831,East Sale,210,24,1625,2.1,VIC,2021
SAL20832,East Wangaratta,66,51,1875,2.5,VIC,2021
SAL20833,East Warburton,906,48,1201,2.2,VIC,2021
SAL20834,Eastern View,47,65,2250,1.9,VIC,2021
SAL20835,Eastville,13,54,725,2.2,VIC,2021
SAL20836,Eastwood (Vic.),2855,50,1304,2.4,VIC,2021
SAL20837,Ebden,110,50,2374,2.7,VIC,2021
SAL20838,Echuca,15056,45,1335,2.3,VIC,2021
SAL20839,Echuca Village,577,49,1821,2.6,VIC,2021
SAL20840,Echuca West,442,46,1713,2.8,VIC,2021
SAL20841,Ecklin South,222,34,1875,2.6,VIC,2021
SAL20842,Eddington,113,42,1291,2.6,VIC,2021
SAL20843,Eden Park,1194,45,2168,3.0,VIC,2021
SAL20844,Edenhope,937,54,963,2.0,VIC,2021
SAL20845,Edgecombe,103,49,1781,2.6,VIC,2021
SAL20846,Edi,60,49,1125,2.2,VIC,2021
SAL20847,Edi Upper,109,52,1224,2.3,VIC,2021
SAL20848,Edithvale,6276,40,2101,2.4,VIC,2021
SAL20849,Eganstown,206,49,1267,2.2,VIC,2021
SAL20850,Eildon,944,56,932,1.9,VIC,2021
SAL20851,Elaine,232,44,1765,2.4,VIC,2021
SAL20852,Eldorado,382,52,1312,2.3,VIC,2021
SAL20853,Elevated Plains,39,55,2624,2.4,VIC,2021
SAL20854,Elingamite,57,43,1218,2.8,VIC,2021
SAL20855,Elingamite North,118,35,1937,3.3,VIC,2021
SAL20856,Elizabeth Island,0,66,1125,1.0,VIC,2021
SAL20857,Ellaswood,206,38,2143,3.1,VIC,2021
SAL20858,Ellerslie (Vic.),157,40,1542,2.7,VIC,2021
SAL20859,Elliminyt,3260,41,1815,2.7,VIC,2021
SAL20860,Ellinbank,229,46,1666,2.6,VIC,2021
SAL20861,Elmhurst,185,58,774,1.9,VIC,2021
SAL20862,Elmore,847,52,909,2.1,VIC,2021
SAL20863,Elphinstone (Vic.),633,50,1447,2.3,VIC,2021
SAL20864,Elsternwick,10887,38,2209,2.3,VIC,2021
SAL20865,Eltham (Vic.),18847,43,2391,2.8,VIC,2021
SAL20866,Eltham North,6830,42,2770,3.0,VIC,2021
SAL20867,Elwood,15153,38,2096,1.9,VIC,2021
SAL20868,Emerald (Vic.),5890,43,2119,2.8,VIC,2021
SAL20869,Emu,37,65,762,1.7,VIC,2021
SAL20870,Emu Creek (Vic.),376,45,1963,2.9,VIC,2021
SAL20871,Endeavour Hills,24455,39,1740,2.9,VIC,2021
SAL20872,Enfield (Vic.),574,39,1882,2.8,VIC,2021
SAL20873,Englefield,23,39,1125,2.5,VIC,2021
SAL20874,Enochs Point,3,69,0,1.5,VIC,2021
SAL20875,Ensay,155,56,900,2.0,VIC,2021
SAL20876,Ensay North,29,53,1208,2.3,VIC,2021
SAL20877,Eppalock,746,43,1883,2.8,VIC,2021
SAL20878,Epping (Vic.),33489,35,1671,2.9,VIC,2021
SAL20879,Epsom (Vic.),5014,32,1714,2.7,VIC,2021
SAL20880,Ercildoune,90,37,1937,2.4,VIC,2021
SAL20881,Erica,184,54,1260,1.9,VIC,2021
SAL20882,Errinundra,0,0,0,0.0,VIC,2021
SAL20883,Eskdale (Vic.),238,54,1343,2.2,VIC,2021
SAL20884,Esmond,17,29,1149,2.4,VIC,2021
SAL20885,Essendon,21240,39,2132,2.4,VIC,2021
SAL20886,Essendon Fields,13,45,0,0.0,VIC,2021
SAL20887,Essendon North,3071,38,1712,2.1,VIC,2021
SAL20888,Essendon West,1559,39,2338,2.7,VIC,2021
SAL20889,Eumemmerring,2285,35,1217,2.5,VIC,2021
SAL20890,Eurack,43,49,1562,2.6,VIC,2021
SAL20891,Eureka (Vic.),633,38,1168,2.2,VIC,2021
SAL20892,Euroa,3508,54,1079,2.1,VIC,2021
SAL20893,Eurobin,239,50,1362,2.3,VIC,2021
SAL20894,Evansford,147,52,949,2.2,VIC,2021
SAL20895,Eversley,14,44,2625,3.0,VIC,2021
SAL20896,Everton,193,52,1359,2.4,VIC,2021
SAL20897,Everton Upper,154,50,1485,2.7,VIC,2021
SAL20898,Exford,133,39,1375,3.2,VIC,2021
SAL20899,Eynesbury,2838,35,2609,3.1,VIC,2021
SAL20900,Fairbank,52,51,1374,2.9,VIC,2021
SAL20901,Fairfield (Vic.),6535,37,1967,2.2,VIC,2021
SAL20902,Fairhaven,390,56,2023,2.3,VIC,2021
SAL20903,Fairley,14,58,1999,2.2,VIC,2021
SAL20904,Fairy Dell (Campaspe - Vic.),93,44,1812,2.9,VIC,2021
SAL20905,Fairy Dell (East Gippsland - Vic.),0,0,0,0.0,VIC,2021
SAL20906,Falls Creek (Vic.),326,28,1312,2.3,VIC,2021
SAL20907,Faraday,194,50,1339,2.4,VIC,2021
SAL20908,Fawcett,82,52,2035,2.3,VIC,2021
SAL20909,Fawkner,14274,35,1428,2.8,VIC,2021
SAL20910,Fentons Creek,27,54,1375,2.6,VIC,2021
SAL20911,Ferguson (Vic.),13,46,474,2.0,VIC,2021
SAL20912,Fern Hill,125,49,2062,2.5,VIC,2021
SAL20913,Fernbank,194,47,1531,2.6,VIC,2021
SAL20914,Ferndale (Vic.),48,49,1625,2.3,VIC,2021
SAL20915,Fernihurst,32,42,1875,3.0,VIC,2021
SAL20916,Fernshaw,0,0,0,0.0,VIC,2021
SAL20917,Ferntree Gully,27398,40,1770,2.6,VIC,2021
SAL20918,Ferny Creek,1524,45,2393,2.7,VIC,2021
SAL20919,Fiery Flat,28,43,1708,2.4,VIC,2021
SAL20920,Fingal (Vic.),637,56,1928,2.4,VIC,2021
SAL20921,Fish Creek,858,51,1281,2.4,VIC,2021
SAL20922,Fish Point,11,36,762,2.3,VIC,2021
SAL20923,Fiskville,18,32,1812,2.1,VIC,2021
SAL20924,Fitzroy (Vic.),10431,35,2194,2.0,VIC,2021
SAL20925,Fitzroy North,12781,36,2300,2.2,VIC,2021
SAL20926,Flaggy Creek,104,51,1124,2.7,VIC,2021
SAL20927,Flagstaff,97,53,974,2.4,VIC,2021
SAL20928,Flamingo Beach,0,0,0,0.0,VIC,2021
SAL20929,Flemington,7025,34,1525,2.0,VIC,2021
SAL20930,Flinders (Vic.),1130,63,2104,2.1,VIC,2021
SAL20931,Flora Hill,3989,32,1347,2.3,VIC,2021
SAL20932,Flowerdale (Vic.),790,48,1223,2.2,VIC,2021
SAL20933,Flynn (Vic.),188,44,2250,3.0,VIC,2021
SAL20934,Flynns Creek,12,51,2750,2.8,VIC,2021
SAL20935,Footscray,17131,34,1763,2.1,VIC,2021
SAL20936,Forbes (Vic.),158,49,1625,2.7,VIC,2021
SAL20937,Forest Hill (Vic.),10780,42,1658,2.5,VIC,2021
SAL20938,Forge Creek,346,45,1863,2.8,VIC,2021
SAL20939,Forrest (Vic.),257,52,1091,2.1,VIC,2021
SAL20940,Foster,2044,59,975,2.0,VIC,2021
SAL20941,Foster North,152,56,1208,2.1,VIC,2021
SAL20942,Fosterville,57,50,1550,2.3,VIC,2021
SAL20943,Foxhow,31,51,1375,1.9,VIC,2021
SAL20944,Framlingham,169,39,1575,3.0,VIC,2021
SAL20945,Framlingham East,25,34,2166,3.0,VIC,2021
SAL20946,Franklinford,71,50,1625,2.4,VIC,2021
SAL20947,Frankston,37331,39,1387,2.2,VIC,2021
SAL20948,Frankston North,5711,37,1128,2.3,VIC,2021
SAL20949,Frankston South,18801,44,2038,2.6,VIC,2021
SAL20950,Fraser Rise,9097,31,2276,3.2,VIC,2021
SAL20951,Freeburgh,136,53,1312,2.3,VIC,2021
SAL20952,French Island,141,51,1015,2.3,VIC,2021
SAL20953,Frenchmans,7,45,2324,2.7,VIC,2021
SAL20954,Freshwater Creek,454,45,2087,2.9,VIC,2021
SAL20955,Fryerstown,232,51,1231,2.2,VIC,2021
SAL20956,Fulham (Vic.),994,35,2042,2.5,VIC,2021
SAL20957,Fumina,11,40,1149,2.3,VIC,2021
SAL20958,Fumina South,65,53,687,2.6,VIC,2021
SAL20959,Fyans Creek,47,47,1187,2.2,VIC,2021
SAL20960,Fyansford,1206,34,2627,2.8,VIC,2021
SAL20961,Gaffneys Creek,3,66,466,1.3,VIC,2021
SAL20962,Gainsborough,61,44,2062,2.5,VIC,2021
SAL20963,Gannawarra,110,38,1292,2.9,VIC,2021
SAL20964,Gapsted,156,51,1312,2.4,VIC,2021
SAL20965,Gardenvale,1019,39,1708,2.1,VIC,2021
SAL20966,Garfield,2114,39,1677,2.8,VIC,2021
SAL20967,Garfield North,236,50,1713,2.8,VIC,2021
SAL20968,Garibaldi,131,43,1687,2.6,VIC,2021
SAL20969,Garvoc,248,35,1468,2.7,VIC,2021
SAL20970,Gateway Island,0,51,1499,2.0,VIC,2021
SAL20971,Gatum,35,33,1562,3.0,VIC,2021
SAL20972,Gazette,42,35,2062,2.6,VIC,2021
SAL20973,Geelong,5811,40,1670,2.0,VIC,2021
SAL20974,Geelong West,7345,36,1797,2.2,VIC,2021
SAL20975,Gelantipy,23,66,725,1.6,VIC,2021
SAL20976,Gellibrand,230,52,1233,2.2,VIC,2021
SAL20977,Gellibrand Lower,19,52,900,2.0,VIC,2021
SAL20978,Gelliondale,43,50,900,2.4,VIC,2021
SAL20979,Gembrook,2559,41,2002,2.8,VIC,2021
SAL20980,Genoa,66,60,754,2.1,VIC,2021
SAL20981,Gentle Annie,0,0,0,0.0,VIC,2021
SAL20982,Georges Creek (Vic.),75,51,1424,2.3,VIC,2021
SAL20983,Gerahmin,11,44,3250,2.8,VIC,2021
SAL20984,Gerang Gerung,65,41,1875,2.4,VIC,2021
SAL20985,Gerangamete,112,41,1406,2.7,VIC,2021
SAL20986,Germania,17,41,1999,2.5,VIC,2021
SAL20987,Germantown (Vic.),0,78,0,0.0,VIC,2021
SAL20988,Gerrigerrup,31,52,1874,2.6,VIC,2021
SAL20989,Gherang,391,44,2025,2.8,VIC,2021
SAL20990,Gheringhap,132,49,2150,2.7,VIC,2021
SAL20991,Ghin Ghin,64,54,2050,2.2,VIC,2021
SAL20992,Giffard,73,33,1187,2.6,VIC,2021
SAL20993,Giffard West,72,52,1437,2.2,VIC,2021
SAL20994,Gil Gil,23,54,900,2.8,VIC,2021
SAL20995,Gilderoy,62,59,1125,2.0,VIC,2021
SAL20996,Gillieston,45,49,1166,2.3,VIC,2021
SAL20997,Gillum,0,0,0,0.0,VIC,2021
SAL20998,Gipsy Point,31,47,1375,1.9,VIC,2021
SAL20999,Girgarre,563,42,1093,2.4,VIC,2021
SAL21000,Girgarre East,143,41,1562,2.4,VIC,2021
SAL21001,Gisborne,10142,39,2294,2.8,VIC,2021
SAL21002,Gisborne South,854,46,2799,2.9,VIC,2021
SAL21003,Gladfield (Vic.),32,39,1374,2.9,VIC,2021
SAL21004,Gladstone Park,8213,42,1452,2.6,VIC,2021
SAL21005,Gladysdale,423,48,1764,2.7,VIC,2021
SAL21006,Glen Alvie,182,44,1812,2.8,VIC,2021
SAL21007,Glen Creek,59,47,1333,2.5,VIC,2021
SAL21008,Glen Forbes,118,56,1562,2.5,VIC,2021
SAL21009,Glen Huntly,4905,35,1877,2.1,VIC,2021
SAL21010,Glen Iris (Vic.),26131,40,2491,2.5,VIC,2021
SAL21011,Glen Park,110,51,1833,2.7,VIC,2021
SAL21012,Glen Valley,23,58,1187,1.7,VIC,2021
SAL21013,Glen Waverley,42642,40,1918,2.8,VIC,2021
SAL21014,Glen Wills,4,59,900,2.0,VIC,2021
SAL21015,Glenaire,33,52,1874,2.5,VIC,2021
SAL21016,Glenaladale,48,57,762,2.2,VIC,2021
SAL21017,Glenalbyn,21,46,900,2.5,VIC,2021
SAL21018,Glenaroua,208,44,1937,2.8,VIC,2021
SAL21019,Glenbrae,30,51,2083,2.1,VIC,2021
SAL21020,Glenburn,443,50,1696,2.6,VIC,2021
SAL21021,Glendaruel,49,41,2187,3.0,VIC,2021
SAL21022,Glendonald,12,44,900,2.8,VIC,2021
SAL21023,Glenfalloch,0,0,0,0.0,VIC,2021
SAL21024,Glenfyne,131,41,1937,3.0,VIC,2021
SAL21025,Glengarry (Vic.),1113,40,2116,2.8,VIC,2021
SAL21026,Glengarry North,215,46,1553,2.6,VIC,2021
SAL21027,Glengarry West,155,45,1781,2.8,VIC,2021
SAL21028,Glengower,15,62,1375,1.6,VIC,2021
SAL21029,Glenhope,66,51,1375,2.4,VIC,2021
SAL21030,Glenhope East,17,64,949,1.8,VIC,2021
SAL21031,Glenisla,23,58,2125,2.0,VIC,2021
SAL21032,Glenlee (Vic.),71,42,2250,2.7,VIC,2021
SAL21033,Glenlofty,11,41,2999,2.8,VIC,2021
SAL21034,Glenlogie,29,53,1375,2.3,VIC,2021
SAL21035,Glenloth,7,28,574,1.5,VIC,2021
SAL21036,Glenloth East,14,46,1499,2.3,VIC,2021
SAL21037,Glenluce,17,60,1125,2.0,VIC,2021
SAL21038,Glenlyon (Vic.),431,53,1477,2.2,VIC,2021
SAL21039,Glenmaggie,279,55,1274,2.3,VIC,2021
SAL21040,Glenmore (Vic.),75,37,2416,3.0,VIC,2021
SAL21041,Glenorchy (Vic.),131,53,1020,2.1,VIC,2021
SAL21042,Glenormiston North,63,39,1624,2.6,VIC,2021
SAL21043,Glenormiston South,123,49,1875,2.2,VIC,2021
SAL21044,Glenpatrick,13,63,1083,1.6,VIC,2021
SAL21045,Glenrowan,1049,45,1543,2.6,VIC,2021
SAL21046,Glenrowan West,75,53,1625,2.4,VIC,2021
SAL21047,Glenroy (Vic.),23792,34,1655,2.6,VIC,2021
SAL21048,Glenthompson,256,50,1012,2.1,VIC,2021
SAL21049,Glomar Beach,21,46,724,2.0,VIC,2021
SAL21050,Gnarwarre,297,43,2187,3.0,VIC,2021
SAL21051,Gnotuk,120,49,2042,2.4,VIC,2021
SAL21052,Gobarup,45,44,1375,2.7,VIC,2021
SAL21053,Gobur,102,58,1281,2.2,VIC,2021
SAL21054,Golden Beach (Vic.),356,60,714,1.7,VIC,2021
SAL21055,Golden Gully,213,41,1562,2.6,VIC,2021
SAL21056,Golden Point (Ballarat - Vic.),2217,40,1309,2.1,VIC,2021
SAL21057,Golden Point (Mount Alexander - Vic.),102,55,1125,1.9,VIC,2021
SAL21058,Golden Square,9220,39,1344,2.3,VIC,2021
SAL21059,Goldie,253,44,2343,2.8,VIC,2021
SAL21060,Goldsborough (Vic.),37,56,962,2.3,VIC,2021
SAL21061,Gong Gong,6,26,2874,3.0,VIC,2021
SAL21062,Gonn Crossing,50,54,966,2.1,VIC,2021
SAL21063,Goomalibee,91,52,1875,2.5,VIC,2021
SAL21064,Goon Nure,137,55,1354,2.5,VIC,2021
SAL21065,Goongerah,31,57,537,1.4,VIC,2021
SAL21066,Gooram,141,56,1208,2.2,VIC,2021
SAL21067,Gooramadda,62,58,1874,2.3,VIC,2021
SAL21068,Goorambat,269,55,1399,2.4,VIC,2021
SAL21069,Goornong,718,40,1687,2.6,VIC,2021
SAL21070,Gooroc,19,56,900,2.8,VIC,2021
SAL21071,Gorae,236,40,1875,2.8,VIC,2021
SAL21072,Gorae West,237,47,1775,2.6,VIC,2021
SAL21073,Gordon (Vic.),1393,43,2012,2.7,VIC,2021
SAL21074,Gormandale,324,41,1485,2.5,VIC,2021
SAL21075,Goroke,295,50,837,2.2,VIC,2021
SAL21076,Goschen,35,46,1874,2.3,VIC,2021
SAL21077,Goughs Bay,328,57,892,1.9,VIC,2021
SAL21078,Goulburn Weir,90,54,1771,2.2,VIC,2021
SAL21079,Gowanbrae,2971,40,2208,2.7,VIC,2021
SAL21080,Gowanford,8,34,2750,3.0,VIC,2021
SAL21081,Gowangardie,18,69,1624,2.3,VIC,2021
SAL21082,Gowar East,23,64,949,2.0,VIC,2021
SAL21083,Gower,45,51,1875,2.5,VIC,2021
SAL21084,Grahamvale,685,47,2092,2.8,VIC,2021
SAL21085,Grampians,0,0,0,0.0,VIC,2021
SAL21086,Grand Ridge,10,59,3324,2.0,VIC,2021
SAL21087,Grangefields,132,40,1125,3.7,VIC,2021
SAL21088,Granite Rock,261,49,1481,2.7,VIC,2021
SAL21089,Grantville,1168,52,1107,2.1,VIC,2021
SAL21090,Granya,88,55,1300,2.2,VIC,2021
SAL21091,Grassdale (Vic.),54,31,1958,2.5,VIC,2021
SAL21092,Grassmere,385,42,1937,2.7,VIC,2021
SAL21093,Grays Bridge,0,0,0,0.0,VIC,2021
SAL21094,Graytown,60,55,1062,2.0,VIC,2021
SAL21095,Gre Gre,10,52,1375,2.3,VIC,2021
SAL21096,Gre Gre North,13,52,2249,2.2,VIC,2021
SAL21097,Gre Gre South,19,48,2249,3.0,VIC,2021
SAL21098,Great Western,425,52,1474,2.2,VIC,2021
SAL21099,Gredgwin,13,47,1375,2.8,VIC,2021
SAL21100,Green Gully (Vic.),71,60,1083,1.9,VIC,2021
SAL21101,Greendale (Vic.),623,42,2065,2.9,VIC,2021
SAL21102,Greenhill (Vic.),60,49,1687,2.7,VIC,2021
SAL21103,Greens Creek (Vic.),52,38,1375,2.6,VIC,2021
SAL21104,Greensborough,21070,41,2075,2.6,VIC,2021
SAL21105,Greenvale (Vic.),21274,35,2262,3.2,VIC,2021
SAL21106,Greenwald,58,44,1375,2.7,VIC,2021
SAL21107,Grenville,113,45,1625,2.9,VIC,2021
SAL21108,Greta (Vic.),86,47,2042,2.5,VIC,2021
SAL21109,Greta South,131,49,1531,2.6,VIC,2021
SAL21110,Greta West,157,54,1180,2.2,VIC,2021
SAL21111,Grey River,4,61,2999,1.5,VIC,2021
SAL21112,Gringegalgona,44,45,1937,2.5,VIC,2021
SAL21113,Gritjurk,61,39,2250,2.7,VIC,2021
SAL21114,Grovedale,14869,41,1477,2.4,VIC,2021
SAL21115,Gruyere,966,46,2223,2.9,VIC,2021
SAL21116,Guildford (Vic.),330,46,1138,2.2,VIC,2021
SAL21117,Gunbower,578,48,1062,2.3,VIC,2021
SAL21118,Gundowring,208,47,1681,2.6,VIC,2021
SAL21119,Gunyah,0,0,0,0.0,VIC,2021
SAL21120,Guys Forest,20,63,3499,2.5,VIC,2021
SAL21121,Guys Hill,388,45,3166,3.1,VIC,2021
SAL21122,Gymbowen,60,46,1874,2.6,VIC,2021
SAL21123,Haddon,1276,40,1945,2.9,VIC,2021
SAL21124,Hadfield,6269,36,1523,2.5,VIC,2021
SAL21125,Hallam,11355,36,1489,3.0,VIC,2021
SAL21126,Hallora,136,38,1687,2.7,VIC,2021
SAL21127,Halls Gap,495,44,1196,2.0,VIC,2021
SAL21128,Hallston,157,52,1375,2.3,VIC,2021
SAL21129,Hamilton (Vic.),10346,45,1247,2.2,VIC,2021
SAL21130,Hamlyn Heights,6518,38,1643,2.3,VIC,2021
SAL21131,Hampton (Vic.),13518,45,2682,2.6,VIC,2021
SAL21132,Hampton East,5069,40,1953,2.4,VIC,2021
SAL21133,Hampton Park,26082,33,1538,3.1,VIC,2021
SAL21134,Hansonville,155,43,1312,2.6,VIC,2021
SAL21135,Happy Valley (Golden Plains - Vic.),87,47,1187,2.4,VIC,2021
SAL21136,Happy Valley (Swan Hill - Vic.),75,39,1312,2.8,VIC,2021
SAL21137,Harcourt,1038,46,1430,2.5,VIC,2021
SAL21138,Harcourt North,291,55,2146,2.3,VIC,2021
SAL21139,Harkaway,1011,40,2805,3.2,VIC,2021
SAL21140,Harkness,12463,30,1752,3.1,VIC,2021
SAL21141,Harmers Haven,62,59,1187,2.3,VIC,2021
SAL21142,Harrietville,488,45,1625,2.3,VIC,2021
SAL21143,Harrow,184,49,1550,2.3,VIC,2021
SAL21144,Harston,167,47,1781,2.5,VIC,2021
SAL21145,Hastings (Vic.),10369,41,1197,2.3,VIC,2021
SAL21146,Hattah,27,57,612,1.8,VIC,2021
SAL21147,Havelock,83,53,966,2.5,VIC,2021
SAL21148,Haven,1443,41,2161,2.9,VIC,2021
SAL21149,Havilah (Vic.),22,59,1124,1.9,VIC,2021
SAL21150,Hawkesdale,311,43,1666,2.5,VIC,2021
SAL21151,Hawkhurst,6,66,850,1.3,VIC,2021
SAL21152,Hawthorn (Vic.),22322,34,2145,2.1,VIC,2021
SAL21153,Hawthorn East,14834,36,2253,2.3,VIC,2021
SAL21154,Hazel Park,55,44,1224,2.6,VIC,2021
SAL21155,Hazelwood,189,51,1468,2.3,VIC,2021
SAL21156,Hazelwood North,1552,45,2261,2.8,VIC,2021
SAL21157,Hazelwood South,289,42,1937,2.7,VIC,2021
SAL21158,Healesville,7589,46,1472,2.4,VIC,2021
SAL21159,Heath Hill,189,45,1449,2.8,VIC,2021
SAL21160,Heathcote (Vic.),2962,57,946,2.0,VIC,2021
SAL21161,Heathcote Junction,811,41,2101,2.9,VIC,2021
SAL21162,Heathcote South,22,58,1541,1.7,VIC,2021
SAL21163,Heatherton,2826,41,2088,2.8,VIC,2021
SAL21164,Heathmere,238,45,1474,2.5,VIC,2021
SAL21165,Heathmont,9933,41,2140,2.7,VIC,2021
SAL21166,Hedley,108,55,1274,2.2,VIC,2021
SAL21167,Heidelberg,7360,39,2012,2.3,VIC,2021
SAL21168,Heidelberg Heights,6758,35,1817,2.3,VIC,2021
SAL21169,Heidelberg West,5252,35,1257,2.3,VIC,2021
SAL21170,Hensley Park,75,40,1649,2.6,VIC,2021
SAL21171,Henty (Vic.),75,57,1375,2.1,VIC,2021
SAL21172,Hepburn,631,52,1256,2.1,VIC,2021
SAL21173,Hepburn Springs,368,58,1232,1.8,VIC,2021
SAL21174,Herne Hill (Vic.),3507,36,1420,2.1,VIC,2021
SAL21175,Hernes Oak,365,38,1894,2.9,VIC,2021
SAL21176,Hesket,178,53,3083,2.6,VIC,2021
SAL21177,Hesse,14,48,1624,2.3,VIC,2021
SAL21178,Hexham (Vic.),130,53,1687,2.6,VIC,2021
SAL21179,Heyfield,2050,47,1007,2.3,VIC,2021
SAL21180,Heytesbury Lower,39,49,1625,2.9,VIC,2021
SAL21181,Heywood,1815,48,1077,2.2,VIC,2021
SAL21182,Hiamdale,36,47,2750,2.6,VIC,2021
SAL21183,Hiawatha,18,55,900,1.6,VIC,2021
SAL21184,High Camp,122,46,2083,2.9,VIC,2021
SAL21185,Highett,12016,40,2119,2.4,VIC,2021
SAL21186,Highlands,151,54,1375,2.2,VIC,2021
SAL21187,Highton,20736,39,2054,2.6,VIC,2021
SAL21188,Hilgay,29,46,2124,3.2,VIC,2021
SAL21189,Hill End (Vic.),171,46,1428,2.5,VIC,2021
SAL21190,Hillcrest (Vic.),99,47,1562,2.3,VIC,2021
SAL21191,Hilldene,330,49,1666,2.7,VIC,2021
SAL21192,Hillside (East Gippsland - Vic.),290,39,1875,2.7,VIC,2021
SAL21193,Hillside (Melton - Vic.),17331,36,2190,3.2,VIC,2021
SAL21194,Hinnomunjie,21,51,1074,2.4,VIC,2021
SAL21195,Hmas Cerberus,1124,21,2323,3.0,VIC,2021
SAL21196,Hoddles Creek,676,46,2092,2.8,VIC,2021
SAL21197,Hollands Landing,28,60,1062,1.5,VIC,2021
SAL21198,Homebush (Vic.),31,48,1062,2.2,VIC,2021
SAL21199,Homerton,36,42,933,3.2,VIC,2021
SAL21200,Homewood,70,42,1166,2.4,VIC,2021
SAL21201,Hopetoun (Vic.),694,56,1120,2.1,VIC,2021
SAL21202,Hopetoun Park,914,38,2562,3.5,VIC,2021
SAL21203,Hoppers Crossing,37216,37,1580,2.8,VIC,2021
SAL21204,Hordern Vale,44,49,725,2.1,VIC,2021
SAL21205,Horfield,93,48,1042,2.4,VIC,2021
SAL21206,Horsham,15134,40,1294,2.2,VIC,2021
SAL21207,Hotham Heights,128,30,2107,2.3,VIC,2021
SAL21208,Hotspur,34,53,899,1.7,VIC,2021
SAL21209,Howes Creek,67,46,1375,2.6,VIC,2021
SAL21210,Howitt Plains,0,0,0,0.0,VIC,2021
SAL21211,Howqua,158,15,1875,2.5,VIC,2021
SAL21212,Howqua Hills,5,79,1749,1.5,VIC,2021
SAL21213,Howqua Inlet,63,54,695,1.8,VIC,2021
SAL21214,Hughesdale,7563,38,2057,2.5,VIC,2021
SAL21215,Humevale,352,43,2266,3.1,VIC,2021
SAL21216,Hunter,23,43,1625,2.8,VIC,2021
SAL21217,Hunterston,20,48,1874,2.4,VIC,2021
SAL21218,Huntingdale (Vic.),1949,35,1996,2.7,VIC,2021
SAL21219,Huntly,3585,32,1882,2.9,VIC,2021
SAL21220,Huntly North,46,38,1562,3.4,VIC,2021
SAL21221,Huon,206,49,1875,2.8,VIC,2021
SAL21222,Huon Creek,320,36,3042,3.2,VIC,2021
SAL21223,Hurstbridge,3554,41,2168,2.8,VIC,2021
SAL21224,Icy Creek,28,53,649,2.0,VIC,2021
SAL21225,Iguana Creek,51,59,1291,2.2,VIC,2021
SAL21226,Illabarook,41,36,1375,2.6,VIC,2021
SAL21227,Illawarra,80,42,1791,2.5,VIC,2021
SAL21228,Illowa,304,47,2083,2.7,VIC,2021
SAL21229,Indented Head,1391,59,1201,2.1,VIC,2021
SAL21230,Indigo Valley,346,47,1875,2.6,VIC,2021
SAL21231,Inglewood (Vic.),886,55,844,2.1,VIC,2021
SAL21232,Ingliston,96,36,2449,3.2,VIC,2021
SAL21233,Invergordon (Vic.),601,41,1577,2.5,VIC,2021
SAL21234,Inverleigh,1746,38,2160,3.0,VIC,2021
SAL21235,Inverloch,6526,54,1286,2.2,VIC,2021
SAL21236,Invermay (Vic.),900,45,2345,3.0,VIC,2021
SAL21237,Invermay Park,1692,50,1775,2.5,VIC,2021
SAL21238,Iona,240,47,1924,2.8,VIC,2021
SAL21239,Iraak,118,39,1291,2.3,VIC,2021
SAL21240,Irishtown (Vic.),16,16,2250,4.0,VIC,2021
SAL21241,Ironbark (Vic.),1163,41,1274,2.1,VIC,2021
SAL21242,Irrewarra,365,47,1583,2.5,VIC,2021
SAL21243,Irrewillipe,100,48,1536,2.3,VIC,2021
SAL21244,Irrewillipe East,84,41,1416,2.6,VIC,2021
SAL21245,Irymple (Vic.),5977,40,1606,2.6,VIC,2021
SAL21246,Ivanhoe (Vic.),13374,40,2232,2.4,VIC,2021
SAL21247,Ivanhoe East,3762,45,2977,2.7,VIC,2021
SAL21248,Jacana,2187,35,1387,2.6,VIC,2021
SAL21249,Jack River,161,47,1325,2.7,VIC,2021
SAL21250,Jackass Flat,1907,28,1805,2.9,VIC,2021
SAL21251,Jacob Creek,28,58,725,1.8,VIC,2021
SAL21252,Jam Jerrup,106,48,1875,2.4,VIC,2021
SAL21253,Jamieson (Vic.),382,62,880,1.9,VIC,2021
SAL21254,Jan Juc,4151,40,2360,2.7,VIC,2021
SAL21255,Jancourt,16,44,1812,2.1,VIC,2021
SAL21256,Jancourt East,185,41,1362,2.5,VIC,2021
SAL21257,Jarklin,49,42,1374,2.9,VIC,2021
SAL21258,Jarrahmond,117,52,1166,2.4,VIC,2021
SAL21259,Jarvis Creek,46,51,1874,2.9,VIC,2021
SAL21260,Jeeralang,76,55,1624,2.3,VIC,2021
SAL21261,Jeeralang Junction,584,49,1875,2.6,VIC,2021
SAL21262,Jeetho,124,50,1774,2.5,VIC,2021
SAL21263,Jeffcott,34,41,1687,3.3,VIC,2021
SAL21264,Jeffcott North,18,37,1125,2.6,VIC,2021
SAL21265,Jeparit,476,56,785,2.1,VIC,2021
SAL21266,Jericho (Vic.),0,0,0,0.0,VIC,2021
SAL21267,Jeruk,6,60,2624,2.5,VIC,2021
SAL21268,Jil Jil,17,39,2750,2.8,VIC,2021
SAL21269,Jindivick,584,49,1835,2.6,VIC,2021
SAL21270,Joel Joel,17,49,1249,2.3,VIC,2021
SAL21271,Joel South,26,39,2250,2.6,VIC,2021
SAL21272,Johanna,85,57,1562,1.8,VIC,2021
SAL21273,Johnsonville,326,58,1007,2.1,VIC,2021
SAL21274,Joyces Creek,20,56,1187,2.3,VIC,2021
SAL21275,Jumbuk,42,50,1062,2.5,VIC,2021
SAL21276,Jumbunna,150,49,1531,2.5,VIC,2021
SAL21277,Junction Village,1051,54,1080,2.2,VIC,2021
SAL21278,Jungaburra,0,66,725,1.0,VIC,2021
SAL21279,Junortoun,3862,43,2170,2.8,VIC,2021
SAL21280,Kaarimba,93,46,1812,2.3,VIC,2021
SAL21281,Kadnook,41,48,1125,2.2,VIC,2021
SAL21282,Kalimna,1350,54,1055,2.2,VIC,2021
SAL21283,Kalimna West,161,57,1149,2.2,VIC,2021
SAL21284,Kalkallo,5548,30,2047,3.2,VIC,2021
SAL21285,Kalkee,48,42,2250,2.9,VIC,2021
SAL21286,Kallista,1418,47,2003,2.5,VIC,2021
SAL21287,Kalorama,1277,43,2087,2.6,VIC,2021
SAL21288,Kalpienung,28,34,2624,3.4,VIC,2021
SAL21289,Kamarooka,89,43,1708,3.0,VIC,2021
SAL21290,Kamarooka North,9,56,2250,3.0,VIC,2021
SAL21291,Kanagulk,28,33,2125,2.7,VIC,2021
SAL21292,Kancoona,74,61,1312,2.2,VIC,2021
SAL21293,Kangaroo Flat (Vic.),11328,44,1144,2.2,VIC,2021
SAL21294,Kangaroo Ground,1208,44,2909,3.1,VIC,2021
SAL21295,Kaniva,891,51,1121,2.1,VIC,2021
SAL21296,Kanumbra,53,56,1125,2.1,VIC,2021
SAL21297,Kanya,17,28,1274,3.0,VIC,2021
SAL21298,Kanyapella,51,54,1781,2.6,VIC,2021
SAL21299,Karabeal,29,55,924,2.3,VIC,2021
SAL21300,Kardella,169,48,1924,2.8,VIC,2021
SAL21301,Kardella South,135,45,1875,2.6,VIC,2021
SAL21302,Kariah,94,45,1875,2.7,VIC,2021
SAL21303,Karnak,9,62,966,1.6,VIC,2021
SAL21304,Karramomus,40,50,1687,2.4,VIC,2021
SAL21305,Karyrie,15,39,2250,2.8,VIC,2021
SAL21306,Katamatite,453,45,1202,2.6,VIC,2021
SAL21307,Katamatite East,30,48,1875,2.4,VIC,2021
SAL21308,Katandra,120,48,1125,2.6,VIC,2021
SAL21309,Katandra West,492,43,1468,2.7,VIC,2021
SAL21310,Katunga,1025,38,1505,2.8,VIC,2021
SAL21311,Kawarren,189,54,1071,2.2,VIC,2021
SAL21312,Kealba,3226,39,1542,2.7,VIC,2021
SAL21313,Keely,57,44,1166,2.4,VIC,2021
SAL21314,Keilor,5906,46,2046,2.7,VIC,2021
SAL21315,Keilor Downs,9857,43,1558,2.8,VIC,2021
SAL21316,Keilor East,15078,43,1911,2.6,VIC,2021
SAL21317,Keilor Lodge,1668,44,2198,2.9,VIC,2021
SAL21318,Keilor North,67,60,1406,2.6,VIC,2021
SAL21319,Keilor Park,2684,44,1468,2.6,VIC,2021
SAL21320,Kellalac,13,53,1875,2.0,VIC,2021
SAL21321,Kelvin View,76,44,2125,2.8,VIC,2021
SAL21322,Kenley,64,35,2562,3.4,VIC,2021
SAL21323,Kenmare (Vic.),3,81,1999,1.7,VIC,2021
SAL21324,Kennedys Creek,44,45,1708,2.4,VIC,2021
SAL21325,Kennett River,74,41,1812,2.3,VIC,2021
SAL21326,Kennington,5880,42,1371,2.2,VIC,2021
SAL21327,Kensington (Vic.),10745,35,2216,2.1,VIC,2021
SAL21328,Kerang,3960,51,1006,2.1,VIC,2021
SAL21329,Kerang East,44,49,1042,2.6,VIC,2021
SAL21330,Kergunyah,232,50,1593,2.4,VIC,2021
SAL21331,Kergunyah South,76,48,1812,2.6,VIC,2021
SAL21332,Kernot,118,44,1875,2.5,VIC,2021
SAL21333,Kerrie,83,56,1791,2.4,VIC,2021
SAL21334,Kerrisdale,86,59,900,2.1,VIC,2021
SAL21335,Kevington,36,60,833,1.6,VIC,2021
SAL21336,Kew (Vic.),24499,41,2497,2.5,VIC,2021
SAL21337,Kew East,6620,41,2490,2.7,VIC,2021
SAL21338,Kewell,57,36,1374,2.7,VIC,2021
SAL21339,Keysborough,30018,36,1991,3.2,VIC,2021
SAL21340,Kialla,8667,38,1998,2.9,VIC,2021
SAL21341,Kialla East,170,40,1850,2.7,VIC,2021
SAL21342,Kialla West,415,43,2017,2.9,VIC,2021
SAL21343,Kiata,64,51,1093,2.3,VIC,2021
SAL21344,Kiewa,483,41,2131,2.8,VIC,2021
SAL21345,Kilcunda,578,55,1412,2.2,VIC,2021
SAL21346,Killara (Glenelg - Vic.),9,28,999,2.0,VIC,2021
SAL21347,Killara (Wodonga - Vic.),1485,31,2273,2.9,VIC,2021
SAL21348,Killarney (Vic.),195,50,2071,2.6,VIC,2021
SAL21349,Killawarra (Vic.),391,48,2087,2.7,VIC,2021
SAL21350,Killingworth (Vic.),156,54,1833,2.3,VIC,2021
SAL21351,Kilmany,165,45,1399,2.5,VIC,2021
SAL21352,Kilmore,9207,40,1549,2.5,VIC,2021
SAL21353,Kilmore East,450,47,1812,2.8,VIC,2021
SAL21354,Kilsyth,11699,38,1649,2.4,VIC,2021
SAL21355,Kilsyth South,2862,42,2328,3.0,VIC,2021
SAL21356,Kimbolton (Vic.),96,55,1375,2.5,VIC,2021
SAL21357,King Valley,87,47,1562,2.6,VIC,2021
SAL21358,Kinglake,1662,43,1737,2.6,VIC,2021
SAL21359,Kinglake Central,413,45,1648,2.8,VIC,2021
SAL21360,Kinglake West,1305,40,1950,2.9,VIC,2021
SAL21361,Kingower,46,60,825,2.0,VIC,2021
SAL21362,Kings Park (Vic.),8203,38,1224,2.9,VIC,2021
SAL21363,Kingsbury,3460,34,1399,2.4,VIC,2021
SAL21364,Kingston (Vic.),190,56,1517,2.2,VIC,2021
SAL21365,Kingsville,3920,37,2195,2.3,VIC,2021
SAL21366,Kinnabulla,26,29,1375,2.4,VIC,2021
SAL21367,Kinypanial,12,49,1375,3.3,VIC,2021
SAL21368,Kirkstall,406,40,1690,2.7,VIC,2021
SAL21369,Kirwans Bridge,134,63,1271,2.1,VIC,2021
SAL21370,Kithbrook,67,55,1125,2.1,VIC,2021
SAL21371,Knebsworth,22,49,2125,2.2,VIC,2021
SAL21372,Knockwood,0,52,1875,1.0,VIC,2021
SAL21373,Knowsley,168,47,1625,2.5,VIC,2021
SAL21374,Knoxfield,7645,41,1762,2.6,VIC,2021
SAL21375,Koallah,28,55,1374,2.0,VIC,2021
SAL21376,Koetong,26,57,1333,2.0,VIC,2021
SAL21377,Kolora,188,47,1812,2.7,VIC,2021
SAL21378,Kongwak,207,48,1625,2.6,VIC,2021
SAL21379,Konongwootong,60,45,1875,2.4,VIC,2021
SAL21380,Koo Wee Rup,4047,34,1782,2.7,VIC,2021
SAL21381,Koo Wee Rup North,47,48,1416,3.0,VIC,2021
SAL21382,Kooloonong,19,44,1375,2.4,VIC,2021
SAL21383,Koonda,26,53,962,2.1,VIC,2021
SAL21384,Koondrook,1101,54,973,2.2,VIC,2021
SAL21385,Koonoomoo,305,51,1408,2.4,VIC,2021
SAL21386,Koonwarra,366,53,1825,2.5,VIC,2021
SAL21387,Kooreh,29,43,2062,2.7,VIC,2021
SAL21388,Koorlong,397,39,2094,2.9,VIC,2021
SAL21389,Koornalla,89,47,1875,2.8,VIC,2021
SAL21390,Kooroocheang,41,45,1583,2.8,VIC,2021
SAL21391,Koorool,0,0,0,0.0,VIC,2021
SAL21392,Koorooman,115,47,2107,2.6,VIC,2021
SAL21393,Kooyong,842,44,3218,2.5,VIC,2021
SAL21394,Koriella,66,59,1833,2.4,VIC,2021
SAL21395,Korobeit,75,53,2874,2.7,VIC,2021
SAL21396,Koroit,2184,41,1466,2.5,VIC,2021
SAL21397,Korong Vale,143,57,575,1.8,VIC,2021
SAL21398,Koroop,63,49,1093,2.5,VIC,2021
SAL21399,Korumburra,4749,47,1175,2.3,VIC,2021
SAL21400,Korumburra South,114,46,1875,2.8,VIC,2021
SAL21401,Korweinguboora,196,48,1531,2.3,VIC,2021
SAL21402,Kotta,134,42,1687,2.9,VIC,2021
SAL21403,Kotupna,132,46,1375,2.4,VIC,2021
SAL21404,Koyuga,355,41,1384,2.7,VIC,2021
SAL21405,Krowera,134,52,1812,2.5,VIC,2021
SAL21406,Kulwin (Vic.),16,59,2374,2.1,VIC,2021
SAL21407,Kunat,45,35,1749,3.6,VIC,2021
SAL21408,Kurraca,5,55,1074,1.5,VIC,2021
SAL21409,Kurraca West,0,51,0,0.0,VIC,2021
SAL21410,Kurting,61,59,900,2.2,VIC,2021
SAL21411,Kurunjang,10711,34,1550,2.8,VIC,2021
SAL21412,Kyabram,7416,46,1174,2.3,VIC,2021
SAL21413,Kyabram South,69,49,769,2.5,VIC,2021
SAL21414,Kyneton,7513,47,1620,2.4,VIC,2021
SAL21415,Kyneton South,116,53,1625,2.6,VIC,2021
SAL21416,Kyvalley,363,41,1421,2.8,VIC,2021
SAL21417,Laanecoorie,179,57,1160,2.1,VIC,2021
SAL21418,Laang,115,44,1958,2.4,VIC,2021
SAL21419,Labertouche,386,43,2076,2.8,VIC,2021
SAL21420,Laceby,304,42,1463,2.7,VIC,2021
SAL21421,Ladys Pass,118,55,1300,2.2,VIC,2021
SAL21422,Laen,4,57,0,4.0,VIC,2021
SAL21423,Laen East,6,54,1375,2.3,VIC,2021
SAL21424,Laen North,14,45,1312,2.5,VIC,2021
SAL21425,Lah,57,42,2166,3.5,VIC,2021
SAL21426,Laharum,162,52,1593,2.4,VIC,2021
SAL21427,Lake Boga,982,45,1416,2.4,VIC,2021
SAL21428,Lake Bolac,368,48,1230,2.3,VIC,2021
SAL21429,Lake Bunga,408,53,1101,2.3,VIC,2021
SAL21430,Lake Charm,147,55,1321,2.5,VIC,2021
SAL21431,Lake Condah,9,66,2124,2.0,VIC,2021
SAL21432,Lake Eildon,3,49,1875,3.5,VIC,2021
SAL21433,Lake Eppalock,0,0,0,0.0,VIC,2021
SAL21434,Lake Fyans,23,47,1625,2.9,VIC,2021
SAL21435,Lake Gardens,1801,51,1534,2.3,VIC,2021
SAL21436,Lake Goldsmith,22,52,749,2.4,VIC,2021
SAL21437,Lake Lonsdale,58,50,1812,2.8,VIC,2021
SAL21438,Lake Marmal,21,61,574,2.0,VIC,2021
SAL21439,Lake Meran,22,55,725,2.1,VIC,2021
SAL21440,Lake Mundi,37,54,2124,2.0,VIC,2021
SAL21441,Lake Powell,86,34,1901,2.6,VIC,2021
SAL21442,Lake Rowan,70,50,1208,2.8,VIC,2021
SAL21443,Lake Tyers,4,54,350,1.0,VIC,2021
SAL21444,Lake Tyers Beach,802,53,1171,2.2,VIC,2021
SAL21445,Lake Tyrrell,0,0,0,0.0,VIC,2021
SAL21446,Lake Wellington,0,0,0,0.0,VIC,2021
SAL21447,Lake Wendouree,2878,53,1953,2.2,VIC,2021
SAL21448,Lake Wongan,3,44,1624,1.5,VIC,2021
SAL21449,Lakes Entrance,5145,55,866,2.1,VIC,2021
SAL21450,Lal Lal,621,42,1804,2.8,VIC,2021
SAL21451,Lalbert,138,52,939,2.1,VIC,2021
SAL21452,Lalor,23219,37,1348,2.8,VIC,2021
SAL21453,Lamplough,49,60,725,1.9,VIC,2021
SAL21454,Lancaster,398,47,1454,2.6,VIC,2021
SAL21455,Lance Creek,143,52,2285,2.8,VIC,2021
SAL21456,Lancefield,2743,41,1838,2.6,VIC,2021
SAL21457,Landsborough (Vic.),200,51,1125,2.5,VIC,2021
SAL21458,Landsborough West,49,42,1312,2.8,VIC,2021
SAL21459,Lang Lang,2556,34,1807,2.7,VIC,2021
SAL21460,Lang Lang East,94,49,2250,2.8,VIC,2021
SAL21461,Langdons Hill,23,64,1437,2.2,VIC,2021
SAL21462,Langi Kal Kal,336,49,1125,1.9,VIC,2021
SAL21463,Langi Logan,23,59,2124,2.3,VIC,2021
SAL21464,Langkoop,100,42,1031,2.4,VIC,2021
SAL21465,Langley,52,54,2100,2.4,VIC,2021
SAL21466,Langsborough,100,54,1031,2.2,VIC,2021
SAL21467,Langwarrin,23588,38,1919,2.7,VIC,2021
SAL21468,Langwarrin South,1346,42,2773,3.3,VIC,2021
SAL21469,Lara,19014,37,1969,2.7,VIC,2021
SAL21470,Lardner,110,54,1792,2.2,VIC,2021
SAL21471,Larpent,200,43,1593,2.6,VIC,2021
SAL21472,Lascelles,82,47,1687,2.6,VIC,2021
SAL21473,Launching Place,2495,38,1830,2.7,VIC,2021
SAL21474,Lauriston,247,47,2068,2.6,VIC,2021
SAL21475,Lavers Hill,87,44,1375,2.1,VIC,2021
SAL21476,Laverton (Vic.),4760,32,1512,2.5,VIC,2021
SAL21477,Laverton North,119,56,669,1.4,VIC,2021
SAL21478,Lawler,16,50,2250,4.0,VIC,2021
SAL21479,Lawloit,14,53,2874,2.4,VIC,2021
SAL21480,Lawrence (Vic.),8,74,574,1.2,VIC,2021
SAL21481,Leaghur,20,53,1874,1.8,VIC,2021
SAL21482,Learmonth (Vic.),396,45,1520,2.5,VIC,2021
SAL21483,Ledcourt,43,61,1374,2.0,VIC,2021
SAL21484,Leichardt,167,38,2312,3.3,VIC,2021
SAL21485,Leigh Creek (Vic.),65,47,1375,2.4,VIC,2021
SAL21486,Leitchville,576,50,1044,2.3,VIC,2021
SAL21487,Lemnos,251,46,1483,2.8,VIC,2021
SAL21488,Leneva,1317,33,2305,3.0,VIC,2021
SAL21489,Leonards Hill,47,45,1083,1.9,VIC,2021
SAL21490,Leongatha,5869,45,1183,2.3,VIC,2021
SAL21491,Leongatha North,141,48,1850,2.6,VIC,2021
SAL21492,Leongatha South,616,44,1792,2.8,VIC,2021
SAL21493,Leopold,13272,41,1589,2.5,VIC,2021
SAL21494,Lerderderg,0,66,1875,2.0,VIC,2021
SAL21495,Leslie Manor,66,36,1583,2.6,VIC,2021
SAL21496,Lethbridge,1181,38,1955,2.9,VIC,2021
SAL21497,Lexton,284,47,1160,2.3,VIC,2021
SAL21498,Licola,7,63,749,1.0,VIC,2021
SAL21499,Licola North,9,60,225,1.3,VIC,2021
SAL21500,Lillico (Vic.),94,42,2125,3.3,VIC,2021
SAL21501,Lillicur,85,58,1125,2.3,VIC,2021
SAL21502,Lillimur,112,43,1875,2.6,VIC,2021
SAL21503,Lilliput,84,36,1875,3.0,VIC,2021
SAL21504,Lilydale (Vic.),17348,40,1764,2.5,VIC,2021
SAL21505,Lima,92,52,1350,2.4,VIC,2021
SAL21506,Lima East,165,53,1069,2.2,VIC,2021
SAL21507,Lima South,142,47,1604,2.6,VIC,2021
SAL21508,Limestone (Vic.),121,59,1687,2.5,VIC,2021
SAL21509,Lindenow,527,43,1292,2.5,VIC,2021
SAL21510,Lindenow South,475,44,1413,2.6,VIC,2021
SAL21511,Lindsay,9,24,1625,4.0,VIC,2021
SAL21512,Lindsay Point,32,47,2750,2.6,VIC,2021
SAL21513,Linga,13,57,1187,3.0,VIC,2021
SAL21514,Linton,635,48,1148,2.2,VIC,2021
SAL21515,Liparoo,33,34,1812,2.7,VIC,2021
SAL21516,Lismore (Vic.),472,52,883,2.0,VIC,2021
SAL21517,Litchfield,36,54,1416,2.1,VIC,2021
SAL21518,Little Desert,5,63,2750,2.0,VIC,2021
SAL21519,Little Hampton,74,53,1375,2.1,VIC,2021
SAL21520,Little River (Vic.),1353,42,2005,3.0,VIC,2021
SAL21521,Llanelly,62,51,1812,2.3,VIC,2021
SAL21522,Llowalong,42,38,1875,2.5,VIC,2021
SAL21523,Loch,707,50,1526,2.5,VIC,2021
SAL21524,Loch Sport,1021,63,674,1.7,VIC,2021
SAL21525,Loch Valley,0,62,0,0.0,VIC,2021
SAL21526,Lockington,850,47,1268,2.4,VIC,2021
SAL21527,Locksley (Vic.),131,49,2650,2.6,VIC,2021
SAL21528,Lockwood,806,46,1800,2.8,VIC,2021
SAL21529,Lockwood South,1052,41,2112,3.0,VIC,2021
SAL21530,Loddon Vale,24,65,1041,2.2,VIC,2021
SAL21531,Logan,59,43,1312,2.5,VIC,2021
SAL21532,Londrigan,159,50,1624,2.5,VIC,2021
SAL21533,Long Forest,343,44,2437,3.1,VIC,2021
SAL21534,Long Gully,3420,38,989,2.2,VIC,2021
SAL21535,Longerenong,237,32,1305,2.6,VIC,2021
SAL21536,Longford (Vic.),1489,40,2024,2.9,VIC,2021
SAL21537,Longlea,570,43,2203,2.9,VIC,2021
SAL21538,Longwarry,2436,34,1464,2.6,VIC,2021
SAL21539,Longwarry North,230,55,883,2.2,VIC,2021
SAL21540,Longwood (Vic.),263,52,1111,2.3,VIC,2021
SAL21541,Longwood East,131,59,1375,1.7,VIC,2021
SAL21542,Lorne (Vic.),1327,56,1525,2.1,VIC,2021
SAL21543,Lorquon,8,70,3750,2.3,VIC,2021
SAL21544,Lovely Banks,2782,37,1991,2.9,VIC,2021
SAL21545,Lower Moira,30,59,1062,2.0,VIC,2021
SAL21546,Lower Norton,236,45,2295,2.8,VIC,2021
SAL21547,Lower Plenty,3962,45,2160,2.5,VIC,2021
SAL21548,Loy Yang,7,27,0,0.0,VIC,2021
SAL21549,Lubeck,40,56,1416,2.2,VIC,2021
SAL21550,Lucas,2994,32,1956,2.8,VIC,2021
SAL21551,Lucknow (Vic.),1439,43,1361,2.4,VIC,2021
SAL21552,Lucyvale,25,46,1125,3.0,VIC,2021
SAL21553,Lurg,220,52,1593,2.6,VIC,2021
SAL21554,Lynbrook,9121,33,2212,3.5,VIC,2021
SAL21555,Lyndhurst (Vic.),8926,33,2446,3.5,VIC,2021
SAL21556,Lyons (Vic.),31,51,1437,2.1,VIC,2021
SAL21557,Lyonville,189,54,1410,2.1,VIC,2021
SAL21558,Lysterfield,6681,41,2754,3.2,VIC,2021
SAL21559,Lysterfield South,994,44,3223,3.4,VIC,2021
SAL21560,Macarthur (Vic.),469,51,1059,2.2,VIC,2021
SAL21561,Macclesfield (Vic.),878,49,2267,2.8,VIC,2021
SAL21562,Macedon,2073,44,2353,2.8,VIC,2021
SAL21563,Macks Creek,35,43,2583,2.8,VIC,2021
SAL21564,Macleod (Vic.),9892,41,1966,2.5,VIC,2021
SAL21565,Macorna,67,52,1416,2.0,VIC,2021
SAL21566,Macorna North,31,29,1374,2.8,VIC,2021
SAL21567,Macs Cove,121,56,933,1.7,VIC,2021
SAL21568,Madalya,21,59,1406,1.8,VIC,2021
SAL21569,Maddingley,5491,33,1923,2.7,VIC,2021
SAL21570,Mafeking,20,58,1625,2.1,VIC,2021
SAL21571,Maffra (Vic.),5384,42,1285,2.3,VIC,2021
SAL21572,Maffra West Upper,73,49,1593,2.5,VIC,2021
SAL21573,Magpie,368,48,2097,2.9,VIC,2021
SAL21574,Maiden Gully,5407,37,2209,3.1,VIC,2021
SAL21575,Maidstone,9389,34,1916,2.5,VIC,2021
SAL21576,Mailors Flat,490,35,2073,3.0,VIC,2021
SAL21577,Main Lead,42,53,1062,2.1,VIC,2021
SAL21578,Main Ridge,453,56,2166,2.2,VIC,2021
SAL21579,Maindample,239,43,1437,2.6,VIC,2021
SAL21580,Maintongoon,75,48,1187,2.4,VIC,2021
SAL21581,Major Plains,36,58,1624,2.4,VIC,2021
SAL21582,Majorca,198,54,812,2.2,VIC,2021
SAL21583,Maldon (Vic.),1665,60,1059,1.9,VIC,2021
SAL21584,Mallacoota,1183,59,1031,2.0,VIC,2021
SAL21585,Malmsbury,905,45,1636,2.4,VIC,2021
SAL21586,Malvern (Vic.),9929,44,2606,2.3,VIC,2021
SAL21587,Malvern East,22296,38,2383,2.5,VIC,2021
SAL21588,Mambourin,315,30,2359,3.0,VIC,2021
SAL21589,Manangatang,274,53,1233,2.2,VIC,2021
SAL21590,Mandurang,753,44,2279,2.9,VIC,2021
SAL21591,Mandurang South,280,44,2363,2.9,VIC,2021
SAL21592,Mangalore (Vic.),183,51,2042,2.4,VIC,2021
SAL21593,Manifold Heights,2681,39,1820,2.4,VIC,2021
SAL21594,Mannerim,108,50,2833,2.8,VIC,2021
SAL21595,Mannibadar,65,48,1437,2.3,VIC,2021
SAL21596,Manns Beach,29,65,949,1.8,VIC,2021
SAL21597,Manor Lakes,12675,31,2296,3.3,VIC,2021
SAL21598,Manorina,7,64,649,1.5,VIC,2021
SAL21599,Mansfield (Vic.),5541,47,1356,2.3,VIC,2021
SAL21600,Maramingo Creek,6,66,299,1.3,VIC,2021
SAL21601,Marcus Hill,164,48,2374,2.9,VIC,2021
SAL21602,Mardan,248,50,1649,2.6,VIC,2021
SAL21603,Marengo (Vic.),272,59,1292,2.1,VIC,2021
SAL21604,Maribyrnong,12573,36,2020,2.4,VIC,2021
SAL21605,Marionvale,116,45,1312,2.6,VIC,2021
SAL21606,Markwood,230,55,1343,2.1,VIC,2021
SAL21607,Marlbed,6,33,2750,4.0,VIC,2021
SAL21608,Marlo,602,56,1383,2.1,VIC,2021
SAL21609,Marnoo,99,52,900,2.1,VIC,2021
SAL21610,Marnoo East,6,57,1749,1.5,VIC,2021
SAL21611,Marnoo West,11,57,1875,1.9,VIC,2021
SAL21612,Marong,2005,31,1989,3.0,VIC,2021
SAL21613,Maroona,80,48,1874,2.5,VIC,2021
SAL21614,Marraweeney,77,49,1375,2.6,VIC,2021
SAL21615,Marshall,2299,43,1154,2.1,VIC,2021
SAL21616,Marthavale,0,0,0,0.0,VIC,2021
SAL21617,Marungi,98,53,1100,2.1,VIC,2021
SAL21618,Maryborough (Vic.),8160,51,876,2.1,VIC,2021
SAL21619,Maryknoll,646,39,2352,3.1,VIC,2021
SAL21620,Marysville,501,59,1078,2.0,VIC,2021
SAL21621,Maryvale (Vic.),43,55,900,2.6,VIC,2021
SAL21622,Massey,23,43,933,2.2,VIC,2021
SAL21623,Matlock,7,54,687,1.5,VIC,2021
SAL21624,Maude (Vic.),211,42,2214,3.3,VIC,2021
SAL21625,McCrae,3311,55,1433,2.3,VIC,2021
SAL21626,McIntyre,47,62,749,1.8,VIC,2021
SAL21627,McKenzie Creek,140,46,1642,2.7,VIC,2021
SAL21628,McKenzie Hill,775,47,1477,2.3,VIC,2021
SAL21629,McKinnon,6878,40,2410,2.8,VIC,2021
SAL21630,McLoughlins Beach,121,61,792,1.8,VIC,2021
SAL21631,McMahons Creek,143,45,1017,2.1,VIC,2021
SAL21632,McMillans,87,38,1468,2.9,VIC,2021
SAL21633,Mead,102,40,1343,2.6,VIC,2021
SAL21634,Meadow Creek,112,43,1437,2.6,VIC,2021
SAL21635,Meadow Heights,14890,34,1274,3.3,VIC,2021
SAL21636,Meatian,19,35,2249,2.8,VIC,2021
SAL21637,Meeniyan,840,42,1326,2.4,VIC,2021
SAL21638,Meering West,12,49,3249,2.3,VIC,2021
SAL21639,Meerlieu,90,54,1583,2.7,VIC,2021
SAL21640,Melbourne,54941,29,1448,1.7,VIC,2021
SAL21641,Melbourne Airport,64,37,0,2.0,VIC,2021
SAL21642,Melton (Vic.),7953,40,1058,2.4,VIC,2021
SAL21643,Melton South,11362,35,1209,2.6,VIC,2021
SAL21644,Melton West,8784,36,1450,2.8,VIC,2021
SAL21645,Melville Forest,63,36,1187,2.7,VIC,2021
SAL21646,Melwood,17,59,900,2.0,VIC,2021
SAL21647,Mena Park,32,48,1624,2.0,VIC,2021
SAL21648,Mentone,13197,42,1889,2.3,VIC,2021
SAL21649,Menzies Creek,966,44,2336,2.9,VIC,2021
SAL21650,Mepunga,36,45,2083,2.5,VIC,2021
SAL21651,Mepunga East,73,39,2666,2.9,VIC,2021
SAL21652,Mepunga West,83,30,2374,2.8,VIC,2021
SAL21653,Merbein,2770,44,1147,2.3,VIC,2021
SAL21654,Merbein South,407,43,1571,2.8,VIC,2021
SAL21655,Merbein West,223,42,1312,2.6,VIC,2021
SAL21656,Meredith,821,45,1638,2.6,VIC,2021
SAL21657,Meringur,70,51,849,2.0,VIC,2021
SAL21658,Merino,249,58,769,1.9,VIC,2021
SAL21659,Mernda,23369,33,2011,3.0,VIC,2021
SAL21660,Merriang,182,47,1850,2.7,VIC,2021
SAL21661,Merriang South,43,44,2416,2.4,VIC,2021
SAL21662,Merricks,184,57,2750,2.2,VIC,2021
SAL21663,Merricks Beach,157,62,1465,2.0,VIC,2021
SAL21664,Merricks North,423,54,2416,2.6,VIC,2021
SAL21665,Merrigum,679,47,1030,2.3,VIC,2021
SAL21666,Merrijig (East Gippsland - Vic.),0,0,0,0.0,VIC,2021
SAL21667,Merrijig (Mansfield - Vic.),721,32,1762,2.3,VIC,2021
SAL21668,Merrimu,397,39,2441,3.3,VIC,2021
SAL21669,Merrinee,42,39,1312,2.7,VIC,2021
SAL21670,Merton,216,53,1091,2.3,VIC,2021
SAL21671,Metcalfe,190,52,1485,2.2,VIC,2021
SAL21672,Metcalfe East,25,60,2749,2.2,VIC,2021
SAL21673,Metung,1899,60,1219,2.1,VIC,2021
SAL21674,Mia Mia (Vic.),213,52,1237,2.2,VIC,2021
SAL21675,Mickleham,17452,29,1968,3.3,VIC,2021
SAL21676,Middle Creek,22,60,1187,2.1,VIC,2021
SAL21677,Middle Park (Vic.),4000,45,2836,2.3,VIC,2021
SAL21678,Middle Tarwin,91,41,1937,2.7,VIC,2021
SAL21679,Miepoll,223,43,1140,2.6,VIC,2021
SAL21680,Miga Lake,33,38,1875,3.0,VIC,2021
SAL21681,Milawa,588,47,1674,2.6,VIC,2021
SAL21682,Mildura,34565,39,1295,2.4,VIC,2021
SAL21683,Mill Park,28712,40,1735,2.7,VIC,2021
SAL21684,Millbrook (Vic.),180,44,2333,2.8,VIC,2021
SAL21685,Millgrove,1666,40,1201,2.3,VIC,2021
SAL21686,Milloo,37,39,1958,2.3,VIC,2021
SAL21687,Milltown,46,54,949,2.0,VIC,2021
SAL21688,Milnes Bridge,31,35,1312,3.1,VIC,2021
SAL21689,Mincha,62,52,1375,2.5,VIC,2021
SAL21690,Mincha West,16,29,1374,1.6,VIC,2021
SAL21691,Miners Rest,3829,33,1983,2.8,VIC,2021
SAL21692,Mingay,44,39,2583,2.4,VIC,2021
SAL21693,Minhamite,106,34,1857,3.1,VIC,2021
SAL21694,Minimay,64,49,1624,2.2,VIC,2021
SAL21695,Mininera,51,47,1812,2.2,VIC,2021
SAL21696,Minjah,65,32,1687,2.8,VIC,2021
SAL21697,Minmindie,13,21,1625,4.0,VIC,2021
SAL21698,Minyip,525,57,894,2.1,VIC,2021
SAL21699,Miowera,0,0,0,0.0,VIC,2021
SAL21700,Miralie,0,0,0,0.0,VIC,2021
SAL21701,Miram,36,52,3125,2.5,VIC,2021
SAL21702,Mirboo,334,54,1226,2.2,VIC,2021
SAL21703,Mirboo North,2263,48,1223,2.4,VIC,2021
SAL21704,Mirimbah,0,0,0,0.0,VIC,2021
SAL21705,Mirranatwa,31,36,941,2.2,VIC,2021
SAL21706,Mitcham (Vic.),16795,39,2030,2.5,VIC,2021
SAL21707,Mitchell Park (Vic.),887,37,1332,2.5,VIC,2021
SAL21708,Mitchellstown,71,40,1874,2.2,VIC,2021
SAL21709,Mitiamo,116,50,982,2.1,VIC,2021
SAL21710,Mitre,66,46,1416,2.5,VIC,2021
SAL21711,Mitta Mitta,171,56,1481,2.3,VIC,2021
SAL21712,Mittyack,12,64,1374,1.8,VIC,2021
SAL21713,Mockinya,30,41,2250,3.8,VIC,2021
SAL21714,Modella,169,44,2218,2.7,VIC,2021
SAL21715,Modewarre,277,44,2250,2.9,VIC,2021
SAL21716,Moe,9375,46,902,2.0,VIC,2021
SAL21717,Moe South,529,47,2055,2.8,VIC,2021
SAL21718,Moggs Creek,120,54,2062,2.3,VIC,2021
SAL21719,Moglonemby,28,58,1125,2.0,VIC,2021
SAL21720,Mokepilly,6,25,2250,6.0,VIC,2021
SAL21721,Molesworth (Vic.),91,61,1249,2.1,VIC,2021
SAL21722,Moliagul,80,53,1024,2.1,VIC,2021
SAL21723,Molka,34,54,1374,2.0,VIC,2021
SAL21724,Mollongghip,105,45,2250,2.6,VIC,2021
SAL21725,Mologa,20,53,1624,2.3,VIC,2021
SAL21726,Molyullah,160,50,1291,2.3,VIC,2021
SAL21727,Monbulk,3651,41,1722,2.7,VIC,2021
SAL21728,Monegeetta,207,41,2222,2.9,VIC,2021
SAL21729,Mongans Bridge,49,47,1375,2.2,VIC,2021
SAL21730,Monomak,0,0,0,0.0,VIC,2021
SAL21731,Monomeith,69,48,1625,2.7,VIC,2021
SAL21732,Mont Albert,4948,42,2324,2.5,VIC,2021
SAL21733,Mont Albert North,5609,43,2184,2.7,VIC,2021
SAL21734,Montgomery,65,37,900,3.1,VIC,2021
SAL21735,Montmorency,9250,41,2076,2.5,VIC,2021
SAL21736,Montrose (Vic.),6900,41,2088,2.8,VIC,2021
SAL21737,Moolap,1825,59,1279,2.3,VIC,2021
SAL21738,Moolerr,23,54,1812,2.1,VIC,2021
SAL21739,Moolort,44,44,2250,2.5,VIC,2021
SAL21740,Moonambel,185,61,955,2.1,VIC,2021
SAL21741,Moondarra,49,42,1937,2.9,VIC,2021
SAL21742,Moonee Ponds,16224,38,2111,2.2,VIC,2021
SAL21743,Moonlight Flat (Central Goldfields - Vic.),85,52,900,2.3,VIC,2021
SAL21744,Moonlight Flat (Mount Alexander - Vic.),81,51,1625,2.4,VIC,2021
SAL21745,Moora (Vic.),32,43,2125,2.8,VIC,2021
SAL21746,Moorabbin,6287,39,2031,2.5,VIC,2021
SAL21747,Moorabbin Airport,26,22,0,3.0,VIC,2021
SAL21748,Moorabool,94,40,1583,2.5,VIC,2021
SAL21749,Mooralla,79,45,1562,2.7,VIC,2021
SAL21750,Moorilim,25,35,2499,2.6,VIC,2021
SAL21751,Moormbool West,43,53,1166,2.0,VIC,2021
SAL21752,Moornapa,5,69,474,1.3,VIC,2021
SAL21753,Moorngag,75,55,1625,2.4,VIC,2021
SAL21754,Moorooduc,1004,48,2256,2.8,VIC,2021
SAL21755,Mooroolbark,23059,37,1994,2.8,VIC,2021
SAL21756,Mooroopna,8312,43,1121,2.2,VIC,2021
SAL21757,Mooroopna North,144,37,1416,2.9,VIC,2021
SAL21758,Mooroopna North West,67,52,1625,2.5,VIC,2021
SAL21759,Moranding,193,45,2549,3.0,VIC,2021
SAL21760,Mordialloc,8886,40,2037,2.4,VIC,2021
SAL21761,Morgiana,29,36,1812,2.2,VIC,2021
SAL21762,Moriac,852,38,2486,3.1,VIC,2021
SAL21763,Mornington (Vic.),25759,50,1451,2.3,VIC,2021
SAL21764,Moroka,0,0,0,0.0,VIC,2021
SAL21765,Morrisons,118,48,1437,2.3,VIC,2021
SAL21766,Morrl Morrl,0,63,1375,2.0,VIC,2021
SAL21767,Mortlake (Vic.),1477,49,984,2.2,VIC,2021
SAL21768,Morton Plains,10,49,1625,2.7,VIC,2021
SAL21769,Morwell,14389,43,942,2.2,VIC,2021
SAL21770,Mossiface,138,50,1449,2.6,VIC,2021
SAL21771,Mount Alfred,39,40,1562,2.7,VIC,2021
SAL21772,Mount Beauty,910,48,994,2.0,VIC,2021
SAL21773,Mount Beckworth,15,38,949,2.5,VIC,2021
SAL21774,Mount Best,46,58,1062,1.7,VIC,2021
SAL21775,Mount Bolton,29,60,1416,2.1,VIC,2021
SAL21776,Mount Bruno,47,59,1562,2.1,VIC,2021
SAL21777,Mount Buffalo,5,30,2250,2.0,VIC,2021
SAL21778,Mount Buller,333,27,1774,2.0,VIC,2021
SAL21779,Mount Burnett,180,42,2166,3.0,VIC,2021
SAL21780,Mount Bute,61,40,1656,2.7,VIC,2021
SAL21781,Mount Camel,136,56,1483,2.0,VIC,2021
SAL21782,Mount Cameron,15,55,1125,2.4,VIC,2021
SAL21783,Mount Clear,3671,37,1462,2.5,VIC,2021
SAL21784,Mount Cole,21,65,724,1.9,VIC,2021
SAL21785,Mount Cole Creek,10,57,1375,2.0,VIC,2021
SAL21786,Mount Cottrell,496,41,1542,3.0,VIC,2021
SAL21787,Mount Dandenong,1271,45,2055,2.6,VIC,2021
SAL21788,Mount Doran,118,53,1520,2.2,VIC,2021
SAL21789,Mount Dryden,8,51,4249,2.5,VIC,2021
SAL21790,Mount Duneed,6182,32,2274,2.8,VIC,2021
SAL21791,Mount Eccles,139,47,1625,2.7,VIC,2021
SAL21792,Mount Egerton,706,43,1819,2.5,VIC,2021
SAL21793,Mount Eliza,18734,45,2547,2.8,VIC,2021
SAL21794,Mount Emu,28,26,1562,2.8,VIC,2021
SAL21795,Mount Evelyn,9799,38,2045,2.8,VIC,2021
SAL21796,Mount Franklin,99,49,2583,2.5,VIC,2021
SAL21797,Mount Glasgow,92,52,1199,2.2,VIC,2021
SAL21798,Mount Helen,3011,36,2076,2.8,VIC,2021
SAL21799,Mount Hooghly,18,48,1416,2.6,VIC,2021
SAL21800,Mount Lonarch,44,50,1062,2.3,VIC,2021
SAL21801,Mount Macedon,1450,48,2647,2.6,VIC,2021
SAL21802,Mount Major,10,39,2749,2.3,VIC,2021
SAL21803,Mount Martha,19846,46,2097,2.7,VIC,2021
SAL21804,Mount Mercer,94,45,1958,3.0,VIC,2021
SAL21805,Mount Moriac,251,42,2463,3.0,VIC,2021
SAL21806,Mount Napier,16,31,2149,3.0,VIC,2021
SAL21807,Mount Pleasant (Vic.),2225,35,1350,2.3,VIC,2021
SAL21808,Mount Prospect,41,53,1937,2.3,VIC,2021
SAL21809,Mount Richmond,42,45,1958,2.7,VIC,2021
SAL21810,Mount Rowan,295,50,1528,2.6,VIC,2021
SAL21811,Mount Sabine,0,0,0,0.0,VIC,2021
SAL21812,Mount Tassie,0,0,0,0.0,VIC,2021
SAL21813,Mount Taylor,330,42,1764,2.6,VIC,2021
SAL21814,Mount Toolebewong,119,45,1375,2.4,VIC,2021
SAL21815,Mount Wallace,117,46,1600,2.7,VIC,2021
SAL21816,Mount Waverley,35340,40,2066,2.7,VIC,2021
SAL21817,Mountain Bay,54,61,966,1.9,VIC,2021
SAL21818,Mountain View (Vic.),85,45,1562,2.6,VIC,2021
SAL21819,Moutajup,108,37,2094,2.7,VIC,2021
SAL21820,Moyhu,437,48,1359,2.4,VIC,2021
SAL21821,Moyreisk,31,55,899,2.6,VIC,2021
SAL21822,Moyston,403,49,1260,2.5,VIC,2021
SAL21823,Muckatah,170,36,1791,2.9,VIC,2021
SAL21824,Muckleford,426,46,1848,2.6,VIC,2021
SAL21825,Muckleford South,33,55,1333,2.3,VIC,2021
SAL21826,Mudgegonga,184,56,1583,2.2,VIC,2021
SAL21827,Mulgrave (Vic.),19889,40,1913,2.8,VIC,2021
SAL21828,Mumbannar,100,57,1781,2.3,VIC,2021
SAL21829,Mundoona,138,46,1359,2.5,VIC,2021
SAL21830,Munro,167,53,1357,2.4,VIC,2021
SAL21831,Muntham,29,39,2083,2.8,VIC,2021
SAL21832,Murchison (Vic.),884,50,952,2.2,VIC,2021
SAL21833,Murchison East,140,60,900,1.7,VIC,2021
SAL21834,Murchison North,185,49,2042,2.7,VIC,2021
SAL21835,Murgheboluc,132,45,2849,3.1,VIC,2021
SAL21836,Murmungee,69,54,1687,2.2,VIC,2021
SAL21837,Murnungin,14,59,1625,2.2,VIC,2021
SAL21838,Murphys Creek (Vic.),46,47,1375,2.8,VIC,2021
SAL21839,Murra Warra,63,32,1916,3.1,VIC,2021
SAL21840,Murrabit,230,52,1036,2.3,VIC,2021
SAL21841,Murrabit West,41,39,1624,2.8,VIC,2021
SAL21842,Murrawee,126,41,1562,2.7,VIC,2021
SAL21843,Murray-sunset,8,53,1125,1.3,VIC,2021
SAL21844,Murraydale,105,48,2062,2.6,VIC,2021
SAL21845,Murrayville,278,50,1102,2.1,VIC,2021
SAL21846,Murrindal,8,61,1374,2.0,VIC,2021
SAL21847,Murrindindi,114,60,1474,2.0,VIC,2021
SAL21848,Murroon,95,48,1624,2.6,VIC,2021
SAL21849,Murrumbeena,9996,37,2057,2.4,VIC,2021
SAL21850,Murtoa,897,48,1007,2.2,VIC,2021
SAL21851,Musk,177,61,1125,2.0,VIC,2021
SAL21852,Musk Vale,170,48,1410,2.5,VIC,2021
SAL21853,Muskerry,59,43,1687,2.2,VIC,2021
SAL21854,Myall (Buloke - Vic.),17,49,1374,3.2,VIC,2021
SAL21855,Myall (Gannawarra - Vic.),98,51,1125,2.5,VIC,2021
SAL21856,Myamyn,64,52,1062,2.4,VIC,2021
SAL21857,Myers Flat,545,50,1525,2.5,VIC,2021
SAL21858,Myola (Vic.),7,62,3750,2.3,VIC,2021
SAL21859,Myrniong,387,46,2374,2.7,VIC,2021
SAL21860,Myrrhee,168,49,1531,2.3,VIC,2021
SAL21861,Myrtle Creek (Vic.),68,50,1292,2.6,VIC,2021
SAL21862,Myrtlebank,126,51,1874,2.7,VIC,2021
SAL21863,Myrtleford,3285,50,1143,2.2,VIC,2021
SAL21864,Mysia,26,46,1062,2.5,VIC,2021
SAL21865,Mystic Park,212,55,1138,2.3,VIC,2021
SAL21866,Mywee,20,52,1124,2.1,VIC,2021
SAL21867,Nagambie,2254,51,1144,2.1,VIC,2021
SAL21868,Nalangil,72,43,1708,2.9,VIC,2021
SAL21869,Nalinga,22,52,2125,1.9,VIC,2021
SAL21870,Nambrok,280,39,1625,2.4,VIC,2021
SAL21871,Nandaly,30,59,1062,1.6,VIC,2021
SAL21872,Nangana,54,41,1875,3.1,VIC,2021
SAL21873,Nangeela,17,48,1125,2.3,VIC,2021
SAL21874,Nangiloc,153,44,924,2.1,VIC,2021
SAL21875,Nanneella,425,36,1818,3.0,VIC,2021
SAL21876,Nap Nap Marra,0,0,0,0.0,VIC,2021
SAL21877,Napoleons,555,47,1718,2.8,VIC,2021
SAL21878,Nar Nar Goon,1023,41,1664,2.7,VIC,2021
SAL21879,Nar Nar Goon North,819,44,2116,2.9,VIC,2021
SAL21880,Narbethong,201,51,1542,2.2,VIC,2021
SAL21881,Nareeb,48,42,2749,2.9,VIC,2021
SAL21882,Nareen,79,41,1625,2.5,VIC,2021
SAL21883,Nareewillock,24,50,1374,2.7,VIC,2021
SAL21884,Nariel Valley,87,52,1562,2.5,VIC,2021
SAL21885,Naring,122,38,1792,2.9,VIC,2021
SAL21886,Naringal,124,40,1781,2.4,VIC,2021
SAL21887,Naringal East,96,39,2083,2.9,VIC,2021
SAL21888,Naroghid,66,48,1874,2.2,VIC,2021
SAL21889,Narracan,262,48,1362,2.4,VIC,2021
SAL21890,Narraport,50,36,1812,3.1,VIC,2021
SAL21891,Narrapumelap South,31,44,1792,2.6,VIC,2021
SAL21892,Narrawong,462,45,1816,2.6,VIC,2021
SAL21893,Narre Warren,27689,35,1741,2.9,VIC,2021
SAL21894,Narre Warren East,434,42,2550,3.2,VIC,2021
SAL21895,Narre Warren North,8033,42,2634,3.4,VIC,2021
SAL21896,Narre Warren South,30909,34,2158,3.4,VIC,2021
SAL21897,Narrung (Vic.),24,35,1333,3.0,VIC,2021
SAL21898,Nathalia,1982,47,1169,2.3,VIC,2021
SAL21899,Natimuk,548,54,1269,2.1,VIC,2021
SAL21900,Natte Yallock,89,51,1458,2.3,VIC,2021
SAL21901,Natya,40,49,2583,2.5,VIC,2021
SAL21902,Navarre,99,54,814,2.2,VIC,2021
SAL21903,Navigators,276,44,1812,2.9,VIC,2021
SAL21904,Nayook,70,56,1062,2.1,VIC,2021
SAL21905,Neds Corner,3,56,2124,2.0,VIC,2021
SAL21906,Neereman,23,53,2250,2.7,VIC,2021
SAL21907,Neerim,218,53,1401,2.5,VIC,2021
SAL21908,Neerim East,196,47,1583,2.4,VIC,2021
SAL21909,Neerim Junction,139,53,1312,2.2,VIC,2021
SAL21910,Neerim North,41,40,1125,2.5,VIC,2021
SAL21911,Neerim South,1599,47,1359,2.5,VIC,2021
SAL21912,Neilborough,379,53,1534,2.5,VIC,2021
SAL21913,Nelse,0,0,0,0.0,VIC,2021
SAL21914,Nelson (Vic.),191,60,1104,1.8,VIC,2021
SAL21915,Nerrena,238,46,1731,2.7,VIC,2021
SAL21916,Nerrin Nerrin,48,34,2250,2.9,VIC,2021
SAL21917,Nerrina,970,42,2405,2.7,VIC,2021
SAL21918,Nerring,14,31,2750,3.3,VIC,2021
SAL21919,Netherby (Vic.),111,38,1292,2.6,VIC,2021
SAL21920,Neuarpurr,56,32,2250,2.7,VIC,2021
SAL21921,New Gisborne,2509,41,2279,2.9,VIC,2021
SAL21922,Newborough,6886,43,1165,2.2,VIC,2021
SAL21923,Newbridge (Vic.),171,58,1041,2.0,VIC,2021
SAL21924,Newbury,84,55,1562,2.2,VIC,2021
SAL21925,Newcomb,4704,40,1148,2.1,VIC,2021
SAL21926,Newfield,59,49,1812,2.4,VIC,2021
SAL21927,Newham,533,47,1958,2.5,VIC,2021
SAL21928,Newhaven,547,59,1328,2.2,VIC,2021
SAL21929,Newington (Vic.),1844,39,1695,2.4,VIC,2021
SAL21930,Newlands Arm,866,60,1143,2.2,VIC,2021
SAL21931,Newlyn,136,47,1375,2.5,VIC,2021
SAL21932,Newlyn North,230,38,1562,2.4,VIC,2021
SAL21933,Newmerella,415,49,1132,2.4,VIC,2021
SAL21934,Newport (Vic.),13658,38,2657,2.6,VIC,2021
SAL21935,Newry,451,38,1803,2.7,VIC,2021
SAL21936,Newstead (Vic.),820,51,1105,2.2,VIC,2021
SAL21937,Newtown (Golden Plains - Vic.),189,45,1025,2.6,VIC,2021
SAL21938,Newtown (Greater Geelong - Vic.),10445,40,2092,2.5,VIC,2021
SAL21939,Nhill,2401,47,1296,2.3,VIC,2021
SAL21940,Nichols Point,1723,40,2087,2.9,VIC,2021
SAL21941,Nicholson (Vic.),1322,47,1390,2.5,VIC,2021
SAL21942,Niddrie,5901,40,2213,2.6,VIC,2021
SAL21943,Nilma,410,38,1625,2.9,VIC,2021
SAL21944,Nilma North,344,49,1762,2.7,VIC,2021
SAL21945,Ninda,9,38,2749,3.7,VIC,2021
SAL21946,Nine Mile (Vic.),19,69,1312,2.2,VIC,2021
SAL21947,Nintingbool,168,51,1792,2.6,VIC,2021
SAL21948,Ninyeunook,13,64,2750,1.8,VIC,2021
SAL21949,Nirranda,50,60,1562,2.0,VIC,2021
SAL21950,Nirranda East,12,40,2749,3.3,VIC,2021
SAL21951,Nirranda South,90,39,2125,2.5,VIC,2021
SAL21952,Noble Park,32257,35,1382,2.7,VIC,2021
SAL21953,Noble Park North,7436,40,1452,2.7,VIC,2021
SAL21954,Noojee,177,56,1053,1.9,VIC,2021
SAL21955,Noorat,318,51,1660,2.3,VIC,2021
SAL21956,Noorat East,17,52,2749,3.0,VIC,2021
SAL21957,Noorinbee,84,43,1187,2.2,VIC,2021
SAL21958,Noorinbee North,37,60,949,2.0,VIC,2021
SAL21959,Noradjuha,89,38,1520,2.2,VIC,2021
SAL21960,Norlane,8682,37,909,2.2,VIC,2021
SAL21961,Normanville (Vic.),34,24,2083,3.5,VIC,2021
SAL21962,Norong,130,45,1875,2.7,VIC,2021
SAL21963,North Bendigo,4277,37,1281,2.2,VIC,2021
SAL21964,North Blackwood,50,59,1375,1.9,VIC,2021
SAL21965,North Geelong,3225,40,1490,2.3,VIC,2021
SAL21966,North Melbourne,14953,31,1717,2.0,VIC,2021
SAL21967,North Shore (Vic.),325,45,1327,1.9,VIC,2021
SAL21968,North Wangaratta,282,48,1531,2.3,VIC,2021
SAL21969,North Warrandyte,3027,42,2766,3.0,VIC,2021
SAL21970,North Wonthaggi,3475,42,1162,2.4,VIC,2021
SAL21971,Northcote,25276,37,2287,2.3,VIC,2021
SAL21972,Northwood (Vic.),203,43,1895,2.7,VIC,2021
SAL21973,Norval,40,55,1374,2.5,VIC,2021
SAL21974,Notting Hill,2895,30,1574,2.3,VIC,2021
SAL21975,Nowa Nowa,199,55,1012,2.1,VIC,2021
SAL21976,Nowhere Creek,20,61,725,2.3,VIC,2021
SAL21977,Nowie,24,53,2374,2.4,VIC,2021
SAL21978,Nug Nug,36,48,1187,2.6,VIC,2021
SAL21979,Nuggetty,64,38,2083,2.7,VIC,2021
SAL21980,Nulla Vale,96,49,1937,2.3,VIC,2021
SAL21981,Nullawarre,233,37,1687,2.7,VIC,2021
SAL21982,Nullawarre North,46,34,2583,2.7,VIC,2021
SAL21983,Nullawil,92,36,849,2.5,VIC,2021
SAL21984,Numurkah,4604,49,1117,2.2,VIC,2021
SAL21985,Nunawading,12413,39,1938,2.6,VIC,2021
SAL21986,Nungurner,327,50,1515,2.4,VIC,2021
SAL21987,Nunniong,0,0,0,0.0,VIC,2021
SAL21988,Nurcoung,33,39,1458,2.3,VIC,2021
SAL21989,Nurrabiel,43,43,1375,2.8,VIC,2021
SAL21990,Nurran,7,61,749,2.0,VIC,2021
SAL21991,Nutfield,158,50,1916,2.9,VIC,2021
SAL21992,Nyah,536,46,1130,2.1,VIC,2021
SAL21993,Nyah West,673,45,979,2.3,VIC,2021
SAL21994,Nyarrin,17,44,2250,3.0,VIC,2021
SAL21995,Nyerimilang,3,76,900,2.0,VIC,2021
SAL21996,Nyora (Vic.),1644,41,1828,2.9,VIC,2021
SAL21997,Nyrraby,18,33,1437,2.7,VIC,2021
SAL21998,Oak Park,6714,36,2201,2.5,VIC,2021
SAL21999,Oaklands Junction,439,42,2550,3.3,VIC,2021
SAL22000,Oakleigh,8442,38,1926,2.5,VIC,2021
SAL22001,Oakleigh East,6804,35,1951,2.6,VIC,2021
SAL22002,Oakleigh South,9851,40,1915,2.7,VIC,2021
SAL22003,Oakvale,19,44,1875,3.2,VIC,2021
SAL22004,Ocean Grange,5,30,1649,1.0,VIC,2021
SAL22005,Ocean Grove,17714,43,1837,2.5,VIC,2021
SAL22006,Officer,18503,31,2125,2.9,VIC,2021
SAL22007,Officer South,1159,31,2085,2.5,VIC,2021
SAL22008,Old Tallangatta,45,57,1187,2.6,VIC,2021
SAL22009,Olinda (Vic.),1773,45,1995,2.5,VIC,2021
SAL22010,Ombersley,93,35,1792,2.9,VIC,2021
SAL22011,Omeo,411,54,1131,2.0,VIC,2021
SAL22012,Omeo Valley,9,55,900,1.3,VIC,2021
SAL22013,Ondit,101,46,1291,2.4,VIC,2021
SAL22014,Orbost,2264,53,785,2.1,VIC,2021
SAL22015,Orford (Vic.),115,42,1875,2.7,VIC,2021
SAL22016,Ormond,8328,37,2062,2.5,VIC,2021
SAL22017,Orrvale,450,50,1542,2.5,VIC,2021
SAL22018,Osbornes Flat,285,45,2266,2.9,VIC,2021
SAL22019,Outtrim,270,49,1550,2.8,VIC,2021
SAL22020,Ouyen,1170,52,1092,2.1,VIC,2021
SAL22021,Ovens,197,49,1406,2.2,VIC,2021
SAL22022,Oxley (Vic.),710,44,1978,2.6,VIC,2021
SAL22023,Oxley Flats,49,61,1812,2.3,VIC,2021
SAL22024,Ozenkadnook,25,55,1874,2.2,VIC,2021
SAL22025,Paaratte,36,39,1875,2.4,VIC,2021
SAL22026,Painswick,14,64,725,1.8,VIC,2021
SAL22027,Pakenham,54118,33,1664,2.8,VIC,2021
SAL22028,Pakenham South,229,46,1728,3.0,VIC,2021
SAL22029,Pakenham Upper,1196,44,2593,3.0,VIC,2021
SAL22030,Panitya (Vic.),67,39,2100,3.7,VIC,2021
SAL22031,Panmure,442,40,1708,2.7,VIC,2021
SAL22032,Panton Hill,1063,48,2367,2.9,VIC,2021
SAL22033,Paradise (Vic.),41,43,1624,2.8,VIC,2021
SAL22034,Paradise Beach,172,61,718,1.6,VIC,2021
SAL22035,Paraparap,167,44,2312,2.7,VIC,2021
SAL22036,Park Orchards,3835,45,3155,3.2,VIC,2021
SAL22037,Parkdale,12308,43,2130,2.5,VIC,2021
SAL22038,Parkville (Vic.),7074,26,1885,2.1,VIC,2021
SAL22039,Parwan,188,50,1541,2.6,VIC,2021
SAL22040,Paschendale,33,52,1999,2.6,VIC,2021
SAL22041,Pascoe Vale,18171,36,2025,2.4,VIC,2021
SAL22042,Pascoe Vale South,10534,39,2246,2.7,VIC,2021
SAL22043,Pastoria,75,50,1875,2.1,VIC,2021
SAL22044,Pastoria East,51,53,1437,2.8,VIC,2021
SAL22045,Patchewollock,149,47,1018,2.4,VIC,2021
SAL22046,Patho,138,46,1437,2.3,VIC,2021
SAL22047,Patterson Lakes,7793,46,1932,2.5,VIC,2021
SAL22048,Patyah,58,55,1687,2.3,VIC,2021
SAL22049,Paynesville (Vic.),3636,62,987,2.0,VIC,2021
SAL22050,Pearcedale,3867,41,2009,2.9,VIC,2021
SAL22051,Pearsondale,125,42,1562,2.6,VIC,2021
SAL22052,Peechelba,177,46,1343,2.3,VIC,2021
SAL22053,Peechelba East,54,48,1208,2.4,VIC,2021
SAL22054,Pelluebla,29,50,1624,2.7,VIC,2021
SAL22055,Pennyroyal,110,47,1916,2.4,VIC,2021
SAL22056,Penshurst (Vic.),677,51,1014,2.3,VIC,2021
SAL22057,Pental Island,159,42,2055,2.8,VIC,2021
SAL22058,Pentland Hills,158,49,1958,3.0,VIC,2021
SAL22059,Percydale,22,55,900,2.2,VIC,2021
SAL22060,Peronne,49,60,1375,2.1,VIC,2021
SAL22061,Perry Bridge,72,54,1354,2.2,VIC,2021
SAL22062,Peterborough (Vic.),322,54,1383,2.1,VIC,2021
SAL22063,Petticoat Creek,7,69,4750,1.5,VIC,2021
SAL22064,Pheasant Creek (Vic.),360,40,2136,2.9,VIC,2021
SAL22065,Piangil,230,49,1222,2.3,VIC,2021
SAL22066,Picola,206,57,1104,2.2,VIC,2021
SAL22067,Picola West,14,61,383,1.8,VIC,2021
SAL22068,Piedmont,52,60,850,2.2,VIC,2021
SAL22069,Pier Milan,6,25,1875,2.0,VIC,2021
SAL22070,Pigeon Ponds,29,45,2374,2.4,VIC,2021
SAL22071,Piggoreet,17,65,949,2.3,VIC,2021
SAL22072,Pimpinio,191,43,1803,2.8,VIC,2021
SAL22073,Pine Grove (Vic.),40,50,1125,1.9,VIC,2021
SAL22074,Pine Lodge (Vic.),267,38,1812,2.8,VIC,2021
SAL22075,Pine Mountain (Vic.),32,60,1375,2.2,VIC,2021
SAL22076,Pine View,4,45,3750,3.0,VIC,2021
SAL22077,Pioneer Bay,365,41,961,2.0,VIC,2021
SAL22078,Pipers Creek,189,40,2571,2.8,VIC,2021
SAL22079,Pira,16,20,1875,3.8,VIC,2021
SAL22080,Piries,66,56,1812,2.6,VIC,2021
SAL22081,Pirron Yallock,132,53,1428,2.4,VIC,2021
SAL22082,Pitfield,14,52,1875,1.6,VIC,2021
SAL22083,Pittong,12,58,1187,1.5,VIC,2021
SAL22084,Plenty (Vic.),2575,44,3190,3.2,VIC,2021
SAL22085,Plumpton (Vic.),79,38,1812,3.5,VIC,2021
SAL22086,Point Cook,66781,33,2392,3.2,VIC,2021
SAL22087,Point Leo,178,54,2094,2.6,VIC,2021
SAL22088,Point Lonsdale,3788,61,1554,2.1,VIC,2021
SAL22089,Point Wilson,0,0,0,0.0,VIC,2021
SAL22090,Polisbet,5,62,900,3.0,VIC,2021
SAL22091,Pomborneit,73,47,1281,2.2,VIC,2021
SAL22092,Pomborneit East,42,31,1166,3.0,VIC,2021
SAL22093,Pomborneit North,48,53,1125,2.2,VIC,2021
SAL22094,Pomonal,356,51,1625,2.4,VIC,2021
SAL22095,Pompapiel,38,39,1924,3.0,VIC,2021
SAL22096,Poolaijelo,26,52,1624,2.2,VIC,2021
SAL22097,Pootilla,79,45,1624,2.6,VIC,2021
SAL22098,Poowong,717,42,1625,2.5,VIC,2021
SAL22099,Poowong East,88,49,1374,2.4,VIC,2021
SAL22100,Poowong North,202,37,1800,3.0,VIC,2021
SAL22101,Porcupine Ridge,149,54,1390,2.2,VIC,2021
SAL22102,Porepunkah,1024,46,1576,2.5,VIC,2021
SAL22103,Port Albert,403,59,981,1.9,VIC,2021
SAL22104,Port Campbell,440,40,1852,2.5,VIC,2021
SAL22105,Port Fairy,3742,51,1450,2.3,VIC,2021
SAL22106,Port Franklin,174,52,1178,2.1,VIC,2021
SAL22107,Port Melbourne,17633,42,2372,2.1,VIC,2021
SAL22108,Port Welshpool,220,62,909,1.8,VIC,2021
SAL22109,Portarlington,4436,62,1064,2.0,VIC,2021
SAL22110,Portland (Vic.),10016,47,1146,2.2,VIC,2021
SAL22111,Portland North,708,46,1886,2.6,VIC,2021
SAL22112,Portland West,619,49,1931,2.6,VIC,2021
SAL22113,Portsea,787,68,2470,1.8,VIC,2021
SAL22114,Pound Creek,126,53,1625,2.5,VIC,2021
SAL22115,Powelltown,214,47,1125,2.5,VIC,2021
SAL22116,Powers Creek,5,50,2999,2.0,VIC,2021
SAL22117,Powlett Plains,38,60,900,2.2,VIC,2021
SAL22118,Prahran,12203,34,2121,1.8,VIC,2021
SAL22119,Prairie (Vic.),37,48,2125,2.7,VIC,2021
SAL22120,Pranjip,28,55,1625,2.3,VIC,2021
SAL22121,Preston (Vic.),33790,37,1844,2.4,VIC,2021
SAL22122,Princes Hill,2005,39,2218,2.2,VIC,2021
SAL22123,Princetown,236,45,1387,2.6,VIC,2021
SAL22124,Puckapunyal,1108,24,2510,3.2,VIC,2021
SAL22125,Pura Pura,47,40,1406,2.4,VIC,2021
SAL22126,Purdeet,21,26,3250,3.8,VIC,2021
SAL22127,Purnim,292,43,1699,2.6,VIC,2021
SAL22128,Purnim West,50,42,2624,2.8,VIC,2021
SAL22129,Pyalong,772,42,1661,2.8,VIC,2021
SAL22130,Pyramid Hill,598,46,964,2.3,VIC,2021
SAL22131,Quambatook,229,59,857,1.8,VIC,2021
SAL22132,Quandong,5,37,4750,2.5,VIC,2021
SAL22133,Quantong,354,42,2062,2.8,VIC,2021
SAL22134,Quarry Hill,2365,40,1648,2.3,VIC,2021
SAL22135,Queenscliff (Vic.),1516,62,1473,2.1,VIC,2021
SAL22136,Raglan (Vic.),223,53,1068,2.2,VIC,2021
SAL22137,Rainbow,672,56,1048,2.1,VIC,2021
SAL22138,Ranceby,83,51,1375,2.7,VIC,2021
SAL22139,Rathscar,19,46,762,2.6,VIC,2021
SAL22140,Rathscar West,31,45,1375,2.8,VIC,2021
SAL22141,Ravenhall,2295,33,966,1.2,VIC,2021
SAL22142,Ravenswood (Vic.),443,50,1837,2.7,VIC,2021
SAL22143,Ravenswood South,76,45,1583,2.4,VIC,2021
SAL22144,Rawson,296,46,840,2.1,VIC,2021
SAL22145,Raymond Island,589,68,921,1.8,VIC,2021
SAL22146,Raywood,329,47,1205,2.6,VIC,2021
SAL22147,Red Cliffs,5294,41,1290,2.5,VIC,2021
SAL22148,Red Hill (Vic.),1009,50,2344,2.7,VIC,2021
SAL22149,Red Hill South,708,56,2261,2.4,VIC,2021
SAL22150,Red Lion,111,52,1312,2.1,VIC,2021
SAL22151,Redan,3000,39,1061,1.9,VIC,2021
SAL22152,Redbank (Vic.),102,59,787,1.9,VIC,2021
SAL22153,Redcastle,67,54,1125,2.2,VIC,2021
SAL22154,Redesdale,299,57,1180,2.1,VIC,2021
SAL22155,Reedy Creek (Vic.),157,48,1339,2.1,VIC,2021
SAL22156,Reedy Dam,28,29,1375,2.4,VIC,2021
SAL22157,Reedy Flat,6,34,725,3.0,VIC,2021
SAL22158,Reedy Lake,26,49,1625,2.4,VIC,2021
SAL22159,Reefton (Vic.),102,40,850,2.2,VIC,2021
SAL22160,Research,2695,44,2876,3.0,VIC,2021
SAL22161,Reservoir (Vic.),51096,38,1541,2.4,VIC,2021
SAL22162,Reynard,0,0,0,0.0,VIC,2021
SAL22163,Rheola,52,53,1124,2.2,VIC,2021
SAL22164,Rhyll,836,60,1254,2.1,VIC,2021
SAL22165,Rhymney,56,39,1624,2.4,VIC,2021
SAL22166,Riachella,13,26,2250,3.7,VIC,2021
SAL22167,Rich Avon,3,58,949,2.0,VIC,2021
SAL22168,Rich Avon East,7,32,2874,2.5,VIC,2021
SAL22169,Rich Avon West,34,49,2666,2.5,VIC,2021
SAL22170,Richmond (Vic.),28587,34,2245,2.0,VIC,2021
SAL22171,Richmond Plains,9,64,2249,1.8,VIC,2021
SAL22172,Riddells Creek,4390,42,2150,2.8,VIC,2021
SAL22173,Riggs Creek,31,52,2124,2.6,VIC,2021
SAL22174,Ringwood (Vic.),19144,38,1654,2.4,VIC,2021
SAL22175,Ringwood East,10764,38,1817,2.5,VIC,2021
SAL22176,Ringwood North,9964,43,2335,2.8,VIC,2021
SAL22177,Ripplebrook,268,43,1604,2.9,VIC,2021
SAL22178,Rippleside,994,47,2103,2.4,VIC,2021
SAL22179,Ripponlea,1532,34,2023,2.2,VIC,2021
SAL22180,Riverside (Vic.),287,41,1666,2.8,VIC,2021
SAL22181,Riverslea,165,39,1983,2.7,VIC,2021
SAL22182,Robertsons Beach,49,64,599,1.6,VIC,2021
SAL22183,Robinvale,3497,36,1317,2.9,VIC,2021
SAL22184,Rochester (Vic.),3154,53,1073,2.2,VIC,2021
SAL22185,Rochford,71,51,1624,2.5,VIC,2021
SAL22186,Rockbank,2583,31,1781,2.6,VIC,2021
SAL22187,Rocklands,25,48,900,2.2,VIC,2021
SAL22188,Rocklyn,43,57,1125,1.9,VIC,2021
SAL22189,Rocky Point (Vic.),4,72,574,1.5,VIC,2021
SAL22190,Rokeby (Vic.),213,48,1812,2.6,VIC,2021
SAL22191,Rokewood,208,41,1286,2.4,VIC,2021
SAL22192,Rokewood Junction,34,43,1333,1.9,VIC,2021
SAL22193,Romsey,5797,38,2068,2.7,VIC,2021
SAL22194,Rosanna,8616,41,2213,2.6,VIC,2021
SAL22195,Rose River,26,49,900,2.5,VIC,2021
SAL22196,Rosebery (Vic.),0,69,250,1.3,VIC,2021
SAL22197,Rosebrook (Vic.),128,37,1812,2.7,VIC,2021
SAL22198,Rosebud,14381,49,1183,2.2,VIC,2021
SAL22199,Rosedale (Vic.),1729,45,1224,2.3,VIC,2021
SAL22200,Roses Gap,7,74,1124,2.0,VIC,2021
SAL22201,Rosewhite,141,50,1312,2.4,VIC,2021
SAL22202,Roslynmead,49,42,2083,2.6,VIC,2021
SAL22203,Ross Creek (Vic.),1221,40,2065,3.0,VIC,2021
SAL22204,Rossbridge,27,45,1374,2.2,VIC,2021
SAL22205,Rostron,10,59,2250,2.4,VIC,2021
SAL22206,Rowsley,231,41,1937,2.8,VIC,2021
SAL22207,Rowville,33571,41,2205,2.9,VIC,2021
SAL22208,Roxburgh Park,24129,31,1629,3.7,VIC,2021
SAL22209,Rubicon,44,55,1312,2.0,VIC,2021
SAL22210,Ruby,187,48,2139,2.7,VIC,2021
SAL22211,Ruffy,164,59,1426,2.1,VIC,2021
SAL22212,Running Creek (Vic.),36,37,866,2.4,VIC,2021
SAL22213,Runnymede (Vic.),64,46,1791,2.4,VIC,2021
SAL22214,Rupanyup,545,51,1083,2.3,VIC,2021
SAL22215,Rushworth,1411,56,850,2.0,VIC,2021
SAL22216,Russells Bridge,70,52,1343,2.6,VIC,2021
SAL22217,Rutherglen,2579,48,1306,2.3,VIC,2021
SAL22218,Ryans,0,0,0,0.0,VIC,2021
SAL22219,Ryanston,324,50,1553,2.5,VIC,2021
SAL22220,Rye,9438,51,1334,2.2,VIC,2021
SAL22221,Rythdale,33,44,1125,2.6,VIC,2021
SAL22222,Safety Beach (Vic.),6328,53,1468,2.3,VIC,2021
SAL22223,Sailors Falls,79,44,1208,2.3,VIC,2021
SAL22224,Sailors Gully,743,45,1319,2.4,VIC,2021
SAL22225,Sailors Hill,72,54,1187,2.2,VIC,2021
SAL22226,Sale,14296,42,1327,2.3,VIC,2021
SAL22227,Salisbury West,38,46,1292,2.3,VIC,2021
SAL22228,Samaria,57,54,1125,2.1,VIC,2021
SAL22229,San Remo (Vic.),1700,52,1337,2.2,VIC,2021
SAL22230,Sandford (Vic.),130,58,875,2.0,VIC,2021
SAL22231,Sandhill Lake,9,28,1249,2.8,VIC,2021
SAL22232,Sandhurst,5211,41,2714,3.0,VIC,2021
SAL22233,Sandon (Vic.),89,53,1224,2.1,VIC,2021
SAL22234,Sandringham (Vic.),10926,47,2313,2.4,VIC,2021
SAL22235,Sandy Creek (Vic.),200,49,1489,2.6,VIC,2021
SAL22236,Sandy Point (Vic.),312,58,1343,2.1,VIC,2021
SAL22237,Sargood,0,0,0,0.0,VIC,2021
SAL22238,Sarsfield,543,50,1423,2.5,VIC,2021
SAL22239,Sassafras (Vic.),970,47,2147,2.6,VIC,2021
SAL22240,Sawmill Settlement,86,42,1424,2.2,VIC,2021
SAL22241,Scarsdale,855,39,1548,2.8,VIC,2021
SAL22242,Scoresby,6066,40,1965,2.8,VIC,2021
SAL22243,Scotchmans Lead,105,50,2050,2.6,VIC,2021
SAL22244,Scotsburn,244,47,1924,2.9,VIC,2021
SAL22245,Scotts Creek (Vic.),214,51,1600,2.5,VIC,2021
SAL22246,Sea Lake,619,51,883,2.1,VIC,2021
SAL22247,Seabrook,4952,37,2042,2.9,VIC,2021
SAL22248,Seacombe,15,58,725,2.0,VIC,2021
SAL22249,Seaford (Vic.),17215,40,1500,2.3,VIC,2021
SAL22250,Seaholme,2067,43,2145,2.5,VIC,2021
SAL22251,Seaspray,373,52,1091,2.2,VIC,2021
SAL22252,Seaton (Vic.),161,48,1833,2.6,VIC,2021
SAL22253,Seaview,140,43,1656,2.8,VIC,2021
SAL22254,Sebastian,251,40,1452,2.6,VIC,2021
SAL22255,Sebastopol (Vic.),10194,39,1013,2.1,VIC,2021
SAL22256,Seddon (Vic.),5143,36,2471,2.4,VIC,2021
SAL22257,Sedgwick,614,47,2391,2.8,VIC,2021
SAL22258,Selby,1626,40,2282,2.9,VIC,2021
SAL22259,Selwyn (Vic.),0,0,0,0.0,VIC,2021
SAL22260,Separation Creek,28,63,2750,1.8,VIC,2021
SAL22261,Serpentine (Vic.),222,40,1275,2.5,VIC,2021
SAL22262,Serviceton,129,40,1958,2.6,VIC,2021
SAL22263,Seville,2559,37,2144,2.9,VIC,2021
SAL22264,Seville East,837,35,1968,2.9,VIC,2021
SAL22265,Seymour (Vic.),6569,45,1165,2.2,VIC,2021
SAL22266,Shady Creek,186,42,2100,2.6,VIC,2021
SAL22267,Shays Flat,3,68,575,1.7,VIC,2021
SAL22268,She Oaks,126,42,2333,2.7,VIC,2021
SAL22269,Sheans Creek,38,65,1292,2.2,VIC,2021
SAL22270,Sheep Hills,27,56,1875,1.9,VIC,2021
SAL22271,Shelbourne,423,50,1765,2.7,VIC,2021
SAL22272,Shelford,263,39,1778,2.8,VIC,2021
SAL22273,Shelley (Vic.),5,67,1312,1.3,VIC,2021
SAL22274,Shepherds Flat,71,52,1218,2.2,VIC,2021
SAL22275,Shepparton,32067,38,1285,2.4,VIC,2021
SAL22276,Shepparton East,1192,42,1789,3.0,VIC,2021
SAL22277,Shepparton North,2048,31,2313,3.5,VIC,2021
SAL22278,Sherbrooke,294,47,2408,2.7,VIC,2021
SAL22279,Shoreham,679,61,2012,2.1,VIC,2021
SAL22280,Sidonia,28,31,2625,2.5,VIC,2021
SAL22281,Silvan,1323,41,2158,3.0,VIC,2021
SAL22282,Silverleaves,322,61,1298,1.9,VIC,2021
SAL22283,Simpson (Vic.),583,39,1566,2.7,VIC,2021
SAL22284,Simpsons Creek,39,58,1812,2.1,VIC,2021
SAL22285,Simson,76,57,1542,2.3,VIC,2021
SAL22286,Skenes Creek,249,55,1260,2.0,VIC,2021
SAL22287,Skenes Creek North,19,49,1375,2.4,VIC,2021
SAL22288,Skibo,70,48,1424,2.6,VIC,2021
SAL22289,Skinners Flat,27,50,1125,2.4,VIC,2021
SAL22290,Skipton,609,53,894,2.0,VIC,2021
SAL22291,Skye (Vic.),8088,36,2004,2.9,VIC,2021
SAL22292,Slaty Creek,34,55,2062,2.5,VIC,2021
SAL22293,Smeaton,245,51,1354,2.1,VIC,2021
SAL22294,Smiths Beach,315,51,1181,2.1,VIC,2021
SAL22295,Smiths Gully,356,49,2468,2.9,VIC,2021
SAL22296,Smokeytown,32,60,1437,2.4,VIC,2021
SAL22297,Smoko,56,49,966,2.0,VIC,2021
SAL22298,Smythes Creek,1762,38,2132,3.1,VIC,2021
SAL22299,Smythesdale,1189,39,1656,2.7,VIC,2021
SAL22300,Snake Island,0,0,0,0.0,VIC,2021
SAL22301,Snake Valley,820,46,1226,2.4,VIC,2021
SAL22302,Soldiers Hill (Vic.),2813,40,1461,2.2,VIC,2021
SAL22303,Somers,1857,53,1906,2.4,VIC,2021
SAL22304,Somerton (Vic.),6,52,1187,1.3,VIC,2021
SAL22305,Somerville (Vic.),11767,40,1781,2.6,VIC,2021
SAL22306,Sorrento (Vic.),2013,64,1658,2.0,VIC,2021
SAL22307,South Dudley,421,42,993,2.2,VIC,2021
SAL22308,South Geelong,1014,37,1642,2.2,VIC,2021
SAL22309,South Kingsville,2156,37,2261,2.3,VIC,2021
SAL22310,South Melbourne,11548,39,2101,1.9,VIC,2021
SAL22311,South Morang,24989,36,2078,3.0,VIC,2021
SAL22312,South Purrumbete,124,47,1874,2.7,VIC,2021
SAL22313,South Wharf,71,34,2874,2.5,VIC,2021
SAL22314,South Yarra,25028,33,2063,1.7,VIC,2021
SAL22315,Southbank,22631,31,1926,1.8,VIC,2021
SAL22316,Southern Cross (Vic.),128,46,1562,2.7,VIC,2021
SAL22317,Spargo Creek,42,45,1687,2.8,VIC,2021
SAL22318,Speed,53,54,1812,2.1,VIC,2021
SAL22319,Spotswood,2820,37,2460,2.6,VIC,2021
SAL22320,Spring Gully (Vic.),3092,45,1543,2.3,VIC,2021
SAL22321,Spring Hill (Vic.),200,53,2075,2.6,VIC,2021
SAL22322,Springbank,117,49,1437,2.7,VIC,2021
SAL22323,Springdallah,35,44,1416,3.0,VIC,2021
SAL22324,Springfield (Buloke - Vic.),9,57,5499,2.5,VIC,2021
SAL22325,Springfield (Macedon Ranges - Vic.),193,46,2527,2.8,VIC,2021
SAL22326,Springhurst,349,47,1218,2.5,VIC,2021
SAL22327,Springmount,184,40,2187,2.9,VIC,2021
SAL22328,Springvale (Vic.),22174,36,1402,2.9,VIC,2021
SAL22329,Springvale South,12766,38,1498,3.2,VIC,2021
SAL22330,St Albans (Vic.),38042,36,1205,2.8,VIC,2021
SAL22331,St Albans Park,4942,46,1317,2.3,VIC,2021
SAL22332,St Andrews (Vic.),1186,46,2216,2.8,VIC,2021
SAL22333,St Andrews Beach,974,44,1931,2.6,VIC,2021
SAL22334,St Arnaud,2318,52,920,2.0,VIC,2021
SAL22335,St Arnaud East,100,51,1375,2.5,VIC,2021
SAL22336,St Arnaud North,43,57,1312,2.1,VIC,2021
SAL22337,St Clair (Vic.),44,35,1625,3.1,VIC,2021
SAL22338,St Germains,75,44,1312,3.0,VIC,2021
SAL22339,St Helena,2890,46,2256,2.7,VIC,2021
SAL22340,St Helens (Vic.),34,51,1792,2.3,VIC,2021
SAL22341,St Helens Plains,40,53,1187,2.5,VIC,2021
SAL22342,St James (Vic.),123,60,966,2.2,VIC,2021
SAL22343,St Kilda (Vic.),19490,36,1779,1.7,VIC,2021
SAL22344,St Kilda East,12571,34,2020,2.1,VIC,2021
SAL22345,St Kilda West,2951,40,1983,1.9,VIC,2021
SAL22346,St Leonards (Vic.),3542,56,1183,2.1,VIC,2021
SAL22347,Staceys Bridge,44,54,924,2.0,VIC,2021
SAL22348,Staffordshire Reef,63,60,739,1.7,VIC,2021
SAL22349,Staghorn Flat,368,45,2236,2.9,VIC,2021
SAL22350,Stanhope (Vic.),826,49,1125,2.2,VIC,2021
SAL22351,Stanley (Vic.),371,53,1465,2.3,VIC,2021
SAL22352,Staughton Vale,105,50,2874,2.9,VIC,2021
SAL22353,Stavely,47,48,1874,2.4,VIC,2021
SAL22354,Stawell,6220,47,1127,2.2,VIC,2021
SAL22355,Steels Creek,276,48,2083,2.8,VIC,2021
SAL22356,Steiglitz (Vic.),61,52,1062,2.4,VIC,2021
SAL22357,Stewarton (Vic.),118,37,1875,2.5,VIC,2021
SAL22358,Stirling (Vic.),0,0,0,0.0,VIC,2021
SAL22359,Stockdale,41,49,1208,2.1,VIC,2021
SAL22360,Stockyard Hill,49,41,2250,2.7,VIC,2021
SAL22361,Stonehaven,79,44,2750,2.8,VIC,2021
SAL22362,Stoneleigh (Vic.),45,45,1687,2.6,VIC,2021
SAL22363,Stony Creek (Central Goldfields - Vic.),0,54,900,3.0,VIC,2021
SAL22364,Stony Creek (South Gippsland - Vic.),310,41,1625,2.7,VIC,2021
SAL22365,Stonyford,65,56,2035,2.1,VIC,2021
SAL22366,Stradbroke,187,51,1416,2.3,VIC,2021
SAL22367,Strangways,101,55,1406,2.2,VIC,2021
SAL22368,Straten,11,8,2374,4.5,VIC,2021
SAL22369,Stratford (Vic.),2980,39,1419,2.5,VIC,2021
SAL22370,Strath Creek,231,49,1375,2.2,VIC,2021
SAL22371,Strathallan,180,43,2083,3.0,VIC,2021
SAL22372,Strathbogie,351,57,1151,2.1,VIC,2021
SAL22373,Strathdale,5756,46,1527,2.3,VIC,2021
SAL22374,Strathdownie,176,43,2166,2.7,VIC,2021
SAL22375,Strathewen,198,41,2094,2.8,VIC,2021
SAL22376,Strathfieldsaye,6850,36,2237,3.0,VIC,2021
SAL22377,Strathkellar,84,51,1449,2.5,VIC,2021
SAL22378,Strathlea,33,38,900,2.0,VIC,2021
SAL22379,Strathmerton,1072,38,1404,2.7,VIC,2021
SAL22380,Strathmore (Vic.),8980,41,2506,2.8,VIC,2021
SAL22381,Strathmore Heights,1047,42,1975,2.8,VIC,2021
SAL22382,Strathtulloh,3997,29,2188,3.2,VIC,2021
SAL22383,Streatham,158,44,1083,2.5,VIC,2021
SAL22384,Strzelecki (Vic.),107,43,1583,2.5,VIC,2021
SAL22385,Stuart Mill,78,57,1042,2.1,VIC,2021
SAL22386,Sugarloaf (Vic.),20,48,725,2.4,VIC,2021
SAL22387,Sugarloaf Creek,255,49,2175,3.0,VIC,2021
SAL22388,Suggan Buggan,5,65,725,1.3,VIC,2021
SAL22389,Sulky,234,45,2250,2.8,VIC,2021
SAL22390,Summerlands,0,0,0,0.0,VIC,2021
SAL22391,Sunbury,38851,38,1925,2.6,VIC,2021
SAL22392,Sunday Creek,368,43,2183,2.8,VIC,2021
SAL22393,Sunderland Bay,306,41,1264,2.3,VIC,2021
SAL22394,Sunset Strip (Vic.),503,38,1009,2.4,VIC,2021
SAL22395,Sunshine (Vic.),9445,35,1566,2.6,VIC,2021
SAL22396,Sunshine North,12047,37,1399,2.9,VIC,2021
SAL22397,Sunshine West,18552,38,1416,2.8,VIC,2021
SAL22398,Surf Beach (Vic.),670,46,1414,2.3,VIC,2021
SAL22399,Surrey Hills,13655,42,2503,2.6,VIC,2021
SAL22400,Sutherland (Vic.),16,66,2749,1.9,VIC,2021
SAL22401,Sutherlands Creek,129,41,3250,3.2,VIC,2021
SAL22402,Sutton (Vic.),3,52,2374,2.0,VIC,2021
SAL22403,Sutton Grange,160,48,1437,2.5,VIC,2021
SAL22404,Swan Bay (Vic.),103,61,784,2.0,VIC,2021
SAL22405,Swan Hill,11186,38,1390,2.3,VIC,2021
SAL22406,Swan Hill West,11,26,4750,4.0,VIC,2021
SAL22407,Swan Island,0,0,0,0.0,VIC,2021
SAL22408,Swan Marsh,127,45,1458,2.6,VIC,2021
SAL22409,Swan Reach (Vic.),861,51,1074,2.4,VIC,2021
SAL22410,Swanpool,227,54,1104,2.2,VIC,2021
SAL22411,Swanwater,10,67,1875,1.6,VIC,2021
SAL22412,Swanwater West,17,36,3999,3.8,VIC,2021
SAL22413,Swifts Creek,232,50,1412,2.2,VIC,2021
SAL22414,Sydenham (Vic.),10578,37,1813,2.8,VIC,2021
SAL22415,Sylvaterre,22,25,1499,3.2,VIC,2021
SAL22416,Tabberabbera,0,0,0,0.0,VIC,2021
SAL22417,Tabilk,160,46,1416,2.4,VIC,2021
SAL22418,Tabor,38,37,1624,2.6,VIC,2021
SAL22419,Taggerty,405,52,1220,2.4,VIC,2021
SAL22420,Tahara,30,53,2333,1.9,VIC,2021
SAL22421,Tahara Bridge,20,53,2749,2.9,VIC,2021
SAL22422,Tahara West,17,62,1666,1.8,VIC,2021
SAL22423,Talbot (Vic.),452,59,793,1.9,VIC,2021
SAL22424,Talgarno,245,45,1895,2.6,VIC,2021
SAL22425,Tallandoon,92,52,1021,2.1,VIC,2021
SAL22426,Tallangatta,1175,48,1149,2.2,VIC,2021
SAL22427,Tallangatta East,39,42,1874,2.9,VIC,2021
SAL22428,Tallangatta South,142,45,1687,2.4,VIC,2021
SAL22429,Tallangatta Valley,194,49,1642,2.4,VIC,2021
SAL22430,Tallarook,748,50,1775,2.5,VIC,2021
SAL22431,Tallygaroopna,600,40,1769,2.8,VIC,2021
SAL22432,Tambo Crossing,25,61,1875,2.1,VIC,2021
SAL22433,Tambo Upper,325,47,1625,2.6,VIC,2021
SAL22434,Tamboon,3,73,900,1.7,VIC,2021
SAL22435,Tamboritha,0,0,0,0.0,VIC,2021
SAL22436,Taminick,139,48,1463,2.4,VIC,2021
SAL22437,Tamleugh,54,52,1312,2.1,VIC,2021
SAL22438,Tamleugh North,24,64,1125,2.5,VIC,2021
SAL22439,Tandarook,46,37,1312,3.1,VIC,2021
SAL22440,Tandarra,55,43,2125,3.2,VIC,2021
SAL22441,Tangambalanga,908,33,1904,2.8,VIC,2021
SAL22442,Tanjil,0,0,0,0.0,VIC,2021
SAL22443,Tanjil Bren,7,70,450,1.0,VIC,2021
SAL22444,Tanjil South,540,47,1819,2.6,VIC,2021
SAL22445,Tanwood,15,60,1375,1.9,VIC,2021
SAL22446,Tanybryn,15,62,2250,1.8,VIC,2021
SAL22447,Taradale (Vic.),524,52,1468,2.3,VIC,2021
SAL22448,Tarcombe,32,57,1874,1.7,VIC,2021
SAL22449,Tarilta,26,62,1374,2.4,VIC,2021
SAL22450,Tarnagulla,153,59,779,1.9,VIC,2021
SAL22451,Tarneit,56370,30,2103,3.4,VIC,2021
SAL22452,Tarnook,103,51,1541,2.3,VIC,2021
SAL22453,Taroon,25,44,1875,2.6,VIC,2021
SAL22454,Tarra Valley,85,51,1463,2.4,VIC,2021
SAL22455,Tarranyurk,36,37,2374,2.7,VIC,2021
SAL22456,Tarraville,69,58,1062,1.8,VIC,2021
SAL22457,Tarrawarra,81,54,2700,2.9,VIC,2021
SAL22458,Tarrawingee,416,46,1416,2.6,VIC,2021
SAL22459,Tarrayoukyan,25,57,1687,2.1,VIC,2021
SAL22460,Tarrengower,56,56,1625,2.1,VIC,2021
SAL22461,Tarrenlea,25,49,2250,2.8,VIC,2021
SAL22462,Tarrington,328,51,1713,2.5,VIC,2021
SAL22463,Tarrone,69,39,1625,2.2,VIC,2021
SAL22464,Tarwin,59,34,1916,3.3,VIC,2021
SAL22465,Tarwin Lower,462,53,1262,2.2,VIC,2021
SAL22466,Tatong,281,53,1261,2.3,VIC,2021
SAL22467,Tatura,4955,44,1357,2.4,VIC,2021
SAL22468,Tatura East,135,38,2071,3.2,VIC,2021
SAL22469,Tatyoon,130,35,1481,2.8,VIC,2021
SAL22470,Tawonga,568,52,1375,2.3,VIC,2021
SAL22471,Tawonga South,1012,50,1392,2.2,VIC,2021
SAL22472,Taylor Bay,76,62,1075,1.6,VIC,2021
SAL22473,Taylors Hill,15419,35,2374,3.5,VIC,2021
SAL22474,Taylors Lakes,15174,45,2164,3.0,VIC,2021
SAL22475,Teal Point,54,43,1437,2.7,VIC,2021
SAL22476,Tecoma,2064,42,2022,2.6,VIC,2021
SAL22477,Teddywaddy,23,58,1437,2.2,VIC,2021
SAL22478,Teddywaddy West,12,69,762,1.9,VIC,2021
SAL22479,Teesdale (Vic.),2308,37,2171,3.1,VIC,2021
SAL22480,Telangatuk East,75,40,1937,2.7,VIC,2021
SAL22481,Telford,21,55,1624,2.7,VIC,2021
SAL22482,Telopea Downs,44,26,1906,2.9,VIC,2021
SAL22483,Templestowe,16966,46,2163,2.8,VIC,2021
SAL22484,Templestowe Lower,14098,45,1920,2.7,VIC,2021
SAL22485,Tempy,62,41,1125,2.6,VIC,2021
SAL22486,Tenby Point,206,52,1286,2.2,VIC,2021
SAL22487,Tennyson (Vic.),60,48,1437,2.8,VIC,2021
SAL22488,Terang,2254,49,1162,2.2,VIC,2021
SAL22489,Terip Terip,72,58,1812,2.0,VIC,2021
SAL22490,Terrappee,20,52,3125,2.7,VIC,2021
SAL22491,Terrick Terrick,8,57,850,1.4,VIC,2021
SAL22492,Terrick Terrick East,8,60,899,1.5,VIC,2021
SAL22493,Tesbury,110,44,1875,3.0,VIC,2021
SAL22494,Tetoora Road,93,49,1062,2.8,VIC,2021
SAL22495,Thalia,4,51,762,1.5,VIC,2021
SAL22496,The Basin (Vic.),4497,40,2019,2.7,VIC,2021
SAL22497,The Cove,18,61,2249,2.5,VIC,2021
SAL22498,The Gurdies,243,57,1037,2.1,VIC,2021
SAL22499,The Heart,30,42,2583,2.7,VIC,2021
SAL22500,The Honeysuckles,131,60,966,1.9,VIC,2021
SAL22501,The Patch,1046,46,2092,2.7,VIC,2021
SAL22502,The Sisters,110,43,2107,2.4,VIC,2021
SAL22503,Thologolong,22,60,1625,2.3,VIC,2021
SAL22504,Thomastown,20234,39,1225,2.6,VIC,2021
SAL22505,Thomson (Baw Baw - Vic.),0,0,0,0.0,VIC,2021
SAL22506,Thomson (Greater Geelong - Vic.),1606,38,1126,1.9,VIC,2021
SAL22507,Thoona,133,53,1149,2.3,VIC,2021
SAL22508,Thornbury,19005,37,1971,2.3,VIC,2021
SAL22509,Thornhill Park,3066,29,2005,3.0,VIC,2021
SAL22510,Thornton (Vic.),311,55,1048,2.0,VIC,2021
SAL22511,Thorpdale,475,46,1220,2.4,VIC,2021
SAL22512,Thorpdale South,27,48,1375,2.5,VIC,2021
SAL22513,Thowgla Valley,70,57,1375,2.4,VIC,2021
SAL22514,Three Bridges,188,46,1449,2.7,VIC,2021
SAL22515,Timbarra (Vic.),0,0,0,0.0,VIC,2021
SAL22516,Timboon,1250,47,1237,2.4,VIC,2021
SAL22517,Timboon West,57,37,1937,3.1,VIC,2021
SAL22518,Timmering,90,33,1542,2.9,VIC,2021
SAL22519,Timor (Vic.),68,55,1031,2.4,VIC,2021
SAL22520,Timor West,23,39,1625,2.7,VIC,2021
SAL22521,Tinamba,358,45,1267,2.4,VIC,2021
SAL22522,Tinamba West,63,41,1437,2.7,VIC,2021
SAL22523,Tintaldra,66,58,974,2.2,VIC,2021
SAL22524,Tittybong,3,72,824,1.0,VIC,2021
SAL22525,Tol Tol,175,35,2146,3.3,VIC,2021
SAL22526,Tolmie,547,52,1353,2.3,VIC,2021
SAL22527,Tom Groggin,7,10,2750,8.0,VIC,2021
SAL22528,Tongala,1973,41,1220,2.4,VIC,2021
SAL22529,Tonghi Creek,5,78,1375,2.0,VIC,2021
SAL22530,Tongio,50,57,1281,1.9,VIC,2021
SAL22531,Tonimbuk,229,50,2024,2.6,VIC,2021
SAL22532,Tooan,23,55,1125,1.9,VIC,2021
SAL22533,Tooborac,319,49,1361,2.3,VIC,2021
SAL22534,Toolamba,822,40,1960,2.8,VIC,2021
SAL22535,Toolamba West,110,35,2156,2.6,VIC,2021
SAL22536,Toolangi,366,48,1611,2.6,VIC,2021
SAL22537,Toolern Vale,818,44,1908,2.9,VIC,2021
SAL22538,Toolleen,221,46,1430,2.4,VIC,2021
SAL22539,Toolome,0,0,0,0.0,VIC,2021
SAL22540,Toolondo,74,44,1050,2.2,VIC,2021
SAL22541,Toolong,88,40,1625,2.5,VIC,2021
SAL22542,Toombon,0,0,0,0.0,VIC,2021
SAL22543,Toongabbie (Vic.),1085,39,1732,2.7,VIC,2021
SAL22544,Toora (Vic.),713,53,935,2.1,VIC,2021
SAL22545,Toora North,107,58,985,1.8,VIC,2021
SAL22546,Tooradin,1722,40,1954,2.9,VIC,2021
SAL22547,Toorak,12817,47,2533,2.1,VIC,2021
SAL22548,Toorloo Arm,509,45,1317,2.6,VIC,2021
SAL22549,Toorongo,0,0,0,0.0,VIC,2021
SAL22550,Tootgarook,3178,46,1294,2.3,VIC,2021
SAL22551,Torquay (Vic.),18534,39,2295,2.7,VIC,2021
SAL22552,Torrita,51,55,2250,2.4,VIC,2021
SAL22553,Torrumbarry,257,43,1774,2.7,VIC,2021
SAL22554,Torwood,49,50,2624,3.4,VIC,2021
SAL22555,Tostaree,23,36,1312,2.3,VIC,2021
SAL22556,Tottenham (Vic.),3,30,449,1.5,VIC,2021
SAL22557,Tottington,5,27,1999,3.0,VIC,2021
SAL22558,Tourello,46,39,1312,3.1,VIC,2021
SAL22559,Towan,13,48,2250,2.8,VIC,2021
SAL22560,Towaninny,4,61,2624,2.0,VIC,2021
SAL22561,Towaninny South,0,0,0,0.0,VIC,2021
SAL22562,Tower Hill,83,45,2437,2.8,VIC,2021
SAL22563,Towong,143,60,1291,2.2,VIC,2021
SAL22564,Towong Upper,37,49,2166,2.8,VIC,2021
SAL22565,Trafalgar (Vic.),4349,41,1448,2.4,VIC,2021
SAL22566,Trafalgar East,401,47,1894,2.7,VIC,2021
SAL22567,Trafalgar South,305,49,2015,2.4,VIC,2021
SAL22568,Tragowel,83,48,1437,2.4,VIC,2021
SAL22569,Traralgon,26907,39,1484,2.3,VIC,2021
SAL22570,Traralgon East,1780,46,2306,2.7,VIC,2021
SAL22571,Traralgon South,553,39,2369,3.0,VIC,2021
SAL22572,Travancore,2116,33,1692,1.9,VIC,2021
SAL22573,Trawalla,140,49,1666,2.3,VIC,2021
SAL22574,Trawool,90,54,1625,2.4,VIC,2021
SAL22575,Traynors Lagoon,22,42,900,2.6,VIC,2021
SAL22576,Tremont,69,39,2187,2.7,VIC,2021
SAL22577,Trentham,1382,56,1489,2.2,VIC,2021
SAL22578,Trentham East,181,50,2204,2.4,VIC,2021
SAL22579,Tresco,162,46,1399,2.7,VIC,2021
SAL22580,Tresco West,153,33,1375,3.3,VIC,2021
SAL22581,Trida,87,46,1375,2.9,VIC,2021
SAL22582,Truganina,36305,30,2126,3.4,VIC,2021
SAL22583,Tubbut,13,60,450,1.4,VIC,2021
SAL22584,Tuerong,357,52,2291,2.7,VIC,2021
SAL22585,Tulkara,9,63,699,1.8,VIC,2021
SAL22586,Tullamarine,6733,39,1404,2.3,VIC,2021
SAL22587,Tungamah,449,50,1008,2.3,VIC,2021
SAL22588,Turoar,8,66,2250,1.7,VIC,2021
SAL22589,Turriff,30,40,1812,2.4,VIC,2021
SAL22590,Turriff East,7,60,725,1.3,VIC,2021
SAL22591,Turtons Creek,33,51,1062,2.1,VIC,2021
SAL22592,Tutye,21,60,1249,2.0,VIC,2021
SAL22593,Tyaak,85,38,1875,3.1,VIC,2021
SAL22594,Tyabb,3449,42,1858,2.7,VIC,2021
SAL22595,Tyenna (Vic.),4,52,0,0.0,VIC,2021
SAL22596,Tyers,893,41,2051,2.6,VIC,2021
SAL22597,Tylden,645,41,2098,2.6,VIC,2021
SAL22598,Tynong,523,41,1976,2.8,VIC,2021
SAL22599,Tynong North,440,46,2339,2.9,VIC,2021
SAL22600,Tyntynder,157,37,1474,2.8,VIC,2021
SAL22601,Tyntynder South,250,46,1390,2.6,VIC,2021
SAL22602,Tyrendarra,198,50,1792,2.4,VIC,2021
SAL22603,Tyrendarra East,19,50,2250,2.7,VIC,2021
SAL22604,Tyrrell,16,55,1875,2.5,VIC,2021
SAL22605,Tyrrell Downs,9,63,1125,2.0,VIC,2021
SAL22606,Ullina,25,61,1437,2.0,VIC,2021
SAL22607,Ullswater,47,51,1562,2.5,VIC,2021
SAL22608,Ultima,173,50,962,2.0,VIC,2021
SAL22609,Ultima East,0,0,0,0.0,VIC,2021
SAL22610,Ulupna,17,59,1875,2.5,VIC,2021
SAL22611,Undera,450,42,1458,2.7,VIC,2021
SAL22612,Underbool,215,51,1273,2.1,VIC,2021
SAL22613,Upotipotpon,56,58,1292,2.1,VIC,2021
SAL22614,Upper Ferntree Gully,3417,41,2039,2.6,VIC,2021
SAL22615,Upper Gundowring,120,46,1593,2.6,VIC,2021
SAL22616,Upper Lurg,107,50,1541,2.4,VIC,2021
SAL22617,Upper Plenty,415,43,1687,2.7,VIC,2021
SAL22618,Upper Ryans Creek,40,59,1312,2.4,VIC,2021
SAL22619,Upton Hill,29,48,1624,2.3,VIC,2021
SAL22620,Upwey,6818,41,2171,2.7,VIC,2021
SAL22621,Valencia Creek,187,42,1625,2.6,VIC,2021
SAL22622,Vasey,45,50,1458,2.6,VIC,2021
SAL22623,Vaughan,55,46,2125,2.0,VIC,2021
SAL22624,Vectis,184,42,2104,2.9,VIC,2021
SAL22625,Ventnor (Vic.),982,58,1292,2.2,VIC,2021
SAL22626,Venus Bay (Vic.),904,58,922,1.8,VIC,2021
SAL22627,Vermont,10993,40,2042,2.8,VIC,2021
SAL22628,Vermont South,11954,46,1944,2.8,VIC,2021
SAL22629,Vervale,44,55,1375,2.5,VIC,2021
SAL22630,Vesper,50,63,1274,2.2,VIC,2021
SAL22631,Victoria Point (Vic.),16,30,575,3.0,VIC,2021
SAL22632,Victoria Valley (Vic.),65,56,1208,2.4,VIC,2021
SAL22633,Viewbank,7030,43,2062,2.8,VIC,2021
SAL22634,Vinifera,163,49,1708,2.5,VIC,2021
SAL22635,Violet Town,936,57,955,1.9,VIC,2021
SAL22636,Vite Vite,37,47,1624,2.9,VIC,2021
SAL22637,Vite Vite North,32,40,1166,2.1,VIC,2021
SAL22638,W Tree,47,63,725,1.9,VIC,2021
SAL22639,Waaia,420,36,1350,2.9,VIC,2021
SAL22640,Waanyarra,57,49,780,2.2,VIC,2021
SAL22641,Waarre,0,77,725,2.0,VIC,2021
SAL22642,Wabonga,0,0,0,0.0,VIC,2021
SAL22643,Waggarandall,52,55,1792,2.2,VIC,2021
SAL22644,Wahgunyah,1061,49,1280,2.3,VIC,2021
SAL22645,Wahring,88,56,1792,2.2,VIC,2021
SAL22646,Wail,44,31,1312,2.4,VIC,2021
SAL22647,Wairewa,67,53,885,2.0,VIC,2021
SAL22648,Waitchie,43,29,2166,3.1,VIC,2021
SAL22649,Wal Wal,37,37,1625,2.8,VIC,2021
SAL22650,Waldara,677,47,2456,2.8,VIC,2021
SAL22651,Walhalla,35,60,724,2.3,VIC,2021
SAL22652,Walhalla East,0,0,0,0.0,VIC,2021
SAL22653,Walkerville (Vic.),130,57,1062,2.0,VIC,2021
SAL22654,Walkerville North,5,65,1624,1.3,VIC,2021
SAL22655,Walkerville South,13,56,2125,2.2,VIC,2021
SAL22656,Wallace,227,42,1791,2.7,VIC,2021
SAL22657,Wallacedale,94,43,1833,2.8,VIC,2021
SAL22658,Wallagaraugh,0,67,3249,1.5,VIC,2021
SAL22659,Wallaloo,11,45,2124,3.0,VIC,2021
SAL22660,Wallaloo East,12,53,1124,2.5,VIC,2021
SAL22661,Wallan,15004,33,1914,3.0,VIC,2021
SAL22662,Wallinduc,42,34,1624,2.1,VIC,2021
SAL22663,Wallington,1515,48,2410,2.9,VIC,2021
SAL22664,Wallup,28,54,2250,2.4,VIC,2021
SAL22665,Walmer (Vic.),262,54,1449,2.4,VIC,2021
SAL22666,Walpa,157,48,1600,2.4,VIC,2021
SAL22667,Walpeup,171,52,900,2.2,VIC,2021
SAL22668,Walwa,191,63,924,1.7,VIC,2021
SAL22669,Wandana Heights,2195,41,2549,2.9,VIC,2021
SAL22670,Wandella (Vic.),67,43,1125,2.3,VIC,2021
SAL22671,Wandiligong,522,47,1615,2.5,VIC,2021
SAL22672,Wandin East,408,49,2250,2.7,VIC,2021
SAL22673,Wandin North,3132,39,1969,2.8,VIC,2021
SAL22674,Wando Bridge,41,39,2416,2.6,VIC,2021
SAL22675,Wando Vale,96,49,1583,2.6,VIC,2021
SAL22676,Wandong,1477,40,2083,3.0,VIC,2021
SAL22677,Wandown,0,0,0,0.0,VIC,2021
SAL22678,Wangandary,217,52,1792,2.5,VIC,2021
SAL22679,Wangarabell,8,71,725,2.0,VIC,2021
SAL22680,Wangaratta (Vic.),19214,44,1218,2.2,VIC,2021
SAL22681,Wangaratta South,550,49,1852,2.7,VIC,2021
SAL22682,Wangie,11,48,2499,3.0,VIC,2021
SAL22683,Wangoom,237,34,2104,3.0,VIC,2021
SAL22684,Wannon,124,45,1550,2.8,VIC,2021
SAL22685,Wantirna,14237,41,1886,2.8,VIC,2021
SAL22686,Wantirna South,20754,42,1915,2.7,VIC,2021
SAL22687,Waranga Shores,314,54,1260,2.3,VIC,2021
SAL22688,Waratah Bay,48,59,1406,2.0,VIC,2021
SAL22689,Warburton (Vic.),2020,50,1147,2.1,VIC,2021
SAL22690,Wareek,72,61,1041,1.9,VIC,2021
SAL22691,Wargan,53,42,1625,2.8,VIC,2021
SAL22692,Warmur,31,43,2749,3.6,VIC,2021
SAL22693,Warncoort,146,45,2250,2.6,VIC,2021
SAL22694,Warne,13,24,2750,3.3,VIC,2021
SAL22695,Warneet,565,41,1544,2.4,VIC,2021
SAL22696,Warrabkook,42,42,2125,2.5,VIC,2021
SAL22697,Warracknabeal,2359,50,1079,2.0,VIC,2021
SAL22698,Warragul,19856,40,1563,2.5,VIC,2021
SAL22699,Warragul South,280,42,2143,3.0,VIC,2021
SAL22700,Warragul West,33,53,1187,2.6,VIC,2021
SAL22701,Warrak,68,43,2036,2.5,VIC,2021
SAL22702,Warrandyte,5541,45,2742,3.0,VIC,2021
SAL22703,Warrandyte South,671,45,3181,3.3,VIC,2021
SAL22704,Warranwood,4820,41,2852,3.1,VIC,2021
SAL22705,Warrayure,50,44,1562,3.1,VIC,2021
SAL22706,Warrenbayne,144,58,1416,2.2,VIC,2021
SAL22707,Warrenheip,721,41,1687,2.8,VIC,2021
SAL22708,Warrenmang,16,60,1316,1.9,VIC,2021
SAL22709,Warrion,204,50,1213,2.5,VIC,2021
SAL22710,Warrnambool,31308,42,1385,2.3,VIC,2021
SAL22711,Warrock,46,45,1875,2.4,VIC,2021
SAL22712,Warrong,77,38,1916,2.8,VIC,2021
SAL22713,Wartook,88,52,1274,2.0,VIC,2021
SAL22714,Watchem,124,56,1031,2.1,VIC,2021
SAL22715,Watchem West,29,37,1875,2.2,VIC,2021
SAL22716,Watchupga,43,43,966,2.3,VIC,2021
SAL22717,Waterford Park,217,37,1571,2.6,VIC,2021
SAL22718,Waterholes,12,60,824,1.5,VIC,2021
SAL22719,Waterloo (Vic.),122,50,1093,2.2,VIC,2021
SAL22720,Waterways,2422,41,3013,3.3,VIC,2021
SAL22721,Watsonia,5352,38,1883,2.5,VIC,2021
SAL22722,Watsonia North,3799,41,2069,2.7,VIC,2021
SAL22723,Watsons Creek (Vic.),58,35,3750,3.4,VIC,2021
SAL22724,Wattle Bank,250,41,1812,2.9,VIC,2021
SAL22725,Wattle Creek,0,0,0,0.0,VIC,2021
SAL22726,Wattle Flat (Vic.),104,54,2250,2.7,VIC,2021
SAL22727,Wattle Glen,1911,42,2425,3.0,VIC,2021
SAL22728,Wattle Hill (Vic.),11,49,1125,2.0,VIC,2021
SAL22729,Waubra,308,47,1354,2.5,VIC,2021
SAL22730,Waurn Ponds,4956,27,2286,3.0,VIC,2021
SAL22731,Waygara,20,25,1625,3.8,VIC,2021
SAL22732,Weatherboard,52,56,1792,2.4,VIC,2021
SAL22733,Wedderburn (Vic.),951,58,868,2.0,VIC,2021
SAL22734,Wedderburn Junction,20,59,1125,2.5,VIC,2021
SAL22735,Wee Wee Rup,31,51,1625,1.9,VIC,2021
SAL22736,Weeaproinah,15,42,1187,2.3,VIC,2021
SAL22737,Weering,62,41,1375,2.3,VIC,2021
SAL22738,Weerite,121,47,2125,2.5,VIC,2021
SAL22739,Wehla,41,63,1031,1.9,VIC,2021
SAL22740,Weir Views,4348,27,1780,3.3,VIC,2021
SAL22741,Wellsford,144,47,1421,2.6,VIC,2021
SAL22742,Welshmans Reef,210,57,1259,2.1,VIC,2021
SAL22743,Welshpool (Vic.),361,51,906,2.2,VIC,2021
SAL22744,Wemen,128,34,1958,2.7,VIC,2021
SAL22745,Wendouree,10376,42,990,2.1,VIC,2021
SAL22746,Wensleydale,95,47,1937,2.7,VIC,2021
SAL22747,Wentworth (Vic.),0,0,0,0.0,VIC,2021
SAL22748,Werneth,66,36,1375,2.6,VIC,2021
SAL22749,Werona,43,48,849,2.3,VIC,2021
SAL22750,Werribee,50027,35,1645,2.7,VIC,2021
SAL22751,Werribee South,2392,45,1601,2.3,VIC,2021
SAL22752,Werrimull,97,47,1406,2.3,VIC,2021
SAL22753,Wesburn,1052,43,1548,2.8,VIC,2021
SAL22754,West Bendigo,378,43,1343,2.2,VIC,2021
SAL22755,West Creek,113,49,1406,2.6,VIC,2021
SAL22756,West Footscray,11729,35,1989,2.4,VIC,2021
SAL22757,West Melbourne,8025,31,1788,1.9,VIC,2021
SAL22758,West Wodonga,14794,39,1452,2.4,VIC,2021
SAL22759,Westbury (Vic.),163,48,1231,2.4,VIC,2021
SAL22760,Westby,27,35,1625,3.6,VIC,2021
SAL22761,Westmeadows,6502,39,1564,2.5,VIC,2021
SAL22762,Westmere,62,46,1625,2.3,VIC,2021
SAL22763,Whanregarwen,130,51,1625,2.2,VIC,2021
SAL22764,Wharparilla,483,45,2102,2.9,VIC,2021
SAL22765,Wheatsheaf,252,50,1221,2.1,VIC,2021
SAL22766,Wheelers Hill,20652,48,1818,2.7,VIC,2021
SAL22767,Whipstick,18,43,1562,3.0,VIC,2021
SAL22768,Whirily,25,43,1437,2.9,VIC,2021
SAL22769,White Hills (Vic.),3620,37,1395,2.4,VIC,2021
SAL22770,Whiteheads Creek,347,53,1731,2.5,VIC,2021
SAL22771,Whitelaw,30,47,1406,3.0,VIC,2021
SAL22772,Whitfield (Vic.),220,53,1137,2.1,VIC,2021
SAL22773,Whitlands,37,56,1375,2.1,VIC,2021
SAL22774,Whittington,3990,42,959,2.2,VIC,2021
SAL22775,Whittlesea,6117,41,1628,2.7,VIC,2021
SAL22776,Whoorel,25,63,2250,2.3,VIC,2021
SAL22777,Whorouly,383,48,1305,2.3,VIC,2021
SAL22778,Whorouly East,92,52,1550,2.4,VIC,2021
SAL22779,Whorouly South,64,40,2083,2.5,VIC,2021
SAL22780,Whroo,45,56,612,1.9,VIC,2021
SAL22781,Wickliffe,123,53,1166,2.1,VIC,2021
SAL22782,Wilby,192,47,1397,2.3,VIC,2021
SAL22783,Wild Dog Valley (Vic.),78,42,1625,3.2,VIC,2021
SAL22784,Wildwood,244,44,1765,2.9,VIC,2021
SAL22785,Wilkur,28,45,1812,2.7,VIC,2021
SAL22786,Willangie,35,46,1666,2.0,VIC,2021
SAL22787,Willatook,53,31,2050,2.9,VIC,2021
SAL22788,Willaura,439,53,976,2.1,VIC,2021
SAL22789,Willaura North,33,35,2749,3.0,VIC,2021
SAL22790,Willenabrina,17,26,1375,3.3,VIC,2021
SAL22791,Williams Landing,9448,31,2582,3.2,VIC,2021
SAL22792,Williamstown (Vic.),14407,45,2411,2.5,VIC,2021
SAL22793,Williamstown North,1622,42,2166,2.3,VIC,2021
SAL22794,Willow Grove,654,42,1801,2.7,VIC,2021
SAL22795,Willowmavin,241,53,2055,2.4,VIC,2021
SAL22796,Willowvale (Vic.),10,62,2124,1.8,VIC,2021
SAL22797,Willung,77,44,1458,2.7,VIC,2021
SAL22798,Willung South,146,40,1812,2.7,VIC,2021
SAL22799,Wilsons Hill,88,39,1624,2.7,VIC,2021
SAL22800,Wilsons Promontory,16,31,1333,1.5,VIC,2021
SAL22801,Wimbledon Heights,421,45,1196,2.3,VIC,2021
SAL22802,Winchelsea,2456,41,1442,2.4,VIC,2021
SAL22803,Winchelsea South,171,47,1958,2.8,VIC,2021
SAL22804,Windermere (Vic.),96,46,2250,2.7,VIC,2021
SAL22805,Windsor (Vic.),7273,34,2022,1.8,VIC,2021
SAL22806,Wingan River,4,33,900,5.0,VIC,2021
SAL22807,Wingeel,26,29,2250,2.4,VIC,2021
SAL22808,Winjallok,18,37,762,3.2,VIC,2021
SAL22809,Winlaton,0,53,225,1.0,VIC,2021
SAL22810,Winnambool,8,66,1000,2.7,VIC,2021
SAL22811,Winnap,14,56,2749,2.0,VIC,2021
SAL22812,Winnindoo,127,35,1924,3.1,VIC,2021
SAL22813,Winslow,436,39,1771,2.8,VIC,2021
SAL22814,Winter Valley,3440,29,2013,2.9,VIC,2021
SAL22815,Winton (Vic.),103,56,1781,2.2,VIC,2021
SAL22816,Winton North,8,41,2250,3.3,VIC,2021
SAL22817,Wirrate,3,56,2750,2.0,VIC,2021
SAL22818,Wiseleigh,177,42,1458,2.6,VIC,2021
SAL22819,Wodonga,20259,39,1364,2.3,VIC,2021
SAL22820,Wollert,24407,30,1979,3.3,VIC,2021
SAL22821,Wombat Creek (Vic.),26,55,850,2.4,VIC,2021
SAL22822,Wombelano,49,57,1312,2.1,VIC,2021
SAL22823,Won Wron,196,52,1520,2.4,VIC,2021
SAL22824,Wonga,44,55,1125,2.1,VIC,2021
SAL22825,Wonga Park,3843,45,2790,3.0,VIC,2021
SAL22826,Wongarra,47,66,1093,2.1,VIC,2021
SAL22827,Wongungarra,0,0,0,0.0,VIC,2021
SAL22828,Wonnangatta,0,0,0,0.0,VIC,2021
SAL22829,Wonthaggi,5215,55,852,2.0,VIC,2021
SAL22830,Wonwondah,114,48,1375,2.5,VIC,2021
SAL22831,Wonyip,39,52,1437,2.4,VIC,2021
SAL22832,Wood Wood,91,51,900,2.3,VIC,2021
SAL22833,Woodend (Vic.),6732,45,2104,2.6,VIC,2021
SAL22834,Woodend North,315,46,2250,2.9,VIC,2021
SAL22835,Woodfield,62,47,1375,2.3,VIC,2021
SAL22836,Woodford (Vic.),436,39,2600,3.2,VIC,2021
SAL22837,Woodglen,52,40,1937,3.4,VIC,2021
SAL22838,Woodhouse,34,55,2249,2.2,VIC,2021
SAL22839,Woodleigh (Vic.),126,45,1125,2.5,VIC,2021
SAL22840,Woods Point (Vic.),33,62,725,1.6,VIC,2021
SAL22841,Woodside (Vic.),374,56,1211,2.2,VIC,2021
SAL22842,Woodside Beach,114,58,1083,2.1,VIC,2021
SAL22843,Woodstock (Vic.),150,53,1375,2.7,VIC,2021
SAL22844,Woodstock On Loddon,36,32,1833,3.0,VIC,2021
SAL22845,Woodstock West,45,31,1937,3.4,VIC,2021
SAL22846,Woodvale (Vic.),556,44,1428,2.8,VIC,2021
SAL22847,Wool Wool,55,49,1437,2.7,VIC,2021
SAL22848,Woolamai,245,52,1402,2.3,VIC,2021
SAL22849,Woolenook,0,57,225,1.0,VIC,2021
SAL22850,Woolshed Flat (Vic.),13,64,724,1.8,VIC,2021
SAL22851,Woolsthorpe,364,46,1548,2.4,VIC,2021
SAL22852,Woomelang,191,63,745,1.8,VIC,2021
SAL22853,Wooragee,342,50,1924,2.7,VIC,2021
SAL22854,Woorarra East,43,38,1125,2.5,VIC,2021
SAL22855,Woorarra West,48,64,924,2.3,VIC,2021
SAL22856,Wooreen,91,49,1708,2.5,VIC,2021
SAL22857,Woori Yallock,2964,36,1575,2.6,VIC,2021
SAL22858,Woorinen,262,37,1937,2.7,VIC,2021
SAL22859,Woorinen North,94,36,1375,2.5,VIC,2021
SAL22860,Woorinen South,404,42,1283,2.6,VIC,2021
SAL22861,Woorndoo,160,38,1375,2.6,VIC,2021
SAL22862,Wooroonook,26,63,1187,2.5,VIC,2021
SAL22863,Woosang,12,63,900,2.3,VIC,2021
SAL22864,Wootong Vale,32,35,2250,3.3,VIC,2021
SAL22865,Worrowing,0,0,0,0.0,VIC,2021
SAL22866,Wrathung,0,0,0,0.0,VIC,2021
SAL22867,Wrixon,0,0,0,0.0,VIC,2021
SAL22868,Wroxham,0,65,0,0.0,VIC,2021
SAL22869,Wuk Wuk,86,44,1562,2.9,VIC,2021
SAL22870,Wulgulmerang,18,63,900,2.0,VIC,2021
SAL22871,Wulgulmerang East,12,56,1125,1.0,VIC,2021
SAL22872,Wulgulmerang West,0,0,0,0.0,VIC,2021
SAL22873,Wunghnu,326,49,1364,2.2,VIC,2021
SAL22874,Wurdiboluc,147,49,2028,2.7,VIC,2021
SAL22875,Wurruk,1177,41,1495,2.7,VIC,2021
SAL22876,Wy Yung,1940,46,1506,2.5,VIC,2021
SAL22877,Wycheproof,610,56,1011,2.0,VIC,2021
SAL22878,Wycheproof South,6,59,725,1.7,VIC,2021
SAL22879,Wychitella,29,54,900,2.5,VIC,2021
SAL22880,Wychitella North,18,30,2249,3.2,VIC,2021
SAL22881,Wye River,67,48,1174,1.8,VIC,2021
SAL22882,Wyelangta,40,52,850,2.0,VIC,2021
SAL22883,Wyndham Vale,20518,31,1766,3.0,VIC,2021
SAL22884,Wyuna (Vic.),278,42,1825,2.7,VIC,2021
SAL22885,Wyuna East,106,36,1874,3.0,VIC,2021
SAL22886,Yaapeet,75,46,1575,2.4,VIC,2021
SAL22887,Yabba North,104,46,1218,2.8,VIC,2021
SAL22888,Yabba South,32,52,1875,2.7,VIC,2021
SAL22889,Yackandandah,2008,50,1674,2.5,VIC,2021
SAL22890,Yalca,222,43,1674,2.8,VIC,2021
SAL22891,Yalla-Y-Poora,13,54,1874,2.0,VIC,2021
SAL22892,Yallambie,4161,35,2320,2.8,VIC,2021
SAL22893,Yallourn,143,47,1449,2.5,VIC,2021
SAL22894,Yallourn North,1511,42,1276,2.4,VIC,2021
SAL22895,Yalmy,0,66,0,0.0,VIC,2021
SAL22896,Yambuk,284,49,1215,2.3,VIC,2021
SAL22897,Yambuna,109,34,1850,3.1,VIC,2021
SAL22898,Yan Yean,246,48,1520,2.7,VIC,2021
SAL22899,Yanac,69,44,1312,2.7,VIC,2021
SAL22900,Yanakie,283,51,1331,2.3,VIC,2021
SAL22901,Yando,45,42,1625,3.4,VIC,2021
SAL22902,Yandoit,181,57,1224,2.1,VIC,2021
SAL22903,Yandoit Hills,44,56,1562,1.9,VIC,2021
SAL22904,Yangery,113,45,1687,2.7,VIC,2021
SAL22905,Yangoura,0,0,0,0.0,VIC,2021
SAL22906,Yannathan,272,41,1718,2.6,VIC,2021
SAL22907,Yapeen,272,45,1420,2.5,VIC,2021
SAL22908,Yarck,194,54,1178,2.3,VIC,2021
SAL22909,Yarpturk,63,49,1124,2.4,VIC,2021
SAL22910,Yarra Glen,3012,42,1818,2.7,VIC,2021
SAL22911,Yarra Junction,2875,43,1302,2.5,VIC,2021
SAL22912,Yarraberb,17,50,2250,3.0,VIC,2021
SAL22913,Yarragon,1893,43,1363,2.4,VIC,2021
SAL22914,Yarragon South,204,55,1562,2.4,VIC,2021
SAL22915,Yarram,2136,53,889,2.1,VIC,2021
SAL22916,Yarrambat,1602,47,2600,3.1,VIC,2021
SAL22917,Yarraville,15636,37,2485,2.5,VIC,2021
SAL22918,Yarrawalla,78,45,1583,2.4,VIC,2021
SAL22919,Yarrawonga (Vic.),8661,52,1149,2.3,VIC,2021
SAL22920,Yarrawonga South,15,33,3250,3.0,VIC,2021
SAL22921,Yarroweyah,551,45,1321,2.7,VIC,2021
SAL22922,Yatchaw,35,30,2250,3.3,VIC,2021
SAL22923,Yawong Hills,5,71,874,1.5,VIC,2021
SAL22924,Yea,1789,56,1046,2.1,VIC,2021
SAL22925,Yellingbo,582,46,1991,2.9,VIC,2021
SAL22926,Yelta (Vic.),325,46,1437,2.7,VIC,2021
SAL22927,Yendon,320,40,1981,2.9,VIC,2021
SAL22928,Yeo,124,43,1968,2.8,VIC,2021
SAL22929,Yeodene,107,47,1463,2.6,VIC,2021
SAL22930,Yering,138,44,2833,2.9,VIC,2021
SAL22931,Yeungroon,34,53,1166,2.9,VIC,2021
SAL22932,Yeungroon East,11,33,1875,3.0,VIC,2021
SAL22933,Yielima,93,40,1375,2.7,VIC,2021
SAL22934,Yinnar,1021,40,1629,2.4,VIC,2021
SAL22935,Yinnar South,675,46,1800,2.6,VIC,2021
SAL22936,York Plains (Vic.),0,0,0,0.0,VIC,2021
SAL22937,Youanmite,56,49,1156,2.7,VIC,2021
SAL22938,Youarang,34,48,1562,2.8,VIC,2021
SAL22939,Yulecart,128,47,1895,2.5,VIC,2021
SAL22940,Yundool,52,45,900,2.2,VIC,2021
SAL22941,Yuroke,123,56,1875,2.7,VIC,2021
SAL22942,Yuulong,49,60,966,2.1,VIC,2021
SAL22943,Zeerust,147,39,1812,2.9,VIC,2021
SAL22944,Zumsteins,0,0,0,0.0,VIC,2021
SAL29494,No usual address (Vic.),9089,0,0,0.0,VIC,2021
SAL29797,Migratory - Offshore - Shipping (Vic.),38,50,0,0.0,VIC,2021
SAL30001,Abbeywood,38,55,1375,2.1,QLD,2021
SAL30002,Abbotsford (Qld),20,20,225,3.7,QLD,2021
SAL30003,Abercorn,41,50,1125,2.6,QLD,2021
SAL30004,Abergowrie,305,47,1446,2.1,QLD,2021
SAL30005,Abingdon Downs,17,22,2124,2.1,QLD,2021
SAL30006,Abington (Qld),60,43,924,2.6,QLD,2021
SAL30007,Acacia Ridge,7486,34,1313,2.6,QLD,2021
SAL30008,Acland,3,22,575,1.0,QLD,2021
SAL30009,Adare,1027,37,1889,3.0,QLD,2021
SAL30010,Adavale,72,47,1187,2.5,QLD,2021
SAL30011,Adelaide Park,449,42,2091,3.0,QLD,2021
SAL30012,Advancetown,528,46,1971,2.7,QLD,2021
SAL30013,Aeroglen,405,41,1798,2.6,QLD,2021
SAL30014,Agnes Water,2729,49,1112,2.3,QLD,2021
SAL30015,Airdmillan,154,41,2049,2.7,QLD,2021
SAL30016,Airlie Beach,1312,41,1562,1.8,QLD,2021
SAL30017,Airville,308,45,1974,2.6,QLD,2021
SAL30018,Aitkenvale,4797,36,1378,2.4,QLD,2021
SAL30019,Alabama Hill,103,45,1228,2.3,QLD,2021
SAL30020,Albany Creek,16385,40,2267,2.8,QLD,2021
SAL30021,Alberta,36,53,1625,2.7,QLD,2021
SAL30022,Alberton (Qld),547,46,1722,2.9,QLD,2021
SAL30023,Albinia,165,37,2250,3.4,QLD,2021
SAL30024,Albion (Brisbane - Qld),3446,33,1972,1.9,QLD,2021
SAL30025,Albion (Richmond - Qld),34,30,2250,3.5,QLD,2021
SAL30026,Alderley,6748,35,2320,2.4,QLD,2021
SAL30027,Aldershot,1311,37,975,2.3,QLD,2021
SAL30028,Aldoga,0,0,0,0.0,QLD,2021
SAL30029,Alexandra (Qld),189,39,1974,2.6,QLD,2021
SAL30030,Alexandra Headland,4235,47,1682,2.1,QLD,2021
SAL30031,Alexandra Hills,16472,38,1829,2.7,QLD,2021
SAL30032,Algester,9020,36,1716,2.8,QLD,2021
SAL30033,Alice Creek,50,55,1125,2.1,QLD,2021
SAL30034,Alice River,2685,38,2468,3.1,QLD,2021
SAL30035,Allan,91,44,1562,2.7,QLD,2021
SAL30036,Allandale (Qld),69,48,1593,2.2,QLD,2021
SAL30037,Allenstown,2762,37,1147,2.1,QLD,2021
SAL30038,Allenview,209,47,1875,2.8,QLD,2021
SAL30039,Alligator Creek (Mackay - Qld),897,37,2321,2.9,QLD,2021
SAL30040,Alligator Creek (Townsville - Qld),1550,41,2404,2.8,QLD,2021
SAL30041,Allora,1205,52,1042,2.3,QLD,2021
SAL30042,Alloway,488,45,1420,2.6,QLD,2021
SAL30043,Almaden,41,56,1125,2.2,QLD,2021
SAL30044,Aloomba,576,41,1699,2.7,QLD,2021
SAL30045,Alpha,559,44,1547,2.5,QLD,2021
SAL30046,Alsace,11,28,3749,3.0,QLD,2021
SAL30047,Alton Downs,1324,41,2077,2.8,QLD,2021
SAL30048,Alva,214,56,1233,2.2,QLD,2021
SAL30049,Amamoor,720,47,1100,2.4,QLD,2021
SAL30050,Amamoor Creek,56,54,850,1.9,QLD,2021
SAL30051,Amaroo (Qld),17,28,3125,3.0,QLD,2021
SAL30052,Amber,0,0,0,0.0,QLD,2021
SAL30053,Amberley,619,23,1266,1.4,QLD,2021
SAL30054,Ambrose,217,43,977,2.6,QLD,2021
SAL30055,Amby,49,59,725,1.9,QLD,2021
SAL30056,Amiens,343,48,1305,2.7,QLD,2021
SAL30057,Amity,453,58,931,2.0,QLD,2021
SAL30058,Anakie Siding,155,55,825,1.9,QLD,2021
SAL30059,Andergrove,9924,36,1735,2.5,QLD,2021
SAL30060,Anderleigh,128,48,1333,2.4,QLD,2021
SAL30061,Andromache,17,59,1024,2.8,QLD,2021
SAL30062,Anduramba,84,50,1375,2.4,QLD,2021
SAL30063,Annandale (Qld),8376,40,2238,2.8,QLD,2021
SAL30064,Annerley,11891,33,1830,2.2,QLD,2021
SAL30065,Anstead,1522,43,2926,3.1,QLD,2021
SAL30066,Anthony,133,41,1875,3.0,QLD,2021
SAL30067,Antigua,126,57,959,2.3,QLD,2021
SAL30068,Apple Tree Creek,726,49,991,2.4,QLD,2021
SAL30069,Applethorpe,571,44,1408,2.7,QLD,2021
SAL30070,Arafura Sea,0,0,0,0.0,QLD,2021
SAL30071,Araluen (Qld),649,49,1358,2.6,QLD,2021
SAL30072,Aramac,372,41,1320,2.3,QLD,2021
SAL30073,Aramara,71,58,687,2.2,QLD,2021
SAL30074,Arana Hills,6971,37,2227,2.7,QLD,2021
SAL30075,Aranbanga,15,53,1149,2.5,QLD,2021
SAL30076,Aratula (Qld),609,42,1358,2.5,QLD,2021
SAL30077,Arbouin,4,20,1375,4.0,QLD,2021
SAL30078,Arcadia (Qld),246,63,1008,1.7,QLD,2021
SAL30079,Arcadia Valley,141,35,1562,2.9,QLD,2021
SAL30080,Archer River,27,53,1749,3.1,QLD,2021
SAL30081,Archerfield,533,39,1409,2.3,QLD,2021
SAL30082,Arcturus,130,32,2107,2.9,QLD,2021
SAL30083,Argyll,25,50,5250,4.0,QLD,2021
SAL30084,Armstrong Beach,903,41,1912,2.5,QLD,2021
SAL30085,Armstrong Creek (Qld),328,45,2166,2.7,QLD,2021
SAL30086,Aroona,3466,43,1857,2.7,QLD,2021
SAL30087,Arriga,1323,33,2166,2.9,QLD,2021
SAL30088,Arundel,11171,41,1682,2.7,QLD,2021
SAL30089,Ascot (Brisbane - Qld),6531,38,2243,2.3,QLD,2021
SAL30090,Ascot (Toowoomba - Qld),106,49,1812,2.7,QLD,2021
SAL30091,Ashfield (Qld),1152,32,2315,3.1,QLD,2021
SAL30092,Ashgrove,13450,38,2874,2.8,QLD,2021
SAL30093,Ashmore,12415,43,1581,2.5,QLD,2021
SAL30094,Ashwell,97,47,1375,2.8,QLD,2021
SAL30095,Aspley,12871,43,1818,2.4,QLD,2021
SAL30096,Atherton,7724,46,1099,2.2,QLD,2021
SAL30097,Athol,139,43,1343,2.5,QLD,2021
SAL30098,Atkinsons Dam,191,47,1089,2.2,QLD,2021
SAL30099,Aubigny,283,43,1637,2.7,QLD,2021
SAL30100,Auburn (Qld),23,43,1625,2.4,QLD,2021
SAL30101,Auchenflower,6053,32,2208,2.3,QLD,2021
SAL30102,Augathella,393,47,1053,2.2,QLD,2021
SAL30103,Augustine Heights,6088,31,2484,3.2,QLD,2021
SAL30104,Aurukun,1101,29,1069,3.9,QLD,2021
SAL30105,Austinville,403,43,1766,3.2,QLD,2021
SAL30106,Avenell Heights,5028,47,1066,2.3,QLD,2021
SAL30107,Avoca (Qld),4912,48,1169,2.3,QLD,2021
SAL30108,Avoca Vale,20,46,1375,2.8,QLD,2021
SAL30109,Avondale (Qld),701,49,1046,2.5,QLD,2021
SAL30110,Ayr,8603,44,1246,2.2,QLD,2021
SAL30111,Babinda (Qld),1287,48,1048,2.3,QLD,2021
SAL30112,Back Plains,104,42,1812,2.7,QLD,2021
SAL30113,Badu Island,704,27,885,3.3,QLD,2021
SAL30114,Baffle Creek,155,57,1062,1.9,QLD,2021
SAL30115,Baffle West,3,53,0,2.0,QLD,2021
SAL30116,Bahrs Scrub,4508,29,2100,2.9,QLD,2021
SAL30117,Bajool,447,44,1262,2.7,QLD,2021
SAL30118,Bakers Bend,7,58,1375,2.6,QLD,2021
SAL30119,Bakers Creek (Qld),1590,35,2161,2.8,QLD,2021
SAL30120,Baking Board,114,38,1416,3.0,QLD,2021
SAL30121,Balberra,425,47,1862,2.6,QLD,2021
SAL30122,Balcomba,29,31,2124,3.0,QLD,2021
SAL30123,Bald Hills (Qld),7000,36,1931,2.7,QLD,2021
SAL30124,Bald Knob,280,60,1812,2.2,QLD,2021
SAL30125,Balgal Beach,998,58,936,2.0,QLD,2021
SAL30126,Balgowan (Qld),7,44,575,4.0,QLD,2021
SAL30127,Ball Bay,384,56,1346,2.1,QLD,2021
SAL30128,Ballandean,316,51,1408,2.4,QLD,2021
SAL30129,Ballard,167,37,1825,2.8,QLD,2021
SAL30130,Ballaroo,51,36,1875,2.6,QLD,2021
SAL30131,Ballogie,276,54,820,2.2,QLD,2021
SAL30132,Balmoral (Qld),4173,37,2671,2.5,QLD,2021
SAL30133,Balmoral Ridge,302,57,1899,2.3,QLD,2021
SAL30134,Balnagowan,438,40,2750,3.2,QLD,2021
SAL30135,Bamaga,1186,25,1630,3.4,QLD,2021
SAL30136,Bambaroo,146,50,1097,2.3,QLD,2021
SAL30137,Bamboo,139,41,1833,2.8,QLD,2021
SAL30138,Bamboo Creek,88,46,1792,2.8,QLD,2021
SAL30139,Ban Ban,25,36,2249,3.3,QLD,2021
SAL30140,Ban Ban Springs,31,36,2374,3.2,QLD,2021
SAL30141,Banana,348,40,1859,2.6,QLD,2021
SAL30142,Bancroft,98,44,900,2.2,QLD,2021
SAL30143,Bangalee (Qld),225,40,1821,2.8,QLD,2021
SAL30144,Banks Creek,11,64,1375,1.8,QLD,2021
SAL30145,Banks Pocket,187,46,2143,3.1,QLD,2021
SAL30146,Banksia Beach,7180,59,1283,2.3,QLD,2021
SAL30147,Bannockburn (Qld),960,32,1828,3.0,QLD,2021
SAL30148,Banyo,6105,37,2121,2.6,QLD,2021
SAL30149,Bapaume,123,46,1333,2.7,QLD,2021
SAL30150,Barakula,0,55,1375,2.0,QLD,2021
SAL30151,Baralaba,324,52,1428,2.1,QLD,2021
SAL30152,Barambah,39,59,1812,2.5,QLD,2021
SAL30153,Barcaldine,1540,43,1487,2.2,QLD,2021
SAL30154,Bardon,10153,38,3399,2.8,QLD,2021
SAL30155,Baree,201,57,840,2.2,QLD,2021
SAL30156,Barellan Point,1173,43,2212,2.8,QLD,2021
SAL30157,Bargara,8883,54,1261,2.2,QLD,2021
SAL30158,Bargunyah,35,36,1125,3.0,QLD,2021
SAL30159,Baringa,4604,29,2050,3.0,QLD,2021
SAL30160,Barker Creek Flat,61,48,899,2.8,QLD,2021
SAL30161,Barkly (Qld),25,23,2750,2.3,QLD,2021
SAL30162,Barlil,46,49,624,2.4,QLD,2021
SAL30163,Barlows Hill,834,45,2047,2.6,QLD,2021
SAL30164,Barlyne,0,0,0,0.0,QLD,2021
SAL30165,Barmaryee,925,42,2431,3.1,QLD,2021
SAL30166,Barmoya,85,40,2562,3.1,QLD,2021
SAL30167,Barnard,32,37,949,2.1,QLD,2021
SAL30168,Barney Point,1065,46,908,2.0,QLD,2021
SAL30169,Barney View,38,59,1042,1.9,QLD,2021
SAL30170,Baroondah,57,41,5499,3.0,QLD,2021
SAL30171,Barramornie,15,30,1625,2.6,QLD,2021
SAL30172,Barratta (Qld),85,38,1625,3.1,QLD,2021
SAL30173,Barrine,303,55,1468,2.4,QLD,2021
SAL30174,Barringha,61,59,1625,2.4,QLD,2021
SAL30175,Barringun,17,32,1499,3.3,QLD,2021
SAL30176,Barron,68,48,2042,2.9,QLD,2021
SAL30177,Barron Gorge,0,0,0,0.0,QLD,2021
SAL30178,Bartle Frere,169,41,1593,2.7,QLD,2021
SAL30179,Barwidgi,0,0,0,0.0,QLD,2021
SAL30180,Basalt (Qld),215,45,1375,2.5,QLD,2021
SAL30181,Basilisk,0,0,0,0.0,QLD,2021
SAL30182,Basin Pocket,931,37,1286,2.3,QLD,2021
SAL30183,Battery Hill,2596,43,1382,2.4,QLD,2021
SAL30184,Bauhinia,28,53,1124,2.4,QLD,2021
SAL30185,Bauple,745,60,787,2.0,QLD,2021
SAL30186,Bauple Forest,9,34,3250,5.0,QLD,2021
SAL30187,Bayrick,16,22,2999,2.6,QLD,2021
SAL30188,Bayview Heights,4175,43,1906,2.6,QLD,2021
SAL30189,Beach Holm,35,53,899,1.7,QLD,2021
SAL30190,Beachmere,4782,57,1103,2.2,QLD,2021
SAL30191,Beaconsfield (Qld),5899,37,1726,2.6,QLD,2021
SAL30192,Beatrice,126,54,1018,2.3,QLD,2021
SAL30193,Beaudesert,6752,44,1066,2.3,QLD,2021
SAL30194,Beaver Rock,56,55,1833,3.0,QLD,2021
SAL30195,Bedourie,150,38,1792,2.0,QLD,2021
SAL30196,Beebo,50,46,833,2.0,QLD,2021
SAL30197,Beecher,876,44,2383,2.9,QLD,2021
SAL30198,Beechmont,848,51,1604,2.5,QLD,2021
SAL30199,Beelbee,18,47,2250,3.2,QLD,2021
SAL30200,Beelbi Creek,143,46,1375,3.0,QLD,2021
SAL30201,Beenaam Valley,60,44,900,2.3,QLD,2021
SAL30202,Beenleigh,8425,38,1155,2.3,QLD,2021
SAL30203,Beerburrum,941,43,1442,2.4,QLD,2021
SAL30204,Beeron,34,32,2250,2.8,QLD,2021
SAL30205,Beerwah,7734,40,1512,2.7,QLD,2021
SAL30206,Begonia,48,43,1625,2.7,QLD,2021
SAL30207,Beilba,35,38,2250,2.5,QLD,2021
SAL30208,Belcong,38,36,1999,2.6,QLD,2021
SAL30209,Belgian Gardens,2073,40,1638,2.2,QLD,2021
SAL30210,Belivah,515,36,2069,2.9,QLD,2021
SAL30211,Bell (Qld),421,49,953,2.1,QLD,2021
SAL30212,Bella Creek,50,55,1292,2.4,QLD,2021
SAL30213,Bellara,3278,59,884,2.0,QLD,2021
SAL30214,Bellbird Park,9191,31,1746,2.9,QLD,2021
SAL30215,Bellbowrie,5495,42,2358,2.9,QLD,2021
SAL30216,Bellenden Ker,229,47,1517,2.5,QLD,2021
SAL30217,Bellevue (Qld),0,0,0,0.0,QLD,2021
SAL30218,Bellfield (Qld),10,36,4249,4.0,QLD,2021
SAL30219,Belli Park,724,48,1681,2.8,QLD,2021
SAL30220,Bellmere,6588,34,1448,2.9,QLD,2021
SAL30221,Bells Bridge,226,46,1485,2.9,QLD,2021
SAL30222,Bells Creek,343,31,1942,2.3,QLD,2021
SAL30223,Bellthorpe,108,57,1213,2.1,QLD,2021
SAL30224,Belmont (Qld),4498,39,2431,2.9,QLD,2021
SAL30225,Belmunda,6,60,1375,1.8,QLD,2021
SAL30226,Belvedere,943,34,1442,2.6,QLD,2021
SAL30227,Belyando,307,39,1624,2.5,QLD,2021
SAL30228,Bemerside,259,44,1708,2.6,QLD,2021
SAL30229,Benair,151,45,1416,2.8,QLD,2021
SAL30230,Benaraby,1166,41,2435,3.0,QLD,2021
SAL30231,Benarkin,61,59,700,1.7,QLD,2021
SAL30232,Benarkin North,341,58,844,2.1,QLD,2021
SAL30233,Benholme,81,50,1312,2.9,QLD,2021
SAL30234,Benobble,29,49,2249,3.3,QLD,2021
SAL30235,Benowa,9889,44,1918,2.7,QLD,2021
SAL30236,Bentley Park,8360,32,1831,3.0,QLD,2021
SAL30237,Berajondo,112,48,1017,2.3,QLD,2021
SAL30238,Berat,129,45,1218,2.6,QLD,2021
SAL30239,Bergen,85,42,1531,2.7,QLD,2021
SAL30240,Berrinba,2615,27,1826,3.5,QLD,2021
SAL30241,Berserker,7020,35,1171,2.3,QLD,2021
SAL30242,Bethania,6333,48,1074,2.2,QLD,2021
SAL30243,Biarra,270,54,1050,2.4,QLD,2021
SAL30244,Biboohra,561,45,1488,2.6,QLD,2021
SAL30245,Biddaddaba,171,49,1350,2.4,QLD,2021
SAL30246,Biddeston,269,47,1833,2.8,QLD,2021
SAL30247,Bidwill (Qld),517,49,1490,2.7,QLD,2021
SAL30248,Biggenden,788,57,725,1.9,QLD,2021
SAL30249,Biggera Waters,9973,44,1314,2.1,QLD,2021
SAL30250,Bilinga,1883,48,1435,2.0,QLD,2021
SAL30251,Billa Billa,111,34,1791,3.1,QLD,2021
SAL30252,Biloela,5692,36,1884,2.5,QLD,2021
SAL30253,Bilyana,190,54,1016,2.3,QLD,2021
SAL30254,Bindebango,31,44,1208,3.9,QLD,2021
SAL30255,Bingegang,17,50,1437,2.4,QLD,2021
SAL30256,Bingil Bay,438,52,961,2.2,QLD,2021
SAL30257,Binjour,86,55,1166,2.2,QLD,2021
SAL30258,Binna Burra (Qld),0,36,725,1.5,QLD,2021
SAL30259,Birdsville,110,40,1792,2.2,QLD,2021
SAL30260,Birkalla,156,45,1399,2.7,QLD,2021
SAL30261,Birkdale,14816,43,1903,2.7,QLD,2021
SAL30262,Birnam (Scenic Rim - Qld),109,44,2107,2.9,QLD,2021
SAL30263,Birnam (Toowoomba - Qld),63,43,2374,3.3,QLD,2021
SAL30264,Birtinya,4378,36,1824,2.3,QLD,2021
SAL30265,Black Duck Creek,12,43,1649,2.5,QLD,2021
SAL30266,Black Jack,167,40,1800,2.9,QLD,2021
SAL30267,Black Mountain (Qld),1560,50,1648,2.6,QLD,2021
SAL30268,Black River (Qld),1493,41,1883,2.7,QLD,2021
SAL30269,Black Snake,88,54,1062,2.3,QLD,2021
SAL30270,Blackall,1365,49,1143,2.2,QLD,2021
SAL30271,Blackbull,17,34,2250,2.7,QLD,2021
SAL30272,Blackbutt (Qld),799,59,768,2.0,QLD,2021
SAL30273,Blackbutt North,451,58,787,2.1,QLD,2021
SAL30274,Blackbutt South,160,60,833,2.1,QLD,2021
SAL30275,Blackdown,0,25,0,2.0,QLD,2021
SAL30276,Blackrock,319,42,1963,2.6,QLD,2021
SAL30277,Blacks Beach,4153,31,2013,2.8,QLD,2021
SAL30278,Blacksoil,106,56,1375,2.4,QLD,2021
SAL30279,Blackstone,1144,37,1657,2.6,QLD,2021
SAL30280,Blackswamp,54,34,1875,2.7,QLD,2021
SAL30281,Blackwater,4702,31,2358,2.6,QLD,2021
SAL30282,Blairmore,8,5,1625,5.0,QLD,2021
SAL30283,Blanchview,202,44,2041,2.9,QLD,2021
SAL30284,Blantyre,54,57,1187,2.4,QLD,2021
SAL30285,Blaxland (Qld),58,46,1374,2.6,QLD,2021
SAL30286,Blenheim,264,45,1478,2.6,QLD,2021
SAL30287,Bli Bli,10138,41,1670,2.6,QLD,2021
SAL30288,Bloomfield,228,53,855,2.0,QLD,2021
SAL30289,Bloomsbury,539,50,1125,2.5,QLD,2021
SAL30290,Blue Mountain,83,44,1531,2.8,QLD,2021
SAL30291,Blue Mountain Heights,988,47,2392,2.8,QLD,2021
SAL30292,Bluewater,1085,41,1891,2.8,QLD,2021
SAL30293,Bluewater Park,1066,37,2157,3.0,QLD,2021
SAL30294,Bluff,324,47,2237,2.1,QLD,2021
SAL30295,Blythdale,47,34,1875,3.5,QLD,2021
SAL30296,Boatman,18,56,1312,1.9,QLD,2021
SAL30297,Bogandilla,37,42,1312,1.9,QLD,2021
SAL30298,Bogie,207,40,1474,2.8,QLD,2021
SAL30299,Bohle,121,56,814,1.7,QLD,2021
SAL30300,Bohle Plains,3989,28,2329,2.8,QLD,2021
SAL30301,Boigu Island,199,25,1078,3.9,QLD,2021
SAL30302,Bokarina,1935,37,2429,2.9,QLD,2021
SAL30303,Bollier,221,47,1468,2.5,QLD,2021
SAL30304,Bollon,174,47,987,2.2,QLD,2021
SAL30305,Bolwarra (Qld),0,0,0,0.0,QLD,2021
SAL30306,Bombeeta,147,42,1431,2.5,QLD,2021
SAL30307,Bon Accord,29,51,1874,2.3,QLD,2021
SAL30308,Bondoola,551,43,2010,2.9,QLD,2021
SAL30309,Bongaree,8162,67,826,1.8,QLD,2021
SAL30310,Bongeen,71,28,1562,3.1,QLD,2021
SAL30311,Bonnie Doon (Qld),563,39,1690,2.7,QLD,2021
SAL30312,Bonogin,4896,40,2680,3.3,QLD,2021
SAL30313,Bonshaw (Qld),25,53,900,2.3,QLD,2021
SAL30314,Bony Mountain,91,56,1031,2.3,QLD,2021
SAL30315,Boodua,95,29,2624,3.3,QLD,2021
SAL30316,Boogan,138,46,1416,2.4,QLD,2021
SAL30317,Booie,1094,48,1428,2.6,QLD,2021
SAL30318,Boolboonda,55,54,1281,2.3,QLD,2021
SAL30319,Boolburra,34,59,1125,1.8,QLD,2021
SAL30320,Boompa,89,52,1166,2.5,QLD,2021
SAL30321,Boonah (Qld),2557,50,1040,2.3,QLD,2021
SAL30322,Boonara,60,38,1687,2.8,QLD,2021
SAL30323,Boonarga,37,38,1166,2.4,QLD,2021
SAL30324,Boondall,9603,38,1887,2.6,QLD,2021
SAL30325,Boondandilla,0,0,0,0.0,QLD,2021
SAL30326,Boondooma,70,61,850,2.2,QLD,2021
SAL30327,Boonooroo,371,63,913,2.1,QLD,2021
SAL30328,Boonooroo Plains,6,61,2250,2.0,QLD,2021
SAL30329,Booral (Qld),1636,47,1412,2.8,QLD,2021
SAL30330,Booroobin,258,55,1266,2.4,QLD,2021
SAL30331,Booubyjan,98,40,1416,3.0,QLD,2021
SAL30332,Booval,2723,43,994,2.0,QLD,2021
SAL30333,Booyal,285,46,1187,2.6,QLD,2021
SAL30334,Borallon,90,36,2041,3.1,QLD,2021
SAL30335,Boreen Point,359,62,934,1.9,QLD,2021
SAL30336,Boronia Heights,8175,34,1453,2.8,QLD,2021
SAL30337,Bororen,399,51,1361,2.6,QLD,2021
SAL30338,Boulder Creek,13,63,374,3.3,QLD,2021
SAL30339,Bouldercombe,1117,46,1531,2.6,QLD,2021
SAL30340,Boulia,314,37,1510,2.4,QLD,2021
SAL30341,Bountiful Islands,0,0,0,0.0,QLD,2021
SAL30342,Bowen,11205,42,1343,2.4,QLD,2021
SAL30343,Bowen Hills,4898,30,1551,1.6,QLD,2021
SAL30344,Bowenville,219,35,1587,2.5,QLD,2021
SAL30345,Boyland,855,41,2211,3.1,QLD,2021
SAL30346,Boyne Island,4835,37,1870,2.5,QLD,2021
SAL30347,Boyne Valley,301,56,989,2.1,QLD,2021
SAL30348,Boynedale,13,48,575,3.0,QLD,2021
SAL30349,Boyneside,67,40,2050,2.9,QLD,2021
SAL30350,Boynewood,138,39,2187,2.5,QLD,2021
SAL30351,Bracalba,97,38,2250,3.0,QLD,2021
SAL30352,Bracewell,178,43,1791,2.9,QLD,2021
SAL30353,Bracken Ridge,17488,37,1972,2.8,QLD,2021
SAL30354,Braemeadows,269,52,1768,2.4,QLD,2021
SAL30355,Braemore,131,57,956,2.3,QLD,2021
SAL30356,Bramston Beach,173,64,955,1.9,QLD,2021
SAL30357,Branch Creek,33,54,2374,2.8,QLD,2021
SAL30358,Branchview,37,27,1375,3.3,QLD,2021
SAL30359,Brandon,1088,46,1504,2.4,QLD,2021
SAL30360,Brandy Creek (Qld),114,46,2125,2.6,QLD,2021
SAL30361,Branyan,4660,38,1737,2.9,QLD,2021
SAL30362,Brassall,12115,34,1408,2.5,QLD,2021
SAL30363,Bray Park (Qld),10271,37,1736,2.8,QLD,2021
SAL30364,Breadalbane (Qld),23,41,2374,2.9,QLD,2021
SAL30365,Breakaway,187,32,3799,3.2,QLD,2021
SAL30366,Breddan,478,46,1833,2.6,QLD,2021
SAL30367,Brendale,3100,35,1219,2.2,QLD,2021
SAL30368,Bribie Island North,0,0,0,0.0,QLD,2021
SAL30369,Bridgeman Downs,10938,39,2878,3.0,QLD,2021
SAL30370,Bridges,295,41,1875,2.9,QLD,2021
SAL30371,Brigalow,181,41,1292,2.3,QLD,2021
SAL30372,Brightly,52,48,2250,2.6,QLD,2021
SAL30373,Brighton (Qld),9664,42,1981,2.6,QLD,2021
SAL30374,Brightview,911,40,1535,2.8,QLD,2021
SAL30375,Brigooda,25,47,1812,2.2,QLD,2021
SAL30376,Bringalily,64,36,1562,2.9,QLD,2021
SAL30377,Brinsmead,5537,39,2190,2.8,QLD,2021
SAL30378,Brisbane Airport,22,50,0,2.0,QLD,2021
SAL30379,Brisbane City,12587,31,1802,1.8,QLD,2021
SAL30380,Broadbeach,6786,46,1419,1.8,QLD,2021
SAL30381,Broadbeach Waters,8164,43,2072,2.6,QLD,2021
SAL30382,Broadmere,38,53,2250,2.1,QLD,2021
SAL30383,Broadwater (Qld),321,44,1183,2.6,QLD,2021
SAL30384,Broken River,18,47,1437,2.3,QLD,2021
SAL30385,Bromelton,129,48,1474,2.7,QLD,2021
SAL30386,Brookfield (Qld),3640,47,3778,3.0,QLD,2021
SAL30387,Brookhill,88,41,2062,2.7,QLD,2021
SAL30388,Brooklands,324,48,1112,2.5,QLD,2021
SAL30389,Brookstead,182,41,1357,2.6,QLD,2021
SAL30390,Brookwater,2902,38,3637,3.2,QLD,2021
SAL30391,Brooloo,369,52,1141,2.3,QLD,2021
SAL30392,Brooweena,91,54,866,2.0,QLD,2021
SAL30393,Broughton (Qld),714,42,1676,2.7,QLD,2021
SAL30394,Brovinia,7,60,0,3.0,QLD,2021
SAL30395,Browns Plains (Qld),6632,34,1390,2.7,QLD,2021
SAL30396,Broxburn,115,46,1325,2.5,QLD,2021
SAL30397,Brush Creek,39,57,1666,2.3,QLD,2021
SAL30398,Bryden,22,61,1437,1.7,QLD,2021
SAL30399,Brymaroo,128,46,1416,2.5,QLD,2021
SAL30400,Buaraba,170,48,1218,2.6,QLD,2021
SAL30401,Buaraba South,0,0,0,0.0,QLD,2021
SAL30402,Bucasia,4915,35,2005,2.8,QLD,2021
SAL30403,Bucca (Qld),1063,47,1281,2.7,QLD,2021
SAL30404,Buccan,2134,39,2433,3.3,QLD,2021
SAL30405,Buckingham (Qld),0,0,0,0.0,QLD,2021
SAL30406,Buckland (Qld),43,47,1624,2.9,QLD,2021
SAL30407,Buddina,4236,43,1721,2.5,QLD,2021
SAL30408,Buderim,31430,46,1729,2.5,QLD,2021
SAL30409,Budgee,30,59,1375,2.2,QLD,2021
SAL30410,Bukali,57,46,1125,2.8,QLD,2021
SAL30411,Bulgun,285,48,1583,2.6,QLD,2021
SAL30412,Bulimba,7623,40,2805,2.4,QLD,2021
SAL30413,Bullcamp,58,59,1125,2.4,QLD,2021
SAL30414,Bulleringa,0,0,0,0.0,QLD,2021
SAL30415,Bulli Creek,3,57,1999,1.5,QLD,2021
SAL30416,Bulloo Downs,7,35,1625,3.0,QLD,2021
SAL30417,Bullyard,206,45,1271,2.7,QLD,2021
SAL30418,Bulwer,59,53,1062,1.8,QLD,2021
SAL30419,Bunburra,93,57,1125,2.1,QLD,2021
SAL30420,Bundaberg Central,162,34,833,1.8,QLD,2021
SAL30421,Bundaberg East,2839,42,1080,2.3,QLD,2021
SAL30422,Bundaberg North,5563,49,937,2.2,QLD,2021
SAL30423,Bundaberg South,3494,37,978,2.1,QLD,2021
SAL30424,Bundaberg West,2596,39,966,2.0,QLD,2021
SAL30425,Bundall,4895,41,1957,2.6,QLD,2021
SAL30426,Bundamba,6542,35,1383,2.5,QLD,2021
SAL30427,Bundi,52,34,1875,2.2,QLD,2021
SAL30428,Bundoora (Qld),7,8,1149,4.0,QLD,2021
SAL30429,Bungaban,60,34,1875,3.1,QLD,2021
SAL30430,Bungadoo,342,51,1318,2.6,QLD,2021
SAL30431,Bungalow,2358,38,1121,2.0,QLD,2021
SAL30432,Bungeworgorai,68,37,1562,2.9,QLD,2021
SAL30433,Bungil (Qld),69,46,1937,2.9,QLD,2021
SAL30434,Bungundarra,667,41,2053,3.0,QLD,2021
SAL30435,Bungunya,62,34,1812,2.9,QLD,2021
SAL30436,Bunjurgen,107,55,1468,2.7,QLD,2021
SAL30437,Bunya,1968,43,3402,3.3,QLD,2021
SAL30438,Bunya Creek,75,48,1416,2.4,QLD,2021
SAL30439,Bunya Mountains,110,53,1187,2.1,QLD,2021
SAL30440,Burbank,1051,48,2652,3.0,QLD,2021
SAL30441,Burdell,7171,28,2232,2.8,QLD,2021
SAL30442,Burgowan,56,30,1333,3.1,QLD,2021
SAL30443,Burketown,204,33,1325,2.3,QLD,2021
SAL30444,Burleigh,52,41,1874,2.6,QLD,2021
SAL30445,Burleigh Heads,10572,42,1701,2.2,QLD,2021
SAL30446,Burleigh Waters,14556,42,1735,2.6,QLD,2021
SAL30447,Burncluith,137,43,1812,2.7,QLD,2021
SAL30448,Burnett Creek,16,59,2250,2.0,QLD,2021
SAL30449,Burnett Heads,2908,55,1053,2.2,QLD,2021
SAL30450,Burnside (Qld),3104,37,1626,2.7,QLD,2021
SAL30451,Burpengary,16488,36,1720,2.7,QLD,2021
SAL30452,Burpengary East,9654,38,1821,2.7,QLD,2021
SAL30453,Burra Burri,32,60,593,2.1,QLD,2021
SAL30454,Burrar Islet,0,0,0,0.0,QLD,2021
SAL30455,Burrum Heads,2538,64,815,2.0,QLD,2021
SAL30456,Burrum River,259,52,1025,2.6,QLD,2021
SAL30457,Burrum Town,197,59,744,1.8,QLD,2021
SAL30458,Burton (Qld),7,33,1625,2.3,QLD,2021
SAL30459,Burua,849,39,2430,2.9,QLD,2021
SAL30460,Bushland Beach,6641,35,2283,2.9,QLD,2021
SAL30461,Bushley,36,55,900,2.8,QLD,2021
SAL30462,Butchers Creek,85,46,1562,2.8,QLD,2021
SAL30463,Buxton (Qld),507,63,796,1.9,QLD,2021
SAL30464,Bybera,0,77,1125,2.0,QLD,2021
SAL30465,Byee,39,28,1374,3.4,QLD,2021
SAL30466,Byellee,0,0,0,0.0,QLD,2021
SAL30467,Byfield,323,48,1018,2.5,QLD,2021
SAL30468,Bymount,47,34,2125,3.0,QLD,2021
SAL30469,Byrnestown,27,59,900,2.0,QLD,2021
SAL30470,Cabarlah,1307,40,2273,2.9,QLD,2021
SAL30471,Caboolture,29534,36,1310,2.6,QLD,2021
SAL30472,Caboolture South,7539,36,1191,2.5,QLD,2021
SAL30473,Caboonbah,13,56,75,2.2,QLD,2021
SAL30474,Cadarga,28,32,1749,2.8,QLD,2021
SAL30475,Caffey,45,45,1437,2.4,QLD,2021
SAL30476,Cainbable,85,45,1562,2.6,QLD,2021
SAL30477,Cairdbeign,70,40,2437,2.8,QLD,2021
SAL30478,Cairns City,3616,44,1627,1.9,QLD,2021
SAL30479,Cairns North,5334,37,1402,1.9,QLD,2021
SAL30480,Calamvale,17994,34,1874,3.0,QLD,2021
SAL30481,Calavos,359,45,1156,2.4,QLD,2021
SAL30482,Calcium,12,57,1812,1.9,QLD,2021
SAL30483,Caldervale,16,49,2499,3.2,QLD,2021
SAL30484,Calen,427,43,1424,2.5,QLD,2021
SAL30485,Calgoa,14,55,2250,2.2,QLD,2021
SAL30486,Calico Creek,185,38,1437,2.8,QLD,2021
SAL30487,Calingunee,18,58,900,2.3,QLD,2021
SAL30488,Callandoon,32,32,1875,2.8,QLD,2021
SAL30489,Callemondah,30,63,900,1.8,QLD,2021
SAL30490,Callide,80,35,2416,2.9,QLD,2021
SAL30491,Calliope (Qld),5263,32,1884,2.9,QLD,2021
SAL30492,Caloundra,3932,58,980,1.9,QLD,2021
SAL30493,Caloundra West,7270,37,1571,2.6,QLD,2021
SAL30494,Calvert (Qld),374,43,1765,2.8,QLD,2021
SAL30495,Camboon (Qld),76,37,1875,3.1,QLD,2021
SAL30496,Cambooya,2260,31,1574,2.6,QLD,2021
SAL30497,Cambridge (Qld),14,46,2874,2.7,QLD,2021
SAL30498,Cambroon,211,47,1268,2.8,QLD,2021
SAL30499,Cameby,53,53,1625,2.1,QLD,2021
SAL30500,Cameron Corner,19,22,3749,5.0,QLD,2021
SAL30501,Camira (Qld),7415,38,1927,2.8,QLD,2021
SAL30502,Camooweal,236,36,1339,2.5,QLD,2021
SAL30503,Camp Creek (Qld),128,45,1562,2.6,QLD,2021
SAL30504,Camp Hill,12254,35,3085,2.8,QLD,2021
SAL30505,Camp Mountain,1447,44,2674,3.2,QLD,2021
SAL30506,Campaspe,123,46,1125,2.9,QLD,2021
SAL30507,Campbell Creek,3,46,1399,3.0,QLD,2021
SAL30508,Campbells Pocket,77,47,2125,2.4,QLD,2021
SAL30509,Campwin Beach,511,42,1555,2.4,QLD,2021
SAL30510,Canaga,85,43,1624,2.8,QLD,2021
SAL30511,Canal Creek,11,57,2250,2.0,QLD,2021
SAL30512,Cania,27,51,933,2.4,QLD,2021
SAL30513,Canina,367,49,1231,2.8,QLD,2021
SAL30514,Cannindah,35,52,880,1.9,QLD,2021
SAL30515,Canning Creek,21,29,1749,3.8,QLD,2021
SAL30516,Canningvale,118,52,1625,2.7,QLD,2021
SAL30517,Cannon Creek (Scenic Rim - Qld),75,51,1624,2.7,QLD,2021
SAL30518,Cannon Creek (Southern Downs - Qld),67,47,949,2.5,QLD,2021
SAL30519,Cannon Hill,6701,34,2357,2.5,QLD,2021
SAL30520,Cannon Valley,1131,39,2440,3.0,QLD,2021
SAL30521,Cannonvale,6596,37,1639,2.4,QLD,2021
SAL30522,Canoona,90,47,1333,2.7,QLD,2021
SAL30523,Canungra,1436,41,1883,2.7,QLD,2021
SAL30524,Capalaba,18002,39,1747,2.6,QLD,2021
SAL30525,Cape Cleveland,128,48,1562,2.4,QLD,2021
SAL30526,Cape Conway,0,0,0,0.0,QLD,2021
SAL30527,Cape Gloucester,85,49,1406,2.5,QLD,2021
SAL30528,Cape Hillsborough,39,61,2250,2.1,QLD,2021
SAL30529,Cape Tribulation,123,46,949,1.8,QLD,2021
SAL30530,Capella,974,32,1838,2.5,QLD,2021
SAL30531,Captain Creek,452,49,837,2.3,QLD,2021
SAL30532,Captains Mountain,74,50,1312,2.6,QLD,2021
SAL30533,Caravonica,2183,46,1670,2.4,QLD,2021
SAL30534,Carbine Creek,33,34,1249,2.8,QLD,2021
SAL30535,Carbrook,1330,46,1989,2.8,QLD,2021
SAL30536,Cardstone,0,69,450,1.0,QLD,2021
SAL30537,Cardwell,1320,60,846,1.9,QLD,2021
SAL30538,Carina (Qld),11678,37,2064,2.4,QLD,2021
SAL30539,Carina Heights,7103,36,1997,2.3,QLD,2021
SAL30540,Carindale,16535,43,2375,2.8,QLD,2021
SAL30541,Carmila,340,54,966,2.1,QLD,2021
SAL30542,Carmoo,179,53,1093,2.2,QLD,2021
SAL30543,Carnarvon Park,12,30,900,1.1,QLD,2021
SAL30544,Carneys Creek,71,55,1125,2.6,QLD,2021
SAL30545,Carole Park,8,36,2250,2.0,QLD,2021
SAL30546,Caroline Crossing,44,48,2249,2.9,QLD,2021
SAL30547,Carpendale,110,48,1562,2.6,QLD,2021
SAL30548,Carpentaria,25,22,2124,4.3,QLD,2021
SAL30549,Carrandotta,5,15,2250,4.0,QLD,2021
SAL30550,Carrara,13138,42,1562,2.4,QLD,2021
SAL30551,Carrington (Qld),191,54,1812,2.5,QLD,2021
SAL30552,Carruchan,247,53,880,2.4,QLD,2021
SAL30553,Carseldine,10093,41,2048,2.6,QLD,2021
SAL30554,Carstairs,91,52,2208,2.5,QLD,2021
SAL30555,Carters Ridge,497,44,1382,2.7,QLD,2021
SAL30556,Cashmere,4970,40,2950,3.2,QLD,2021
SAL30557,Cassowary,119,46,2229,2.6,QLD,2021
SAL30558,Castaways Beach,683,51,2083,2.6,QLD,2021
SAL30559,Castle Creek (Qld),57,38,3124,2.9,QLD,2021
SAL30560,Castle Hill (Qld),972,46,3781,2.7,QLD,2021
SAL30561,Cattle Creek (North Burnett - Qld),13,55,1124,2.0,QLD,2021
SAL30562,Cattle Creek (Toowoomba - Qld),21,55,1125,2.1,QLD,2021
SAL30563,Causeway Lake,121,55,1208,2.2,QLD,2021
SAL30564,Cawarral,831,43,1758,2.8,QLD,2021
SAL30565,Cawdor (Qld),420,37,2899,3.5,QLD,2021
SAL30566,Cecil Plains,380,47,1281,2.2,QLD,2021
SAL30567,Cedar Creek (Logan - Qld),861,43,2294,3.2,QLD,2021
SAL30568,Cedar Creek (Moreton Bay - Qld),831,43,3250,3.3,QLD,2021
SAL30569,Cedar Grove,1992,38,2032,3.0,QLD,2021
SAL30570,Cedar Pocket,332,53,1468,2.6,QLD,2021
SAL30571,Cedar Vale,2856,37,2261,3.2,QLD,2021
SAL30572,Cedarton,129,51,1196,2.5,QLD,2021
SAL30573,Cement Mills,11,62,487,1.9,QLD,2021
SAL30574,Centenary Heights,6152,37,1432,2.3,QLD,2021
SAL30575,Ceratodus,34,41,574,3.0,QLD,2021
SAL30576,Chahpingah,26,41,724,2.1,QLD,2021
SAL30577,Chambers Flat,2718,47,1356,2.7,QLD,2021
SAL30578,Chances Plain,158,43,1906,2.8,QLD,2021
SAL30579,Chandler (Qld),1475,45,2905,3.2,QLD,2021
SAL30580,Chapel Hill (Qld),10511,42,2969,2.9,QLD,2021
SAL30581,Charlestown (Qld),79,45,1124,2.5,QLD,2021
SAL30582,Charleville,2992,42,1325,2.2,QLD,2021
SAL30583,Charlton (Qld),107,44,1625,2.8,QLD,2021
SAL30584,Charlwood,146,50,1297,2.3,QLD,2021
SAL30585,Charters Towers City,2219,41,1078,2.1,QLD,2021
SAL30586,Chatsworth (Qld),1353,43,1442,2.7,QLD,2021
SAL30587,Cheeseborough,16,41,2250,3.8,QLD,2021
SAL30588,Chelmer,3325,41,3402,3.0,QLD,2021
SAL30589,Chelmsford,100,54,1292,2.3,QLD,2021
SAL30590,Chelona,120,37,1958,3.0,QLD,2021
SAL30591,Cheltenham (Qld),10,27,2250,3.0,QLD,2021
SAL30592,Cherbourg,1194,23,793,3.4,QLD,2021
SAL30593,Chermside,11426,35,1419,1.9,QLD,2021
SAL30594,Chermside West,6965,39,2124,2.7,QLD,2021
SAL30595,Cherry Creek,38,45,949,2.7,QLD,2021
SAL30596,Cherry Gully,18,43,1625,3.3,QLD,2021
SAL30597,Cherwell,10,39,3249,6.0,QLD,2021
SAL30598,Chevallum,467,45,2016,3.2,QLD,2021
SAL30599,Chewko,213,51,1218,2.3,QLD,2021
SAL30600,Childers (Qld),1682,50,816,2.0,QLD,2021
SAL30601,Chillagoe,214,49,772,2.0,QLD,2021
SAL30602,Chinchilla,7068,33,1549,2.5,QLD,2021
SAL30603,Chinghee Creek,35,49,1125,2.7,QLD,2021
SAL30604,Chirnside,56,52,2349,2.4,QLD,2021
SAL30605,Christmas Creek,88,36,1166,2.6,QLD,2021
SAL30606,Churchable,256,48,1593,2.7,QLD,2021
SAL30607,Churchill (Qld),1842,34,1174,2.5,QLD,2021
SAL30608,Chuwar,2178,37,2247,2.9,QLD,2021
SAL30609,Cinnabar,83,43,1406,2.4,QLD,2021
SAL30610,Clagiraba,651,41,2319,3.0,QLD,2021
SAL30611,Clairview,167,61,1015,1.8,QLD,2021
SAL30612,Clara Creek,56,46,2749,3.1,QLD,2021
SAL30613,Claraville,6,25,2250,3.3,QLD,2021
SAL30614,Clare (Qld),201,37,1625,2.2,QLD,2021
SAL30615,Clarendon (Qld),232,39,1474,2.8,QLD,2021
SAL30616,Clarke Creek,32,46,2624,2.3,QLD,2021
SAL30617,Clayfield,10897,37,1948,2.2,QLD,2021
SAL30618,Clear Island Waters,4395,50,1617,2.5,QLD,2021
SAL30619,Clear Mountain,807,45,2715,3.0,QLD,2021
SAL30620,Clemant,13,27,2750,6.0,QLD,2021
SAL30621,Clermont,2952,36,1867,2.4,QLD,2021
SAL30622,Cleveland (Qld),15850,51,1430,2.3,QLD,2021
SAL30623,Clifford,29,45,1292,2.5,QLD,2021
SAL30624,Clifton (Qld),1490,49,877,2.2,QLD,2021
SAL30625,Clifton Beach (Qld),3192,48,1480,2.3,QLD,2021
SAL30626,Clinton (Qld),6170,34,1701,2.7,QLD,2021
SAL30627,Clintonvale,72,56,1187,2.5,QLD,2021
SAL30628,Cloncurry,3167,34,1953,2.5,QLD,2021
SAL30629,Clontarf (Moreton Bay - Qld),8446,46,1383,2.3,QLD,2021
SAL30630,Clontarf (Toowoomba - Qld),28,49,2125,2.5,QLD,2021
SAL30631,Closeburn,562,47,2839,3.1,QLD,2021
SAL30632,Cloyna,160,47,1343,2.8,QLD,2021
SAL30633,Cluden,413,48,1480,2.3,QLD,2021
SAL30634,Clumber,91,48,1292,2.7,QLD,2021
SAL30635,Coal Creek,50,57,1249,2.2,QLD,2021
SAL30636,Coalbank,45,54,1187,2.1,QLD,2021
SAL30637,Coalfalls,898,38,1731,2.6,QLD,2021
SAL30638,Coalstoun Lakes,99,44,1531,2.5,QLD,2021
SAL30639,Cobbs Hill,13,50,2750,2.3,QLD,2021
SAL30640,Cobraball,81,49,1446,3.0,QLD,2021
SAL30641,Cockatoo (Qld),41,51,2550,2.3,QLD,2021
SAL30642,Coconuts,216,56,1178,2.0,QLD,2021
SAL30643,Coen,320,31,1237,3.0,QLD,2021
SAL30644,Coes Creek,1515,43,1628,2.7,QLD,2021
SAL30645,Coles Creek,68,42,1812,2.5,QLD,2021
SAL30646,Colevale,19,48,1125,2.9,QLD,2021
SAL30647,Coleyville,192,49,2175,2.7,QLD,2021
SAL30648,Colinton (Qld),60,56,959,2.1,QLD,2021
SAL30649,Collaroy (Qld),0,70,725,1.3,QLD,2021
SAL30650,College View,72,30,1187,2.7,QLD,2021
SAL30651,Collingwood Park (Qld),9246,31,1755,3.0,QLD,2021
SAL30652,Collinsville (Qld),1496,43,1271,2.2,QLD,2021
SAL30653,Colosseum,184,53,1187,2.4,QLD,2021
SAL30654,Columbia,97,43,2062,2.9,QLD,2021
SAL30655,Columboola,68,46,2062,2.3,QLD,2021
SAL30656,Comet,360,41,2575,2.6,QLD,2021
SAL30657,Commissioners Flat,23,38,2750,3.0,QLD,2021
SAL30658,Como (Qld),54,45,1312,2.7,QLD,2021
SAL30659,Comoon Loop,44,58,1374,2.1,QLD,2021
SAL30660,Cona Creek,57,34,1999,3.5,QLD,2021
SAL30661,Condamine,294,37,1403,2.4,QLD,2021
SAL30662,Condamine Farms,28,56,1024,2.4,QLD,2021
SAL30663,Condamine Plains,101,39,2349,3.1,QLD,2021
SAL30664,Condon,5894,39,1336,2.4,QLD,2021
SAL30665,Conjuboy,7,47,1125,4.3,QLD,2021
SAL30666,Conondale,882,48,1194,2.5,QLD,2021
SAL30667,Consuelo,35,52,2250,2.4,QLD,2021
SAL30668,Conway,202,52,1399,2.5,QLD,2021
SAL30669,Conway Beach,75,62,949,1.8,QLD,2021
SAL30670,Coochiemudlo Island,850,62,892,1.9,QLD,2021
SAL30671,Coochin,115,54,1875,2.4,QLD,2021
SAL30672,Coochin Creek,76,41,1624,2.5,QLD,2021
SAL30673,Cooee Bay,942,46,1210,2.1,QLD,2021
SAL30674,Cooeeimbardi,9,46,1499,2.5,QLD,2021
SAL30675,Cooktown,2746,44,1215,2.3,QLD,2021
SAL30676,Coolabine,76,53,1083,2.1,QLD,2021
SAL30677,Coolabunia,173,45,1166,2.5,QLD,2021
SAL30678,Cooladdi,7,59,1312,2.2,QLD,2021
SAL30679,Coolana,175,43,1542,2.7,QLD,2021
SAL30680,Coolangatta (Qld),6491,50,1331,1.9,QLD,2021
SAL30681,Coolbie,110,57,1375,2.1,QLD,2021
SAL30682,Coolmunda,212,51,1312,2.6,QLD,2021
SAL30683,Cooloola,0,0,0,0.0,QLD,2021
SAL30684,Cooloola Cove,2921,62,808,2.1,QLD,2021
SAL30685,Cooloolabin,311,45,1199,2.7,QLD,2021
SAL30686,Coolum Beach,9152,45,1600,2.4,QLD,2021
SAL30687,Coombabah,10298,51,1092,2.1,QLD,2021
SAL30688,Coomera,20225,29,1930,3.1,QLD,2021
SAL30689,Coominglah,12,60,1375,1.9,QLD,2021
SAL30690,Coominglah Forest,0,0,0,0.0,QLD,2021
SAL30691,Coominya,1029,50,1231,2.5,QLD,2021
SAL30692,Coomoo,24,48,1875,3.1,QLD,2021
SAL30693,Coomrith,52,40,1375,3.1,QLD,2021
SAL30694,Coonambula,80,44,949,2.1,QLD,2021
SAL30695,Coonarr,257,55,958,2.4,QLD,2021
SAL30696,Coondoo,43,58,1562,2.0,QLD,2021
SAL30697,Coongoola,16,40,1024,3.8,QLD,2021
SAL30698,Coopers Plains,5675,33,1593,2.6,QLD,2021
SAL30699,Coorada,11,40,2249,3.3,QLD,2021
SAL30700,Cooran,1756,46,1294,2.5,QLD,2021
SAL30701,Cooranga,119,43,1781,2.8,QLD,2021
SAL30702,Cooroibah,2178,46,1639,2.9,QLD,2021
SAL30703,Cooroo Lands,12,16,1125,3.7,QLD,2021
SAL30704,Coorooman,97,53,1958,2.4,QLD,2021
SAL30705,Cooroy,4801,50,1289,2.4,QLD,2021
SAL30706,Cooroy Mountain,148,51,2111,2.6,QLD,2021
SAL30707,Coorparoo,18132,35,2105,2.3,QLD,2021
SAL30708,Coorumba,137,41,1583,2.7,QLD,2021
SAL30709,Coorumbene,40,21,1749,4.3,QLD,2021
SAL30710,Cootharaba,866,48,1465,2.7,QLD,2021
SAL30711,Coowonga,255,51,1292,2.5,QLD,2021
SAL30712,Cooya Beach,523,48,1154,2.2,QLD,2021
SAL30713,Cooyar,231,59,711,2.1,QLD,2021
SAL30714,Coppabella (Qld),594,36,3083,2.3,QLD,2021
SAL30715,Coquette Point,117,59,1399,2.3,QLD,2021
SAL30716,Coral Cove,1462,50,1620,2.7,QLD,2021
SAL30717,Coral Sea,78,36,1374,1.6,QLD,2021
SAL30718,Coralie,0,47,0,2.0,QLD,2021
SAL30719,Corbould Park,6,60,1324,2.5,QLD,2021
SAL30720,Cordalba,467,53,962,2.2,QLD,2021
SAL30721,Cordelia,176,52,1325,2.3,QLD,2021
SAL30722,Corella,68,43,2124,3.0,QLD,2021
SAL30723,Corfield,158,39,1812,3.1,QLD,2021
SAL30724,Corinda,5555,41,2188,2.6,QLD,2021
SAL30725,Coringa,86,49,1224,2.6,QLD,2021
SAL30726,Corndale (Qld),58,56,1275,2.4,QLD,2021
SAL30727,Cornubia,7810,40,2348,2.9,QLD,2021
SAL30728,Cornwall (Qld),13,48,2250,2.8,QLD,2021
SAL30729,Cosgrove (Qld),665,27,1976,2.5,QLD,2021
SAL30730,Cotherstone,5,55,0,1.0,QLD,2021
SAL30731,Cotswold Hills,1620,42,2196,2.7,QLD,2021
SAL30732,Cottonvale (Qld),153,40,1071,2.3,QLD,2021
SAL30733,Coulson,168,51,1645,2.6,QLD,2021
SAL30734,Coverty,107,54,703,2.2,QLD,2021
SAL30735,Cow Bay,220,52,752,1.7,QLD,2021
SAL30736,Cowan Cowan,27,62,1375,1.5,QLD,2021
SAL30737,Cowley,82,44,1468,3.2,QLD,2021
SAL30738,Cowley Beach,65,59,1042,1.8,QLD,2021
SAL30739,Cowley Creek,3,54,1437,1.7,QLD,2021
SAL30740,Cracow,114,54,762,1.8,QLD,2021
SAL30741,Craiglie,1062,44,1668,2.5,QLD,2021
SAL30742,Craignish,2190,47,1602,2.8,QLD,2021
SAL30743,Cranbrook (Qld),5844,40,1400,2.5,QLD,2021
SAL30744,Cranley,2281,60,1112,2.1,QLD,2021
SAL30745,Crawford,182,40,1474,2.9,QLD,2021
SAL30746,Crediton,109,38,1166,2.9,QLD,2021
SAL30747,Cremorne (Qld),19,52,1625,2.0,QLD,2021
SAL30748,Cressbrook,121,45,1281,2.4,QLD,2021
SAL30749,Cressbrook Creek,10,50,1042,1.8,QLD,2021
SAL30750,Crestmead,12271,29,1468,3.1,QLD,2021
SAL30751,Crinum,86,39,2299,3.1,QLD,2021
SAL30752,Croftby,129,53,1042,2.3,QLD,2021
SAL30753,Crohamhurst,219,49,1514,2.6,QLD,2021
SAL30754,Cromarty,43,56,1562,2.6,QLD,2021
SAL30755,Crossdale,68,58,933,2.1,QLD,2021
SAL30756,Crossroads,127,32,2049,3.9,QLD,2021
SAL30757,Crowley Vale,106,37,1083,2.9,QLD,2021
SAL30758,Crownthorpe,45,51,1187,2.9,QLD,2021
SAL30759,Crows Nest (Qld),2212,57,913,2.1,QLD,2021
SAL30760,Croydon (Qld),215,39,1292,2.5,QLD,2021
SAL30761,Cryna,134,50,1562,2.6,QLD,2021
SAL30762,Crystal Brook (Qld),237,38,1424,2.9,QLD,2021
SAL30763,Crystal Creek (Qld),6,73,2250,1.0,QLD,2021
SAL30764,Crystalbrook,4,14,2250,5.0,QLD,2021
SAL30765,Cullinane,551,41,1234,2.5,QLD,2021
SAL30766,Cungulla,307,58,1147,2.1,QLD,2021
SAL30767,Cunnamulla,1233,40,994,2.3,QLD,2021
SAL30768,Cunningham (Qld),58,49,1874,2.6,QLD,2021
SAL30769,Curra,2104,45,1088,2.6,QLD,2021
SAL30770,Currajah,57,61,2187,2.3,QLD,2021
SAL30771,Currajong,2490,39,1429,2.3,QLD,2021
SAL30772,Curramore (Qld),198,54,1343,2.5,QLD,2021
SAL30773,Currimundi,6570,45,1467,2.5,QLD,2021
SAL30774,Currumbin,3278,42,1830,2.3,QLD,2021
SAL30775,Currumbin Valley,2084,43,2278,3.0,QLD,2021
SAL30776,Currumbin Waters,9797,42,1636,2.6,QLD,2021
SAL30777,Curtis Island,36,62,575,1.8,QLD,2021
SAL30778,Cushnie,145,48,1312,2.5,QLD,2021
SAL30779,Cutella,45,55,1541,2.3,QLD,2021
SAL30780,Cuttaburra,22,27,1375,3.2,QLD,2021
SAL30781,Cynthia,13,53,1062,1.7,QLD,2021
SAL30782,Cypress Gardens,94,54,687,2.1,QLD,2021
SAL30783,D'Aguilar,1474,36,1896,2.9,QLD,2021
SAL30784,Dagmar,0,0,0,0.0,QLD,2021
SAL30785,Dagun,137,52,1187,2.4,QLD,2021
SAL30786,Daintree,93,54,933,2.2,QLD,2021
SAL30787,Daisy Hill (Qld),6925,38,2004,2.8,QLD,2021
SAL30788,Dajarra,186,38,900,2.3,QLD,2021
SAL30789,Dakabin,5275,30,1689,2.6,QLD,2021
SAL30790,Dakenba,127,44,2250,3.0,QLD,2021
SAL30791,Dalbeg,32,56,1375,2.1,QLD,2021
SAL30792,Dalby,12758,35,1462,2.6,QLD,2021
SAL30793,Dalcouth,220,40,1437,2.9,QLD,2021
SAL30794,Dalga,6,28,0,0.0,QLD,2021
SAL30795,Dallarnil,245,55,811,2.1,QLD,2021
SAL30796,Dalma,95,43,2374,3.1,QLD,2021
SAL30797,Dalrymple Creek,51,54,1625,2.4,QLD,2021
SAL30798,Dalrymple Heights,46,46,774,2.2,QLD,2021
SAL30799,Dalveen,369,53,1198,2.3,QLD,2021
SAL30800,Dalwogon,53,49,974,2.6,QLD,2021
SAL30801,Dalysford,136,50,1187,2.7,QLD,2021
SAL30802,Damascus,96,58,933,2.3,QLD,2021
SAL30803,Damper Creek,34,58,1375,2.5,QLD,2021
SAL30804,Danbulla,88,57,2250,2.6,QLD,2021
SAL30805,Danderoo,40,41,1874,3.3,QLD,2021
SAL30806,Dangore,35,59,1124,2.0,QLD,2021
SAL30807,Daradgee,90,41,1213,2.6,QLD,2021
SAL30808,Dargal Road,198,41,2600,3.3,QLD,2021
SAL30809,Darling Heights,5157,30,1469,2.6,QLD,2021
SAL30810,Darlington (Qld),98,43,1833,2.9,QLD,2021
SAL30811,Darr Creek,13,52,900,1.8,QLD,2021
SAL30812,Darra,4098,36,1560,2.7,QLD,2021
SAL30813,Darts Creek,165,50,1625,2.7,QLD,2021
SAL30814,Dauan Island,131,21,739,3.5,QLD,2021
SAL30815,Daveson,33,49,1542,2.3,QLD,2021
SAL30816,Dayboro,2376,40,2303,2.9,QLD,2021
SAL30817,Daymar,41,50,1124,2.8,QLD,2021
SAL30818,Deagon,3773,42,1605,2.3,QLD,2021
SAL30819,Deception Bay,19573,40,1270,2.5,QLD,2021
SAL30820,Dedin,0,0,0,0.0,QLD,2021
SAL30821,Deebing Heights,3960,29,2225,3.0,QLD,2021
SAL30822,Deep Creek (Qld),13,37,1375,3.0,QLD,2021
SAL30823,Deepwater (Qld),287,57,666,2.0,QLD,2021
SAL30824,Deeragun,4273,32,1523,2.7,QLD,2021
SAL30825,Deeral,151,46,1350,2.6,QLD,2021
SAL30826,Degarra,80,51,849,2.3,QLD,2021
SAL30827,Degilbo,182,56,748,2.1,QLD,2021
SAL30828,Delan,323,51,973,2.2,QLD,2021
SAL30829,Delaneys Creek,1366,39,1970,2.9,QLD,2021
SAL30830,Depot Hill,995,37,955,2.3,QLD,2021
SAL30831,Derri Derra,115,47,1687,2.6,QLD,2021
SAL30832,Derrymore,85,42,1468,2.5,QLD,2021
SAL30833,Desailly,9,19,1625,3.5,QLD,2021
SAL30834,Deuchar,327,41,1125,2.6,QLD,2021
SAL30835,Devereux Creek,406,45,2125,2.7,QLD,2021
SAL30836,Devon Park (Qld),55,29,2750,3.2,QLD,2021
SAL30837,Diamantina Lakes,0,0,0,0.0,QLD,2021
SAL30838,Diamond Valley,489,50,1760,2.7,QLD,2021
SAL30839,Diamondvale,52,50,1624,2.5,QLD,2021
SAL30840,Diamondy,72,47,1474,2.5,QLD,2021
SAL30841,Dicky Beach,1921,53,1322,2.2,QLD,2021
SAL30842,Didcot,85,38,1312,2.7,QLD,2021
SAL30843,Diddillibah,1703,46,1424,2.6,QLD,2021
SAL30844,Diglum,56,45,1833,3.1,QLD,2021
SAL30845,Dimbulah,975,48,1161,2.3,QLD,2021
SAL30846,Dingo,221,40,1416,2.7,QLD,2021
SAL30847,Dingo Beach,159,61,982,1.9,QLD,2021
SAL30848,Dingo Pocket,79,52,1937,3.0,QLD,2021
SAL30849,Dinmore,1109,35,1292,2.2,QLD,2021
SAL30850,Dirnbir,59,37,2249,3.1,QLD,2021
SAL30851,Dirranbandi,610,44,1266,2.2,QLD,2021
SAL30852,Dittmer,52,49,769,2.2,QLD,2021
SAL30853,Diwan,169,51,1062,2.0,QLD,2021
SAL30854,Dixalea,102,39,1968,3.0,QLD,2021
SAL30855,Dixie (Qld),43,33,575,3.1,QLD,2021
SAL30856,Djarawong,103,45,1656,2.7,QLD,2021
SAL30857,Djiru,0,0,0,0.0,QLD,2021
SAL30858,Djuan,93,46,1531,2.9,QLD,2021
SAL30859,Doctor Creek,28,56,1281,2.4,QLD,2021
SAL30860,Dolphin Heads,413,48,2833,2.4,QLD,2021
SAL30861,Domville,0,0,0,0.0,QLD,2021
SAL30862,Donnybrook (Qld),664,58,1130,2.1,QLD,2021
SAL30863,Doolandella,7123,30,1882,3.2,QLD,2021
SAL30864,Doolbi,101,59,974,2.2,QLD,2021
SAL30865,Doomadgee,1387,25,1223,4.2,QLD,2021
SAL30866,Doonan,3727,46,2096,2.9,QLD,2021
SAL30867,Doongul,35,46,762,2.1,QLD,2021
SAL30868,Dotswood,83,52,949,2.5,QLD,2021
SAL30869,Doughboy,22,58,599,1.5,QLD,2021
SAL30870,Douglas (Toowoomba - Qld),152,50,1937,2.8,QLD,2021
SAL30871,Douglas (Townsville - Qld),7780,26,2025,2.6,QLD,2021
SAL30872,Dowar Islet,0,0,0,0.0,QLD,2021
SAL30873,Downsfield,86,47,725,2.3,QLD,2021
SAL30874,Dows Creek,146,41,2562,3.1,QLD,2021
SAL30875,Draper,695,42,3073,3.1,QLD,2021
SAL30876,Drayton,1813,36,1362,2.4,QLD,2021
SAL30877,Drewvale,4779,35,2243,3.5,QLD,2021
SAL30878,Drillham,113,37,900,2.5,QLD,2021
SAL30879,Drillham South,73,35,2083,3.2,QLD,2021
SAL30880,Drinan,135,48,982,2.4,QLD,2021
SAL30881,Dromedary (Qld),5,51,1625,2.0,QLD,2021
SAL30882,Duaringa,262,45,1300,2.4,QLD,2021
SAL30883,Duchess,53,45,1958,2.4,QLD,2021
SAL30884,Duckinwilla,38,55,1312,2.5,QLD,2021
SAL30885,Ducklo,306,44,1145,2.7,QLD,2021
SAL30886,Dugandan,602,50,1256,2.4,QLD,2021
SAL30887,Duingal,70,33,1062,2.8,QLD,2021
SAL30888,Dulacca,131,40,1375,2.4,QLD,2021
SAL30889,Dulong,688,49,1767,2.6,QLD,2021
SAL30890,Dululu,97,55,1291,2.3,QLD,2021
SAL30891,Dumbleton,242,52,2531,2.7,QLD,2021
SAL30892,Dumgree,63,38,1624,3.3,QLD,2021
SAL30893,Dumpy Creek,16,43,1958,1.9,QLD,2021
SAL30894,Dundarrah,4,71,725,1.7,QLD,2021
SAL30895,Dundas (Qld),58,51,1104,2.2,QLD,2021
SAL30896,Dundathu,238,47,1281,2.5,QLD,2021
SAL30897,Dundowran,1085,42,1403,2.8,QLD,2021
SAL30898,Dundowran Beach,2299,51,1651,2.6,QLD,2021
SAL30899,Dunk,23,41,1125,2.3,QLD,2021
SAL30900,Dunkeld (Qld),49,52,1375,2.5,QLD,2021
SAL30901,Dunmora,281,40,1593,2.9,QLD,2021
SAL30902,Dunmore (Qld),39,45,1124,2.6,QLD,2021
SAL30903,Dunnrock,58,54,1468,1.9,QLD,2021
SAL30904,Dunwich,737,47,1111,2.3,QLD,2021
SAL30905,Durack (Qld),7788,39,1264,2.6,QLD,2021
SAL30906,Durah,0,0,0,0.0,QLD,2021
SAL30907,Durham,31,33,4249,3.2,QLD,2021
SAL30908,Durham Downs,63,32,2666,2.3,QLD,2021
SAL30909,Durong,219,53,850,2.3,QLD,2021
SAL30910,Dutton Park,2134,33,1739,2.3,QLD,2021
SAL30911,Dutton River,66,32,1416,2.3,QLD,2021
SAL30912,Dykehead,13,34,575,3.5,QLD,2021
SAL30913,Dysart (Qld),2918,32,2444,2.5,QLD,2021
SAL30914,Eagle Farm,11,38,824,1.8,QLD,2021
SAL30915,Eagleby,13594,37,1083,2.4,QLD,2021
SAL30916,Eaglefield,3,39,2250,2.0,QLD,2021
SAL30917,Earlville,4200,44,1166,2.2,QLD,2021
SAL30918,East Barron,278,45,1542,2.5,QLD,2021
SAL30919,East Brisbane,6186,33,2056,2.2,QLD,2021
SAL30920,East Cooyar,27,45,1374,3.4,QLD,2021
SAL30921,East Creek,0,0,0,0.0,QLD,2021
SAL30922,East Deep Creek,698,45,1466,2.7,QLD,2021
SAL30923,East End,88,37,2299,2.7,QLD,2021
SAL30924,East Feluga,266,48,1375,2.5,QLD,2021
SAL30925,East Greenmount,351,43,1805,2.6,QLD,2021
SAL30926,East Haldon,35,35,1812,3.8,QLD,2021
SAL30927,East Innisfail,1757,39,1092,2.3,QLD,2021
SAL30928,East Ipswich,2321,40,1264,2.2,QLD,2021
SAL30929,East Mackay,3725,42,1718,2.3,QLD,2021
SAL30930,East Nanango,273,51,963,2.5,QLD,2021
SAL30931,East Palmerston,220,49,1390,2.5,QLD,2021
SAL30932,East Russell,83,53,1292,2.2,QLD,2021
SAL30933,East Toowoomba,5953,37,1591,2.2,QLD,2021
SAL30934,East Trinity,238,47,1875,2.5,QLD,2021
SAL30935,Eastern Heights,3631,45,1370,2.3,QLD,2021
SAL30936,Eaton (Qld),47,39,2250,2.9,QLD,2021
SAL30937,Eatons Hill,7822,38,2771,3.1,QLD,2021
SAL30938,Ebbw Vale,540,43,1255,2.3,QLD,2021
SAL30939,Ebenezer (Qld),301,46,1792,2.8,QLD,2021
SAL30940,Edens Landing,5094,35,1648,2.8,QLD,2021
SAL30941,Edge Hill,4088,42,1674,2.3,QLD,2021
SAL30942,Edmonton,11409,33,1643,2.8,QLD,2021
SAL30943,Edward River,3,19,0,6.0,QLD,2021
SAL30944,Eerwah Vale,671,46,1573,2.6,QLD,2021
SAL30945,Egypt,8,24,949,2.8,QLD,2021
SAL30946,Eidsvold,538,51,805,2.2,QLD,2021
SAL30947,Eidsvold East,27,55,1562,2.2,QLD,2021
SAL30948,Eidsvold West,85,40,1833,3.1,QLD,2021
SAL30949,Eight Mile Creek (Qld),0,30,0,0.0,QLD,2021
SAL30950,Eight Mile Plains,15326,36,1917,2.8,QLD,2021
SAL30951,Eimeo,3285,36,2304,2.7,QLD,2021
SAL30952,Einasleigh,87,47,1156,2.1,QLD,2021
SAL30953,El Arish,337,47,1148,2.3,QLD,2021
SAL30954,Elaman Creek,92,55,1562,2.5,QLD,2021
SAL30955,Elanora,12539,42,1744,2.7,QLD,2021
SAL30956,Elbow Valley,127,43,1156,2.7,QLD,2021
SAL30957,Electra,103,51,1406,2.5,QLD,2021
SAL30958,Elgin (Qld),52,31,1187,2.6,QLD,2021
SAL30959,Elgin Vale,14,28,1574,3.0,QLD,2021
SAL30960,Eli Waters,3758,48,1038,2.4,QLD,2021
SAL30961,Elimbah,4290,40,2183,3.1,QLD,2021
SAL30962,Ellangowan (Qld),95,44,1718,2.4,QLD,2021
SAL30963,Ellen Grove,3586,30,1353,2.9,QLD,2021
SAL30964,Ellerbeck,207,55,787,2.2,QLD,2021
SAL30965,Ellesmere,334,52,972,2.2,QLD,2021
SAL30966,Ellinjaa,66,48,2100,2.8,QLD,2021
SAL30967,Ellinthorp,30,56,1062,2.1,QLD,2021
SAL30968,Elliott (Qld),156,48,1416,2.7,QLD,2021
SAL30969,Elliott Heads,1160,54,1026,2.2,QLD,2021
SAL30970,Ellis Beach,5,54,725,1.2,QLD,2021
SAL30971,Elphinstone (Isaac - Qld),9,65,474,1.4,QLD,2021
SAL30972,Elphinstone (Toowoomba - Qld),60,50,1791,2.3,QLD,2021
SAL30973,Emerald (Qld),14904,32,2202,2.7,QLD,2021
SAL30974,Emu Creek (Qld),113,50,1666,2.5,QLD,2021
SAL30975,Emu Park,2281,54,1192,2.3,QLD,2021
SAL30976,Emu Vale,161,60,928,2.0,QLD,2021
SAL30977,England Creek,39,41,1375,2.6,QLD,2021
SAL30978,Enoggera,5849,31,2158,2.4,QLD,2021
SAL30979,Enoggera Reservoir,33,47,1624,2.6,QLD,2021
SAL30980,Epsom (Qld),21,49,4083,3.0,QLD,2021
SAL30981,Erakala,763,39,3103,3.2,QLD,2021
SAL30982,Eromanga,98,47,2125,2.6,QLD,2021
SAL30983,Erub Island,326,30,974,3.5,QLD,2021
SAL30984,Esk (Qld),1641,58,910,2.1,QLD,2021
SAL30985,Eskdale (Qld),34,52,1624,2.4,QLD,2021
SAL30986,Esmeralda,10,28,1125,5.5,QLD,2021
SAL30987,Etna Creek,1029,35,1875,2.8,QLD,2021
SAL30988,Eton,728,37,2024,2.9,QLD,2021
SAL30989,Etty Bay,486,41,1765,2.7,QLD,2021
SAL30990,Eubenangee,247,47,1547,2.5,QLD,2021
SAL30991,Eudlo,1192,45,1758,2.9,QLD,2021
SAL30992,Eukey,140,61,1312,2.1,QLD,2021
SAL30993,Euleilah,202,56,966,2.2,QLD,2021
SAL30994,Eulo,94,57,959,2.0,QLD,2021
SAL30995,Eumamurrin,97,46,1625,2.7,QLD,2021
SAL30996,Eumundi,2504,45,1967,2.8,QLD,2021
SAL30997,Eungella (Qld),190,52,771,2.3,QLD,2021
SAL30998,Eungella Dam,4,66,1274,1.5,QLD,2021
SAL30999,Eungella Hinterland,4,67,4750,2.0,QLD,2021
SAL31000,Euramo,114,43,1218,2.5,QLD,2021
SAL31001,Eureka (Qld),223,51,1166,2.8,QLD,2021
SAL31002,Eurella,45,35,2250,3.1,QLD,2021
SAL31003,Eurimbula,0,48,0,1.0,QLD,2021
SAL31004,Eurombah,100,35,2750,2.7,QLD,2021
SAL31005,Eurong,11,48,1375,1.3,QLD,2021
SAL31006,Euthulla,364,37,2345,2.8,QLD,2021
SAL31007,Evans Landing,56,42,1437,1.7,QLD,2021
SAL31008,Evanslea,31,32,2083,3.0,QLD,2021
SAL31009,Evelyn,209,56,1156,2.4,QLD,2021
SAL31010,Evergreen,49,52,1812,2.6,QLD,2021
SAL31011,Everton Hills,6673,36,2335,2.7,QLD,2021
SAL31012,Everton Park,10111,35,2018,2.4,QLD,2021
SAL31013,Fairdale,48,29,1062,2.7,QLD,2021
SAL31014,Fairfield (Qld),3106,32,2267,2.5,QLD,2021
SAL31015,Fairney View,221,50,1645,2.8,QLD,2021
SAL31016,Fairy Bower,99,58,1062,2.5,QLD,2021
SAL31017,Fairyland,90,36,1062,2.7,QLD,2021
SAL31018,Fairymead,28,56,1375,2.4,QLD,2021
SAL31019,Farleigh,814,42,2160,2.8,QLD,2021
SAL31020,Farnborough,469,49,1472,2.5,QLD,2021
SAL31021,Farnsfield,95,35,1958,3.0,QLD,2021
SAL31022,Farrars Creek,16,19,0,0.0,QLD,2021
SAL31023,Fassifern (Qld),18,51,1374,2.2,QLD,2021
SAL31024,Fassifern Valley,112,43,1562,2.9,QLD,2021
SAL31025,Federal (Qld),365,43,1550,3.0,QLD,2021
SAL31026,Felton,267,50,1792,2.7,QLD,2021
SAL31027,Felton South,78,44,1875,3.0,QLD,2021
SAL31028,Feluga,306,35,1680,2.9,QLD,2021
SAL31029,Ferney,93,54,1562,2.7,QLD,2021
SAL31030,Fernvale (Qld),3629,35,1771,3.0,QLD,2021
SAL31031,Ferny Glen,91,49,1562,2.3,QLD,2021
SAL31032,Ferny Grove,5871,41,2183,2.8,QLD,2021
SAL31033,Ferny Hills,8726,40,2271,2.8,QLD,2021
SAL31034,Ficks Crossing,39,54,1791,2.3,QLD,2021
SAL31035,Fielding,13,28,0,4.0,QLD,2021
SAL31036,Fifteen Mile,37,26,3750,3.6,QLD,2021
SAL31037,Fig Tree Pocket,4345,40,3791,3.2,QLD,2021
SAL31038,Finch Hatton,531,48,1279,2.2,QLD,2021
SAL31039,Finlayvale,33,35,1874,3.0,QLD,2021
SAL31040,Finnie,69,55,2125,2.3,QLD,2021
SAL31041,Fisher (Qld),65,55,1625,1.8,QLD,2021
SAL31042,Fishermans Pocket,60,48,1375,2.8,QLD,2021
SAL31043,Fishery Falls,205,50,1221,2.2,QLD,2021
SAL31044,Fitzgerald Creek,98,43,1937,3.0,QLD,2021
SAL31045,Fitzgibbon,6296,35,1735,2.5,QLD,2021
SAL31046,Fitzroy Island,85,31,962,1.2,QLD,2021
SAL31047,Flagstone,7087,30,2073,3.3,QLD,2021
SAL31048,Flagstone Creek,256,45,1575,2.6,QLD,2021
SAL31049,Flametree,143,45,1399,2.4,QLD,2021
SAL31050,Flaxton,992,59,1431,2.3,QLD,2021
SAL31051,Fletcher (Qld),128,53,866,2.3,QLD,2021
SAL31052,Fletcher Creek,0,0,0,0.0,QLD,2021
SAL31053,Fleurbaix,56,39,1812,3.0,QLD,2021
SAL31054,Flinders View,5816,38,1850,2.8,QLD,2021
SAL31055,Flinton,29,44,949,2.2,QLD,2021
SAL31056,Florence Bay,0,0,0,0.0,QLD,2021
SAL31057,Flying Fish Point,395,50,1086,2.2,QLD,2021
SAL31058,Flying Fox (Qld),61,44,2750,3.5,QLD,2021
SAL31059,Fordsdale,50,47,1312,2.4,QLD,2021
SAL31060,Foreshores,142,52,1708,2.5,QLD,2021
SAL31061,Forest Creek,136,49,1125,2.0,QLD,2021
SAL31062,Forest Glen (Qld),1657,46,1387,2.5,QLD,2021
SAL31063,Forest Hill (Qld),935,41,1318,2.5,QLD,2021
SAL31064,Forest Lake,22676,37,1921,2.8,QLD,2021
SAL31065,Forest Ridge,30,54,899,1.8,QLD,2021
SAL31066,Forest Springs,104,50,1541,2.7,QLD,2021
SAL31067,Forestdale,2560,43,2675,3.1,QLD,2021
SAL31068,Foresthome,84,54,1781,2.0,QLD,2021
SAL31069,Forestvale,47,44,1624,3.1,QLD,2021
SAL31070,Fork Lagoons,33,28,1125,2.1,QLD,2021
SAL31071,Formartin,89,47,1958,2.4,QLD,2021
SAL31072,Forrest Beach (Qld),1364,57,935,2.1,QLD,2021
SAL31073,Forsayth,107,53,593,1.9,QLD,2021
SAL31074,Fortitude Valley,9708,31,1658,1.6,QLD,2021
SAL31075,Forty Mile,18,41,649,4.0,QLD,2021
SAL31076,Fossilbrook,0,34,575,1.0,QLD,2021
SAL31077,Foulden,9,45,4250,3.5,QLD,2021
SAL31078,Four Ways,76,26,1437,2.2,QLD,2021
SAL31079,Foxdale,99,41,2083,2.6,QLD,2021
SAL31080,Frankfield,100,32,1875,2.8,QLD,2021
SAL31081,Fraser Island,152,52,1204,1.5,QLD,2021
SAL31082,Frazerview,36,59,1125,2.2,QLD,2021
SAL31083,Fredericksfield,259,45,1850,2.7,QLD,2021
SAL31084,Freestone,208,43,1524,2.6,QLD,2021
SAL31085,Frenches Creek,91,51,1399,2.8,QLD,2021
SAL31086,Frenchville,8982,37,1726,2.5,QLD,2021
SAL31087,Freshwater (Qld),2142,42,1867,2.3,QLD,2021
SAL31088,Freshwater Point,174,48,2250,2.5,QLD,2021
SAL31089,Friday Pocket,39,47,725,2.1,QLD,2021
SAL31090,Fulham (Qld),53,37,1208,2.6,QLD,2021
SAL31091,Gadgarra,0,0,0,0.0,QLD,2021
SAL31092,Gaeta,134,57,780,2.2,QLD,2021
SAL31093,Gailes,1831,35,1141,2.5,QLD,2021
SAL31094,Gainsford,32,49,2166,2.4,QLD,2021
SAL31095,Gairloch,31,59,2062,2.1,QLD,2021
SAL31096,Gamboola,3,58,749,1.0,QLD,2021
SAL31097,Gangalidda,0,0,0,0.0,QLD,2021
SAL31098,Garbutt,2309,42,1082,2.0,QLD,2021
SAL31099,Gargett,191,45,1774,2.6,QLD,2021
SAL31100,Garnant,90,46,1562,2.0,QLD,2021
SAL31101,Garners Beach,31,54,687,1.9,QLD,2021
SAL31102,Garradunga,170,36,2156,3.0,QLD,2021
SAL31103,Garrawalt,0,0,0,0.0,QLD,2021
SAL31104,Gatton,7851,33,1275,2.6,QLD,2021
SAL31105,Gaven,1638,45,2015,3.1,QLD,2021
SAL31106,Gayndah,1949,47,1033,2.2,QLD,2021
SAL31107,Gaythorne,3158,33,1759,2.1,QLD,2021
SAL31108,Geebung,4850,38,2179,2.7,QLD,2021
SAL31109,Geham,470,47,1924,2.9,QLD,2021
SAL31110,Gemini Mountains,65,43,1625,2.9,QLD,2021
SAL31111,Georgetown (Qld),254,39,1420,2.2,QLD,2021
SAL31112,Georgina (Qld),21,25,1125,2.0,QLD,2021
SAL31113,Germantown (Qld),52,45,1124,2.2,QLD,2021
SAL31114,Gheerulla,291,44,1524,2.7,QLD,2021
SAL31115,Ghinghinda,47,29,1312,2.5,QLD,2021
SAL31116,Gidya,0,18,0,0.0,QLD,2021
SAL31117,Gigoomgan,46,55,2187,2.7,QLD,2021
SAL31118,Gilbert River,32,51,1312,2.1,QLD,2021
SAL31119,Gilberton (Etheridge - Qld),26,66,900,2.3,QLD,2021
SAL31120,Gilberton (Gold Coast - Qld),31,50,850,2.3,QLD,2021
SAL31121,Gilla,61,50,1406,2.9,QLD,2021
SAL31122,Gilldora,50,51,2250,2.9,QLD,2021
SAL31123,Gilston,2669,35,2446,3.2,QLD,2021
SAL31124,Gin Gin (Qld),1139,51,904,2.1,QLD,2021
SAL31125,Gindie,232,40,2281,2.9,QLD,2021
SAL31126,Gindoran,0,61,0,0.0,QLD,2021
SAL31127,Ginoondan,12,56,2249,1.8,QLD,2021
SAL31128,Girraween (Qld),5,48,699,2.0,QLD,2021
SAL31129,Giru,387,49,1148,2.2,QLD,2021
SAL31130,Givelda,42,51,1187,2.5,QLD,2021
SAL31131,Gladfield (Qld),71,39,1625,3.0,QLD,2021
SAL31132,Gladstone Central,1550,39,1324,1.8,QLD,2021
SAL31133,Gladstone Harbour,24,67,474,1.7,QLD,2021
SAL31134,Glamorgan Vale,384,50,1442,2.5,QLD,2021
SAL31135,Glan Devon,219,57,959,2.2,QLD,2021
SAL31136,Glanmire (Qld),28,51,1187,2.5,QLD,2021
SAL31137,Glass House Mountains,5601,42,1740,2.8,QLD,2021
SAL31138,Glastonbury,365,43,1515,2.8,QLD,2021
SAL31139,Glebe (Qld),10,41,1249,3.0,QLD,2021
SAL31140,Glen Allyn,109,52,1375,2.5,QLD,2021
SAL31141,Glen Aplin,566,46,1083,2.4,QLD,2021
SAL31142,Glen Boughton,19,47,2749,2.7,QLD,2021
SAL31143,Glen Cairn,141,38,1583,3.1,QLD,2021
SAL31144,Glen Echo,49,51,1312,2.3,QLD,2021
SAL31145,Glen Eden,2918,30,2096,2.8,QLD,2021
SAL31146,Glen Esk,55,54,933,2.6,QLD,2021
SAL31147,Glen Isla,43,50,1375,2.7,QLD,2021
SAL31148,Glen Niven,99,53,1231,2.4,QLD,2021
SAL31149,Glen Russell,6,53,2249,2.7,QLD,2021
SAL31150,Glen Ruth,0,0,0,0.0,QLD,2021
SAL31151,Glenarbon,33,52,850,2.3,QLD,2021
SAL31152,Glenaubyn,50,39,2250,2.8,QLD,2021
SAL31153,Glenaven,68,43,900,2.6,QLD,2021
SAL31154,Glenbar,7,57,899,1.8,QLD,2021
SAL31155,Glencoe (Qld),304,43,1954,2.7,QLD,2021
SAL31156,Glendale (Qld),600,43,2279,2.9,QLD,2021
SAL31157,Glenden,477,35,2411,2.3,QLD,2021
SAL31158,Gleneagle,2106,35,1490,2.8,QLD,2021
SAL31159,Glenella,4545,39,2535,2.9,QLD,2021
SAL31160,Glenfern (Qld),11,65,1375,1.8,QLD,2021
SAL31161,Glengallan,57,46,2312,2.7,QLD,2021
SAL31162,Glenhaughton,16,38,2374,2.4,QLD,2021
SAL31163,Glenlee (Qld),1193,44,2274,3.0,QLD,2021
SAL31164,Glenleigh,39,57,875,2.1,QLD,2021
SAL31165,Glenlogan,1122,41,2237,3.3,QLD,2021
SAL31166,Glenlyon (Qld),32,50,725,2.2,QLD,2021
SAL31167,Glenmoral,55,33,1375,2.7,QLD,2021
SAL31168,Glenmorgan,121,46,900,2.2,QLD,2021
SAL31169,Glenorchy (Qld),84,39,1791,3.1,QLD,2021
SAL31170,Glenore Grove,953,42,1540,2.7,QLD,2021
SAL31171,Glenrae,63,55,2036,2.3,QLD,2021
SAL31172,Glenrock (Qld),35,52,1024,2.1,QLD,2021
SAL31173,Glenroy (Qld),19,27,3249,4.0,QLD,2021
SAL31174,Glenvale,8120,33,1641,2.5,QLD,2021
SAL31175,Glenview,1396,42,2216,3.2,QLD,2021
SAL31176,Glenwood (Qld),2137,56,790,2.1,QLD,2021
SAL31177,Godwin Beach,487,49,1445,2.5,QLD,2021
SAL31178,Gogango,184,42,1478,2.4,QLD,2021
SAL31179,Golden Beach (Qld),5646,55,1154,2.1,QLD,2021
SAL31180,Golden Fleece,45,48,1062,2.9,QLD,2021
SAL31181,Goldfields,49,59,1042,2.3,QLD,2021
SAL31182,Goldsborough (Qld),1099,38,2279,2.9,QLD,2021
SAL31183,Gooburrum,1518,49,1684,2.7,QLD,2021
SAL31184,Good Night,151,52,919,2.2,QLD,2021
SAL31185,Goodar,101,29,2399,2.9,QLD,2021
SAL31186,Goodger,176,47,1656,2.7,QLD,2021
SAL31187,Goodna,10391,33,1337,2.8,QLD,2021
SAL31188,Goodwood (Qld),155,43,1187,2.8,QLD,2021
SAL31189,Googa Creek,54,52,849,2.1,QLD,2021
SAL31190,Goolboo,25,50,3583,2.8,QLD,2021
SAL31191,Goolman,47,41,3124,2.9,QLD,2021
SAL31192,Goomally,5,45,4000,1.5,QLD,2021
SAL31193,Goombi,56,35,3083,3.7,QLD,2021
SAL31194,Goomboorian,566,51,1266,2.6,QLD,2021
SAL31195,Goombungee,1066,43,1218,2.5,QLD,2021
SAL31196,Goomburra,256,46,1162,2.7,QLD,2021
SAL31197,Goomeri,677,52,866,2.1,QLD,2021
SAL31198,Goomeribong,49,57,1375,2.4,QLD,2021
SAL31199,Goondi,28,44,1083,1.9,QLD,2021
SAL31200,Goondi Bend,570,39,1022,2.5,QLD,2021
SAL31201,Goondi Hill,437,49,911,2.3,QLD,2021
SAL31202,Goondiwindi,6230,38,1629,2.5,QLD,2021
SAL31203,Goorganga Creek,0,0,0,0.0,QLD,2021
SAL31204,Goorganga Plains,3,59,0,2.0,QLD,2021
SAL31205,Gooroolba,21,50,1124,2.4,QLD,2021
SAL31206,Gootchie,96,57,900,2.3,QLD,2021
SAL31207,Goovigen,349,46,1562,2.8,QLD,2021
SAL31208,Goowarra,27,53,1375,2.0,QLD,2021
SAL31209,Goranba,201,46,731,2.1,QLD,2021
SAL31210,Gordon Park,4390,36,2213,2.4,QLD,2021
SAL31211,Gordonbrook,184,46,1792,2.5,QLD,2021
SAL31212,Gordonstone,32,53,2124,2.6,QLD,2021
SAL31213,Gordonvale,6944,38,1659,2.7,QLD,2021
SAL31214,Gore,24,33,1749,3.2,QLD,2021
SAL31215,Gowrie Junction,2242,37,2164,3.0,QLD,2021
SAL31216,Gowrie Little Plain,79,39,2249,3.2,QLD,2021
SAL31217,Gowrie Mountain,222,49,1708,2.5,QLD,2021
SAL31218,Gowrie Station,11,49,1199,2.5,QLD,2021
SAL31219,Gracemere,12023,32,1711,2.8,QLD,2021
SAL31220,Graceville,4764,39,2929,2.9,QLD,2021
SAL31221,Grahams Creek,149,47,1312,2.5,QLD,2021
SAL31222,Granadilla,101,45,1292,2.6,QLD,2021
SAL31223,Grand Secret,151,49,1354,2.2,QLD,2021
SAL31224,Grandchester,467,45,1687,2.6,QLD,2021
SAL31225,Grange (Qld),4615,37,3278,2.9,QLD,2021
SAL31226,Granite Vale,8,36,2749,3.0,QLD,2021
SAL31227,Grantham,796,36,1406,2.7,QLD,2021
SAL31228,Granville (Qld),2532,48,960,2.3,QLD,2021
SAL31229,Grapetree,42,54,1624,2.5,QLD,2021
SAL31230,Grassdale (Qld),5,73,0,2.0,QLD,2021
SAL31231,Grasstree Beach,717,49,2050,2.3,QLD,2021
SAL31232,Grays Gate,28,46,1999,3.2,QLD,2021
SAL31233,Great Sandy Strait,0,60,75,1.0,QLD,2021
SAL31234,Green Hill,177,48,2077,2.6,QLD,2021
SAL31235,Green Island,20,34,1749,1.5,QLD,2021
SAL31236,Greenbank,9587,37,2240,3.2,QLD,2021
SAL31237,Greenlake,3,62,2250,2.0,QLD,2021
SAL31238,Greenlands (Qld),244,47,1147,2.5,QLD,2021
SAL31239,Greenmount (Mackay - Qld),488,39,2299,2.7,QLD,2021
SAL31240,Greenmount (Toowoomba - Qld),765,37,1608,2.7,QLD,2021
SAL31241,Greens Creek (Qld),344,49,1410,2.6,QLD,2021
SAL31242,Greenslopes,7941,34,1974,2.2,QLD,2021
SAL31243,Greenswamp,77,43,1562,3.2,QLD,2021
SAL31244,Greenup,9,59,1375,2.0,QLD,2021
SAL31245,Greenvale (Qld),192,58,664,2.3,QLD,2021
SAL31246,Greenview,78,49,1812,2.6,QLD,2021
SAL31247,Greenwood (Qld),34,51,1749,2.3,QLD,2021
SAL31248,Gregors Creek,87,40,1624,3.1,QLD,2021
SAL31249,Gregory (Qld),122,39,900,2.3,QLD,2021
SAL31250,Gregory River (Bundaberg - Qld),65,42,1625,2.9,QLD,2021
SAL31251,Gregory River (Whitsunday - Qld),427,40,1775,2.8,QLD,2021
SAL31252,Greycliffe,56,42,1416,2.8,QLD,2021
SAL31253,Greymare,70,38,1531,2.9,QLD,2021
SAL31254,Griffin,12295,29,2013,2.9,QLD,2021
SAL31255,Groganville,4,71,1875,2.0,QLD,2021
SAL31256,Groomsville,132,45,1937,2.7,QLD,2021
SAL31257,Groper Creek,66,63,900,1.8,QLD,2021
SAL31258,Grosmont,135,53,1978,2.4,QLD,2021
SAL31259,Grosvenor,29,38,1187,2.9,QLD,2021
SAL31260,Guanaba,852,46,2250,3.0,QLD,2021
SAL31261,Guijar Islet,0,0,0,0.0,QLD,2021
SAL31262,Gulf Of Carpentaria,0,0,0,0.0,QLD,2021
SAL31263,Gulliver,2884,39,1343,2.3,QLD,2021
SAL31264,Gulngai,0,0,0,0.0,QLD,2021
SAL31265,Guluguba,86,48,1125,2.4,QLD,2021
SAL31266,Gumdale,2298,38,3405,3.4,QLD,2021
SAL31267,Gumlow,142,36,2849,3.5,QLD,2021
SAL31268,Gumlu,124,53,1062,2.1,QLD,2021
SAL31269,Gunalda,426,55,893,2.2,QLD,2021
SAL31270,Gundiah,89,53,885,2.3,QLD,2021
SAL31271,Gungaloon,27,54,1812,2.6,QLD,2021
SAL31272,Gunnawarra,27,42,1875,5.5,QLD,2021
SAL31273,Gunnewin,55,52,2625,2.6,QLD,2021
SAL31274,Gunpowder,104,34,417,1.5,QLD,2021
SAL31275,Gunyarra,30,53,2166,2.9,QLD,2021
SAL31276,Gurgeena,36,54,900,2.8,QLD,2021
SAL31277,Gurulmundi,19,53,900,2.3,QLD,2021
SAL31278,Guthalungra,112,47,1375,2.3,QLD,2021
SAL31279,Gwambegwine,27,32,3749,3.5,QLD,2021
SAL31280,Gympie,11355,42,1022,2.3,QLD,2021
SAL31281,Habana,1022,41,2528,2.9,QLD,2021
SAL31282,Haden,235,45,1221,2.7,QLD,2021
SAL31283,Haigslea,507,46,2144,2.7,QLD,2021
SAL31284,Hail Creek,179,35,3499,3.5,QLD,2021
SAL31285,Haliday Bay,172,55,1093,2.1,QLD,2021
SAL31286,Halifax,477,57,970,2.1,QLD,2021
SAL31287,Halliford,4,54,0,2.0,QLD,2021
SAL31288,Haly Creek,124,51,1166,2.6,QLD,2021
SAL31289,Hamilton (Qld),8922,40,2069,1.9,QLD,2021
SAL31290,Hamilton Creek,76,56,1187,2.1,QLD,2021
SAL31291,Hamilton Plains,80,46,1312,2.6,QLD,2021
SAL31292,Hampden (Qld),598,44,1952,2.8,QLD,2021
SAL31293,Hampton (Qld),469,45,1640,2.6,QLD,2021
SAL31294,Hannaford,135,39,1166,2.9,QLD,2021
SAL31295,Happy Valley (Qld),733,30,2629,2.9,QLD,2021
SAL31296,Harlaxton,2824,31,1156,2.3,QLD,2021
SAL31297,Harlin,211,48,1125,2.5,QLD,2021
SAL31298,Harrami,22,55,2416,2.3,QLD,2021
SAL31299,Harriet,3,57,4625,2.5,QLD,2021
SAL31300,Harristown,9081,38,1158,2.2,QLD,2021
SAL31301,Harrisville,667,41,1533,2.8,QLD,2021
SAL31302,Hatton Vale,1555,40,1887,2.9,QLD,2021
SAL31303,Hawkins Creek,236,49,1525,2.4,QLD,2021
SAL31304,Hawkwood,34,48,2374,2.7,QLD,2021
SAL31305,Hawthorne,5090,37,3029,2.6,QLD,2021
SAL31306,Hay Point,1306,43,1983,2.5,QLD,2021
SAL31307,Hazeldean,326,53,1352,2.4,QLD,2021
SAL31308,Hazledean,27,38,1875,3.0,QLD,2021
SAL31309,Headington Hill,87,55,1178,2.6,QLD,2021
SAL31310,Healy,1824,33,3024,3.0,QLD,2021
SAL31311,Heathwood,4944,32,2527,3.4,QLD,2021
SAL31312,Heatley,3907,40,1266,2.4,QLD,2021
SAL31313,Hebel,62,51,1124,2.1,QLD,2021
SAL31314,Helens Hill,118,35,2049,2.8,QLD,2021
SAL31315,Helensvale,18949,41,2014,2.8,QLD,2021
SAL31316,Helidon,1130,38,1342,2.6,QLD,2021
SAL31317,Helidon Spa,504,39,2238,3.1,QLD,2021
SAL31318,Hemmant,2886,36,2141,2.7,QLD,2021
SAL31319,Hendon (Qld),227,53,1093,2.2,QLD,2021
SAL31320,Hendra,4914,39,2989,2.7,QLD,2021
SAL31321,Herberton,895,51,946,2.0,QLD,2021
SAL31322,Heritage Park,4930,37,2090,3.1,QLD,2021
SAL31323,Hermit Park,3512,36,1382,2.1,QLD,2021
SAL31324,Herston,2311,31,2086,2.4,QLD,2021
SAL31325,Hervey Range,295,42,1875,2.8,QLD,2021
SAL31326,Hibernia,82,43,1458,2.5,QLD,2021
SAL31327,Hidden Valley (Qld),879,33,2137,2.8,QLD,2021
SAL31328,Hideaway Bay,232,63,1125,2.1,QLD,2021
SAL31329,Highbury (Qld),9,53,575,1.2,QLD,2021
SAL31330,Highfields (Qld),8568,45,1994,2.8,QLD,2021
SAL31331,Highgate Hill,6229,37,1937,2.3,QLD,2021
SAL31332,Highgrove,28,50,899,2.5,QLD,2021
SAL31333,Highland Park,6576,42,1609,2.7,QLD,2021
SAL31334,Highland Plains (Maranoa - Qld),16,48,1399,2.2,QLD,2021
SAL31335,Highland Plains (Toowoomba - Qld),60,42,2062,3.1,QLD,2021
SAL31336,Highvale,1979,44,3143,3.1,QLD,2021
SAL31337,Highworth,348,40,1674,2.6,QLD,2021
SAL31338,Hillcrest (Qld),6268,33,1573,2.7,QLD,2021
SAL31339,Hillview,76,42,1354,2.6,QLD,2021
SAL31340,Hinchinbrook (Qld),5,50,0,0.0,QLD,2021
SAL31341,Hirstglen,77,50,933,2.4,QLD,2021
SAL31342,Hivesville,173,57,659,2.1,QLD,2021
SAL31343,Hodgleigh,134,43,1156,2.8,QLD,2021
SAL31344,Hodgson,95,35,2083,3.3,QLD,2021
SAL31345,Hodgson Vale,1444,39,2629,3.1,QLD,2021
SAL31346,Holland Park,8671,37,2309,2.6,QLD,2021
SAL31347,Holland Park West,6468,36,2195,2.5,QLD,2021
SAL31348,Holloways Beach,2398,46,1342,2.1,QLD,2021
SAL31349,Hollywell,2930,51,1872,2.4,QLD,2021
SAL31350,Holmview,4455,28,1786,2.8,QLD,2021
SAL31351,Holroyd River,4,40,1625,4.0,QLD,2021
SAL31352,Home Hill,2876,49,1210,2.3,QLD,2021
SAL31353,Homebush (Qld),262,39,2113,3.1,QLD,2021
SAL31354,Homestead,38,45,900,1.9,QLD,2021
SAL31355,Hookswood,58,59,1124,2.4,QLD,2021
SAL31356,Hope Island,14522,50,1934,2.4,QLD,2021
SAL31357,Hope Vale,1004,29,827,3.0,QLD,2021
SAL31358,Hopeland (Qld),128,44,1449,2.8,QLD,2021
SAL31359,Horn,533,28,1578,3.0,QLD,2021
SAL31360,Horse Camp,486,56,774,2.1,QLD,2021
SAL31361,Horse Creek,83,50,850,2.4,QLD,2021
SAL31362,Horseshoe Bay,611,57,1067,2.1,QLD,2021
SAL31363,Horseshoe Lagoon,213,38,1339,2.7,QLD,2021
SAL31364,Horton,205,48,959,2.5,QLD,2021
SAL31365,Howard,1394,56,854,2.2,QLD,2021
SAL31366,Howitt,48,24,1833,2.4,QLD,2021
SAL31367,Hoya,251,52,1854,2.6,QLD,2021
SAL31368,Hudson,238,32,1025,2.7,QLD,2021
SAL31369,Hughenden,1113,42,1306,2.2,QLD,2021
SAL31370,Hull Heads,127,63,900,2.0,QLD,2021
SAL31371,Humboldt,49,30,2750,3.4,QLD,2021
SAL31372,Humeburn,9,57,687,1.7,QLD,2021
SAL31373,Humphery,24,39,1249,2.4,QLD,2021
SAL31374,Hunchy,592,48,1773,2.7,QLD,2021
SAL31375,Hungerford (Qld),19,65,1875,2.0,QLD,2021
SAL31376,Hurricane,4,62,1125,1.3,QLD,2021
SAL31377,Hutton Creek,32,56,1562,2.4,QLD,2021
SAL31378,Hyde Park (Qld),1374,37,1338,2.1,QLD,2021
SAL31379,Iama Island,275,29,885,3.3,QLD,2021
SAL31380,Idalia,4563,32,2524,2.7,QLD,2021
SAL31381,Ideraway,31,48,850,2.5,QLD,2021
SAL31382,Ilbilbie,385,53,1222,2.3,QLD,2021
SAL31383,Ilfracombe,310,43,1325,2.2,QLD,2021
SAL31384,Ilkley,812,46,2062,3.0,QLD,2021
SAL31385,Illinbah,128,41,1666,2.8,QLD,2021
SAL31386,Image Flat,457,45,1583,2.9,QLD,2021
SAL31387,Imbil,1071,49,1141,2.3,QLD,2021
SAL31388,Inala,15273,33,998,2.9,QLD,2021
SAL31389,Indooroopilly,13622,33,2078,2.5,QLD,2021
SAL31390,Ingham,4455,49,1028,2.1,QLD,2021
SAL31391,Inglestone,63,44,1375,3.1,QLD,2021
SAL31392,Inglewood (Qld),936,49,952,2.1,QLD,2021
SAL31393,Ingoldsby,64,48,1194,2.4,QLD,2021
SAL31394,Injinoo,498,18,1337,4.0,QLD,2021
SAL31395,Injune,429,45,1333,2.3,QLD,2021
SAL31396,Inkerman (Qld),119,51,1291,2.5,QLD,2021
SAL31397,Innes Park,2653,42,1674,2.7,QLD,2021
SAL31398,Innisfail,1091,41,894,2.2,QLD,2021
SAL31399,Innisfail Estate,1454,39,1246,2.4,QLD,2021
SAL31400,Innisplain,79,46,1208,2.6,QLD,2021
SAL31401,Innot Hot Springs,189,57,787,2.0,QLD,2021
SAL31402,Inskip,22,59,724,1.8,QLD,2021
SAL31403,Inverlaw,190,42,1531,2.5,QLD,2021
SAL31404,Inverness,460,40,2449,3.0,QLD,2021
SAL31405,Ipswich,2468,45,1134,2.1,QLD,2021
SAL31406,Iredale,177,44,1649,3.1,QLD,2021
SAL31407,Iron Range,30,56,1062,1.4,QLD,2021
SAL31408,Ironbark (Qld),1173,34,2075,2.9,QLD,2021
SAL31409,Irongate,135,37,1520,3.2,QLD,2021
SAL31410,Ironpot (Livingstone - Qld),184,46,2031,2.5,QLD,2021
SAL31411,Ironpot (South Burnett - Qld),44,57,1178,2.3,QLD,2021
SAL31412,Irvinebank,113,57,612,1.8,QLD,2021
SAL31413,Irvingdale,163,43,1812,2.4,QLD,2021
SAL31414,Isis Central,205,49,1406,2.5,QLD,2021
SAL31415,Isis River,100,60,1024,2.5,QLD,2021
SAL31416,Isisford,218,54,1036,2.2,QLD,2021
SAL31417,Isla,213,46,1625,2.5,QLD,2021
SAL31418,Island Plantation,155,50,1333,2.6,QLD,2021
SAL31419,Iveragh,122,49,1812,2.9,QLD,2021
SAL31420,Ivory Creek,49,54,1125,2.7,QLD,2021
SAL31421,Jackson,55,41,1437,2.1,QLD,2021
SAL31422,Jackson North,45,49,1312,2.4,QLD,2021
SAL31423,Jackson South,17,37,575,3.5,QLD,2021
SAL31424,Jacobs Well,2882,42,2127,2.7,QLD,2021
SAL31425,Jaffa,35,43,1312,2.7,QLD,2021
SAL31426,Jaggan,217,49,1593,2.7,QLD,2021
SAL31427,Jambin,207,43,1542,2.6,QLD,2021
SAL31428,Jamboree Heights,3141,37,2049,2.8,QLD,2021
SAL31429,Jandowae,1004,53,959,2.2,QLD,2021
SAL31430,Japoonvale,107,55,1018,2.0,QLD,2021
SAL31431,Jardine,72,44,2083,3.2,QLD,2021
SAL31432,Jardine River,0,0,0,0.0,QLD,2021
SAL31433,Jarra Creek,105,49,1521,2.5,QLD,2021
SAL31434,Jarvisfield,343,40,2025,2.6,QLD,2021
SAL31435,Jeebropilly,3,28,1125,4.0,QLD,2021
SAL31436,Jellinbah,49,30,2624,3.8,QLD,2021
SAL31437,Jensen,1797,36,2295,3.0,QLD,2021
SAL31438,Jericho (Qld),229,38,1292,2.5,QLD,2021
SAL31439,Jerona,41,65,700,1.6,QLD,2021
SAL31440,Jimboomba,7423,37,2127,3.1,QLD,2021
SAL31441,Jimbour East,197,36,1375,2.8,QLD,2021
SAL31442,Jimbour West,97,35,1666,2.6,QLD,2021
SAL31443,Jimna,70,46,749,2.4,QLD,2021
SAL31444,Jindalee (Qld),5320,39,2357,2.8,QLD,2021
SAL31445,Jinghi,70,46,1333,2.8,QLD,2021
SAL31446,Jobs Gate,11,43,4750,4.0,QLD,2021
SAL31447,Johnsons Hill,7,35,1249,2.5,QLD,2021
SAL31448,Johnstown,46,52,1125,2.5,QLD,2021
SAL31449,Jollys Lookout,73,44,2999,2.8,QLD,2021
SAL31450,Jondaryan,414,38,1406,2.7,QLD,2021
SAL31451,Jones Gully,15,37,1312,3.4,QLD,2021
SAL31452,Jones Hill,1135,38,1548,2.6,QLD,2021
SAL31453,Josephville,172,46,1562,2.8,QLD,2021
SAL31454,Joskeleigh,60,47,850,2.3,QLD,2021
SAL31455,Joyner,3600,35,2299,3.0,QLD,2021
SAL31456,Jubilee Heights,164,49,1833,2.5,QLD,2021
SAL31457,Jubilee Pocket,2047,37,1474,2.4,QLD,2021
SAL31458,Julago,384,28,2634,2.7,QLD,2021
SAL31459,Julatten,1020,54,1136,2.4,QLD,2021
SAL31460,Julia Creek,549,37,1586,2.4,QLD,2021
SAL31461,Junabee,195,48,1483,2.6,QLD,2021
SAL31462,Junction View,60,39,1031,2.4,QLD,2021
SAL31463,Jundah,131,39,1437,2.2,QLD,2021
SAL31464,Kaban,94,40,1125,3.5,QLD,2021
SAL31465,Kabra,430,43,1770,2.7,QLD,2021
SAL31466,Kagaru,19,62,1625,1.9,QLD,2021
SAL31467,Kaimkillenbun,248,40,1333,2.5,QLD,2021
SAL31468,Kairabah,4,45,7000,4.0,QLD,2021
SAL31469,Kairi,490,43,1454,2.6,QLD,2021
SAL31470,Kalapa,97,48,1312,2.3,QLD,2021
SAL31471,Kalbar,1246,41,1275,2.6,QLD,2021
SAL31472,Kalinga,2144,39,3697,3.0,QLD,2021
SAL31473,Kalkadoon,27,31,3250,3.0,QLD,2021
SAL31474,Kalkie,2968,40,1599,2.6,QLD,2021
SAL31475,Kallangur,21761,35,1456,2.5,QLD,2021
SAL31476,Kalpowar,53,60,687,1.8,QLD,2021
SAL31477,Kalunga,103,43,1100,2.6,QLD,2021
SAL31478,Kamerunga,962,39,2104,2.6,QLD,2021
SAL31479,Kandanga,659,45,1218,2.5,QLD,2021
SAL31480,Kandanga Creek,129,50,1375,2.4,QLD,2021
SAL31481,Kangaroo Point (Qld),9689,36,2058,1.8,QLD,2021
SAL31482,Kanigan,143,43,1124,2.9,QLD,2021
SAL31483,Kanimbla (Qld),2827,39,2270,2.9,QLD,2021
SAL31484,Kapaldo,41,50,1166,2.4,QLD,2021
SAL31485,Karalee,5521,37,2559,3.1,QLD,2021
SAL31486,Karana Downs,3800,41,2255,2.8,QLD,2021
SAL31487,Karara,128,55,949,2.3,QLD,2021
SAL31488,Karawatha,337,31,2531,3.6,QLD,2021
SAL31489,Karrabin,416,42,1952,2.8,QLD,2021
SAL31490,Karragarra Island,240,63,872,1.8,QLD,2021
SAL31491,Karron,0,0,0,0.0,QLD,2021
SAL31492,Karumba,487,55,974,1.8,QLD,2021
SAL31493,Kawana,4434,38,1327,2.5,QLD,2021
SAL31494,Kawl Kawl,24,50,1812,2.9,QLD,2021
SAL31495,Kawungan,5460,50,1148,2.4,QLD,2021
SAL31496,Kearneys Spring,9419,35,1335,2.4,QLD,2021
SAL31497,Kedron,9907,35,2113,2.4,QLD,2021
SAL31498,Kelsey Creek,157,42,1937,2.6,QLD,2021
SAL31499,Kelso (Qld),10599,34,1626,2.8,QLD,2021
SAL31500,Kelvin Grove,7909,28,1670,2.3,QLD,2021
SAL31501,Kelvinhaugh,49,38,1375,2.6,QLD,2021
SAL31502,Kemmis,6,60,4250,4.0,QLD,2021
SAL31503,Kenilworth,604,51,1187,2.3,QLD,2021
SAL31504,Kenmore,9675,40,2491,2.8,QLD,2021
SAL31505,Kenmore Hills,2448,47,2712,2.9,QLD,2021
SAL31506,Kennedy,136,51,850,2.5,QLD,2021
SAL31507,Kensington (Qld),722,47,972,2.4,QLD,2021
SAL31508,Kensington Grove,2050,37,2042,3.0,QLD,2021
SAL31509,Kents Lagoon,60,44,2083,2.5,QLD,2021
SAL31510,Kents Pocket,21,55,1125,2.3,QLD,2021
SAL31511,Kentville,108,48,2028,2.6,QLD,2021
SAL31512,Keperra,7014,38,1652,2.4,QLD,2021
SAL31513,Kepnock,4501,43,1151,2.4,QLD,2021
SAL31514,Keppel Sands,374,58,931,2.0,QLD,2021
SAL31515,Keriri Island,261,23,933,3.4,QLD,2021
SAL31516,Kerry,306,49,1625,2.6,QLD,2021
SAL31517,Kewarra Beach,6133,43,1748,2.5,QLD,2021
SAL31518,Keysland,19,50,1874,2.7,QLD,2021
SAL31519,Kholo,374,46,2283,2.7,QLD,2021
SAL31520,Khosh Bulduk,60,45,2416,2.8,QLD,2021
SAL31521,Kia Ora (Qld),218,50,1125,2.5,QLD,2021
SAL31522,Kiamba,191,48,1666,2.7,QLD,2021
SAL31523,Kianga (Qld),219,40,2187,2.5,QLD,2021
SAL31524,Kidaman Creek,125,51,1025,2.1,QLD,2021
SAL31525,Kiels Mountain,714,43,2163,3.0,QLD,2021
SAL31526,Kilbirnie,68,49,1562,2.6,QLD,2021
SAL31527,Kilcoy,1996,38,1354,2.6,QLD,2021
SAL31528,Kilcummin,228,32,2028,3.3,QLD,2021
SAL31529,Kilkivan,689,54,896,2.0,QLD,2021
SAL31530,Killaloe,124,54,1541,2.3,QLD,2021
SAL31531,Killarney (Qld),918,57,928,2.1,QLD,2021
SAL31532,Kilmorey Falls,23,34,450,3.4,QLD,2021
SAL31533,Kimberley (Qld),28,52,1249,1.7,QLD,2021
SAL31534,Kin Kin,844,49,1254,2.4,QLD,2021
SAL31535,Kin Kora,2396,37,1702,2.5,QLD,2021
SAL31536,Kinbombi,34,56,1875,2.5,QLD,2021
SAL31537,Kinchant Dam,183,41,2250,2.7,QLD,2021
SAL31538,Kincora,71,44,1968,2.6,QLD,2021
SAL31539,Kindon,20,32,1812,2.6,QLD,2021
SAL31540,King Scrub,363,40,2895,3.3,QLD,2021
SAL31541,Kingaham,21,51,1375,2.0,QLD,2021
SAL31542,Kingaroy,10266,38,1244,2.4,QLD,2021
SAL31543,Kings Beach,3042,53,1266,1.8,QLD,2021
SAL31544,Kings Creek,55,42,2035,2.6,QLD,2021
SAL31545,Kings Siding,15,41,2750,3.2,QLD,2021
SAL31546,Kingsholme,782,36,3150,3.7,QLD,2021
SAL31547,Kingsthorpe,2159,35,1652,2.8,QLD,2021
SAL31548,Kingston (Qld),10506,32,1181,2.9,QLD,2021
SAL31549,Kinka Beach,674,56,867,2.0,QLD,2021
SAL31550,Kinkuna,105,48,1281,2.2,QLD,2021
SAL31551,Kinleymore,69,48,774,2.4,QLD,2021
SAL31552,Kinnoul,80,44,2036,2.7,QLD,2021
SAL31553,Kioma,32,25,2062,2.9,QLD,2021
SAL31554,Kippa-Ring,9745,43,1297,2.5,QLD,2021
SAL31555,Kirknie,70,36,1687,3.4,QLD,2021
SAL31556,Kirkwood,2513,28,2313,3.1,QLD,2021
SAL31557,Kirrama,3,46,0,3.5,QLD,2021
SAL31558,Kirwan,20780,38,1673,2.6,QLD,2021
SAL31559,Kitoba,17,46,949,2.1,QLD,2021
SAL31560,Kleinton,2205,33,2262,3.0,QLD,2021
SAL31561,Knapp Creek,59,54,2035,2.3,QLD,2021
SAL31562,Koah,676,46,1553,2.7,QLD,2021
SAL31563,Kobble Creek,654,45,2647,2.9,QLD,2021
SAL31564,Kogan,211,49,1021,2.4,QLD,2021
SAL31565,Kokotungo,89,56,1792,2.3,QLD,2021
SAL31566,Kolonga,33,57,700,1.7,QLD,2021
SAL31567,Koombooloomba,0,63,1125,2.0,QLD,2021
SAL31568,Koongal,4252,35,1320,2.5,QLD,2021
SAL31569,Kooralbyn,1697,53,942,2.3,QLD,2021
SAL31570,Kooralgin,47,58,933,2.2,QLD,2021
SAL31571,Kooringal (Qld),43,58,1124,2.3,QLD,2021
SAL31572,Kooroomool,0,0,0,0.0,QLD,2021
SAL31573,Kooroongarra,45,55,1624,2.0,QLD,2021
SAL31574,Koumala,772,45,1833,2.7,QLD,2021
SAL31575,Kowanyama,1079,29,1132,3.7,QLD,2021
SAL31576,Kowguran,62,56,1062,2.3,QLD,2021
SAL31577,Kragra,26,43,4499,2.6,QLD,2021
SAL31578,Kulangoor,455,42,1333,2.7,QLD,2021
SAL31579,Kulgun,104,41,1833,3.2,QLD,2021
SAL31580,Kullogum,120,45,1062,2.7,QLD,2021
SAL31581,Kulpi,77,58,1562,2.1,QLD,2021
SAL31582,Kuluin,2700,41,1696,2.7,QLD,2021
SAL31583,Kumbarilla,223,46,1057,2.4,QLD,2021
SAL31584,Kumbia,301,48,919,2.1,QLD,2021
SAL31585,Kunda Park,22,38,1124,2.6,QLD,2021
SAL31586,Kunioon,28,52,1375,2.4,QLD,2021
SAL31587,Kunwarara,69,52,1812,2.7,QLD,2021
SAL31588,Kuraby,8737,34,2136,3.3,QLD,2021
SAL31589,Kuranda,3273,46,1284,2.5,QLD,2021
SAL31590,Kureelpa,968,50,1784,2.8,QLD,2021
SAL31591,Kureen,158,49,1267,2.3,QLD,2021
SAL31592,Kuridala,38,32,1875,1.9,QLD,2021
SAL31593,Kurrimine Beach,742,56,946,2.0,QLD,2021
SAL31594,Kurrowah,10,56,1624,2.0,QLD,2021
SAL31595,Kurumbul,36,39,1875,2.5,QLD,2021
SAL31596,Kurwongbah,1552,42,2254,3.2,QLD,2021
SAL31597,Kuttabul,707,46,1887,2.7,QLD,2021
SAL31598,Kybong,363,53,1006,2.1,QLD,2021
SAL31599,Kynuna,52,31,1625,2.1,QLD,2021
SAL31600,Kyoomba,83,48,1125,2.6,QLD,2021
SAL31601,Labrador,18643,45,1188,2.0,QLD,2021
SAL31602,Laceys Creek,280,45,2523,2.8,QLD,2021
SAL31603,Laglan,21,41,2249,2.5,QLD,2021
SAL31604,Lagoon Pocket,170,38,1791,3.0,QLD,2021
SAL31605,Laguna Quays,89,53,588,1.6,QLD,2021
SAL31606,Laidley,3809,48,939,2.3,QLD,2021
SAL31607,Laidley Creek West,143,50,1583,2.4,QLD,2021
SAL31608,Laidley Heights,1429,46,1469,2.7,QLD,2021
SAL31609,Laidley North,593,27,1267,2.8,QLD,2021
SAL31610,Laidley South,293,46,1446,2.7,QLD,2021
SAL31611,Lake Barrine,170,57,1562,2.1,QLD,2021
SAL31612,Lake Borumba,12,59,1375,2.0,QLD,2021
SAL31613,Lake Clarendon,294,47,1600,2.6,QLD,2021
SAL31614,Lake Eacham,459,50,1375,2.5,QLD,2021
SAL31615,Lake Macdonald,1352,49,1771,2.6,QLD,2021
SAL31616,Lake Manchester,17,44,2249,3.2,QLD,2021
SAL31617,Lake Mary,96,42,1468,2.9,QLD,2021
SAL31618,Lake Monduran,0,0,0,0.0,QLD,2021
SAL31619,Lake Proserpine,6,64,1199,1.3,QLD,2021
SAL31620,Lake Tinaroo,3,70,575,1.0,QLD,2021
SAL31621,Lake Wivenhoe,5,49,1199,2.5,QLD,2021
SAL31622,Lakefield,21,56,1156,1.5,QLD,2021
SAL31623,Lakeland,333,34,1640,2.5,QLD,2021
SAL31624,Lakes Creek,633,40,2027,2.7,QLD,2021
SAL31625,Lakeside,69,50,866,2.6,QLD,2021
SAL31626,Lamb Island,504,63,667,1.7,QLD,2021
SAL31627,Lamb Range,7,24,2750,4.0,QLD,2021
SAL31628,Lamington (Qld),89,55,1781,2.1,QLD,2021
SAL31629,Lammermoor,2551,38,2167,2.7,QLD,2021
SAL31630,Landers Shoot,308,45,2200,3.1,QLD,2021
SAL31631,Landsborough (Qld),4446,40,1620,2.7,QLD,2021
SAL31632,Lanefield,97,53,1312,2.5,QLD,2021
SAL31633,Langlands,30,40,2624,3.0,QLD,2021
SAL31634,Langlo,34,48,1875,2.7,QLD,2021
SAL31635,Langshaw,167,50,1021,2.3,QLD,2021
SAL31636,Lannercost,168,45,1375,2.5,QLD,2021
SAL31637,Lansdowne (Qld),36,25,1375,3.0,QLD,2021
SAL31638,Lanskey,101,42,1906,2.1,QLD,2021
SAL31639,Larapinta (Qld),6,50,2250,1.5,QLD,2021
SAL31640,Laravale,185,46,1406,2.5,QLD,2021
SAL31641,Lark Hill,69,44,1906,2.7,QLD,2021
SAL31642,Laura (Qld),133,39,1666,2.9,QLD,2021
SAL31643,Lavelle,27,30,2374,3.1,QLD,2021
SAL31644,Lawes,105,21,1125,2.5,QLD,2021
SAL31645,Lawgi Dawes,138,43,2049,2.8,QLD,2021
SAL31646,Lawn Hill,63,43,1875,1.7,QLD,2021
SAL31647,Lawnton,5905,37,1371,2.4,QLD,2021
SAL31648,Leafdale,12,44,1625,2.5,QLD,2021
SAL31649,Lefthand Branch,69,59,1149,2.2,QLD,2021
SAL31650,Leichhardt (Qld),4471,31,1109,2.5,QLD,2021
SAL31651,Lemontree,27,32,1875,3.3,QLD,2021
SAL31652,Leslie,12,57,725,1.8,QLD,2021
SAL31653,Leslie Dam,118,49,1333,2.5,QLD,2021
SAL31654,Lethebrook,51,53,1187,2.5,QLD,2021
SAL31655,Leyburn,566,53,947,2.2,QLD,2021
SAL31656,Leydens Hill,10,41,4249,3.5,QLD,2021
SAL31657,Lilydale (Qld),77,38,1687,3.1,QLD,2021
SAL31658,Lilyvale (Central Highlands - Qld),58,37,4249,3.3,QLD,2021
SAL31659,Lilyvale (Toowoomba - Qld),45,51,1687,2.6,QLD,2021
SAL31660,Limestone (Qld),16,43,2999,3.5,QLD,2021
SAL31661,Limestone Creek,179,46,2281,2.8,QLD,2021
SAL31662,Limestone Ridges,135,44,1375,2.7,QLD,2021
SAL31663,Limevale,49,44,1625,2.8,QLD,2021
SAL31664,Linden (Qld),5,47,824,1.5,QLD,2021
SAL31665,Linthorpe,416,45,1674,2.7,QLD,2021
SAL31666,Linville,133,59,693,1.8,QLD,2021
SAL31667,Little Mountain,11068,44,1636,2.7,QLD,2021
SAL31668,Little Mulgrave,269,52,1339,2.5,QLD,2021
SAL31669,Lizard,65,31,0,0.0,QLD,2021
SAL31670,Llanarth (Qld),81,31,1624,3.6,QLD,2021
SAL31671,Loch Lomond,119,51,1687,2.4,QLD,2021
SAL31672,Lochington,128,32,2416,3.5,QLD,2021
SAL31673,Lockhart River,640,27,1066,3.4,QLD,2021
SAL31674,Lockrose,564,43,1183,2.7,QLD,2021
SAL31675,Lockyer (Qld),89,43,1875,2.5,QLD,2021
SAL31676,Lockyer Waters,538,46,1460,2.8,QLD,2021
SAL31677,Logan Central,6210,32,1013,2.9,QLD,2021
SAL31678,Logan Reserve,7016,27,1818,3.1,QLD,2021
SAL31679,Logan Village,5316,42,2049,3.0,QLD,2021
SAL31680,Loganholme,6764,34,1840,2.9,QLD,2021
SAL31681,Loganlea,8716,31,1282,2.8,QLD,2021
SAL31682,Lonesome Creek,173,38,1781,2.6,QLD,2021
SAL31683,Long Flat (Qld),98,36,1625,3.2,QLD,2021
SAL31684,Long Pocket,150,47,1531,2.8,QLD,2021
SAL31685,Longreach (Qld),3124,39,1625,2.3,QLD,2021
SAL31686,Lota,3518,42,2236,2.7,QLD,2021
SAL31687,Lotus Creek,113,33,1800,2.8,QLD,2021
SAL31688,Low Isles,8,54,3750,2.0,QLD,2021
SAL31689,Lower Beechmont,1067,42,1570,2.5,QLD,2021
SAL31690,Lower Cowley,55,45,1125,2.7,QLD,2021
SAL31691,Lower Cressbrook,21,51,1874,1.9,QLD,2021
SAL31692,Lower Daintree,83,44,1406,2.6,QLD,2021
SAL31693,Lower Mount Walker,192,51,1916,2.6,QLD,2021
SAL31694,Lower Tenthill,236,46,1375,2.7,QLD,2021
SAL31695,Lower Tully,88,54,1300,2.5,QLD,2021
SAL31696,Lower Wonga,310,48,1343,2.6,QLD,2021
SAL31697,Lowesby,21,42,4124,3.5,QLD,2021
SAL31698,Lowestoff,36,34,2250,2.8,QLD,2021
SAL31699,Lowmead,179,57,880,2.1,QLD,2021
SAL31700,Lowood,4082,40,1163,2.6,QLD,2021
SAL31701,Lucinda,435,60,1017,2.0,QLD,2021
SAL31702,Lumeah (Qld),11,26,1874,3.0,QLD,2021
SAL31703,Lumholtz,0,0,0,0.0,QLD,2021
SAL31704,Lundavra,56,36,1208,2.8,QLD,2021
SAL31705,Luscombe,265,47,2392,2.8,QLD,2021
SAL31706,Lutwyche,4610,32,1872,2.0,QLD,2021
SAL31707,Lynam,8,53,1625,2.0,QLD,2021
SAL31708,Lyndhurst (Qld),11,47,2124,2.5,QLD,2021
SAL31709,Lyndside,3,51,2249,2.0,QLD,2021
SAL31710,Lyons (Qld),39,47,1875,3.5,QLD,2021
SAL31711,Lyra,35,54,1333,2.1,QLD,2021
SAL31712,Lytton,3,51,1375,1.7,QLD,2021
SAL31713,Ma Ma Creek,155,49,1421,2.4,QLD,2021
SAL31714,Maadi,49,54,1375,2.2,QLD,2021
SAL31715,Maalan,26,41,1124,2.4,QLD,2021
SAL31716,Maaroom,247,65,734,1.7,QLD,2021
SAL31717,Mabuiag Island,253,21,1281,4.3,QLD,2021
SAL31718,Macalister,156,40,1458,2.5,QLD,2021
SAL31719,Macalister Range,0,75,725,1.0,QLD,2021
SAL31720,Macfarlane,17,56,1125,2.3,QLD,2021
SAL31721,Macgregor (Qld),5980,34,1752,3.0,QLD,2021
SAL31722,Machans Beach,943,47,1610,2.4,QLD,2021
SAL31723,Machine Creek,131,42,1899,2.8,QLD,2021
SAL31724,Mackay,4026,38,1239,1.9,QLD,2021
SAL31725,Mackay Harbour,686,50,2079,2.1,QLD,2021
SAL31726,Mackenzie (Brisbane - Qld),2336,37,2988,3.3,QLD,2021
SAL31727,Mackenzie (Central Highlands - Qld),30,38,1125,3.0,QLD,2021
SAL31728,Mackenzie River,84,44,1812,2.6,QLD,2021
SAL31729,Macknade,203,50,1625,2.4,QLD,2021
SAL31730,Maclagan,130,46,1300,2.4,QLD,2021
SAL31731,Macleay Island,3193,62,755,1.9,QLD,2021
SAL31732,Magnolia,115,49,1395,2.3,QLD,2021
SAL31733,Maidenhead,20,36,450,3.2,QLD,2021
SAL31734,Maidenwell,227,55,979,2.1,QLD,2021
SAL31735,Main Beach,3998,57,1682,1.9,QLD,2021
SAL31736,Majors Creek (Qld),327,49,1562,2.4,QLD,2021
SAL31737,Malanda,2000,51,1120,2.3,QLD,2021
SAL31738,Malarga,15,60,1874,2.8,QLD,2021
SAL31739,Maleny,3959,59,1144,2.1,QLD,2021
SAL31740,Malling,40,33,1875,2.8,QLD,2021
SAL31741,Malmoe,37,50,1437,2.3,QLD,2021
SAL31742,Malpas-Trenton,5,40,0,5.0,QLD,2021
SAL31743,Malu,18,42,1625,2.8,QLD,2021
SAL31744,Mamu,0,0,0,0.0,QLD,2021
SAL31745,Manapouri,47,52,1187,3.1,QLD,2021
SAL31746,Mandalay,338,41,1575,2.4,QLD,2021
SAL31747,Mango Hill,14921,31,2145,3.0,QLD,2021
SAL31748,Manly (Qld),4273,46,2079,2.4,QLD,2021
SAL31749,Manly West,12436,41,2039,2.6,QLD,2021
SAL31750,Mannuem,87,46,1781,2.5,QLD,2021
SAL31751,Manoora (Qld),6175,36,1054,2.2,QLD,2021
SAL31752,Mansfield (Qld),8851,39,2064,3.0,QLD,2021
SAL31753,Mantuan Downs,23,53,1125,5.3,QLD,2021
SAL31754,Manumbar,38,48,1291,2.2,QLD,2021
SAL31755,Manunda,5191,39,1069,2.1,QLD,2021
SAL31756,Manyung,83,48,1187,2.2,QLD,2021
SAL31757,Mapleton,1661,59,1089,2.1,QLD,2021
SAL31758,Mapoon,469,29,1010,3.5,QLD,2021
SAL31759,Maramie,28,40,2624,2.3,QLD,2021
SAL31760,Marburg,1013,40,1522,2.5,QLD,2021
SAL31761,Marcoola,3355,45,1401,2.2,QLD,2021
SAL31762,Marcus Beach,839,48,1613,2.5,QLD,2021
SAL31763,Mareeba,11825,41,1282,2.5,QLD,2021
SAL31764,Margate (Qld),7575,46,1231,2.2,QLD,2021
SAL31765,Maria Creeks,143,46,1339,2.2,QLD,2021
SAL31766,Marian,4224,32,2392,3.0,QLD,2021
SAL31767,Marlborough,154,54,1268,2.1,QLD,2021
SAL31768,Marmadua,15,53,1687,2.1,QLD,2021
SAL31769,Marmor,208,49,1292,2.4,QLD,2021
SAL31770,Marodian,4,75,4750,3.0,QLD,2021
SAL31771,Maroochy River,1667,42,2152,2.9,QLD,2021
SAL31772,Maroochydore,20629,47,1360,2.1,QLD,2021
SAL31773,Maroon,152,49,1178,2.3,QLD,2021
SAL31774,Maroondan,346,53,936,2.3,QLD,2021
SAL31775,Marsden,14795,28,1409,3.3,QLD,2021
SAL31776,Marshlands,23,56,1218,2.2,QLD,2021
SAL31777,Martyville,116,43,1275,2.5,QLD,2021
SAL31778,Maryborough (Qld),15287,49,926,2.2,QLD,2021
SAL31779,Maryborough West,568,53,1269,2.4,QLD,2021
SAL31780,Marys Creek,86,46,949,2.6,QLD,2021
SAL31781,Maryvale (Livingstone - Qld),48,40,3749,3.4,QLD,2021
SAL31782,Maryvale (Southern Downs - Qld),392,54,833,2.1,QLD,2021
SAL31783,Masig Island,283,28,949,3.3,QLD,2021
SAL31784,Massie,113,50,1199,2.3,QLD,2021
SAL31785,Maudsland,8073,34,2576,3.4,QLD,2021
SAL31786,Maxwelton,32,26,2250,3.0,QLD,2021
SAL31787,May Downs,93,38,2187,3.0,QLD,2021
SAL31788,McCutcheon,34,47,1937,2.7,QLD,2021
SAL31789,McDesme,254,42,1892,2.6,QLD,2021
SAL31790,McDowall,7612,38,2486,2.9,QLD,2021
SAL31791,McEwens Beach,159,54,1833,2.3,QLD,2021
SAL31792,McIlwraith,202,52,928,2.5,QLD,2021
SAL31793,McIntosh Creek,173,32,1625,3.3,QLD,2021
SAL31794,McKinlay,162,37,2166,2.3,QLD,2021
SAL31795,Meadowbrook,3069,37,1701,2.9,QLD,2021
SAL31796,Meadowvale,434,43,1593,2.9,QLD,2021
SAL31797,Meandarra,244,52,1224,2.1,QLD,2021
SAL31798,Meikleville Hill,450,52,1589,2.2,QLD,2021
SAL31799,Melawondi,34,46,949,2.5,QLD,2021
SAL31800,Meldale,230,55,1125,2.3,QLD,2021
SAL31801,Melrose (Qld),39,51,900,2.4,QLD,2021
SAL31802,Memerambi,338,35,1375,2.6,QLD,2021
SAL31803,Mena Creek,210,37,1264,2.6,QLD,2021
SAL31804,Mentmore,0,0,0,0.0,QLD,2021
SAL31805,Menzies (Qld),824,32,1862,2.2,QLD,2021
SAL31806,Mer Island,406,27,1262,3.9,QLD,2021
SAL31807,Meridan Plains,4589,36,1529,2.6,QLD,2021
SAL31808,Meringandan,530,34,1952,3.1,QLD,2021
SAL31809,Meringandan West,2488,32,2194,3.1,QLD,2021
SAL31810,Merlwood,104,50,1449,2.6,QLD,2021
SAL31811,Mermaid Beach,7329,35,1895,2.1,QLD,2021
SAL31812,Mermaid Waters,13088,40,1766,2.5,QLD,2021
SAL31813,Merrimac,7212,38,1688,2.6,QLD,2021
SAL31814,Merritts Creek,102,43,2125,2.8,QLD,2021
SAL31815,Merryburn,189,39,1724,2.8,QLD,2021
SAL31816,Merryvale,32,32,1375,2.6,QLD,2021
SAL31817,Mia Mia (Qld),118,41,2187,3.1,QLD,2021
SAL31818,Miallo,406,46,1386,2.5,QLD,2021
SAL31819,Miami,7445,37,1831,2.2,QLD,2021
SAL31820,Miara,28,64,724,1.8,QLD,2021
SAL31821,Mica Creek,182,41,2437,2.9,QLD,2021
SAL31822,Middle Park (Qld),3845,42,2219,2.8,QLD,2021
SAL31823,Middle Ridge,7595,43,2177,2.7,QLD,2021
SAL31824,Middlebrook,62,58,949,2.1,QLD,2021
SAL31825,Middlemount,1899,32,2721,2.6,QLD,2021
SAL31826,Middleton (Qld),45,55,2750,2.4,QLD,2021
SAL31827,Midge Point,435,57,1079,2.2,QLD,2021
SAL31828,Midgee (Qld),90,55,1187,2.2,QLD,2021
SAL31829,Midgenoo,76,39,1562,2.1,QLD,2021
SAL31830,Midgeree Bar,75,51,1875,2.7,QLD,2021
SAL31831,Mighell,363,42,905,2.0,QLD,2021
SAL31832,Milbong,190,42,1875,2.7,QLD,2021
SAL31833,Miles,1874,38,1263,2.3,QLD,2021
SAL31834,Miles End,280,31,2412,2.7,QLD,2021
SAL31835,Milford,190,56,1199,2.3,QLD,2021
SAL31836,Millaa Millaa,523,49,1005,2.2,QLD,2021
SAL31837,Millaroo,86,44,1916,2.4,QLD,2021
SAL31838,Millbank (Qld),2499,47,997,2.2,QLD,2021
SAL31839,Millchester,543,36,1575,2.5,QLD,2021
SAL31840,Millmerran,1545,45,1181,2.3,QLD,2021
SAL31841,Millmerran Downs,103,50,693,2.2,QLD,2021
SAL31842,Millmerran Woods,152,53,725,2.4,QLD,2021
SAL31843,Millstream (Qld),981,52,792,2.2,QLD,2021
SAL31844,Millwood,22,47,1625,2.9,QLD,2021
SAL31845,Milman,122,51,1791,2.5,QLD,2021
SAL31846,Milora,136,37,2200,2.8,QLD,2021
SAL31847,Milton (Qld),3144,30,2087,2.0,QLD,2021
SAL31848,Mimosa (Qld),23,33,2750,4.4,QLD,2021
SAL31849,Min Min,5,50,0,5.0,QLD,2021
SAL31850,Minbun,60,47,1156,2.5,QLD,2021
SAL31851,Minden,1227,37,1725,2.9,QLD,2021
SAL31852,Minerva,55,33,2083,3.4,QLD,2021
SAL31853,Mingela,14,55,4250,2.5,QLD,2021
SAL31854,Mingo,12,64,725,2.3,QLD,2021
SAL31855,Mingoola (Qld),14,39,1062,2.4,QLD,2021
SAL31856,Minnamoolka,27,42,899,2.8,QLD,2021
SAL31857,Minnie Downs,12,25,2250,3.3,QLD,2021
SAL31858,Minyama,2726,53,1716,2.4,QLD,2021
SAL31859,Mirani,1806,33,1872,2.9,QLD,2021
SAL31860,Miriam Vale,493,52,1114,2.2,QLD,2021
SAL31861,Mirriwinni,492,50,1241,2.4,QLD,2021
SAL31862,Missen Flat,21,53,1625,2.8,QLD,2021
SAL31863,Mission Beach,1014,49,1326,2.1,QLD,2021
SAL31864,Mission River,974,30,833,3.6,QLD,2021
SAL31865,Mitchell (Qld),995,45,955,2.2,QLD,2021
SAL31866,Mitchelton,9244,37,2228,2.6,QLD,2021
SAL31867,Miva,55,52,866,2.3,QLD,2021
SAL31868,Moa Island,432,31,937,3.1,QLD,2021
SAL31869,Moffat Beach,2691,47,1639,2.4,QLD,2021
SAL31870,Moffatdale,257,49,959,2.2,QLD,2021
SAL31871,Moggill,5029,38,2415,3.0,QLD,2021
SAL31872,Molangul,3,70,350,1.3,QLD,2021
SAL31873,Molendinar,6450,37,1767,3.0,QLD,2021
SAL31874,Mon Repos,24,59,2083,2.5,QLD,2021
SAL31875,Mona Mona,29,46,725,2.2,QLD,2021
SAL31876,Mona Park,97,45,2166,2.9,QLD,2021
SAL31877,Monal,34,59,1375,2.1,QLD,2021
SAL31878,Monarch Glen,0,0,0,0.0,QLD,2021
SAL31879,Monduran,84,46,1375,2.5,QLD,2021
SAL31880,Mondure,102,45,1062,2.5,QLD,2021
SAL31881,Monkland,1135,39,1111,2.3,QLD,2021
SAL31882,Monogorilby,33,29,899,2.6,QLD,2021
SAL31883,Mons,1179,41,2675,3.2,QLD,2021
SAL31884,Monsildale,18,63,1999,2.1,QLD,2021
SAL31885,Monto,1156,55,853,2.0,QLD,2021
SAL31886,Montrose (Southern Downs - Qld),0,0,0,0.0,QLD,2021
SAL31887,Montrose (Western Downs - Qld),49,39,2083,3.2,QLD,2021
SAL31888,Montville,1092,56,1550,2.4,QLD,2021
SAL31889,Moodlu,285,44,1402,2.8,QLD,2021
SAL31890,Mooga,30,36,2749,2.8,QLD,2021
SAL31891,Moogerah,242,54,1261,2.3,QLD,2021
SAL31892,Moola,218,40,1781,2.8,QLD,2021
SAL31893,Moolboolaman,487,54,912,2.4,QLD,2021
SAL31894,Mooloo,171,52,1390,2.5,QLD,2021
SAL31895,Mooloolaba,8202,44,1506,2.1,QLD,2021
SAL31896,Mooloolah Valley,3629,40,1931,2.8,QLD,2021
SAL31897,Moombra,9,68,1899,2.0,QLD,2021
SAL31898,Moomin,191,47,1053,2.5,QLD,2021
SAL31899,Moondooner,45,57,1125,2.3,QLD,2021
SAL31900,Moonford,162,38,1625,2.9,QLD,2021
SAL31901,Moongan,120,52,790,2.2,QLD,2021
SAL31902,Moonie,182,46,1333,2.7,QLD,2021
SAL31903,Moorang,47,49,1375,2.6,QLD,2021
SAL31904,Moore,286,53,900,2.1,QLD,2021
SAL31905,Moore Park Beach,2890,51,1045,2.4,QLD,2021
SAL31906,Moores Pocket,772,65,829,1.9,QLD,2021
SAL31907,Moorina (Qld),403,48,2416,2.8,QLD,2021
SAL31908,Moorland (Qld),284,51,1640,2.6,QLD,2021
SAL31909,Mooroobool,7136,41,1495,2.5,QLD,2021
SAL31910,Moorooka,10783,36,1864,2.3,QLD,2021
SAL31911,Moraby,43,37,1625,2.5,QLD,2021
SAL31912,Moranbah,9425,31,3079,2.8,QLD,2021
SAL31913,Morayfield,24898,34,1442,2.7,QLD,2021
SAL31914,Moregatta,62,43,949,2.6,QLD,2021
SAL31915,Moresby (Qld),150,37,1792,2.9,QLD,2021
SAL31916,Moreton Bay,0,53,3250,2.0,QLD,2021
SAL31917,Moreton Island,180,30,1624,2.0,QLD,2021
SAL31918,Morgan Park,98,48,1562,2.6,QLD,2021
SAL31919,Morganville,118,57,819,2.1,QLD,2021
SAL31920,Morinish,62,51,1125,2.8,QLD,2021
SAL31921,Morinish South,13,50,1875,1.9,QLD,2021
SAL31922,Morningside,11755,34,2280,2.3,QLD,2021
SAL31923,Mornington (Qld),1846,35,1925,2.1,QLD,2021
SAL31924,Morton Vale,114,53,850,2.1,QLD,2021
SAL31925,Morven (Qld),184,50,1015,2.2,QLD,2021
SAL31926,Morwincha,35,40,1874,3.1,QLD,2021
SAL31927,Mosman Park (Qld),342,44,1333,2.3,QLD,2021
SAL31928,Mosquito Creek,8,65,649,1.8,QLD,2021
SAL31929,Mossman,1935,43,1197,2.4,QLD,2021
SAL31930,Mossman Gorge,248,47,991,2.6,QLD,2021
SAL31931,Mothar Mountain,563,47,1437,2.6,QLD,2021
SAL31932,Motley,10,55,1687,2.5,QLD,2021
SAL31933,Mount Abundance,178,48,1833,2.7,QLD,2021
SAL31934,Mount Alford,294,54,1275,2.3,QLD,2021
SAL31935,Mount Alma,59,40,2083,2.3,QLD,2021
SAL31936,Mount Archer (Rockhampton - Qld),77,53,3050,2.3,QLD,2021
SAL31937,Mount Archer (Somerset - Qld),331,48,1607,2.6,QLD,2021
SAL31938,Mount Barney,46,49,900,2.1,QLD,2021
SAL31939,Mount Beppo,251,40,1231,2.4,QLD,2021
SAL31940,Mount Berryman,96,45,1124,2.3,QLD,2021
SAL31941,Mount Bindango,26,43,900,2.4,QLD,2021
SAL31942,Mount Binga,86,51,1187,2.3,QLD,2021
SAL31943,Mount Britton,4,57,0,2.0,QLD,2021
SAL31944,Mount Byron,21,57,900,2.4,QLD,2021
SAL31945,Mount Carbine,94,61,674,1.8,QLD,2021
SAL31946,Mount Chalmers,226,47,1268,2.5,QLD,2021
SAL31947,Mount Charlton,151,53,1292,2.5,QLD,2021
SAL31948,Mount Colliery,117,62,956,1.9,QLD,2021
SAL31949,Mount Coolon,172,43,2250,4.0,QLD,2021
SAL31950,Mount Coolum,4545,44,1690,2.4,QLD,2021
SAL31951,Mount Coot-tha,0,0,0,0.0,QLD,2021
SAL31952,Mount Cotton,7302,34,2640,3.1,QLD,2021
SAL31953,Mount Crosby,1860,42,2993,3.1,QLD,2021
SAL31954,Mount Darry,46,45,1625,3.1,QLD,2021
SAL31955,Mount Debateable,40,60,1875,2.4,QLD,2021
SAL31956,Mount Delaney,80,37,1593,3.1,QLD,2021
SAL31957,Mount Edwards,60,48,1042,2.0,QLD,2021
SAL31958,Mount Elliot (Qld),0,0,0,0.0,QLD,2021
SAL31959,Mount Emlyn,11,53,1624,2.5,QLD,2021
SAL31960,Mount Enniskillen,44,41,2250,3.4,QLD,2021
SAL31961,Mount Forbes,262,43,1771,2.8,QLD,2021
SAL31962,Mount Fox,84,51,784,2.1,QLD,2021
SAL31963,Mount French,105,49,1874,2.5,QLD,2021
SAL31964,Mount Gardiner,19,35,1375,3.6,QLD,2021
SAL31965,Mount Garnet,532,50,921,2.4,QLD,2021
SAL31966,Mount Gipps,12,56,949,2.2,QLD,2021
SAL31967,Mount Glorious,343,49,1924,2.2,QLD,2021
SAL31968,Mount Gravatt,3733,36,1875,2.3,QLD,2021
SAL31969,Mount Gravatt East,12428,35,2055,2.6,QLD,2021
SAL31970,Mount Hallen,457,50,1600,2.6,QLD,2021
SAL31971,Mount Howe,20,47,1708,2.5,QLD,2021
SAL31972,Mount Hutton (Qld),32,40,1624,2.8,QLD,2021
SAL31973,Mount Irving,34,55,1666,1.9,QLD,2021
SAL31974,Mount Isa,172,35,4727,3.2,QLD,2021
SAL31975,Mount Isa City,170,31,2437,2.2,QLD,2021
SAL31976,Mount Jukes,373,45,2187,2.9,QLD,2021
SAL31977,Mount Julian,477,45,1645,2.5,QLD,2021
SAL31978,Mount Kelly,291,42,2147,2.8,QLD,2021
SAL31979,Mount Kilcoy,277,46,1762,2.7,QLD,2021
SAL31980,Mount Kynoch,271,29,2091,2.9,QLD,2021
SAL31981,Mount Larcom,332,42,1268,2.3,QLD,2021
SAL31982,Mount Lawless,9,42,1249,2.5,QLD,2021
SAL31983,Mount Lindesay (Qld),14,53,1874,3.3,QLD,2021
SAL31984,Mount Lofty,3825,43,2002,2.4,QLD,2021
SAL31985,Mount Louisa,9227,34,2072,2.8,QLD,2021
SAL31986,Mount Low,5488,29,2259,3.0,QLD,2021
SAL31987,Mount Luke,51,39,1874,3.1,QLD,2021
SAL31988,Mount Macarthur,31,31,1374,2.7,QLD,2021
SAL31989,Mount Mackay,0,0,0,0.0,QLD,2021
SAL31990,Mount Maria,225,53,879,2.3,QLD,2021
SAL31991,Mount Marlow,161,39,2083,3.1,QLD,2021
SAL31992,Mount Marrow,182,32,2031,3.3,QLD,2021
SAL31993,Mount Marshall,229,53,1187,2.4,QLD,2021
SAL31994,Mount Martin,191,46,2416,2.7,QLD,2021
SAL31995,Mount Mceuen,34,46,900,2.3,QLD,2021
SAL31996,Mount Mee,519,52,1476,2.4,QLD,2021
SAL31997,Mount Mellum,457,52,1947,2.7,QLD,2021
SAL31998,Mount Moffatt,14,43,1125,3.0,QLD,2021
SAL31999,Mount Molar,117,53,1812,2.5,QLD,2021
SAL32000,Mount Molloy,266,54,1031,2.1,QLD,2021
SAL32001,Mount Morgan,2018,52,779,2.0,QLD,2021
SAL32002,Mount Moriah,9,49,1625,1.8,QLD,2021
SAL32003,Mount Mort,78,52,1718,2.1,QLD,2021
SAL32004,Mount Mulgrave,11,36,900,1.3,QLD,2021
SAL32005,Mount Mulligan,4,22,0,0.0,QLD,2021
SAL32006,Mount Murchison,128,43,2208,2.8,QLD,2021
SAL32007,Mount Nathan,1375,40,2465,3.2,QLD,2021
SAL32008,Mount Nebo,430,48,1771,2.3,QLD,2021
SAL32009,Mount Ommaney,2503,48,2361,2.8,QLD,2021
SAL32010,Mount Ossa,250,42,1770,2.8,QLD,2021
SAL32011,Mount Pelion,90,47,1687,2.5,QLD,2021
SAL32012,Mount Perry,487,54,963,2.2,QLD,2021
SAL32013,Mount Peter,689,30,2096,2.9,QLD,2021
SAL32014,Mount Pleasant (Mackay - Qld),4694,41,1686,2.4,QLD,2021
SAL32015,Mount Pleasant (Moreton Bay - Qld),390,46,2077,2.8,QLD,2021
SAL32016,Mount Pluto,8,32,1625,2.3,QLD,2021
SAL32017,Mount Rascal,393,39,2440,3.2,QLD,2021
SAL32018,Mount Rooper,0,0,0,0.0,QLD,2021
SAL32019,Mount Samson,625,47,2750,3.1,QLD,2021
SAL32020,Mount Sheridan (Qld),8678,37,1826,2.7,QLD,2021
SAL32021,Mount St John,103,42,949,1.4,QLD,2021
SAL32022,Mount Stanley,11,51,2250,2.2,QLD,2021
SAL32023,Mount Steadman,5,44,1274,2.0,QLD,2021
SAL32024,Mount Stuart (Qld),95,23,0,0.0,QLD,2021
SAL32025,Mount Sturt,14,51,1625,1.8,QLD,2021
SAL32026,Mount Surprise,138,48,875,2.1,QLD,2021
SAL32027,Mount Surround,130,55,1800,2.4,QLD,2021
SAL32028,Mount Sylvia,70,45,939,2.4,QLD,2021
SAL32029,Mount Tabor,19,41,2124,2.7,QLD,2021
SAL32030,Mount Tarampa,501,42,1424,2.9,QLD,2021
SAL32031,Mount Tom,44,56,725,2.0,QLD,2021
SAL32032,Mount Tully,117,44,1437,2.4,QLD,2021
SAL32033,Mount Tyson,280,40,1325,3.0,QLD,2021
SAL32034,Mount Urah,49,47,900,2.3,QLD,2021
SAL32035,Mount Walker (Qld),129,44,1343,3.1,QLD,2021
SAL32036,Mount Walker West,31,45,1875,3.5,QLD,2021
SAL32037,Mount Warren Park,5736,41,1496,2.5,QLD,2021
SAL32038,Mount Whitestone,129,50,1437,2.3,QLD,2021
SAL32039,Mount Wyatt,34,47,1437,2.1,QLD,2021
SAL32040,Mountain Camp,24,55,1375,2.4,QLD,2021
SAL32041,Mountain Creek (Qld),11950,37,1911,2.8,QLD,2021
SAL32042,Moura,1993,34,1787,2.5,QLD,2021
SAL32043,Mourilyan,509,44,1309,2.3,QLD,2021
SAL32044,Mourilyan Harbour,142,48,1275,2.3,QLD,2021
SAL32045,Mowbray (Qld),362,43,1458,2.5,QLD,2021
SAL32046,Mowbullan,12,66,1625,1.8,QLD,2021
SAL32047,Moy Pocket,120,46,1281,2.7,QLD,2021
SAL32048,Mp Creek,29,47,1625,2.6,QLD,2021
SAL32049,Muckadilla,38,58,1187,2.1,QLD,2021
SAL32050,Mudgeeraba,14578,39,1893,2.9,QLD,2021
SAL32051,Mudjimba,2664,44,1763,2.6,QLD,2021
SAL32052,Mudlo,3,40,1649,3.0,QLD,2021
SAL32053,Muirlea,174,55,1474,2.5,QLD,2021
SAL32054,Mulambin,917,38,2045,2.8,QLD,2021
SAL32055,Mulara,93,48,2625,3.1,QLD,2021
SAL32056,Muldu,0,23,2750,2.0,QLD,2021
SAL32057,Mulgildie,147,46,1166,2.3,QLD,2021
SAL32058,Mulgowie,166,49,1521,2.6,QLD,2021
SAL32059,Mulgrave (Qld),19,37,2249,2.5,QLD,2021
SAL32060,Mullett Creek,67,51,1458,2.6,QLD,2021
SAL32061,Munbilla,93,42,2250,2.7,QLD,2021
SAL32062,Munbura,89,49,2166,2.3,QLD,2021
SAL32063,Munderra,6,26,1625,5.0,QLD,2021
SAL32064,Mundingburra,3594,43,1344,2.2,QLD,2021
SAL32065,Mundoo,197,43,1312,2.5,QLD,2021
SAL32066,Mundoolun,1836,39,2255,3.2,QLD,2021
SAL32067,Mundowran,119,49,1125,2.4,QLD,2021
SAL32068,Mundubbera,1120,39,1241,2.3,QLD,2021
SAL32069,Mungabunda,91,35,1708,3.1,QLD,2021
SAL32070,Mungallala,85,50,966,2.2,QLD,2021
SAL32071,Mungallala South,38,37,1875,2.8,QLD,2021
SAL32072,Mungalli,40,58,1062,1.9,QLD,2021
SAL32073,Mungar,328,49,1513,2.6,QLD,2021
SAL32074,Mungindi (Qld),124,39,1416,2.3,QLD,2021
SAL32075,Mungungo,84,46,1125,2.3,QLD,2021
SAL32076,Mungy,3,60,250,2.0,QLD,2021
SAL32077,Muniganeen,40,48,833,2.5,QLD,2021
SAL32078,Munna Creek,22,53,899,2.2,QLD,2021
SAL32079,Munro Plains,74,29,1437,2.8,QLD,2021
SAL32080,Munruben,2753,42,2378,3.1,QLD,2021
SAL32081,Murarrie,4946,35,2362,2.6,QLD,2021
SAL32082,Murgon,2220,48,984,2.2,QLD,2021
SAL32083,Murphys Creek (Qld),633,42,1740,2.9,QLD,2021
SAL32084,Murray,1739,22,1325,1.0,QLD,2021
SAL32085,Murray Upper,218,42,857,2.8,QLD,2021
SAL32086,Murrays Bridge,106,46,1625,3.0,QLD,2021
SAL32087,Murrigal,106,39,1718,2.8,QLD,2021
SAL32088,Murrumba,11,54,1375,3.0,QLD,2021
SAL32089,Murrumba Downs,10795,39,1827,2.7,QLD,2021
SAL32090,Murweh,9,55,3124,2.3,QLD,2021
SAL32091,Mutarnee,120,53,1292,2.6,QLD,2021
SAL32092,Mutchilba,627,38,1612,2.7,QLD,2021
SAL32093,Mutdapilly,308,44,1593,2.8,QLD,2021
SAL32094,Muttaburra,158,45,1042,2.4,QLD,2021
SAL32095,Myall Park (Qld),17,56,2124,2.3,QLD,2021
SAL32096,Myrtlevale,205,48,1906,2.7,QLD,2021
SAL32097,Mysterton,793,43,2020,2.5,QLD,2021
SAL32098,Nahrunda,192,53,1468,2.7,QLD,2021
SAL32099,Nambour,12145,40,1224,2.3,QLD,2021
SAL32100,Nanango,3679,53,865,2.1,QLD,2021
SAL32101,Nandi,105,35,2250,3.3,QLD,2021
SAL32102,Nandowrie,31,56,3250,3.4,QLD,2021
SAL32103,Nangram,6,38,2750,5.0,QLD,2021
SAL32104,Nangwee,65,44,1625,3.1,QLD,2021
SAL32105,Nankin,176,43,1699,2.7,QLD,2021
SAL32106,Nanum,904,29,2715,2.8,QLD,2021
SAL32107,Narangba,20910,33,2207,3.1,QLD,2021
SAL32108,Narko,16,50,1999,2.1,QLD,2021
SAL32109,Nathan,1085,28,1682,2.3,QLD,2021
SAL32110,Natural Bridge,90,51,1625,2.4,QLD,2021
SAL32111,Nearum,24,58,1624,1.8,QLD,2021
SAL32112,Nebine,29,50,825,2.3,QLD,2021
SAL32113,Nebo,857,37,1981,2.4,QLD,2021
SAL32114,Neerdie,111,51,817,1.9,QLD,2021
SAL32115,Nelly Bay,1213,56,1003,2.0,QLD,2021
SAL32116,Nerada,88,57,1292,2.3,QLD,2021
SAL32117,Nerang,17048,40,1423,2.5,QLD,2021
SAL32118,Neranwood,79,42,2374,3.4,QLD,2021
SAL32119,Nerimbera,285,46,1333,2.7,QLD,2021
SAL32120,Netherby (Qld),25,48,1562,3.0,QLD,2021
SAL32121,Netherdale,121,45,780,2.7,QLD,2021
SAL32122,Neumgna,18,44,450,3.5,QLD,2021
SAL32123,Neurum,178,48,1375,2.6,QLD,2021
SAL32124,Neusa Vale,54,58,1156,2.3,QLD,2021
SAL32125,Nevilton,25,60,1125,2.2,QLD,2021
SAL32126,New Auckland,5266,33,2009,2.7,QLD,2021
SAL32127,New Beith,5642,35,2779,3.5,QLD,2021
SAL32128,New Chum,3,91,0,0.0,QLD,2021
SAL32129,New Farm,12197,39,2069,1.9,QLD,2021
SAL32130,New Harbourline,218,43,1521,2.8,QLD,2021
SAL32131,New Mapoon,412,25,924,3.4,QLD,2021
SAL32132,New Moonta,78,52,900,2.2,QLD,2021
SAL32133,Newell,327,55,1182,2.0,QLD,2021
SAL32134,Newlands (Qld),99,40,2624,3.3,QLD,2021
SAL32135,Newmarket,5083,33,2251,2.5,QLD,2021
SAL32136,Newport (Qld),5964,43,2418,2.8,QLD,2021
SAL32137,Newstead (Qld),7496,33,2325,1.7,QLD,2021
SAL32138,Newtown (Ipswich - Qld),1498,40,1753,2.5,QLD,2021
SAL32139,Newtown (Toowoomba - Qld),10039,35,1200,2.2,QLD,2021
SAL32140,Ngatjan,0,0,0,0.0,QLD,2021
SAL32141,Nicholson (Qld),32,26,1125,3.4,QLD,2021
SAL32142,Nikenbah,1234,39,1660,2.8,QLD,2021
SAL32143,Nindaroo,255,43,3035,3.2,QLD,2021
SAL32144,Ninderry,1301,44,1711,2.9,QLD,2021
SAL32145,Nindooinbah,95,45,1208,2.7,QLD,2021
SAL32146,Nine Mile (Qld),84,43,1792,2.6,QLD,2021
SAL32147,Nine Mile Creek,23,62,1187,1.6,QLD,2021
SAL32148,Ningi,5349,43,1473,2.7,QLD,2021
SAL32149,Nirimba (Qld),2229,27,1997,2.9,QLD,2021
SAL32150,Nive,44,36,1375,2.6,QLD,2021
SAL32151,No 4 Branch,90,40,1437,2.5,QLD,2021
SAL32152,No 5 Branch,12,33,2250,5.5,QLD,2021
SAL32153,No 6 Branch,73,52,1875,2.5,QLD,2021
SAL32154,Noah,0,0,0,0.0,QLD,2021
SAL32155,Nobby,609,46,1215,2.5,QLD,2021
SAL32156,Noccundra,16,47,1749,1.3,QLD,2021
SAL32157,Nome,990,52,1452,2.3,QLD,2021
SAL32158,Noorama,15,32,2374,3.5,QLD,2021
SAL32159,Noorindoo,71,32,1625,3.3,QLD,2021
SAL32160,Noosa Heads,5120,54,1843,2.3,QLD,2021
SAL32161,Noosa North Shore,253,55,1125,2.1,QLD,2021
SAL32162,Noosaville,8716,56,1399,2.2,QLD,2021
SAL32163,Norman Gardens,10534,37,1770,2.6,QLD,2021
SAL32164,Norman Park,6842,35,2879,2.6,QLD,2021
SAL32165,Normanton,1391,31,1691,3.0,QLD,2021
SAL32166,North Aramara,45,57,900,1.9,QLD,2021
SAL32167,North Arm (Qld),734,44,1816,2.9,QLD,2021
SAL32168,North Booval,3041,33,1327,2.6,QLD,2021
SAL32169,North Branch (Southern Downs - Qld),46,53,1062,2.0,QLD,2021
SAL32170,North Branch (Toowoomba - Qld),48,44,2250,2.5,QLD,2021
SAL32171,North Bungunya,35,35,1187,2.2,QLD,2021
SAL32172,North Deep Creek,388,52,1382,2.4,QLD,2021
SAL32173,North Eton,189,31,2062,2.8,QLD,2021
SAL32174,North Gregory,89,43,1312,2.8,QLD,2021
SAL32175,North Ipswich,4527,38,1422,2.4,QLD,2021
SAL32176,North Isis,566,59,971,2.3,QLD,2021
SAL32177,North Johnstone,67,54,1649,2.7,QLD,2021
SAL32178,North Lakes,23030,35,2092,2.9,QLD,2021
SAL32179,North Mackay,6194,40,1375,2.2,QLD,2021
SAL32180,North Maclagan,12,41,1125,2.6,QLD,2021
SAL32181,North Maclean,1581,41,1732,3.0,QLD,2021
SAL32182,North Maleny,710,61,1608,2.3,QLD,2021
SAL32183,North Stradbroke Island,181,47,1104,2.1,QLD,2021
SAL32184,North Talwood,113,45,875,2.0,QLD,2021
SAL32185,North Tivoli,84,36,1812,2.5,QLD,2021
SAL32186,North Toowoomba,3332,37,1256,2.2,QLD,2021
SAL32187,North Ward,5073,40,1500,1.8,QLD,2021
SAL32188,Northgate (Qld),4876,35,2041,2.4,QLD,2021
SAL32189,Northhead,6,36,2750,6.0,QLD,2021
SAL32190,Norville,2476,44,1094,2.2,QLD,2021
SAL32191,Norwell,189,43,1562,2.8,QLD,2021
SAL32192,Norwin,100,42,2249,3.4,QLD,2021
SAL32193,Nudgee,4377,37,2620,2.7,QLD,2021
SAL32194,Nudgee Beach,308,47,2200,2.6,QLD,2021
SAL32195,Nukku,40,55,1187,2.5,QLD,2021
SAL32196,Numinbah Valley,212,40,1666,2.7,QLD,2021
SAL32197,Nundah,13098,35,1769,2.0,QLD,2021
SAL32198,Nundubbermere,102,46,900,2.6,QLD,2021
SAL32199,Nutgrove,26,38,899,3.6,QLD,2021
SAL32200,Nychum,0,0,0,0.0,QLD,2021
SAL32201,O'Bil Bil,28,48,1437,2.8,QLD,2021
SAL32202,O'Briens Hill,11,53,2250,2.2,QLD,2021
SAL32203,O'Connell (Qld),399,43,2333,2.9,QLD,2021
SAL32204,O'Reilly,114,32,1625,1.7,QLD,2021
SAL32205,Oak Beach,186,57,1687,2.3,QLD,2021
SAL32206,Oak Valley (Qld),478,44,2083,3.0,QLD,2021
SAL32207,Oakdale (Qld),49,58,1562,2.5,QLD,2021
SAL32208,Oakenden,424,39,2367,3.2,QLD,2021
SAL32209,Oakey,4756,40,1213,2.5,QLD,2021
SAL32210,Oakey Creek,12,57,449,1.0,QLD,2021
SAL32211,Oakhurst (Qld),1717,39,1837,2.8,QLD,2021
SAL32212,Oakview,45,52,774,3.3,QLD,2021
SAL32213,Oakwood (Qld),364,60,780,2.0,QLD,2021
SAL32214,Oaky Creek,96,53,1416,2.3,QLD,2021
SAL32215,Oberina,31,33,2250,3.3,QLD,2021
SAL32216,Obi Obi,208,49,1437,2.6,QLD,2021
SAL32217,Obum Obum,129,52,2049,2.5,QLD,2021
SAL32218,Ocean View,1022,50,2184,2.6,QLD,2021
SAL32219,Ogmore,72,51,1062,2.1,QLD,2021
SAL32220,Okeden,53,50,875,2.6,QLD,2021
SAL32221,Old Cooranga,29,47,1125,2.3,QLD,2021
SAL32222,Old Talgai,28,45,1166,2.4,QLD,2021
SAL32223,Oman Ama,31,52,1749,2.3,QLD,2021
SAL32224,One Mile (Qld),2038,37,1173,2.5,QLD,2021
SAL32225,Oombabeer,45,34,2083,2.8,QLD,2021
SAL32226,Oonoonba,2050,31,1510,2.1,QLD,2021
SAL32227,Ooralea,3691,35,2248,2.7,QLD,2021
SAL32228,Opalton,59,55,687,1.6,QLD,2021
SAL32229,Orallo,46,35,1999,2.5,QLD,2021
SAL32230,Orange Creek,197,39,1541,3.0,QLD,2021
SAL32231,Orange Hill,179,45,2356,2.7,QLD,2021
SAL32232,Orient,6,31,2250,4.0,QLD,2021
SAL32233,Orion,87,32,1224,3.1,QLD,2021
SAL32234,Ormeau,15938,33,2067,3.1,QLD,2021
SAL32235,Ormeau Hills,4521,32,2297,3.1,QLD,2021
SAL32236,Ormiston,6379,47,1913,2.6,QLD,2021
SAL32237,Osborne (Qld),245,46,1437,2.5,QLD,2021
SAL32238,Ottaba,52,53,1062,2.7,QLD,2021
SAL32239,Owanyilla,245,47,1542,2.6,QLD,2021
SAL32240,Owens Creek,193,42,1687,2.5,QLD,2021
SAL32241,Oxenford,12273,37,1832,2.8,QLD,2021
SAL32242,Oxford,43,41,1562,2.6,QLD,2021
SAL32243,Oxley (Qld),9100,35,2168,2.7,QLD,2021
SAL32244,Oyster Creek,39,54,762,2.2,QLD,2021
SAL32245,Pacific Haven,778,55,972,2.4,QLD,2021
SAL32246,Pacific Heights,1111,45,1960,2.7,QLD,2021
SAL32247,Pacific Paradise,2675,46,1340,2.3,QLD,2021
SAL32248,Pacific Pines,16664,34,2090,3.1,QLD,2021
SAL32249,Packers Camp,136,45,2399,3.0,QLD,2021
SAL32250,Paddington (Qld),9063,34,2775,2.5,QLD,2021
SAL32251,Paddys Green,405,38,1571,2.6,QLD,2021
SAL32252,Paget,339,45,1199,2.0,QLD,2021
SAL32253,Palen Creek,368,41,1174,2.6,QLD,2021
SAL32254,Palgrave,35,45,1125,2.4,QLD,2021
SAL32255,Pallara,3861,31,2283,3.1,QLD,2021
SAL32256,Pallarenda,778,45,2290,2.5,QLD,2021
SAL32257,Palm Beach (Qld),16349,39,1721,2.3,QLD,2021
SAL32258,Palm Cove,2450,53,1527,2.1,QLD,2021
SAL32259,Palm Grove (Qld),86,52,928,2.1,QLD,2021
SAL32260,Palm Island,2138,27,973,3.7,QLD,2021
SAL32261,Palmer (Qld),46,50,1062,1.8,QLD,2021
SAL32262,Palmerston (Qld),8,51,2374,2.0,QLD,2021
SAL32263,Palmtree,80,55,1312,2.1,QLD,2021
SAL32264,Palmview,5236,29,2306,3.0,QLD,2021
SAL32265,Palmwoods (Qld),6357,43,1738,2.7,QLD,2021
SAL32266,Palmyra (Qld),250,47,2218,2.8,QLD,2021
SAL32267,Paluma,87,58,1350,2.0,QLD,2021
SAL32268,Pampas,78,40,1875,3.0,QLD,2021
SAL32269,Paradise Point,7062,53,1688,2.2,QLD,2021
SAL32270,Park Avenue,5292,36,1281,2.4,QLD,2021
SAL32271,Park Ridge,8455,30,1418,2.6,QLD,2021
SAL32272,Park Ridge South,1680,46,1965,3.1,QLD,2021
SAL32273,Parkhurst,3043,32,2227,2.9,QLD,2021
SAL32274,Parkinson,11148,37,2188,3.1,QLD,2021
SAL32275,Parklands (Qld),198,43,1520,2.5,QLD,2021
SAL32276,Parknook,55,40,2624,3.4,QLD,2021
SAL32277,Parkside (Qld),1530,31,2347,2.5,QLD,2021
SAL32278,Parkwood (Qld),8837,37,2064,3.0,QLD,2021
SAL32279,Parramatta Park,3621,33,1211,2.1,QLD,2021
SAL32280,Parrearra,4661,52,1467,2.2,QLD,2021
SAL32281,Pasha,75,30,2124,3.0,QLD,2021
SAL32282,Passchendaele,42,54,899,3.1,QLD,2021
SAL32283,Paterson (Qld),157,41,1083,2.9,QLD,2021
SAL32284,Patrick Estate,181,47,1025,2.5,QLD,2021
SAL32285,Pauls Pocket,38,35,1562,3.3,QLD,2021
SAL32286,Peachester,1460,46,1721,2.8,QLD,2021
SAL32287,Peacock Siding,85,41,1937,3.0,QLD,2021
SAL32288,Peak Crossing,1016,41,1826,3.0,QLD,2021
SAL32289,Pechey,98,50,1541,2.4,QLD,2021
SAL32290,Peel Island,0,0,0,0.0,QLD,2021
SAL32291,Peeramon,778,50,1488,2.5,QLD,2021
SAL32292,Pelham (Qld),14,56,1875,2.3,QLD,2021
SAL32293,Pelican (Qld),40,30,1875,3.0,QLD,2021
SAL32294,Pelican Waters,7393,55,1552,2.5,QLD,2021
SAL32295,Pentland,248,50,751,2.0,QLD,2021
SAL32296,Penwhaupell,0,0,0,0.0,QLD,2021
SAL32297,Peranga,98,45,900,2.5,QLD,2021
SAL32298,Peregian Beach,4972,42,1896,2.6,QLD,2021
SAL32299,Peregian Springs,9532,39,1836,2.8,QLD,2021
SAL32300,Perseverance,72,52,1791,2.6,QLD,2021
SAL32301,Perwillowen,213,54,1562,2.6,QLD,2021
SAL32302,Petford,22,66,700,1.6,QLD,2021
SAL32303,Petrie,8722,38,1853,2.7,QLD,2021
SAL32304,Petrie Terrace,1168,31,2401,2.3,QLD,2021
SAL32305,Pheasant Creek (Qld),48,37,1708,3.3,QLD,2021
SAL32306,Philpott,32,54,1125,2.1,QLD,2021
SAL32307,Pialba,4151,50,932,2.1,QLD,2021
SAL32308,Pickanjinnie,30,40,2333,3.4,QLD,2021
SAL32309,Picnic Bay,367,59,870,1.8,QLD,2021
SAL32310,Pie Creek,1137,46,1635,2.7,QLD,2021
SAL32311,Pierces Creek,95,44,1583,3.0,QLD,2021
SAL32312,Pikedale,24,43,2374,2.3,QLD,2021
SAL32313,Pikes Creek,19,42,850,2.1,QLD,2021
SAL32314,Pile Gully,7,67,450,1.3,QLD,2021
SAL32315,Pilerwa,50,48,1041,2.4,QLD,2021
SAL32316,Pilton,71,54,1312,2.4,QLD,2021
SAL32317,Pimlico (Qld),2557,39,1128,2.0,QLD,2021
SAL32318,Pimpama,24601,29,1863,3.0,QLD,2021
SAL32319,Pimpimbudgee,61,52,899,2.3,QLD,2021
SAL32320,Pin Gin Hill,191,47,1604,2.6,QLD,2021
SAL32321,Pinbarren,447,50,1625,2.6,QLD,2021
SAL32322,Pindi Pindi,86,43,1656,2.6,QLD,2021
SAL32323,Pine Creek (Qld),258,44,1449,2.6,QLD,2021
SAL32324,Pine Hills,10,33,1624,2.8,QLD,2021
SAL32325,Pine Mountain (Qld),1695,42,2604,3.1,QLD,2021
SAL32326,Pinelands (Qld),81,58,1042,2.7,QLD,2021
SAL32327,Pinevale,51,29,2624,3.9,QLD,2021
SAL32328,Pinjarra Hills,771,70,1562,2.4,QLD,2021
SAL32329,Pink Lily,193,49,1812,2.5,QLD,2021
SAL32330,Pinkenba,350,40,1666,2.1,QLD,2021
SAL32331,Pinnacle (Qld),211,48,1142,2.4,QLD,2021
SAL32332,Pinnacles,83,29,1958,3.2,QLD,2021
SAL32333,Pioneer (Qld),2346,27,1664,2.9,QLD,2021
SAL32334,Pioneers Rest,78,58,780,2.0,QLD,2021
SAL32335,Pirrinuan,221,38,1812,3.0,QLD,2021
SAL32336,Pittsworth,3300,43,1290,2.5,QLD,2021
SAL32337,Piturie,57,24,1062,2.9,QLD,2021
SAL32338,Placid Hills,796,43,1965,2.9,QLD,2021
SAL32339,Plainby,56,48,1249,2.3,QLD,2021
SAL32340,Plainland,1930,37,1601,2.7,QLD,2021
SAL32341,Pleystowe,418,40,2050,2.8,QLD,2021
SAL32342,Point Arkwright,309,47,1547,2.2,QLD,2021
SAL32343,Point Lookout,785,55,1368,2.1,QLD,2021
SAL32344,Point Vernon,5718,52,1077,2.3,QLD,2021
SAL32345,Pomona (Qld),2931,49,1384,2.6,QLD,2021
SAL32346,Pony Hills,12,46,5499,2.3,QLD,2021
SAL32347,Poona,576,66,775,1.9,QLD,2021
SAL32348,Porcupine,39,34,4499,3.6,QLD,2021
SAL32349,Pormpuraaw,611,34,1071,3.4,QLD,2021
SAL32350,Port Alma,0,62,0,2.0,QLD,2021
SAL32351,Port Curtis,309,41,1156,2.4,QLD,2021
SAL32352,Port Douglas,3650,44,1370,2.1,QLD,2021
SAL32353,Port Of Brisbane,0,49,0,1.0,QLD,2021
SAL32354,Portsmith,314,35,749,1.9,QLD,2021
SAL32355,Poruma Island,164,31,1399,3.3,QLD,2021
SAL32356,Postmans Ridge,352,46,1394,2.6,QLD,2021
SAL32357,Pozieres,208,44,1136,2.5,QLD,2021
SAL32358,Prairie (Qld),116,44,1562,2.6,QLD,2021
SAL32359,Pratten,229,54,809,2.2,QLD,2021
SAL32360,Prawle,34,47,900,2.5,QLD,2021
SAL32361,Prenzlau,408,46,1775,2.7,QLD,2021
SAL32362,Preston (Lockyer Valley - Qld),644,40,2472,3.1,QLD,2021
SAL32363,Preston (Whitsunday - Qld),346,47,1803,2.5,QLD,2021
SAL32364,Priestdale,160,48,3187,3.5,QLD,2021
SAL32365,Prince Henry Heights,600,47,2446,2.6,QLD,2021
SAL32366,Prince Of Wales,62,60,630,2.2,QLD,2021
SAL32367,Promisedland,34,48,2250,2.6,QLD,2021
SAL32368,Proserpine,3614,42,1175,2.4,QLD,2021
SAL32369,Prospect (Qld),289,39,2100,2.9,QLD,2021
SAL32370,Proston,410,54,764,2.0,QLD,2021
SAL32371,Pullenvale,3276,43,4149,3.2,QLD,2021
SAL32372,Punchs Creek,35,52,1562,2.5,QLD,2021
SAL32373,Punsand,19,35,1062,1.5,QLD,2021
SAL32374,Purga,561,44,1710,2.8,QLD,2021
SAL32375,Purrawunda,12,47,2125,1.8,QLD,2021
SAL32376,Queenton,1236,38,1231,2.3,QLD,2021
SAL32377,Quilpie,530,39,1303,2.3,QLD,2021
SAL32378,Quinalow,205,41,1062,2.7,QLD,2021
SAL32379,Qunaba,836,48,1619,2.5,QLD,2021
SAL32380,Racecourse,181,42,1850,2.9,QLD,2021
SAL32381,Raceview,9699,35,1432,2.6,QLD,2021
SAL32382,Radford,31,57,1874,1.9,QLD,2021
SAL32383,Raglan (Qld),143,47,1125,2.4,QLD,2021
SAL32384,Railway Estate,2871,36,1529,2.2,QLD,2021
SAL32385,Rainbow Beach,1220,56,972,2.0,QLD,2021
SAL32386,Ramsay (Qld),369,42,2480,3.0,QLD,2021
SAL32387,Rangemore (Burdekin - Qld),0,0,0,0.0,QLD,2021
SAL32388,Rangemore (Toowoomba - Qld),8,63,450,1.7,QLD,2021
SAL32389,Ranges Bridge,98,35,1474,2.8,QLD,2021
SAL32390,Rangeville,8668,44,1689,2.4,QLD,2021
SAL32391,Rangewood,1084,45,2511,3.0,QLD,2021
SAL32392,Ransome,429,41,3166,3.6,QLD,2021
SAL32393,Rasmussen,4669,32,1420,2.7,QLD,2021
SAL32394,Rathdowney,320,52,1109,2.4,QLD,2021
SAL32395,Ravensbourne,307,55,1375,2.3,QLD,2021
SAL32396,Ravenshoe,1332,52,859,2.2,QLD,2021
SAL32397,Ravenswood (Qld),297,51,860,2.0,QLD,2021
SAL32398,Ravensworth (Qld),0,0,0,0.0,QLD,2021
SAL32399,Rawbelle,51,32,1999,3.4,QLD,2021
SAL32400,Red Hill (Brisbane - Qld),5834,33,2367,2.4,QLD,2021
SAL32401,Red Hill (Western Downs - Qld),160,36,2125,2.9,QLD,2021
SAL32402,Red River,0,0,0,0.0,QLD,2021
SAL32403,Redbank (Qld),2931,30,1321,2.7,QLD,2021
SAL32404,Redbank Creek,124,59,1075,2.1,QLD,2021
SAL32405,Redbank Plains,24349,27,1516,3.1,QLD,2021
SAL32406,Redcliffe (Qld),10460,52,1114,2.0,QLD,2021
SAL32407,Redford,18,46,3250,3.0,QLD,2021
SAL32408,Redgate (Qld),94,42,974,2.7,QLD,2021
SAL32409,Redhill Farms,32,65,724,2.1,QLD,2021
SAL32410,Redland Bay,17056,40,2046,2.8,QLD,2021
SAL32411,Redlynch,10571,37,2317,3.0,QLD,2021
SAL32412,Redridge,711,57,914,2.3,QLD,2021
SAL32413,Redwood,159,48,2821,2.7,QLD,2021
SAL32414,Reedy Creek (Qld),7412,37,2229,3.1,QLD,2021
SAL32415,Reesville,573,57,1478,2.3,QLD,2021
SAL32416,Regency Downs,2623,37,1570,2.9,QLD,2021
SAL32417,Regents Park (Qld),11103,34,1864,3.0,QLD,2021
SAL32418,Reid River,143,50,1196,2.3,QLD,2021
SAL32419,Reids Creek,41,61,1149,2.2,QLD,2021
SAL32420,Retro,54,36,1937,2.7,QLD,2021
SAL32421,Rewan,49,34,2249,2.7,QLD,2021
SAL32422,Rhydding,43,45,1875,3.0,QLD,2021
SAL32423,Richlands (Qld),5621,28,1709,2.7,QLD,2021
SAL32424,Richmond (Mackay - Qld),852,33,3169,3.0,QLD,2021
SAL32425,Richmond (Richmond - Qld),578,38,1672,2.4,QLD,2021
SAL32426,Richmond Hill (Qld),2453,39,1297,2.3,QLD,2021
SAL32427,Ridgelands,195,44,1812,2.8,QLD,2021
SAL32428,Ridgewood (Qld),317,49,1399,2.6,QLD,2021
SAL32429,Rifle Range,197,41,1187,2.8,QLD,2021
SAL32430,Ringtail Creek,203,51,1602,2.4,QLD,2021
SAL32431,Ringwood (Qld),57,50,2083,2.6,QLD,2021
SAL32432,Riordanvale,386,43,1968,2.8,QLD,2021
SAL32433,Ripley,4288,29,1906,2.6,QLD,2021
SAL32434,Rita Island,172,50,1395,2.2,QLD,2021
SAL32435,River Heads,2044,54,1243,2.4,QLD,2021
SAL32436,River Ranch,269,44,2333,2.8,QLD,2021
SAL32437,Riverbend,661,36,2353,3.2,QLD,2021
SAL32438,Riverhills,4121,36,2059,2.7,QLD,2021
SAL32439,Riverleigh,95,46,1218,2.6,QLD,2021
SAL32440,Riversleigh,6,57,2250,2.3,QLD,2021
SAL32441,Riverton (Qld),29,35,1125,3.1,QLD,2021
SAL32442,Riverview (Qld),3067,37,1097,2.5,QLD,2021
SAL32443,Roadvale,303,46,1460,2.7,QLD,2021
SAL32444,Robertson (Qld),4749,37,1676,2.8,QLD,2021
SAL32445,Robina,25659,39,1758,2.6,QLD,2021
SAL32446,Roche Creek,53,32,1562,2.3,QLD,2021
SAL32447,Rochedale,7633,33,2492,3.3,QLD,2021
SAL32448,Rochedale South,15228,37,1924,2.8,QLD,2021
SAL32449,Rockhampton City,2059,42,1118,2.0,QLD,2021
SAL32450,Rockingham (Qld),104,48,1812,2.3,QLD,2021
SAL32451,Rocklea (Qld),1672,34,1493,2.3,QLD,2021
SAL32452,Rockmount,82,49,1625,2.6,QLD,2021
SAL32453,Rocksberg,277,52,1805,2.6,QLD,2021
SAL32454,Rockside,29,43,2166,3.2,QLD,2021
SAL32455,Rockville,3204,38,1157,2.3,QLD,2021
SAL32456,Rocky Creek (Qld),35,49,2083,2.6,QLD,2021
SAL32457,Rocky Point (Douglas - Qld),145,52,1833,2.6,QLD,2021
SAL32458,Rocky Point (Weipa - Qld),2214,29,3055,3.0,QLD,2021
SAL32459,Rockyview,1735,39,2897,3.2,QLD,2021
SAL32460,Rodds Bay,133,60,1125,1.9,QLD,2021
SAL32461,Rodgers Creek,15,36,1812,2.7,QLD,2021
SAL32462,Rolleston,132,33,1416,2.6,QLD,2021
SAL32463,Rollingstone,133,47,924,2.0,QLD,2021
SAL32464,Roma,6838,35,1706,2.4,QLD,2021
SAL32465,Rookwood (Qld),9,45,1181,1.3,QLD,2021
SAL32466,Ropeley,206,45,1481,2.6,QLD,2021
SAL32467,Rosalie Plains,54,39,1437,2.8,QLD,2021
SAL32468,Rosedale (Qld),452,52,919,2.3,QLD,2021
SAL32469,Rosehill (Qld),134,51,1458,2.7,QLD,2021
SAL32470,Rosella,78,44,1937,2.4,QLD,2021
SAL32471,Rosemount,1851,48,1490,2.6,QLD,2021
SAL32472,Roseneath,127,55,1125,2.0,QLD,2021
SAL32473,Rosenthal Heights,2664,40,1574,2.7,QLD,2021
SAL32474,Rosevale (Qld),212,46,1656,2.7,QLD,2021
SAL32475,Rosewood (Qld),3263,39,1233,2.4,QLD,2021
SAL32476,Ross Creek (Qld),63,51,1125,2.6,QLD,2021
SAL32477,Ross River,0,0,0,0.0,QLD,2021
SAL32478,Rosslea,1903,35,1332,1.9,QLD,2021
SAL32479,Rosslyn,613,47,1823,2.5,QLD,2021
SAL32480,Rossmoya,67,36,1625,2.7,QLD,2021
SAL32481,Rossvale,85,45,1542,2.4,QLD,2021
SAL32482,Rossville,253,49,762,2.0,QLD,2021
SAL32483,Rothwell,7538,43,1305,2.5,QLD,2021
SAL32484,Round Hill (Qld),189,47,840,2.3,QLD,2021
SAL32485,Roundstone,78,40,1187,3.3,QLD,2021
SAL32486,Rowes Bay,541,69,853,1.7,QLD,2021
SAL32487,Royston,346,46,1416,2.7,QLD,2021
SAL32488,Rubyanna,257,41,1645,2.7,QLD,2021
SAL32489,Rules Beach,56,60,849,2.1,QLD,2021
SAL32490,Runaway Bay,9308,54,1382,2.2,QLD,2021
SAL32491,Runcorn,14199,34,1742,2.9,QLD,2021
SAL32492,Rungoo,11,73,450,1.6,QLD,2021
SAL32493,Running Creek (Qld),146,56,1125,2.4,QLD,2021
SAL32494,Runnymede (Qld),192,51,1171,2.4,QLD,2021
SAL32495,Rural View,5657,31,2471,3.0,QLD,2021
SAL32496,Rush Creek,152,48,2083,3.1,QLD,2021
SAL32497,Russell Island,3698,59,756,1.9,QLD,2021
SAL32498,Ryan (Qld),105,39,2083,2.5,QLD,2021
SAL32499,Ryeford,54,49,1542,2.4,QLD,2021
SAL32500,Rywung,18,32,1875,2.8,QLD,2021
SAL32501,Sabine,3,25,2750,3.0,QLD,2021
SAL32502,Sadliers Crossing,1358,40,1491,2.4,QLD,2021
SAL32503,Saibai Island,340,25,922,3.6,QLD,2021
SAL32504,Salisbury (Qld),6790,35,2133,2.7,QLD,2021
SAL32505,Samford Valley,3208,45,3250,3.2,QLD,2021
SAL32506,Samford Village,819,48,1696,2.6,QLD,2021
SAL32507,Samsonvale,674,40,3250,3.4,QLD,2021
SAL32508,Sandgate (Qld),4926,49,1804,2.4,QLD,2021
SAL32509,Sandiford,168,40,1774,2.7,QLD,2021
SAL32510,Sandringham (Qld),49,51,2583,2.3,QLD,2021
SAL32511,Sandstone Point,4094,62,963,2.1,QLD,2021
SAL32512,Sandy Camp,104,51,1583,2.6,QLD,2021
SAL32513,Sandy Creek (Qld),593,50,1509,2.5,QLD,2021
SAL32514,Sandy Pocket,38,36,1687,2.8,QLD,2021
SAL32515,Sandy Ridges,111,52,900,2.3,QLD,2021
SAL32516,Sapphire Central,1214,59,644,1.8,QLD,2021
SAL32517,Sarabah,68,52,1624,2.5,QLD,2021
SAL32518,Sarina,5619,40,1605,2.6,QLD,2021
SAL32519,Sarina Beach,661,46,1702,2.6,QLD,2021
SAL32520,Sarina Range,277,44,1958,2.8,QLD,2021
SAL32521,Saunders Beach,385,49,1483,2.2,QLD,2021
SAL32522,Savannah,0,31,0,3.0,QLD,2021
SAL32523,Saxby,35,24,1875,5.1,QLD,2021
SAL32524,Scarborough (Qld),9178,53,1336,2.2,QLD,2021
SAL32525,Scarness,3646,51,933,2.0,QLD,2021
SAL32526,Scotchy Pocket,55,49,1375,2.7,QLD,2021
SAL32527,Scottville,279,46,1058,2.4,QLD,2021
SAL32528,Scrub Creek,33,45,1562,2.7,QLD,2021
SAL32529,Scrubby Creek (Blackall Tambo - Qld),14,36,2250,3.5,QLD,2021
SAL32530,Scrubby Creek (Gympie - Qld),62,52,1312,2.2,QLD,2021
SAL32531,Scrubby Mountain,203,36,2083,3.1,QLD,2021
SAL32532,Seaforth (Qld),800,56,1088,2.1,QLD,2021
SAL32533,Seisia,293,30,1125,2.7,QLD,2021
SAL32534,Selene,27,48,1312,2.6,QLD,2021
SAL32535,Selwyn (Qld),25,21,1125,1.5,QLD,2021
SAL32536,Septimus,120,47,1843,2.6,QLD,2021
SAL32537,Seven Hills (Qld),2732,37,2888,2.9,QLD,2021
SAL32538,Seventeen Mile,22,47,1375,2.2,QLD,2021
SAL32539,Seventeen Mile Rocks,2699,38,2617,2.9,QLD,2021
SAL32540,Seventeen Seventy,125,57,949,2.0,QLD,2021
SAL32541,Seventy Mile,204,42,1428,2.8,QLD,2021
SAL32542,Severnlea,382,46,1164,2.6,QLD,2021
SAL32543,Sexton,187,40,1521,2.7,QLD,2021
SAL32544,Shailer Park,12182,39,2227,2.9,QLD,2021
SAL32545,Shannonvale,194,48,1944,2.7,QLD,2021
SAL32546,Sharon,1209,47,1375,2.8,QLD,2021
SAL32547,Shaw,760,28,2016,2.5,QLD,2021
SAL32548,Sheep Station Creek,116,46,1312,2.4,QLD,2021
SAL32549,Shelburne,44,57,833,1.5,QLD,2021
SAL32550,Sheldon,1762,47,2558,3.1,QLD,2021
SAL32551,Shell Pocket,83,41,1125,2.3,QLD,2021
SAL32552,Shelly Beach (Sunshine Coast - Qld),925,48,2026,2.5,QLD,2021
SAL32553,Shelly Beach (Townsville - Qld),0,0,0,0.0,QLD,2021
SAL32554,Sherwood (Qld),6082,38,2034,2.3,QLD,2021
SAL32555,Shirbourne,48,42,1124,2.6,QLD,2021
SAL32556,Shoal Point,1104,42,2434,2.7,QLD,2021
SAL32557,Shoalwater (Qld),6,12,2250,5.0,QLD,2021
SAL32558,Shorncliffe,1907,47,2259,2.6,QLD,2021
SAL32559,Shute Harbour,113,58,1812,2.0,QLD,2021
SAL32560,Silkstone,3830,38,1319,2.4,QLD,2021
SAL32561,Silkwood,407,44,1117,2.4,QLD,2021
SAL32562,Silky Oak,178,39,1343,2.5,QLD,2021
SAL32563,Silver Creek,18,46,2250,3.3,QLD,2021
SAL32564,Silver Ridge,188,46,2399,2.7,QLD,2021
SAL32565,Silver Spur,94,40,1187,2.6,QLD,2021
SAL32566,Silver Valley,145,54,575,1.9,QLD,2021
SAL32567,Silverbark Ridge,0,0,0,0.0,QLD,2021
SAL32568,Silverdale (Qld),112,37,1981,3.2,QLD,2021
SAL32569,Silverleaf,73,48,1375,2.7,QLD,2021
SAL32570,Silverleigh,80,44,1593,3.3,QLD,2021
SAL32571,Silverwood,58,44,1208,2.4,QLD,2021
SAL32572,Simmie,16,50,4249,2.6,QLD,2021
SAL32573,Sinnamon Park,6590,45,2510,2.8,QLD,2021
SAL32574,Sippy Downs,11544,33,1484,2.6,QLD,2021
SAL32575,Skyring Reserve,47,46,1999,2.6,QLD,2021
SAL32576,Slacks Creek,10408,35,1301,2.7,QLD,2021
SAL32577,Slade Point,3450,40,1533,2.5,QLD,2021
SAL32578,Sladevale,433,42,1625,2.9,QLD,2021
SAL32579,Smithfield (Qld),6664,34,1840,2.6,QLD,2021
SAL32580,Smithlea,41,51,1291,2.4,QLD,2021
SAL32581,Soldiers Hill (Qld),1796,31,2483,2.6,QLD,2021
SAL32582,Somerset (Qld),0,44,2750,3.0,QLD,2021
SAL32583,Somerset Dam,78,60,974,1.6,QLD,2021
SAL32584,Sommariva,25,46,2249,3.0,QLD,2021
SAL32585,Somme,39,62,833,2.1,QLD,2021
SAL32586,South Bingera,674,45,1381,2.7,QLD,2021
SAL32587,South Brisbane,14292,29,1818,1.9,QLD,2021
SAL32588,South East Nanango,344,53,955,2.4,QLD,2021
SAL32589,South Gladstone,3476,39,1283,2.2,QLD,2021
SAL32590,South Innisfail,508,50,1007,2.2,QLD,2021
SAL32591,South Isis,381,53,1269,2.5,QLD,2021
SAL32592,South Johnstone,456,44,1125,2.3,QLD,2021
SAL32593,South Kolan,1258,45,1487,2.6,QLD,2021
SAL32594,South Mackay,6918,39,1477,2.3,QLD,2021
SAL32595,South Maclean,2232,39,2061,3.1,QLD,2021
SAL32596,South Mission Beach,968,51,1286,2.2,QLD,2021
SAL32597,South Nanango,893,55,924,2.2,QLD,2021
SAL32598,South Ripley,4069,27,2182,3.0,QLD,2021
SAL32599,South Stradbroke,142,53,1062,1.8,QLD,2021
SAL32600,South Talwood,101,35,1958,3.3,QLD,2021
SAL32601,South Toowoomba,5512,36,1354,2.1,QLD,2021
SAL32602,South Townsville,2424,41,1516,2.0,QLD,2021
SAL32603,South Trees,0,0,0,0.0,QLD,2021
SAL32604,South Wellesley Islands,0,0,0,0.0,QLD,2021
SAL32605,South Yaamba,79,35,2125,3.0,QLD,2021
SAL32606,Southbrook,626,42,1398,2.7,QLD,2021
SAL32607,Southedge,21,57,1625,2.3,QLD,2021
SAL32608,Southern Cross (Qld),575,43,1775,2.7,QLD,2021
SAL32609,Southern Lamington,0,0,0,0.0,QLD,2021
SAL32610,Southern Moreton Bay Islands,0,73,450,1.0,QLD,2021
SAL32611,Southport (Qld),36786,37,1268,2.1,QLD,2021
SAL32612,Southside,6312,46,1175,2.4,QLD,2021
SAL32613,Southwood,57,42,1812,2.7,QLD,2021
SAL32614,Speedwell,42,43,725,2.8,QLD,2021
SAL32615,Speewah,850,51,1521,2.4,QLD,2021
SAL32616,Splinter Creek,32,43,2124,2.5,QLD,2021
SAL32617,Split Yard Creek,31,59,1687,2.5,QLD,2021
SAL32618,Spreadborough,55,32,2374,2.8,QLD,2021
SAL32619,Spring Bluff,15,12,8000,6.0,QLD,2021
SAL32620,Spring Creek (Banana - Qld),20,73,725,2.0,QLD,2021
SAL32621,Spring Creek (Lockyer Valley - Qld),494,36,1325,2.5,QLD,2021
SAL32622,Spring Creek (Toowoomba - Qld),195,45,1520,2.4,QLD,2021
SAL32623,Spring Hill (Qld),6593,32,1889,2.0,QLD,2021
SAL32624,Spring Mountain (Qld),6085,29,2399,3.3,QLD,2021
SAL32625,Springbrook,705,49,1273,2.1,QLD,2021
SAL32626,Springdale (Qld),28,43,1437,2.3,QLD,2021
SAL32627,Springfield (Ipswich - Qld),7322,32,2176,3.1,QLD,2021
SAL32628,Springfield (Mareeba - Qld),14,23,2999,4.5,QLD,2021
SAL32629,Springfield Central,234,30,1089,1.4,QLD,2021
SAL32630,Springfield Lakes,17211,31,2184,3.0,QLD,2021
SAL32631,Springlands,39,46,2125,2.5,QLD,2021
SAL32632,Springside (Qld),102,54,1437,2.6,QLD,2021
SAL32633,Springsure,950,42,1716,2.3,QLD,2021
SAL32634,Springvale (Qld),52,45,2083,2.5,QLD,2021
SAL32635,Springwood (Qld),9710,40,1736,2.6,QLD,2021
SAL32636,Spurgeon,0,0,0,0.0,QLD,2021
SAL32637,St Agnes (Qld),20,32,1312,2.9,QLD,2021
SAL32638,St Aubyn,14,52,1074,2.0,QLD,2021
SAL32639,St George (Qld),3130,38,1399,2.5,QLD,2021
SAL32640,St Helens (Fraser Coast - Qld),123,49,942,2.4,QLD,2021
SAL32641,St Helens (Toowoomba - Qld),37,45,1041,2.4,QLD,2021
SAL32642,St Helens Beach,175,57,1016,2.1,QLD,2021
SAL32643,St Kilda (Qld),99,53,1199,2.5,QLD,2021
SAL32644,St Lawrence,245,52,1031,2.0,QLD,2021
SAL32645,St Lucia,12220,25,1761,2.4,QLD,2021
SAL32646,St Mary,34,56,1166,2.1,QLD,2021
SAL32647,St Ruth,165,30,1812,3.2,QLD,2021
SAL32648,Staaten,0,0,0,0.0,QLD,2021
SAL32649,Stafford,6978,35,1753,2.2,QLD,2021
SAL32650,Stafford Heights,6992,37,2159,2.6,QLD,2021
SAL32651,Stalworth,37,54,749,2.6,QLD,2021
SAL32652,Stamford,77,37,1625,2.5,QLD,2021
SAL32653,Stanage,78,60,669,2.1,QLD,2021
SAL32654,Stanmore (Qld),454,45,1583,2.9,QLD,2021
SAL32655,Stanthorpe,5286,50,970,2.1,QLD,2021
SAL32656,Stanwell,301,41,1666,2.6,QLD,2021
SAL32657,Stapylton,430,45,1073,2.0,QLD,2021
SAL32658,Starcke,3,63,1125,1.0,QLD,2021
SAL32659,Steiglitz (Qld),682,48,1407,2.3,QLD,2021
SAL32660,Stewart Creek Valley,24,57,1125,1.8,QLD,2021
SAL32661,Stewarton (Qld),52,42,2125,2.0,QLD,2021
SAL32662,Stockhaven,6,73,1875,2.0,QLD,2021
SAL32663,Stockleigh,1152,37,2437,3.3,QLD,2021
SAL32664,Stockton (Qld),57,35,2374,4.0,QLD,2021
SAL32665,Stockyard (Livingstone - Qld),16,72,1149,1.8,QLD,2021
SAL32666,Stockyard (Lockyer Valley - Qld),65,47,2333,2.9,QLD,2021
SAL32667,Stokes,75,25,2083,2.6,QLD,2021
SAL32668,Stonehenge (Barcoo - Qld),58,37,1375,2.7,QLD,2021
SAL32669,Stonehenge (Toowoomba - Qld),20,54,1874,2.2,QLD,2021
SAL32670,Stonelands,34,47,612,2.3,QLD,2021
SAL32671,Stoneleigh (Qld),124,42,2027,2.6,QLD,2021
SAL32672,Stones Corner,2336,31,1854,1.9,QLD,2021
SAL32673,Stony Creek (Qld),245,46,1375,2.8,QLD,2021
SAL32674,Storm King,106,55,1562,2.5,QLD,2021
SAL32675,Stoters Hill,97,46,1550,2.4,QLD,2021
SAL32676,Stratford (Qld),1198,41,1793,2.4,QLD,2021
SAL32677,Strathdickie,1003,43,2139,2.8,QLD,2021
SAL32678,Strathfield (Qld),8,60,1999,1.8,QLD,2021
SAL32679,Strathmore (Qld),14,46,725,5.0,QLD,2021
SAL32680,Strathpine,10647,37,1556,2.6,QLD,2021
SAL32681,Stretton,4686,38,2144,3.4,QLD,2021
SAL32682,Struck Oil,151,51,1303,2.4,QLD,2021
SAL32683,Stuart (Qld),1576,36,1239,2.4,QLD,2021
SAL32684,Sturt (Qld),0,0,0,0.0,QLD,2021
SAL32685,Sugarloaf (Southern Downs - Qld),162,53,1267,2.4,QLD,2021
SAL32686,Sugarloaf (Whitsunday - Qld),310,44,1524,2.6,QLD,2021
SAL32687,Sujeewong,6,38,1749,1.5,QLD,2021
SAL32688,Summerholm,646,43,1762,2.8,QLD,2021
SAL32689,Sumner,603,32,2266,2.9,QLD,2021
SAL32690,Sun Valley (Qld),1296,38,1520,2.6,QLD,2021
SAL32691,Sundown (Cassowary Coast - Qld),145,54,1791,2.6,QLD,2021
SAL32692,Sundown (Southern Downs - Qld),0,0,0,0.0,QLD,2021
SAL32693,Sunny Nook,27,55,1374,2.1,QLD,2021
SAL32694,Sunnybank,8892,35,1586,3.0,QLD,2021
SAL32695,Sunnybank Hills,18085,37,1725,3.0,QLD,2021
SAL32696,Sunnyside (Qld),127,37,1875,2.8,QLD,2021
SAL32697,Sunrise Beach,3687,44,1857,2.5,QLD,2021
SAL32698,Sunset,2137,31,2325,2.7,QLD,2021
SAL32699,Sunshine Acres,1009,44,1912,3.1,QLD,2021
SAL32700,Sunshine Beach,2480,49,1735,2.2,QLD,2021
SAL32701,Surat,402,47,1062,2.0,QLD,2021
SAL32702,Surfers Paradise,26412,42,1323,1.9,QLD,2021
SAL32703,Susan River,115,44,2094,2.9,QLD,2021
SAL32704,Suttor,75,35,1125,4.3,QLD,2021
SAL32705,Svensson Heights,3334,44,1054,2.2,QLD,2021
SAL32706,Swan Creek (Qld),161,48,1638,2.8,QLD,2021
SAL32707,Swanbank,4,40,1375,1.5,QLD,2021
SAL32708,Swanfels,131,55,1292,2.4,QLD,2021
SAL32709,Swans Lagoon,12,29,1625,3.3,QLD,2021
SAL32710,Sweers Island,4,37,0,0.0,QLD,2021
SAL32711,Syndicate,0,0,0,0.0,QLD,2021
SAL32712,Taabinga,601,47,1511,2.7,QLD,2021
SAL32713,Tablelands (Gladstone - Qld),9,78,1249,2.5,QLD,2021
SAL32714,Tablelands (South Burnett - Qld),116,56,1542,2.5,QLD,2021
SAL32715,Tabooba,57,49,1166,2.7,QLD,2021
SAL32716,Tabragalba,48,40,1666,2.6,QLD,2021
SAL32717,Taigum,7801,40,1426,2.4,QLD,2021
SAL32718,Takilberan,47,57,1125,2.5,QLD,2021
SAL32719,Takura,553,43,1864,3.0,QLD,2021
SAL32720,Talaroo,5,39,2249,2.0,QLD,2021
SAL32721,Taldora,78,25,3749,3.9,QLD,2021
SAL32722,Talegalla Weir,127,49,825,2.3,QLD,2021
SAL32723,Talgai,106,46,1312,2.5,QLD,2021
SAL32724,Tallai,4465,44,2198,3.1,QLD,2021
SAL32725,Tallebudgera,3826,42,2372,3.3,QLD,2021
SAL32726,Tallebudgera Valley,1762,43,2245,3.0,QLD,2021
SAL32727,Tallegalla,351,47,2205,2.6,QLD,2021
SAL32728,Tam O'Shanter,0,0,0,0.0,QLD,2021
SAL32729,Tamaree,1000,39,1537,2.9,QLD,2021
SAL32730,Tambo,318,48,1272,2.2,QLD,2021
SAL32731,Tamborine,4388,41,2211,3.1,QLD,2021
SAL32732,Tamborine Mountain,8105,50,1508,2.5,QLD,2021
SAL32733,Tamrookum,94,42,1292,2.6,QLD,2021
SAL32734,Tamrookum Creek,35,49,1375,2.5,QLD,2021
SAL32735,Tanah Merah,4754,37,1899,2.8,QLD,2021
SAL32736,Tanawha,1312,40,2542,3.2,QLD,2021
SAL32737,Tanbar,0,0,0,0.0,QLD,2021
SAL32738,Tanby,577,38,2299,3.0,QLD,2021
SAL32739,Tandora,12,44,3250,8.0,QLD,2021
SAL32740,Tandur,188,45,1781,2.8,QLD,2021
SAL32741,Tangorin,47,51,1875,2.6,QLD,2021
SAL32742,Tannum Sands,5227,41,2035,2.6,QLD,2021
SAL32743,Tannymorel,148,56,1271,2.2,QLD,2021
SAL32744,Tansey,154,44,966,2.4,QLD,2021
SAL32745,Tara (Qld),1980,48,867,2.2,QLD,2021
SAL32746,Taragoola,0,0,0,0.0,QLD,2021
SAL32747,Tarampa,287,52,1649,2.6,QLD,2021
SAL32748,Taranganba,2275,40,1732,2.5,QLD,2021
SAL32749,Tarawera,69,34,1375,2.6,QLD,2021
SAL32750,Targinnie,31,45,1875,2.6,QLD,2021
SAL32751,Taringa,8732,33,1902,2.2,QLD,2021
SAL32752,Tarome,135,47,1312,2.8,QLD,2021
SAL32753,Taromeo,373,56,911,2.2,QLD,2021
SAL32754,Tarong,193,52,1047,2.3,QLD,2021
SAL32755,Taroom,885,41,1323,2.5,QLD,2021
SAL32756,Taroomball,1136,35,2466,2.9,QLD,2021
SAL32757,Tarragindi,11035,37,2934,2.9,QLD,2021
SAL32758,Tarramba,38,36,2124,2.8,QLD,2021
SAL32759,Tarzali,431,53,1383,2.5,QLD,2021
SAL32760,Taunton (Qld),57,61,1062,2.2,QLD,2021
SAL32761,Taylors Beach (Qld),297,64,850,1.7,QLD,2021
SAL32762,Te Kowai,227,40,2028,2.7,QLD,2021
SAL32763,Teddington,236,51,1235,2.4,QLD,2021
SAL32764,Teebar,59,51,900,2.3,QLD,2021
SAL32765,Teelah,90,45,820,2.4,QLD,2021
SAL32766,Teelba,82,30,1437,3.8,QLD,2021
SAL32767,Telina,2197,39,1927,2.5,QLD,2021
SAL32768,Tellebang,60,50,850,2.6,QLD,2021
SAL32769,Templin,89,41,1541,2.7,QLD,2021
SAL32770,Teneriffe,5520,37,2645,1.9,QLD,2021
SAL32771,Tennyson (Qld),1109,47,2853,2.3,QLD,2021
SAL32772,Terrica,29,52,900,2.5,QLD,2021
SAL32773,Teviotville,114,56,1312,2.4,QLD,2021
SAL32774,Tewantin,11164,52,1263,2.3,QLD,2021
SAL32775,Texas (Qld),790,53,809,2.1,QLD,2021
SAL32776,Thabeban,2971,40,1164,2.5,QLD,2021
SAL32777,Thagoona,1077,43,2091,3.0,QLD,2021
SAL32778,Thallon,231,42,1239,2.6,QLD,2021
SAL32779,Thane,19,59,900,2.1,QLD,2021
SAL32780,Thanes Creek,61,52,725,2.4,QLD,2021
SAL32781,Thangool,685,43,1611,2.5,QLD,2021
SAL32782,Thargomindah,243,38,1480,2.4,QLD,2021
SAL32783,The Bluff (Ipswich - Qld),53,56,1792,2.3,QLD,2021
SAL32784,The Bluff (Toowoomba - Qld),0,67,1074,1.5,QLD,2021
SAL32785,The Caves,680,40,1926,2.7,QLD,2021
SAL32786,The Common,4,53,1499,2.0,QLD,2021
SAL32787,The Dawn,604,44,1493,2.8,QLD,2021
SAL32788,The Dimonds,0,80,0,1.0,QLD,2021
SAL32789,The Falls,51,49,1874,2.7,QLD,2021
SAL32790,The Gap (Brisbane - Qld),17318,42,2573,2.9,QLD,2021
SAL32791,The Gap (Mount Isa - Qld),817,33,1987,2.2,QLD,2021
SAL32792,The Glen (Qld),32,59,1125,2.7,QLD,2021
SAL32793,The Gums,165,45,1375,2.6,QLD,2021
SAL32794,The Head,12,70,2374,2.6,QLD,2021
SAL32795,The Hermitage,55,57,1375,2.1,QLD,2021
SAL32796,The Keppels,60,52,700,1.7,QLD,2021
SAL32797,The Leap,664,48,2486,2.8,QLD,2021
SAL32798,The Limits,0,62,325,1.0,QLD,2021
SAL32799,The Mine,23,57,900,1.7,QLD,2021
SAL32800,The Narrows (Qld),0,74,450,1.0,QLD,2021
SAL32801,The Palms,1083,46,1379,2.6,QLD,2021
SAL32802,The Percy Group,4,64,900,2.0,QLD,2021
SAL32803,The Pines (Qld),41,55,487,1.9,QLD,2021
SAL32804,The Range (Qld),5231,38,2034,2.5,QLD,2021
SAL32805,The Summit,436,51,1117,2.4,QLD,2021
SAL32806,Theebine,145,53,1343,2.3,QLD,2021
SAL32807,Theodore (Qld),451,38,1238,2.0,QLD,2021
SAL32808,Theresa Creek (Qld),42,41,2624,3.3,QLD,2021
SAL32809,Thinoomba,16,62,1125,2.0,QLD,2021
SAL32810,Thompson Point,4,69,449,1.0,QLD,2021
SAL32811,Thoopara,52,48,1812,2.6,QLD,2021
SAL32812,Thornborough,21,35,575,1.6,QLD,2021
SAL32813,Thorndale,134,56,916,2.7,QLD,2021
SAL32814,Thorneside,3877,41,1488,2.3,QLD,2021
SAL32815,Thornlands,19263,36,2218,2.9,QLD,2021
SAL32816,Thornton (Qld),214,49,1678,2.4,QLD,2021
SAL32817,Thornton Beach,8,47,2499,2.0,QLD,2021
SAL32818,Thornville,39,58,899,2.1,QLD,2021
SAL32819,Three Moon,178,45,1875,2.7,QLD,2021
SAL32820,Three Rivers,93,33,1656,3.2,QLD,2021
SAL32821,Thulimbah,351,49,955,2.3,QLD,2021
SAL32822,Thuringowa Central,1953,38,1769,2.7,QLD,2021
SAL32823,Thursday Island,2805,30,2136,3.2,QLD,2021
SAL32824,Tiaro,778,56,891,2.2,QLD,2021
SAL32825,Tieri,732,29,3125,2.9,QLD,2021
SAL32826,Tin Can Bay,2293,65,734,1.8,QLD,2021
SAL32827,Tinana,5872,49,1255,2.5,QLD,2021
SAL32828,Tinana South,545,45,1636,2.8,QLD,2021
SAL32829,Tinaroo,293,61,1112,1.9,QLD,2021
SAL32830,Tinbeerwah,1160,50,1768,2.7,QLD,2021
SAL32831,Tingalpa,8461,38,1940,2.5,QLD,2021
SAL32832,Tingoora,272,57,790,2.1,QLD,2021
SAL32833,Tingun,184,37,1593,2.9,QLD,2021
SAL32834,Tinnanbar,64,68,825,1.7,QLD,2021
SAL32835,Tipton,37,28,1875,2.8,QLD,2021
SAL32836,Tirroan,150,57,1149,2.6,QLD,2021
SAL32837,Tivoli,1460,40,1372,2.4,QLD,2021
SAL32838,Togara,30,28,2249,3.1,QLD,2021
SAL32839,Toko,0,0,0,0.0,QLD,2021
SAL32840,Tolga,3177,44,1479,2.5,QLD,2021
SAL32841,Toll,711,40,1899,2.7,QLD,2021
SAL32842,Toobanna,276,47,1562,2.4,QLD,2021
SAL32843,Toobeah,149,33,1542,2.9,QLD,2021
SAL32844,Toogoolawah,1200,56,967,2.2,QLD,2021
SAL32845,Toogoom,2596,52,1081,2.3,QLD,2021
SAL32846,Toolakea,218,50,1524,2.3,QLD,2021
SAL32847,Toolara Forest,0,40,2250,1.0,QLD,2021
SAL32848,Toolburra,56,40,1875,2.9,QLD,2021
SAL32849,Toolooa,992,35,988,2.4,QLD,2021
SAL32850,Toomulla,193,57,1263,2.0,QLD,2021
SAL32851,Toondahra,0,24,900,1.0,QLD,2021
SAL32852,Toonpan,62,46,1625,2.6,QLD,2021
SAL32853,Toorbul,958,57,1149,2.1,QLD,2021
SAL32854,Toowong,12556,30,1927,2.1,QLD,2021
SAL32855,Toowoomba City,2321,41,1084,2.0,QLD,2021
SAL32856,Top Camp,902,42,2530,3.1,QLD,2021
SAL32857,Topaz,177,47,1062,2.3,QLD,2021
SAL32858,Torbanlea,841,45,1125,2.6,QLD,2021
SAL32859,Torquay (Qld),6533,55,917,2.1,QLD,2021
SAL32860,Torrens Creek,46,57,1125,1.8,QLD,2021
SAL32861,Torres Strait,0,0,0,0.0,QLD,2021
SAL32862,Torrington (Qld),1070,42,2181,2.8,QLD,2021
SAL32863,Towen Mountain,304,44,1728,2.8,QLD,2021
SAL32864,Towers Hill,190,51,949,2.1,QLD,2021
SAL32865,Town Common,3,80,725,2.0,QLD,2021
SAL32866,Townson,52,37,949,2.4,QLD,2021
SAL32867,Townsville City,2945,39,2013,1.8,QLD,2021
SAL32868,Townview,2067,31,2144,2.7,QLD,2021
SAL32869,Traveston,509,50,1645,2.7,QLD,2021
SAL32870,Trebonne,430,58,1642,2.4,QLD,2021
SAL32871,Tregony,36,39,2124,2.8,QLD,2021
SAL32872,Trinity Beach,6594,42,1681,2.4,QLD,2021
SAL32873,Trinity Park,3536,36,2008,2.8,QLD,2021
SAL32874,Trotter Creek,12,63,687,1.7,QLD,2021
SAL32875,Trunding,929,32,3078,2.6,QLD,2021
SAL32876,Tuan,140,63,928,2.1,QLD,2021
SAL32877,Tuan Forest,5,44,1374,1.5,QLD,2021
SAL32878,Tuchekoi,199,47,1350,2.6,QLD,2021
SAL32879,Tuckerang,111,40,1542,2.8,QLD,2021
SAL32880,Tuen,12,54,1375,2.0,QLD,2021
SAL32881,Tugun,7175,39,1737,2.4,QLD,2021
SAL32882,Tully,2368,38,1270,2.4,QLD,2021
SAL32883,Tully Heads,354,58,1057,2.1,QLD,2021
SAL32884,Tummaville,55,47,1624,2.4,QLD,2021
SAL32885,Tumoulin,135,54,837,2.3,QLD,2021
SAL32886,Tungamull,429,43,1928,2.9,QLD,2021
SAL32887,Turallin,64,36,1875,2.7,QLD,2021
SAL32888,Turkey Beach,148,61,877,1.9,QLD,2021
SAL32889,Turrawulla,5,75,2124,2.0,QLD,2021
SAL32890,Twin Waters,2966,60,1689,2.3,QLD,2021
SAL32891,Two Mile,69,44,1042,2.8,QLD,2021
SAL32892,Tyrconnel,17,47,949,2.7,QLD,2021
SAL32893,Ugar Island,69,29,900,3.4,QLD,2021
SAL32894,Ulogie,31,38,1624,2.8,QLD,2021
SAL32895,Umagico,394,20,939,3.9,QLD,2021
SAL32896,Umbiram,146,42,1825,2.7,QLD,2021
SAL32897,Underwood (Qld),6809,34,1992,3.1,QLD,2021
SAL32898,Undullah,24,37,3999,2.8,QLD,2021
SAL32899,Upper Barron,503,44,1426,2.8,QLD,2021
SAL32900,Upper Brookfield,857,43,2908,3.0,QLD,2021
SAL32901,Upper Caboolture,5087,33,1879,3.1,QLD,2021
SAL32902,Upper Coomera,27180,33,1991,3.1,QLD,2021
SAL32903,Upper Cooyar Creek,16,23,2749,4.0,QLD,2021
SAL32904,Upper Daintree,21,39,1687,3.7,QLD,2021
SAL32905,Upper Daradgee,99,51,1416,2.2,QLD,2021
SAL32906,Upper Dawson,14,27,1249,5.0,QLD,2021
SAL32907,Upper Flagstone,191,47,1895,2.4,QLD,2021
SAL32908,Upper Freestone,75,53,1649,2.5,QLD,2021
SAL32909,Upper Glastonbury,56,47,1562,3.0,QLD,2021
SAL32910,Upper Haughton,34,44,2999,3.1,QLD,2021
SAL32911,Upper Kandanga,49,40,1833,2.5,QLD,2021
SAL32912,Upper Kedron,5800,34,2980,3.2,QLD,2021
SAL32913,Upper Lockyer,542,40,1760,2.8,QLD,2021
SAL32914,Upper Mount Gravatt,10800,33,1657,2.4,QLD,2021
SAL32915,Upper Pilton,80,48,1468,3.0,QLD,2021
SAL32916,Upper Pinelands,49,43,1125,3.2,QLD,2021
SAL32917,Upper Stone,111,51,1375,2.4,QLD,2021
SAL32918,Upper Tenthill,273,37,1354,2.8,QLD,2021
SAL32919,Upper Warrego,38,48,1125,2.7,QLD,2021
SAL32920,Upper Wheatvale,45,41,2250,2.9,QLD,2021
SAL32921,Upper Yarraman,80,50,919,2.4,QLD,2021
SAL32922,Urangan,10988,55,984,2.2,QLD,2021
SAL32923,Urraween,7951,55,1063,2.3,QLD,2021
SAL32924,Utchee Creek,256,42,1656,2.7,QLD,2021
SAL32925,V Gate,40,48,1437,3.0,QLD,2021
SAL32926,Valdora,776,40,2141,3.1,QLD,2021
SAL32927,Vale View,454,44,2366,2.9,QLD,2021
SAL32928,Valentine Plains,373,44,1944,2.6,QLD,2021
SAL32929,Valkyrie,71,37,2624,3.8,QLD,2021
SAL32930,Valley Of Lagoons,39,52,1937,2.8,QLD,2021
SAL32931,Varsity Lakes,16493,36,1646,2.5,QLD,2021
SAL32932,Vasa Views,136,41,1625,2.7,QLD,2021
SAL32933,Ventnor (Qld),13,61,1125,2.0,QLD,2021
SAL32934,Veradilla,125,41,1437,2.7,QLD,2021
SAL32935,Veresdale,414,45,1888,3.0,QLD,2021
SAL32936,Veresdale Scrub,548,38,2404,3.4,QLD,2021
SAL32937,Vernor,235,48,1521,2.9,QLD,2021
SAL32938,Verrierdale,809,46,1831,2.8,QLD,2021
SAL32939,Veteran,959,49,1302,2.6,QLD,2021
SAL32940,Victoria Hill,48,42,1062,2.7,QLD,2021
SAL32941,Victoria Plains,338,42,2131,2.9,QLD,2021
SAL32942,Victoria Plantation,169,45,2125,2.5,QLD,2021
SAL32943,Victoria Point (Qld),15140,49,1511,2.5,QLD,2021
SAL32944,Victoria Vale,12,21,1749,3.0,QLD,2021
SAL32945,Victory Heights (Qld),486,43,1223,2.5,QLD,2021
SAL32946,Villeneuve,193,49,1221,2.3,QLD,2021
SAL32947,Vincent,2213,35,1402,2.5,QLD,2021
SAL32948,Vinegar Hill,57,46,1937,2.9,QLD,2021
SAL32949,Virginia (Qld),2395,36,2589,2.7,QLD,2021
SAL32950,Wacol,4253,35,1379,2.4,QLD,2021
SAL32951,Wahoon,0,0,0,0.0,QLD,2021
SAL32952,Waikola,26,29,2125,2.9,QLD,2021
SAL32953,Wainui,8,12,2250,1.0,QLD,2021
SAL32954,Wairuna,0,0,0,0.0,QLD,2021
SAL32955,Wakerley,8718,37,2952,3.1,QLD,2021
SAL32956,Walhallow,31,58,1625,2.2,QLD,2021
SAL32957,Walkamin,532,47,1385,2.4,QLD,2021
SAL32958,Walkers Point,75,59,1271,2.2,QLD,2021
SAL32959,Walkerston,3615,35,2142,2.7,QLD,2021
SAL32960,Walkervale,2981,37,1151,2.4,QLD,2021
SAL32961,Wallaces Creek,74,50,2312,2.5,QLD,2021
SAL32962,Wallaman,0,34,3750,2.5,QLD,2021
SAL32963,Wallangarra,440,55,841,2.0,QLD,2021
SAL32964,Wallaroo (Qld),13,63,1374,2.5,QLD,2021
SAL32965,Wallaville,363,49,922,2.4,QLD,2021
SAL32966,Walliebum,0,0,0,0.0,QLD,2021
SAL32967,Walligan,447,43,1597,2.9,QLD,2021
SAL32968,Walloon,2305,35,1815,2.8,QLD,2021
SAL32969,Wallu,108,51,875,2.4,QLD,2021
SAL32970,Wallumbilla,331,46,1278,2.3,QLD,2021
SAL32971,Wallumbilla North,158,42,1656,2.5,QLD,2021
SAL32972,Wallumbilla South,80,34,1562,3.3,QLD,2021
SAL32973,Walmul,21,62,1875,2.5,QLD,2021
SAL32974,Walter Hill,0,0,0,0.0,QLD,2021
SAL32975,Walter Lever Estate,44,49,2083,2.5,QLD,2021
SAL32976,Walterhall,156,54,695,1.9,QLD,2021
SAL32977,Wamuran,3374,43,2105,3.0,QLD,2021
SAL32978,Wamuran Basin,199,42,2312,2.6,QLD,2021
SAL32979,Wandal,3949,40,1447,2.3,QLD,2021
SAL32980,Wandoan,666,31,1243,2.3,QLD,2021
SAL32981,Wangan,612,41,1345,2.5,QLD,2021
SAL32982,Wangaratta (Qld),29,38,2083,3.5,QLD,2021
SAL32983,Wangetti,68,39,900,2.0,QLD,2021
SAL32984,Wanjuru,0,0,0,0.0,QLD,2021
SAL32985,Wanora,262,49,1649,2.6,QLD,2021
SAL32986,Warana,3831,42,1511,2.5,QLD,2021
SAL32987,Warburton (Qld),0,0,0,0.0,QLD,2021
SAL32988,Ward,87,36,1958,2.7,QLD,2021
SAL32989,Warenda,5,54,4400,1.5,QLD,2021
SAL32990,Warkon,30,54,2125,3.1,QLD,2021
SAL32991,Warner,12264,33,2296,3.0,QLD,2021
SAL32992,Warnoah,84,32,1562,3.3,QLD,2021
SAL32993,Warnung,6,67,899,2.8,QLD,2021
SAL32994,Warra,180,44,1624,2.6,QLD,2021
SAL32995,Warraber Islet,287,26,1125,3.9,QLD,2021
SAL32996,Warrami,39,49,1333,2.5,QLD,2021
SAL32997,Warrill View,203,45,1666,2.8,QLD,2021
SAL32998,Warroo (Qld),39,59,1125,2.8,QLD,2021
SAL32999,Warrubullen,59,52,1416,2.4,QLD,2021
SAL33000,Warwick (Qld),12294,45,1035,2.2,QLD,2021
SAL33001,Washpool (Qld),101,46,2583,3.0,QLD,2021
SAL33002,Watalgan,38,64,1042,1.7,QLD,2021
SAL33003,Wateranga,0,62,0,2.0,QLD,2021
SAL33004,Waterford (Qld),5796,32,1623,2.8,QLD,2021
SAL33005,Waterford West,6942,36,1184,2.6,QLD,2021
SAL33006,Waterloo (Qld),171,54,1125,2.4,QLD,2021
SAL33007,Watsons Crossing,16,51,1149,2.4,QLD,2021
SAL33008,Watsonville,176,44,695,2.2,QLD,2021
SAL33009,Wattle Camp,543,52,877,2.3,QLD,2021
SAL33010,Wattle Grove (Qld),100,48,1625,2.6,QLD,2021
SAL33011,Wattle Ridge (Qld),21,54,724,1.8,QLD,2021
SAL33012,Wattlebank,74,43,1468,2.3,QLD,2021
SAL33013,Waua Islet,0,0,0,0.0,QLD,2021
SAL33014,Waugh Pocket,46,60,1125,2.1,QLD,2021
SAL33015,Wavell Heights,10336,37,2615,2.7,QLD,2021
SAL33016,Waverley (Qld),6,60,4750,3.0,QLD,2021
SAL33017,Wealwandangie,39,38,2750,4.0,QLD,2021
SAL33018,Webb,393,40,947,2.3,QLD,2021
SAL33019,Weengallon,46,33,1374,2.7,QLD,2021
SAL33020,Weerriba,0,0,0,0.0,QLD,2021
SAL33021,Weipa Airport,0,0,0,0.0,QLD,2021
SAL33022,Weir River,19,58,774,1.9,QLD,2021
SAL33023,Welcome Creek,421,45,1781,2.7,QLD,2021
SAL33024,Wellcamp,346,31,1100,2.3,QLD,2021
SAL33025,Wellesley (Qld),94,32,1437,3.3,QLD,2021
SAL33026,Wellesley Islands,1022,29,855,3.5,QLD,2021
SAL33027,Wellington Point,12661,43,2197,2.8,QLD,2021
SAL33028,Welsby,0,0,0,0.0,QLD,2021
SAL33029,Wengenville,54,49,900,2.5,QLD,2021
SAL33030,Wenlock,9,57,900,1.6,QLD,2021
SAL33031,Weranga,208,49,814,2.5,QLD,2021
SAL33032,Weribone,14,25,1312,2.8,QLD,2021
SAL33033,West End (Brisbane - Qld),14730,34,2114,2.1,QLD,2021
SAL33034,West End (Townsville - Qld),3891,40,1402,1.9,QLD,2021
SAL33035,West Gladstone,4844,40,1324,2.2,QLD,2021
SAL33036,West Haldon,63,51,1416,2.2,QLD,2021
SAL33037,West Ipswich,512,39,1149,2.4,QLD,2021
SAL33038,West Mackay,6536,42,1696,2.3,QLD,2021
SAL33039,West Point,32,64,899,1.7,QLD,2021
SAL33040,West Prairie,78,55,2062,2.4,QLD,2021
SAL33041,West Rockhampton,1848,36,1350,2.3,QLD,2021
SAL33042,West Stowe,391,45,2279,2.9,QLD,2021
SAL33043,West Wellesley Islands,0,0,0,0.0,QLD,2021
SAL33044,West Woombye,1083,47,2115,3.1,QLD,2021
SAL33045,Westbrook (Qld),4408,33,2196,3.1,QLD,2021
SAL33046,Westcourt,3841,41,1186,2.0,QLD,2021
SAL33047,Western Creek (Qld),0,64,699,2.0,QLD,2021
SAL33048,Westgrove,4,34,1625,2.5,QLD,2021
SAL33049,Westlake,4547,43,2691,3.0,QLD,2021
SAL33050,Westmar,59,32,1208,3.2,QLD,2021
SAL33051,Westvale,0,0,0,0.0,QLD,2021
SAL33052,Westwood (Qld),199,50,1041,2.3,QLD,2021
SAL33053,Wetheron,40,59,1125,2.3,QLD,2021
SAL33054,Weyba Downs,352,47,1713,2.9,QLD,2021
SAL33055,Wharps,0,0,0,0.0,QLD,2021
SAL33056,Wheatlands,82,49,1187,2.6,QLD,2021
SAL33057,Wheatvale,57,54,966,2.1,QLD,2021
SAL33058,Whetstone,70,45,1375,3.0,QLD,2021
SAL33059,Whichello,31,37,1562,2.9,QLD,2021
SAL33060,White Mountain,16,23,612,3.0,QLD,2021
SAL33061,White Patch,150,56,1774,2.6,QLD,2021
SAL33062,White Rock (Cairns - Qld),4918,37,1396,2.6,QLD,2021
SAL33063,White Rock (Ipswich - Qld),3,54,1625,1.7,QLD,2021
SAL33064,Whiteside,810,44,2312,3.0,QLD,2021
SAL33065,Whitfield (Qld),4262,45,1681,2.3,QLD,2021
SAL33066,Whitsundays,2281,29,1902,2.0,QLD,2021
SAL33067,Whyanbeel,172,50,1481,2.3,QLD,2021
SAL33068,Widgee,862,49,1223,2.5,QLD,2021
SAL33069,Widgee Crossing North,20,54,850,2.0,QLD,2021
SAL33070,Widgee Crossing South,33,52,966,2.1,QLD,2021
SAL33071,Widgeegoara,19,30,1437,2.4,QLD,2021
SAL33072,Wieambilla,78,46,1187,2.7,QLD,2021
SAL33073,Wights Mountain,767,48,3091,2.8,QLD,2021
SAL33074,Wigton,5,65,900,1.0,QLD,2021
SAL33075,Wildash,75,49,1625,2.8,QLD,2021
SAL33076,Wilkesdale,101,54,833,2.1,QLD,2021
SAL33077,Willawong,145,49,2031,2.3,QLD,2021
SAL33078,Willow Vale (Qld),2279,32,2134,3.2,QLD,2021
SAL33079,Willowbank,1351,41,1411,2.6,QLD,2021
SAL33080,Willows,139,59,792,1.9,QLD,2021
SAL33081,Willowvale (Qld),108,51,1562,2.5,QLD,2021
SAL33082,Wills,31,26,1458,2.3,QLD,2021
SAL33083,Wilson Beach,68,58,1312,1.9,QLD,2021
SAL33084,Wilson Valley,20,52,1999,2.7,QLD,2021
SAL33085,Wilsons Plains,62,44,2062,2.5,QLD,2021
SAL33086,Wilsons Pocket,191,48,1583,2.7,QLD,2021
SAL33087,Wilsonton,5891,42,1107,2.2,QLD,2021
SAL33088,Wilsonton Heights,2747,37,1126,2.4,QLD,2021
SAL33089,Wilston,4110,37,2971,2.7,QLD,2021
SAL33090,Winchester,13,29,2249,3.7,QLD,2021
SAL33091,Windaroo,2771,40,2110,2.9,QLD,2021
SAL33092,Windera (Qld),105,52,1187,2.7,QLD,2021
SAL33093,Windermere (Qld),188,40,2062,3.2,QLD,2021
SAL33094,Windeyer (Qld),29,49,2166,2.7,QLD,2021
SAL33095,Windorah,104,47,2125,2.3,QLD,2021
SAL33096,Windsor (Qld),7811,32,2213,2.3,QLD,2021
SAL33097,Winfield,154,65,788,2.0,QLD,2021
SAL33098,Winston,1084,33,2177,2.4,QLD,2021
SAL33099,Winton (Qld),856,45,1290,2.0,QLD,2021
SAL33100,Winwill,144,51,1224,2.4,QLD,2021
SAL33101,Winya,127,41,1437,2.3,QLD,2021
SAL33102,Wishart (Qld),11333,39,2026,3.0,QLD,2021
SAL33103,Withcott,2067,37,2088,2.9,QLD,2021
SAL33104,Witheren,581,40,1974,2.9,QLD,2021
SAL33105,Witta,1296,54,1205,2.4,QLD,2021
SAL33106,Wivenhoe Hill,13,20,4499,5.0,QLD,2021
SAL33107,Wivenhoe Pocket,417,47,1571,2.6,QLD,2021
SAL33108,Wiyarra,20,32,1999,4.0,QLD,2021
SAL33109,Woleebee,62,42,1874,1.9,QLD,2021
SAL33110,Wolfang,84,39,2125,3.0,QLD,2021
SAL33111,Wolffdene,266,50,2015,2.9,QLD,2021
SAL33112,Wolvi,521,48,1316,2.6,QLD,2021
SAL33113,Womalilla,72,33,1374,2.8,QLD,2021
SAL33114,Womblebank,40,40,2166,2.9,QLD,2021
SAL33115,Womina,207,39,1278,2.8,QLD,2021
SAL33116,Wonbah,78,57,900,1.9,QLD,2021
SAL33117,Wonbah Forest,3,31,1375,4.0,QLD,2021
SAL33118,Wondai,1975,53,957,2.1,QLD,2021
SAL33119,Wondalli,46,31,2062,2.7,QLD,2021
SAL33120,Wondecla,661,52,1083,2.4,QLD,2021
SAL33121,Wondunna,3315,40,1875,2.9,QLD,2021
SAL33122,Wonga Beach,1042,49,954,2.2,QLD,2021
SAL33123,Wongabel,251,43,1478,3.1,QLD,2021
SAL33124,Wongaling Beach,1323,48,1256,2.2,QLD,2021
SAL33125,Wongawallan,1415,43,2383,3.1,QLD,2021
SAL33126,Wonglepong,364,47,1983,2.8,QLD,2021
SAL33127,Woocoo,56,60,1124,1.9,QLD,2021
SAL33128,Woodbine (Qld),27,45,674,2.4,QLD,2021
SAL33129,Woodbury (Qld),514,40,2033,3.0,QLD,2021
SAL33130,Woodend (Qld),1483,37,1629,2.4,QLD,2021
SAL33131,Wooderson,217,38,1781,2.7,QLD,2021
SAL33132,Woodford (Qld),4022,38,1393,2.5,QLD,2021
SAL33133,Woodgate,1521,64,907,2.0,QLD,2021
SAL33134,Woodhill (Qld),1231,31,2505,3.4,QLD,2021
SAL33135,Woodlands (Qld),119,50,1687,2.5,QLD,2021
SAL33136,Woodleigh (Qld),10,55,1124,2.7,QLD,2021
SAL33137,Woodmillar,106,44,1458,2.6,QLD,2021
SAL33138,Woodridge (Qld),12982,33,1043,2.7,QLD,2021
SAL33139,Woodstock (Qld),270,45,1468,2.6,QLD,2021
SAL33140,Woodwark,559,44,2031,2.7,QLD,2021
SAL33141,Woody Point,4548,53,1227,2.0,QLD,2021
SAL33142,Woolein,0,61,2999,1.0,QLD,2021
SAL33143,Woolgar,17,36,1874,2.5,QLD,2021
SAL33144,Woolloongabba,8687,29,1863,2.1,QLD,2021
SAL33145,Woolmar,565,38,1482,3.0,QLD,2021
SAL33146,Woolmer,38,42,1437,2.6,QLD,2021
SAL33147,Woolooga,310,56,1192,2.5,QLD,2021
SAL33148,Woolooman,33,48,1499,2.6,QLD,2021
SAL33149,Wooloowin,4029,35,2113,2.3,QLD,2021
SAL33150,Woolshed,8,56,1125,2.7,QLD,2021
SAL33151,Woombye,3944,40,1763,2.7,QLD,2021
SAL33152,Woondum,66,44,1375,2.6,QLD,2021
SAL33153,Woongarra,585,46,2010,2.7,QLD,2021
SAL33154,Woongoolba,282,39,1542,2.8,QLD,2021
SAL33155,Woopen Creek,135,57,1575,2.3,QLD,2021
SAL33156,Woorabinda,1019,23,684,3.3,QLD,2021
SAL33157,Woorim,1843,60,926,1.9,QLD,2021
SAL33158,Wooroolin,319,45,1437,2.6,QLD,2021
SAL33159,Wooroona,12,31,1875,2.0,QLD,2021
SAL33160,Wooroonden,54,45,1062,2.4,QLD,2021
SAL33161,Wooroonooran (Cairns - Qld),0,62,2250,2.0,QLD,2021
SAL33162,Wooroonooran (Cassowary Coast - Qld),0,57,0,1.0,QLD,2021
SAL33163,Wootha,258,52,1766,2.7,QLD,2021
SAL33164,Woowoonga,117,51,966,2.3,QLD,2021
SAL33165,Woree,5127,38,1152,2.3,QLD,2021
SAL33166,Worongary,6021,40,2160,3.1,QLD,2021
SAL33167,Wowan,170,60,752,2.0,QLD,2021
SAL33168,Wrattens Forest,0,58,0,3.0,QLD,2021
SAL33169,Wrights Creek (Qld),160,41,2607,2.8,QLD,2021
SAL33170,Wrotham,27,22,1125,1.6,QLD,2021
SAL33171,Wujal Wujal,276,29,840,3.2,QLD,2021
SAL33172,Wulguru,4389,42,1446,2.4,QLD,2021
SAL33173,Wulkuraka,1325,28,1540,2.7,QLD,2021
SAL33174,Wunjunga,13,66,612,1.4,QLD,2021
SAL33175,Wura,17,31,1249,3.8,QLD,2021
SAL33176,Wurdong Heights,465,46,2583,3.0,QLD,2021
SAL33177,Wurtulla,6254,41,1741,2.6,QLD,2021
SAL33178,Wuruma Dam,34,39,1125,2.7,QLD,2021
SAL33179,Wutul,57,49,1375,2.5,QLD,2021
SAL33180,Wyaga,77,41,1562,2.8,QLD,2021
SAL33181,Wyalla,43,38,575,3.0,QLD,2021
SAL33182,Wyandra,78,51,833,2.3,QLD,2021
SAL33183,Wyaralong,18,34,2250,3.2,QLD,2021
SAL33184,Wyberba,63,58,933,2.3,QLD,2021
SAL33185,Wycarbah,36,41,1375,2.1,QLD,2021
SAL33186,Wychie,30,30,1124,2.1,QLD,2021
SAL33187,Wycombe,39,49,966,2.2,QLD,2021
SAL33188,Wynnum,14036,43,1887,2.4,QLD,2021
SAL33189,Wynnum West,12790,39,1791,2.6,QLD,2021
SAL33190,Wyreema,2076,30,1723,2.8,QLD,2021
SAL33191,Wyuna (Qld),46,41,2750,3.3,QLD,2021
SAL33192,Yaamba,51,49,900,2.0,QLD,2021
SAL33193,Yabulu,719,43,1354,2.5,QLD,2021
SAL33194,Yagaburne,28,35,2374,3.9,QLD,2021
SAL33195,Yagoonya,20,22,1375,2.0,QLD,2021
SAL33196,Yalangur,55,57,1125,2.5,QLD,2021
SAL33197,Yalboroo,146,43,1649,2.6,QLD,2021
SAL33198,Yamanto,4971,35,1925,2.8,QLD,2021
SAL33199,Yandaran,475,52,1204,2.3,QLD,2021
SAL33200,Yandarlo,39,26,2250,3.1,QLD,2021
SAL33201,Yandilla,50,43,1542,2.3,QLD,2021
SAL33202,Yandina,3073,36,1616,2.6,QLD,2021
SAL33203,Yandina Creek,872,42,2148,2.9,QLD,2021
SAL33204,Yangan,404,47,1419,2.6,QLD,2021
SAL33205,Yargullen,27,38,2125,2.8,QLD,2021
SAL33206,Yaroomba,2043,42,2262,2.8,QLD,2021
SAL33207,Yarrabah,2505,25,1254,4.5,QLD,2021
SAL33208,Yarrabilba,10240,25,1585,3.1,QLD,2021
SAL33209,Yarraden,53,46,1437,2.4,QLD,2021
SAL33210,Yarraman (Qld),1127,55,804,2.2,QLD,2021
SAL33211,Yarranlea,82,44,1625,2.7,QLD,2021
SAL33212,Yarrol,15,60,1375,2.4,QLD,2021
SAL33213,Yarwun,89,52,1325,2.2,QLD,2021
SAL33214,Yatala,1405,43,2506,3.4,QLD,2021
SAL33215,Yeerongpilly,2033,34,2395,2.5,QLD,2021
SAL33216,Yelarbon,313,48,954,2.3,QLD,2021
SAL33217,Yenda (Qld),16,42,2750,2.8,QLD,2021
SAL33218,Yengarie,615,40,1625,2.9,QLD,2021
SAL33219,Yeppoon,7037,47,1221,2.2,QLD,2021
SAL33220,Yeronga,7062,39,1932,2.2,QLD,2021
SAL33221,Yerra,110,59,1138,2.3,QLD,2021
SAL33222,Yimbun,30,40,2062,3.6,QLD,2021
SAL33223,Yorkeys Knob,2794,46,1234,2.0,QLD,2021
SAL33224,Yowah,126,62,491,1.6,QLD,2021
SAL33225,Yugar,406,44,2666,3.0,QLD,2021
SAL33226,Yulabilla,41,39,1958,3.2,QLD,2021
SAL33227,Yuleba,271,50,955,2.3,QLD,2021
SAL33228,Yuleba North,26,59,1625,1.7,QLD,2021
SAL33229,Yuleba South,21,53,1375,2.6,QLD,2021
SAL33230,Yungaburra,1272,53,1296,2.2,QLD,2021
SAL33231,Yuruga,64,50,1666,2.5,QLD,2021
SAL33232,Zillmere,9323,34,1426,2.3,QLD,2021
SAL33233,Zilzie,2846,43,1339,2.5,QLD,2021
SAL39494,No usual address (Qld),14670,0,0,0.0,QLD,2021
SAL39797,Migratory - Offshore - Shipping (Qld),183,39,1749,1.5,QLD,2021
SAL40001,Aberfoyle Park,11234,42,1765,2.6,SA,2021
SAL40002,Adelaide,18202,31,1365,1.8,SA,2021
SAL40003,Adelaide Airport,4,51,0,0.0,SA,2021
SAL40004,Agery,90,33,1781,2.9,SA,2021
SAL40005,Alawoona,25,63,850,1.7,SA,2021
SAL40006,Albert Park (SA),1780,39,1503,2.4,SA,2021
SAL40007,Alberton (SA),1860,44,1350,2.1,SA,2021
SAL40008,Aldgate,3471,45,2561,2.8,SA,2021
SAL40009,Aldinga,764,49,1102,2.1,SA,2021
SAL40010,Aldinga Beach,10667,39,1297,2.5,SA,2021
SAL40011,Alford,159,47,1286,2.3,SA,2021
SAL40012,Allenby Gardens,2045,40,1732,2.5,SA,2021
SAL40013,Allendale East,484,35,1437,2.8,SA,2021
SAL40014,Allendale North,162,44,1687,2.9,SA,2021
SAL40015,Alma (SA),66,37,2166,3.5,SA,2021
SAL40016,Altona (SA),114,50,1468,2.2,SA,2021
SAL40017,Amata,393,28,1062,4.0,SA,2021
SAL40018,American Beach,0,72,0,0.0,SA,2021
SAL40019,American River,280,63,831,1.8,SA,2021
SAL40020,Amyton,9,69,687,1.7,SA,2021
SAL40021,Anama,7,29,1999,1.5,SA,2021
SAL40022,Anangu Pitjantjatjara Yankunytjatjara,205,32,1416,3.0,SA,2021
SAL40023,Andamooka,262,57,703,1.7,SA,2021
SAL40024,Andamooka Station,7,67,1374,1.7,SA,2021
SAL40025,Andrews,32,54,1375,2.6,SA,2021
SAL40026,Andrews Farm,8699,28,1465,2.9,SA,2021
SAL40027,Angas Plains,81,43,1218,2.7,SA,2021
SAL40028,Angas Valley,52,53,1375,2.6,SA,2021
SAL40029,Angaston,2202,46,1309,2.3,SA,2021
SAL40030,Angle Park,1555,41,1163,2.5,SA,2021
SAL40031,Angle Vale,4051,35,2248,3.1,SA,2021
SAL40032,Anna Creek,176,30,1999,3.0,SA,2021
SAL40033,Annadale,37,52,949,2.1,SA,2021
SAL40034,Antechamber Bay,13,62,725,2.0,SA,2021
SAL40035,Apamurra,11,65,1375,2.0,SA,2021
SAL40036,Apoinga,29,39,1187,2.9,SA,2021
SAL40037,Appila,91,50,1275,2.7,SA,2021
SAL40038,Arcoona,82,34,1375,2.0,SA,2021
SAL40039,Ardrossan,1269,61,844,1.9,SA,2021
SAL40040,Arkaroola,32,38,1625,2.3,SA,2021
SAL40041,Armagh,351,48,1774,2.6,SA,2021
SAL40042,Arno Bay,314,52,982,2.2,SA,2021
SAL40043,Arthurton,157,48,1437,2.4,SA,2021
SAL40044,Ascot Park,3588,34,1381,2.2,SA,2021
SAL40045,Ashbourne (SA),308,46,1660,2.6,SA,2021
SAL40046,Ashford (SA),1157,35,1605,2.2,SA,2021
SAL40047,Ashton,481,51,2355,2.7,SA,2021
SAL40048,Ashville,28,38,1792,2.7,SA,2021
SAL40049,Athelstone,9601,43,1941,2.7,SA,2021
SAL40050,Athol Park,2023,34,1380,2.7,SA,2021
SAL40051,Auburn (SA),668,54,1218,2.1,SA,2021
SAL40052,Auldana,629,48,2592,2.8,SA,2021
SAL40053,Australia Plains,41,40,850,2.7,SA,2021
SAL40054,Avenue Range,112,41,1562,2.5,SA,2021
SAL40055,Avoca Dell,166,35,2036,2.8,SA,2021
SAL40056,Avon (SA),64,40,1062,3.2,SA,2021
SAL40057,Back Valley,176,47,1202,2.6,SA,2021
SAL40058,Bagot Well,67,52,1874,2.3,SA,2021
SAL40059,Baird Bay,5,70,450,1.0,SA,2021
SAL40060,Bakara,9,47,1999,3.0,SA,2021
SAL40061,Bakara Well,6,44,4500,3.0,SA,2021
SAL40062,Balaklava,2083,46,1088,2.3,SA,2021
SAL40063,Bald Hills (SA),44,51,1292,2.5,SA,2021
SAL40064,Baldina,12,48,575,3.3,SA,2021
SAL40065,Balgowan (SA),92,60,860,1.8,SA,2021
SAL40066,Balhannah,1756,44,1851,2.7,SA,2021
SAL40067,Ballast Head,21,45,2249,2.6,SA,2021
SAL40068,Bangham,81,43,1812,2.8,SA,2021
SAL40069,Bangor (SA),39,52,1312,2.5,SA,2021
SAL40070,Banksia Park,3346,41,1799,2.6,SA,2021
SAL40071,Barabba,135,36,2125,2.9,SA,2021
SAL40072,Barinia,22,49,2624,3.0,SA,2021
SAL40073,Barmera,2884,49,1037,2.1,SA,2021
SAL40074,Barna,30,65,480,1.5,SA,2021
SAL40075,Barndioota,6,43,0,5.0,SA,2021
SAL40076,Baroota,52,54,1375,2.4,SA,2021
SAL40077,Barossa Goldfields,63,47,2083,2.7,SA,2021
SAL40078,Barunga Gap,23,27,1749,3.4,SA,2021
SAL40079,Basket Range,364,43,1988,2.9,SA,2021
SAL40080,Baudin Beach,94,56,866,2.0,SA,2021
SAL40081,Bay Of Shoals,30,52,1875,2.3,SA,2021
SAL40082,Beachport,745,55,1160,2.2,SA,2021
SAL40083,Beatty,0,28,1874,1.5,SA,2021
SAL40084,Beaufort (SA),81,38,1062,2.3,SA,2021
SAL40085,Beaumont (SA),2731,45,2577,2.8,SA,2021
SAL40086,Beaumonts,0,0,0,0.0,SA,2021
SAL40087,Bedford Park,1882,28,1448,2.5,SA,2021
SAL40088,Beetaloo Valley,75,56,1875,2.3,SA,2021
SAL40089,Belair,4718,47,2265,2.6,SA,2021
SAL40090,Belalie East,62,49,2049,2.5,SA,2021
SAL40091,Belalie North,85,39,1350,3.0,SA,2021
SAL40092,Bellevue Heights,2712,47,1662,2.5,SA,2021
SAL40093,Beltana,35,24,725,3.0,SA,2021
SAL40094,Beltana Station,30,48,1292,2.5,SA,2021
SAL40095,Belton,19,29,1374,2.3,SA,2021
SAL40096,Belvidere,118,49,1562,2.5,SA,2021
SAL40097,Benbournie,11,46,725,3.0,SA,2021
SAL40098,Berri,4143,42,1039,2.1,SA,2021
SAL40099,Bethany,146,49,1800,2.7,SA,2021
SAL40100,Bethel,52,49,1875,2.2,SA,2021
SAL40101,Beulah Park,1601,39,2189,2.4,SA,2021
SAL40102,Beverley (SA),1578,36,1598,2.4,SA,2021
SAL40103,Bibaringa,246,51,2178,2.8,SA,2021
SAL40104,Big Bend,4,72,450,1.0,SA,2021
SAL40105,Biggs Flat,84,43,1625,2.7,SA,2021
SAL40106,Billiatt,0,0,0,0.0,SA,2021
SAL40107,Binnum,87,45,2062,2.6,SA,2021
SAL40108,Birchmore,49,39,1625,3.3,SA,2021
SAL40109,Birdwood (SA),1376,43,1754,2.7,SA,2021
SAL40110,Birkenhead,1798,39,1598,2.3,SA,2021
SAL40111,Black Forest,1982,39,1664,2.3,SA,2021
SAL40112,Black Hill (SA),45,55,669,1.8,SA,2021
SAL40113,Black Point,64,69,1333,2.0,SA,2021
SAL40114,Black Rock (SA),36,62,1437,2.2,SA,2021
SAL40115,Black Springs (SA),49,35,1781,2.6,SA,2021
SAL40116,Blackfellows Caves,72,59,749,1.9,SA,2021
SAL40117,Blackfellows Creek,28,57,1166,2.2,SA,2021
SAL40118,Blackford,35,42,1624,2.4,SA,2021
SAL40119,Blackwood (SA),4266,45,1715,2.4,SA,2021
SAL40120,Blair Athol (SA),5274,32,1459,2.8,SA,2021
SAL40121,Blakeview,8979,31,1706,2.7,SA,2021
SAL40122,Blakiston,377,46,2600,3.0,SA,2021
SAL40123,Blanche Harbor,32,60,1374,1.9,SA,2021
SAL40124,Blanchetown,305,58,844,1.9,SA,2021
SAL40125,Bletchley,76,41,1875,3.2,SA,2021
SAL40126,Blewitt Springs,346,49,2050,2.6,SA,2021
SAL40127,Blinman,43,41,1937,2.5,SA,2021
SAL40128,Bluff Beach,41,59,1625,2.1,SA,2021
SAL40129,Blyth,518,42,1269,2.5,SA,2021
SAL40130,Boatswain Point,46,51,900,1.9,SA,2021
SAL40131,Bockelberg,0,0,0,0.0,SA,2021
SAL40132,Boconnoc Park,28,32,3374,3.7,SA,2021
SAL40133,Bolivar,357,61,756,1.6,SA,2021
SAL40134,Bolto,14,66,874,1.3,SA,2021
SAL40135,Booborowie,205,56,1021,2.2,SA,2021
SAL40136,Bookpurnong,157,37,1593,3.0,SA,2021
SAL40137,Bool Lagoon,42,39,1562,2.4,SA,2021
SAL40138,Booleroo Centre,482,55,1240,2.3,SA,2021
SAL40139,Boolgun,11,49,949,2.8,SA,2021
SAL40140,Boonerdo,13,33,1312,3.7,SA,2021
SAL40141,Boors Plain,56,34,1812,2.6,SA,2021
SAL40142,Bordertown,3095,40,1439,2.4,SA,2021
SAL40143,Bordertown South,45,40,1666,2.8,SA,2021
SAL40144,Borrika,30,44,2250,3.4,SA,2021
SAL40145,Boston,1169,40,2199,3.0,SA,2021
SAL40146,Bowden,1808,32,1628,1.8,SA,2021
SAL40147,Bower,41,56,866,2.3,SA,2021
SAL40148,Bowhill,127,54,1156,2.2,SA,2021
SAL40149,Bowillia,20,53,1375,2.2,SA,2021
SAL40150,Bowmans,56,52,1042,2.3,SA,2021
SAL40151,Bradbury (SA),178,53,1916,2.6,SA,2021
SAL40152,Brady Creek,19,43,725,2.7,SA,2021
SAL40153,Brahma Lodge,3380,37,1081,2.6,SA,2021
SAL40154,Bramfield,31,60,725,1.9,SA,2021
SAL40155,Bray,44,47,1124,2.3,SA,2021
SAL40156,Brenda Park,15,69,900,1.7,SA,2021
SAL40157,Brentwood (SA),71,49,1333,2.7,SA,2021
SAL40158,Bridgewater (SA),3719,40,2042,2.6,SA,2021
SAL40159,Bright (SA),18,27,425,2.4,SA,2021
SAL40160,Brighton (SA),3834,49,1692,2.2,SA,2021
SAL40161,Brimbago,64,40,1375,3.3,SA,2021
SAL40162,Brinkley,107,45,1325,2.3,SA,2021
SAL40163,Brinkworth,243,50,1156,2.3,SA,2021
SAL40164,Broadview,4450,36,1703,2.4,SA,2021
SAL40165,Brompton,3729,36,1809,2.1,SA,2021
SAL40166,Brooker,90,33,2187,2.8,SA,2021
SAL40167,Brooklyn Park,5040,37,1466,2.3,SA,2021
SAL40168,Broughton River Valley,0,73,1375,1.0,SA,2021
SAL40169,Brown Beach,3,62,2250,1.0,SA,2021
SAL40170,Brown Hill Creek,71,36,2833,2.8,SA,2021
SAL40171,Brownlow,43,52,725,2.2,SA,2021
SAL40172,Brownlow Ki,238,52,1024,2.0,SA,2021
SAL40173,Bruce (SA),17,44,1749,3.6,SA,2021
SAL40174,Brukunga,400,42,1458,2.5,SA,2021
SAL40175,Buchanan (SA),51,29,1312,3.4,SA,2021
SAL40176,Buchfelde,193,49,1416,2.5,SA,2021
SAL40177,Buckingham (SA),40,36,1875,2.7,SA,2021
SAL40178,Buckland Park,99,45,1775,2.7,SA,2021
SAL40179,Buckleboo,40,45,1291,2.6,SA,2021
SAL40180,Bugle Hut,38,46,1916,2.1,SA,2021
SAL40181,Bugle Ranges,289,48,2031,2.7,SA,2021
SAL40182,Bull Creek (SA),111,51,1562,2.3,SA,2021
SAL40183,Bumbunga,20,55,900,1.9,SA,2021
SAL40184,Bunbury (SA),3,65,450,2.0,SA,2021
SAL40185,Bundaleer Gardens,8,68,474,1.8,SA,2021
SAL40186,Bundaleer North,38,42,1875,2.6,SA,2021
SAL40187,Bundey,0,56,75,1.0,SA,2021
SAL40188,Bungama,116,44,1312,2.7,SA,2021
SAL40189,Bungaree (SA),23,45,1624,2.5,SA,2021
SAL40190,Burdett,234,40,1218,2.8,SA,2021
SAL40191,Burnsfield,6,23,2125,3.3,SA,2021
SAL40192,Burnside (SA),3060,43,2257,2.7,SA,2021
SAL40193,Burra (SA),1112,54,866,2.0,SA,2021
SAL40194,Burra Eastern Districts,7,56,949,2.7,SA,2021
SAL40195,Burrungule,115,39,2035,2.9,SA,2021
SAL40196,Burton (SA),6519,33,1517,3.1,SA,2021
SAL40197,Bute,389,51,869,2.2,SA,2021
SAL40198,Butler (SA),69,37,1312,2.5,SA,2021
SAL40199,Cadell,547,47,866,2.1,SA,2021
SAL40200,Cadgee (SA),53,44,1781,2.5,SA,2021
SAL40201,Calca,13,42,1124,2.0,SA,2021
SAL40202,Caliph,3,42,575,3.5,SA,2021
SAL40203,Callington,625,42,1312,2.4,SA,2021
SAL40204,Calomba,46,38,2250,2.6,SA,2021
SAL40205,Caloote,133,56,1031,2.2,SA,2021
SAL40206,Calperum Station,0,0,0,0.0,SA,2021
SAL40207,Caltowie,122,40,1458,2.7,SA,2021
SAL40208,Caltowie North,21,39,1312,2.6,SA,2021
SAL40209,Caltowie West,28,56,1041,2.0,SA,2021
SAL40210,Cambrai,266,52,929,2.1,SA,2021
SAL40211,Camden Park (SA),3338,36,1398,2.2,SA,2021
SAL40212,Campbelltown (SA),9263,38,1396,2.4,SA,2021
SAL40213,Campoona,47,41,1666,3.1,SA,2021
SAL40214,Cannawigara,147,44,2299,2.6,SA,2021
SAL40215,Canowie,3,72,762,2.3,SA,2021
SAL40216,Canowie Belt,29,45,2624,3.1,SA,2021
SAL40217,Canunda,21,28,1999,3.5,SA,2021
SAL40218,Cape Borda,9,44,850,2.0,SA,2021
SAL40219,Cape Douglas,68,50,1166,2.4,SA,2021
SAL40220,Cape Jaffa,66,61,1125,1.9,SA,2021
SAL40221,Cape Jervis,343,57,795,2.0,SA,2021
SAL40222,Caralue,43,30,1833,3.1,SA,2021
SAL40223,Carawa,7,20,4624,3.0,SA,2021
SAL40224,Carcuma,3,47,2250,2.0,SA,2021
SAL40225,Carew,32,39,2750,3.1,SA,2021
SAL40226,Carey Gully,428,53,1699,2.6,SA,2021
SAL40227,Caroline,11,41,1375,2.6,SA,2021
SAL40228,Carpenter Rocks,87,51,1541,2.3,SA,2021
SAL40229,Carrickalinga,409,60,971,2.0,SA,2021
SAL40230,Carrieton,51,44,1375,2.4,SA,2021
SAL40231,Cassini,73,41,1542,3.0,SA,2021
SAL40232,Castambul,18,70,1124,2.5,SA,2021
SAL40233,Caurnamont,35,65,1187,1.9,SA,2021
SAL40234,Cavan (SA),32,17,899,2.3,SA,2021
SAL40235,Cavenagh,6,40,450,2.0,SA,2021
SAL40236,Caveton,36,52,1437,2.4,SA,2021
SAL40237,Ceduna,1955,37,1376,2.4,SA,2021
SAL40238,Ceduna Waters,186,38,1949,2.5,SA,2021
SAL40239,Chaffey,189,48,1708,2.5,SA,2021
SAL40240,Chain Of Ponds,39,50,2250,3.0,SA,2021
SAL40241,Chandada,37,45,1593,2.6,SA,2021
SAL40242,Chandlers Hill,792,46,2654,3.0,SA,2021
SAL40243,Chapel Hill (SA),127,43,2833,2.8,SA,2021
SAL40244,Chapman Bore,26,32,1375,2.7,SA,2021
SAL40245,Charleston,550,42,2116,2.8,SA,2021
SAL40246,Charlton Gully,39,41,1624,2.7,SA,2021
SAL40247,Charra,26,45,2750,3.4,SA,2021
SAL40248,Cheltenham (SA),2236,44,1534,2.3,SA,2021
SAL40249,Cherry Gardens,633,48,2016,2.9,SA,2021
SAL40250,Cherryville,125,48,2042,2.6,SA,2021
SAL40251,Chilpenunda,17,26,1149,2.8,SA,2021
SAL40252,Chinaman Wells,4,59,500,1.5,SA,2021
SAL40253,Chinbingina,8,42,1125,2.0,SA,2021
SAL40254,Chiton,440,63,1212,2.1,SA,2021
SAL40255,Chowilla,5,13,3250,5.0,SA,2021
SAL40256,Christie Downs,5239,41,889,2.2,SA,2021
SAL40257,Christies Beach,5962,39,1194,2.2,SA,2021
SAL40258,Clapham,1685,42,2321,2.7,SA,2021
SAL40259,Clare (SA),3238,45,1302,2.2,SA,2021
SAL40260,Clarence Gardens,2373,38,2200,2.7,SA,2021
SAL40261,Clarence Park,2658,39,1799,2.3,SA,2021
SAL40262,Clarendon (SA),643,48,2065,2.6,SA,2021
SAL40263,Clay Wells,31,45,1125,2.2,SA,2021
SAL40264,Claypans,4,50,1499,2.5,SA,2021
SAL40265,Clayton Bay,472,60,863,1.9,SA,2021
SAL40266,Clearview,4261,33,1570,2.5,SA,2021
SAL40267,Cleland,0,62,0,2.0,SA,2021
SAL40268,Clements Gap,54,38,1375,2.7,SA,2021
SAL40269,Cleve,953,49,1091,2.2,SA,2021
SAL40270,Clinton (SA),313,65,777,1.8,SA,2021
SAL40271,Clinton Centre,40,39,1937,2.9,SA,2021
SAL40272,Clovelly Park,3126,35,1600,2.5,SA,2021
SAL40273,Cobdogla,375,50,1277,2.4,SA,2021
SAL40274,Cocata,0,0,0,0.0,SA,2021
SAL40275,Cockaleechie,79,34,2124,3.3,SA,2021
SAL40276,Cockatoo Valley,714,42,2489,3.1,SA,2021
SAL40277,Cockburn,12,53,575,1.0,SA,2021
SAL40278,Coffin Bay,664,57,1254,2.0,SA,2021
SAL40279,Colebatch,56,56,1624,2.0,SA,2021
SAL40280,Coles,35,44,1458,2.6,SA,2021
SAL40281,College Park,755,42,2454,2.5,SA,2021
SAL40282,Colley,40,45,2083,2.5,SA,2021
SAL40283,Collinsfield,6,60,1375,1.3,SA,2021
SAL40284,Collinsville (SA),11,19,1874,5.0,SA,2021
SAL40285,Collinswood,1496,36,1927,2.4,SA,2021
SAL40286,Colonel Light Gardens,3311,42,2491,2.8,SA,2021
SAL40287,Colton,24,51,2250,2.1,SA,2021
SAL40288,Comaum,42,41,1562,2.4,SA,2021
SAL40289,Commissariat Point,243,61,1210,1.9,SA,2021
SAL40290,Commonwealth Hill,0,0,0,0.0,SA,2021
SAL40291,Compton,812,41,2150,2.8,SA,2021
SAL40292,Concordia,153,53,1625,2.5,SA,2021
SAL40293,Condowie,61,35,1645,2.9,SA,2021
SAL40294,Conmurra,76,41,2166,3.0,SA,2021
SAL40295,Coober Pedy,1566,50,764,1.8,SA,2021
SAL40296,Coobowie,258,59,877,1.9,SA,2021
SAL40297,Cooke Plains,69,45,1125,2.4,SA,2021
SAL40298,Coolillie,8,34,3750,3.5,SA,2021
SAL40299,Cooltong,322,40,1392,2.5,SA,2021
SAL40300,Coomandook,83,46,1145,2.5,SA,2021
SAL40301,Coombe,63,44,1375,2.4,SA,2021
SAL40302,Coomooroo,13,47,1062,2.5,SA,2021
SAL40303,Coomunga,133,35,1656,3.0,SA,2021
SAL40304,Coonalpyn,350,50,1025,2.0,SA,2021
SAL40305,Coonamia,96,40,1474,2.3,SA,2021
SAL40306,Coonawarra (SA),135,53,1708,2.1,SA,2021
SAL40307,Coorabie,71,44,1375,2.3,SA,2021
SAL40308,Coorong,53,48,1218,2.3,SA,2021
SAL40309,Cootra,19,38,1324,3.2,SA,2021
SAL40310,Copeville,44,47,959,2.1,SA,2021
SAL40311,Copley (SA),83,41,575,2.0,SA,2021
SAL40312,Corny Point,120,53,706,2.2,SA,2021
SAL40313,Coromandel East,345,50,2531,2.9,SA,2021
SAL40314,Coromandel Valley,4380,41,2241,2.8,SA,2021
SAL40315,Cortlinye,44,35,1937,3.0,SA,2021
SAL40316,Corunna Station,19,32,1499,2.1,SA,2021
SAL40317,Coulta,213,40,1387,2.7,SA,2021
SAL40318,Cowandilla,1455,41,1310,2.3,SA,2021
SAL40319,Cowell,1124,53,1161,2.2,SA,2021
SAL40320,Cowirra,155,55,887,2.0,SA,2021
SAL40321,Cradock,44,53,1125,2.6,SA,2021
SAL40322,Crafers,2006,44,2530,2.7,SA,2021
SAL40323,Crafers West,1307,44,2438,2.7,SA,2021
SAL40324,Craigburn Farm,3099,41,2944,3.0,SA,2021
SAL40325,Craigmore,10943,37,1513,2.8,SA,2021
SAL40326,Crescent,221,47,1140,2.5,SA,2021
SAL40327,Cromer (SA),215,49,1625,2.5,SA,2021
SAL40328,Cross Roads (SA),155,46,825,2.1,SA,2021
SAL40329,Croydon (SA),1220,42,1854,2.5,SA,2021
SAL40330,Croydon Park (SA),4230,35,1421,2.6,SA,2021
SAL40331,Crystal Brook (SA),1537,49,1011,2.3,SA,2021
SAL40332,Cudlee Creek,425,52,1875,2.8,SA,2021
SAL40333,Culburra,81,43,1437,2.3,SA,2021
SAL40334,Cultana,9,54,1375,2.0,SA,2021
SAL40335,Cumberland Park,2571,41,1901,2.5,SA,2021
SAL40336,Cummins,981,42,1526,2.5,SA,2021
SAL40337,Cungena,25,37,2749,2.9,SA,2021
SAL40338,Cunliffe,50,49,1624,2.6,SA,2021
SAL40339,Cunningham (SA),78,35,1937,3.1,SA,2021
SAL40340,Cunyarie,12,31,900,2.8,SA,2021
SAL40341,Curramulka,304,48,1224,2.3,SA,2021
SAL40342,Currency Creek,443,48,1625,2.6,SA,2021
SAL40343,Custon,19,36,1937,4.0,SA,2021
SAL40344,Cuttlefish Bay,13,64,1999,2.0,SA,2021
SAL40345,Cygnet River,72,40,949,2.6,SA,2021
SAL40346,D'Estrees Bay,11,39,1749,2.6,SA,2021
SAL40347,Dalkey,16,34,1374,3.8,SA,2021
SAL40348,Danggali,0,0,0,0.0,SA,2021
SAL40349,Darke Peak,90,37,1062,2.3,SA,2021
SAL40350,Darlington (SA),1275,39,1601,2.5,SA,2021
SAL40351,Davenport (SA),156,40,725,3.4,SA,2021
SAL40352,Daveyston,85,39,1875,3.0,SA,2021
SAL40353,Davoren Park,6392,33,931,2.5,SA,2021
SAL40354,Daw Park,2705,39,1639,2.3,SA,2021
SAL40355,Dawesley,316,43,1949,2.7,SA,2021
SAL40356,Dawson (SA),3,54,1649,2.0,SA,2021
SAL40357,De Mole River,3,55,0,2.0,SA,2021
SAL40358,Deep Creek (SA),28,57,1625,2.2,SA,2021
SAL40359,Deepwater (SA),12,41,1625,2.4,SA,2021
SAL40360,Delamere (SA),162,54,1050,2.4,SA,2021
SAL40361,Denial Bay,153,46,1024,2.3,SA,2021
SAL40362,Dernancourt,4063,43,1736,2.6,SA,2021
SAL40363,Devlins Pound,13,46,2250,2.8,SA,2021
SAL40364,Devon Park (SA),1185,34,1493,2.1,SA,2021
SAL40365,Dingabledinga,80,49,2833,2.8,SA,2021
SAL40366,Direk,913,28,1681,2.9,SA,2021
SAL40367,Dismal Swamp,63,40,1916,3.2,SA,2021
SAL40368,Donovans,111,64,758,1.6,SA,2021
SAL40369,Dorset Vale,0,64,1125,1.0,SA,2021
SAL40370,Douglas Point,47,69,1125,2.1,SA,2021
SAL40371,Dover Gardens,3062,39,1423,2.3,SA,2021
SAL40372,Dowlingville,33,49,1312,2.1,SA,2021
SAL40373,Dry Creek (SA),232,35,1221,2.3,SA,2021
SAL40374,Dublin,405,45,985,2.5,SA,2021
SAL40375,Duck Ponds,284,46,1281,2.5,SA,2021
SAL40376,Dudley East,58,55,1292,2.4,SA,2021
SAL40377,Dudley Park (SA),670,41,907,2.2,SA,2021
SAL40378,Dudley West,25,50,1125,2.3,SA,2021
SAL40379,Dulwich,1659,43,2101,2.4,SA,2021
SAL40380,Duncan,67,32,1875,2.5,SA,2021
SAL40381,Dutton,133,52,1271,2.3,SA,2021
SAL40382,Dutton East,13,41,1125,2.6,SA,2021
SAL40383,East Moonta,130,55,1024,2.3,SA,2021
SAL40384,Eastwood (SA),712,48,1892,1.9,SA,2021
SAL40385,Eba,27,50,474,1.9,SA,2021
SAL40386,Eba Anchorage,25,68,941,1.7,SA,2021
SAL40387,Ebenezer (SA),183,37,2083,2.9,SA,2021
SAL40388,Echunga,1219,41,2090,2.7,SA,2021
SAL40389,Eden Hills,3020,43,2062,2.7,SA,2021
SAL40390,Eden Valley,390,50,1309,2.3,SA,2021
SAL40391,Edillilie,129,42,1687,2.6,SA,2021
SAL40392,Edinburgh,376,23,1350,1.0,SA,2021
SAL40393,Edinburgh North,0,58,0,0.0,SA,2021
SAL40394,Edithburgh,550,62,784,1.9,SA,2021
SAL40395,Edwardstown,4514,37,1360,2.2,SA,2021
SAL40396,Eight Mile Creek (SA),163,40,1781,2.8,SA,2021
SAL40397,Elizabeth,1033,38,902,2.4,SA,2021
SAL40398,Elizabeth Downs,5160,34,970,2.5,SA,2021
SAL40399,Elizabeth East,4607,38,904,2.4,SA,2021
SAL40400,Elizabeth Grove,2531,36,825,2.3,SA,2021
SAL40401,Elizabeth North,3588,36,864,2.2,SA,2021
SAL40402,Elizabeth Park,4428,33,1003,2.6,SA,2021
SAL40403,Elizabeth South,2933,35,774,2.3,SA,2021
SAL40404,Elizabeth Vale,4331,36,851,2.4,SA,2021
SAL40405,Elliston,375,45,1166,2.2,SA,2021
SAL40406,Elwomple,90,41,1100,2.7,SA,2021
SAL40407,Emu Bay,95,57,1333,2.3,SA,2021
SAL40408,Emu Downs,52,37,900,2.6,SA,2021
SAL40409,Emu Flat (SA),106,41,2250,2.9,SA,2021
SAL40410,Encounter Bay,5305,66,929,2.0,SA,2021
SAL40411,Enfield (SA),6204,34,1472,2.5,SA,2021
SAL40412,Erindale,1172,48,2364,2.7,SA,2021
SAL40413,Erith,51,44,2333,2.8,SA,2021
SAL40414,Erskine (SA),4,64,1375,2.5,SA,2021
SAL40415,Ethelton,1487,42,1345,2.1,SA,2021
SAL40416,Ettrick (SA),37,40,725,2.7,SA,2021
SAL40417,Eudunda,815,54,921,2.1,SA,2021
SAL40418,Eurelia,21,50,1499,2.4,SA,2021
SAL40419,Euromina,25,28,725,3.4,SA,2021
SAL40420,Evandale (SA),1378,39,1864,2.3,SA,2021
SAL40421,Evanston,2580,39,1046,2.2,SA,2021
SAL40422,Evanston Gardens,2347,30,1504,2.6,SA,2021
SAL40423,Evanston Park,4228,41,1494,2.6,SA,2021
SAL40424,Evanston South,765,33,1702,2.6,SA,2021
SAL40425,Everard Central,33,52,1125,2.6,SA,2021
SAL40426,Everard Park,1071,42,1388,2.1,SA,2021
SAL40427,Exeter (SA),1066,48,1397,2.0,SA,2021
SAL40428,Eyre,1113,28,1688,2.7,SA,2021
SAL40429,Fairview Park,3792,40,1913,2.6,SA,2021
SAL40430,False Bay,0,0,0,0.0,SA,2021
SAL40431,Farina,15,59,2250,2.1,SA,2021
SAL40432,Farrell Flat,201,50,1111,2.2,SA,2021
SAL40433,Felixstow,2477,42,1445,2.3,SA,2021
SAL40434,Ferryden Park,4495,37,1253,2.6,SA,2021
SAL40435,Field,83,43,1406,2.8,SA,2021
SAL40436,Findon,6997,37,1424,2.3,SA,2021
SAL40437,Finniss,293,49,1406,2.4,SA,2021
SAL40438,Firle,1508,39,1488,2.4,SA,2021
SAL40439,Fischer,78,42,1916,3.3,SA,2021
SAL40440,Fisher (SA),61,59,575,1.6,SA,2021
SAL40441,Fisherman Bay,140,64,495,1.5,SA,2021
SAL40442,Fitzroy (SA),783,45,2382,2.6,SA,2021
SAL40443,Five Miles,6,67,575,1.4,SA,2021
SAL40444,Flagstaff Hill,10184,43,2080,2.7,SA,2021
SAL40445,Flaxley,177,48,1562,2.7,SA,2021
SAL40446,Flaxman Valley,285,46,1763,2.7,SA,2021
SAL40447,Flinders Chase,0,0,0,0.0,SA,2021
SAL40448,Flinders Park,5489,39,1754,2.6,SA,2021
SAL40449,Flinders Ranges,20,60,1208,2.6,SA,2021
SAL40450,Florina Station,15,57,1624,2.3,SA,2021
SAL40451,Fords,81,39,2083,2.9,SA,2021
SAL40452,Forest Range,290,38,2089,2.8,SA,2021
SAL40453,Forestville (SA),1400,39,1981,2.3,SA,2021
SAL40454,Forreston,407,48,2079,2.8,SA,2021
SAL40455,Forster (SA),14,59,749,1.8,SA,2021
SAL40456,Foul Bay,40,59,1042,1.6,SA,2021
SAL40457,Fountain,9,58,1624,2.3,SA,2021
SAL40458,Fox,49,49,2249,3.0,SA,2021
SAL40459,Frahns,5,72,824,1.5,SA,2021
SAL40460,Frances,92,37,1291,2.4,SA,2021
SAL40461,Franklyn,0,0,0,0.0,SA,2021
SAL40462,Frankton,15,35,1374,2.5,SA,2021
SAL40463,Frayville,8,55,575,1.4,SA,2021
SAL40464,Freeling,2688,33,1755,2.9,SA,2021
SAL40465,Frewville,896,39,1869,2.6,SA,2021
SAL40466,Frome Downs,9,38,1375,1.6,SA,2021
SAL40467,Fulham (SA),2920,44,1753,2.5,SA,2021
SAL40468,Fulham Gardens,6573,45,1595,2.5,SA,2021
SAL40469,Fullarton,4500,44,1686,2.3,SA,2021
SAL40470,Furner,156,44,1625,2.6,SA,2021
SAL40471,Galga,28,37,899,2.3,SA,2021
SAL40472,Gammon Ranges,7,53,1824,2.0,SA,2021
SAL40473,Garden Island (SA),4,64,749,1.3,SA,2021
SAL40474,Gawler (SA),668,57,936,1.9,SA,2021
SAL40475,Gawler Belt,1000,44,2208,3.0,SA,2021
SAL40476,Gawler East,5689,46,1569,2.4,SA,2021
SAL40477,Gawler Ranges,0,0,0,0.0,SA,2021
SAL40478,Gawler River,104,46,1624,2.7,SA,2021
SAL40479,Gawler South,2618,46,1238,2.2,SA,2021
SAL40480,Gawler West,975,43,927,2.1,SA,2021
SAL40481,Gemmells,99,39,2333,3.0,SA,2021
SAL40482,Georgetown (SA),186,53,875,1.9,SA,2021
SAL40483,Gepps Cross,648,41,1375,2.7,SA,2021
SAL40484,Geranium,83,58,1156,2.0,SA,2021
SAL40485,Geranium Plains,5,57,2749,2.5,SA,2021
SAL40486,Gerard,50,27,737,2.8,SA,2021
SAL40487,German Creek,25,31,1937,2.6,SA,2021
SAL40488,German Flat,18,35,2999,4.0,SA,2021
SAL40489,Germein Bay,5,31,2750,2.0,SA,2021
SAL40490,Gidgealpa,100,37,1937,2.9,SA,2021
SAL40491,Gifford Hill,38,52,2125,2.6,SA,2021
SAL40492,Gilberton (SA),1528,43,1789,2.0,SA,2021
SAL40493,Giles Corner,26,39,1125,2.2,SA,2021
SAL40494,Gillentown,108,47,2150,2.3,SA,2021
SAL40495,Gilles Plains,4101,36,1446,2.6,SA,2021
SAL40496,Gillman,76,47,900,2.1,SA,2021
SAL40497,Gladstone (SA),745,51,935,2.1,SA,2021
SAL40498,Glandore,3041,39,1698,2.4,SA,2021
SAL40499,Glanville,728,43,1505,2.1,SA,2021
SAL40500,Glen Osmond,2154,42,2544,2.8,SA,2021
SAL40501,Glenalta,2039,42,1968,2.6,SA,2021
SAL40502,Glenburnie,396,45,1910,2.8,SA,2021
SAL40503,Glencoe (SA),633,43,1431,2.5,SA,2021
SAL40504,Glendambo,0,34,0,0.0,SA,2021
SAL40505,Glenelg (SA),3440,55,1430,1.8,SA,2021
SAL40506,Glenelg East,3855,43,1681,2.2,SA,2021
SAL40507,Glenelg North,6594,43,1682,2.2,SA,2021
SAL40508,Glenelg South,2184,52,1561,2.0,SA,2021
SAL40509,Glengowrie,5767,45,1821,2.3,SA,2021
SAL40510,Glenroy (SA),76,40,1875,2.7,SA,2021
SAL40511,Glenside,2852,43,1363,2.1,SA,2021
SAL40512,Glenunga,2184,44,1918,2.6,SA,2021
SAL40513,Globe Derby Park,360,49,1461,2.7,SA,2021
SAL40514,Glossop,919,48,1482,2.5,SA,2021
SAL40515,Glynde,2102,45,1163,2.1,SA,2021
SAL40516,Golden Grove,10299,44,1669,2.5,SA,2021
SAL40517,Golden Heights,271,47,1208,2.4,SA,2021
SAL40518,Gomersal,60,43,2083,3.2,SA,2021
SAL40519,Good Hope Landing,30,54,1625,2.1,SA,2021
SAL40520,Goodwood (SA),2823,40,1918,2.2,SA,2021
SAL40521,Goolwa,2558,67,790,1.8,SA,2021
SAL40522,Goolwa Beach,2222,58,916,2.1,SA,2021
SAL40523,Goolwa North,1307,66,948,2.0,SA,2021
SAL40524,Goolwa South,1041,62,961,1.9,SA,2021
SAL40525,Gosse,25,48,1875,2.6,SA,2021
SAL40526,Gould Creek,240,44,2374,3.1,SA,2021
SAL40527,Goyder,24,35,2250,3.0,SA,2021
SAL40528,Grace Plains,61,41,1624,2.6,SA,2021
SAL40529,Grampus,11,43,1074,2.3,SA,2021
SAL40530,Grange (SA),6143,49,1709,2.3,SA,2021
SAL40531,Green Fields,170,35,1542,2.9,SA,2021
SAL40532,Green Hills Range,88,46,1625,2.7,SA,2021
SAL40533,Green Patch,53,47,1625,2.3,SA,2021
SAL40534,Greenacres,3356,33,1713,2.8,SA,2021
SAL40535,Greenhill (SA),454,40,2625,2.7,SA,2021
SAL40536,Greenock,1199,42,1883,2.7,SA,2021
SAL40537,Greenways,35,29,1374,2.3,SA,2021
SAL40538,Greenwith,10103,40,2002,2.7,SA,2021
SAL40539,Gulfview Heights,3674,41,1953,2.9,SA,2021
SAL40540,Gulnare,80,53,1312,2.1,SA,2021
SAL40541,Gum Creek,30,38,1125,2.8,SA,2021
SAL40542,Gumeracha,847,48,1583,2.5,SA,2021
SAL40543,Gurra Gurra,104,50,1687,2.3,SA,2021
SAL40544,Hackham,4491,40,1158,2.3,SA,2021
SAL40545,Hackham West,3620,41,928,2.3,SA,2021
SAL40546,Hacklins Corner,29,31,1625,3.6,SA,2021
SAL40547,Hackney,575,41,1107,1.8,SA,2021
SAL40548,Hahndorf,2814,51,1735,2.5,SA,2021
SAL40549,Haines,163,46,1275,2.7,SA,2021
SAL40550,Halbury,211,43,1152,2.5,SA,2021
SAL40551,Halidon,13,23,450,3.0,SA,2021
SAL40552,Hallelujah Hills,0,0,0,0.0,SA,2021
SAL40553,Hallett,166,46,780,2.2,SA,2021
SAL40554,Hallett Cove,12512,43,1871,2.6,SA,2021
SAL40555,Hambidge,0,0,0,0.0,SA,2021
SAL40556,Hamilton (SA),82,51,1271,2.4,SA,2021
SAL40557,Hamley,31,61,966,2.0,SA,2021
SAL40558,Hamley Bridge,709,47,1008,2.4,SA,2021
SAL40559,Hammond,22,53,933,2.4,SA,2021
SAL40560,Hampden (SA),75,47,924,2.5,SA,2021
SAL40561,Hampstead Gardens,1535,35,1559,2.4,SA,2021
SAL40562,Hansborough,47,55,1437,2.4,SA,2021
SAL40563,Hanson,23,53,899,2.7,SA,2021
SAL40564,Happy Valley (SA),11420,42,1573,2.5,SA,2021
SAL40565,Hardwicke Bay,149,61,735,1.9,SA,2021
SAL40566,Hardy,0,68,0,2.0,SA,2021
SAL40567,Harrogate,431,46,1942,2.7,SA,2021
SAL40568,Hart (SA),47,39,1833,2.8,SA,2021
SAL40569,Hartley (SA),149,50,1958,2.6,SA,2021
SAL40570,Haslam,63,49,1124,2.8,SA,2021
SAL40571,Hatherleigh,154,53,1312,2.3,SA,2021
SAL40572,Hawker (SA),301,51,1160,2.2,SA,2021
SAL40573,Hawson,119,49,1375,2.6,SA,2021
SAL40574,Hawthorn (SA),2221,43,2370,2.6,SA,2021
SAL40575,Hawthorndene,3389,41,2139,2.8,SA,2021
SAL40576,Hay Flat,72,48,1187,2.5,SA,2021
SAL40577,Hay Valley,25,42,1624,2.4,SA,2021
SAL40578,Hayborough,2238,48,1064,2.3,SA,2021
SAL40579,Hazelwood Park,1953,43,2300,2.6,SA,2021
SAL40580,Heathfield,1062,46,2298,2.8,SA,2021
SAL40581,Heathpool,596,41,2466,2.6,SA,2021
SAL40582,Hectorville,4241,38,1394,2.3,SA,2021
SAL40583,Hendon (SA),1271,40,1361,2.3,SA,2021
SAL40584,Henley Beach,6259,45,1879,2.3,SA,2021
SAL40585,Henley Beach South,2799,43,2096,2.5,SA,2021
SAL40586,Hewett,2961,38,2439,3.2,SA,2021
SAL40587,Highbury (SA),6956,41,2038,2.7,SA,2021
SAL40588,Highgate (SA),1504,41,2192,2.6,SA,2021
SAL40589,Highland Valley,384,47,2291,2.9,SA,2021
SAL40590,Hill River (SA),98,42,1625,2.9,SA,2021
SAL40591,Hillbank,5013,36,1813,2.7,SA,2021
SAL40592,Hillcrest (SA),3659,35,1599,2.6,SA,2021
SAL40593,Hillier,814,67,712,1.9,SA,2021
SAL40594,Hilltown,42,38,1437,2.4,SA,2021
SAL40595,Hilton (SA),908,34,1625,2.4,SA,2021
SAL40596,Hincks,0,0,0,0.0,SA,2021
SAL40597,Hindmarsh (SA),232,31,1426,1.8,SA,2021
SAL40598,Hindmarsh Island,1846,60,1123,2.2,SA,2021
SAL40599,Hindmarsh Tiers,111,44,1541,2.8,SA,2021
SAL40600,Hindmarsh Valley,648,45,1485,2.7,SA,2021
SAL40601,Holden Hill,3716,37,1363,2.4,SA,2021
SAL40602,Holder (SA),123,50,1416,2.3,SA,2021
SAL40603,Holder Siding,13,38,1649,2.3,SA,2021
SAL40604,Honiton,46,48,1687,2.4,SA,2021
SAL40605,Hope Forest,143,42,1949,2.9,SA,2021
SAL40606,Hope Gap,3,37,2750,4.0,SA,2021
SAL40607,Hope Valley (SA),8184,46,1270,2.3,SA,2021
SAL40608,Hornsdale,36,38,1749,3.4,SA,2021
SAL40609,Horsnell Gully,17,51,1874,2.6,SA,2021
SAL40610,Hoskin Corner,16,32,2124,3.4,SA,2021
SAL40611,Houghton,511,50,2356,2.8,SA,2021
SAL40612,Hove,3189,51,1479,2.2,SA,2021
SAL40613,Hoyleton,120,36,1274,2.7,SA,2021
SAL40614,Huddleston,23,51,1999,2.5,SA,2021
SAL40615,Humbug Scrub,410,53,2078,2.7,SA,2021
SAL40616,Huntfield Heights,4199,37,1239,2.4,SA,2021
SAL40617,Hyde Park (SA),1660,45,2208,2.2,SA,2021
SAL40618,Hynam,198,46,1708,2.6,SA,2021
SAL40619,Ingle Farm,9543,39,1286,2.5,SA,2021
SAL40620,Inglewood (SA),378,47,2233,2.9,SA,2021
SAL40621,Ingomar,19,22,2499,3.5,SA,2021
SAL40622,Inkerman (SA),23,39,2625,2.9,SA,2021
SAL40623,Inkster,14,52,1574,3.0,SA,2021
SAL40624,Inman Valley,361,54,1307,2.5,SA,2021
SAL40625,Innamincka,21,35,1187,2.7,SA,2021
SAL40626,Inneston,6,40,1437,1.8,SA,2021
SAL40627,Iron Knob,110,57,556,1.7,SA,2021
SAL40628,Ironbank,537,44,2573,2.9,SA,2021
SAL40629,Ironstone,20,55,1499,2.1,SA,2021
SAL40630,Island Beach,71,60,725,1.7,SA,2021
SAL40631,Island Lagoon,0,0,0,0.0,SA,2021
SAL40632,Iwantja,338,26,1287,4.6,SA,2021
SAL40633,Jabuk,56,44,1166,2.4,SA,2021
SAL40634,James Well,63,66,866,1.7,SA,2021
SAL40635,Jamestown,1549,49,1214,2.1,SA,2021
SAL40636,Jamieson (SA),0,51,2250,1.0,SA,2021
SAL40637,Jericho (SA),17,49,450,1.7,SA,2021
SAL40638,Jerusalem,424,38,1625,2.7,SA,2021
SAL40639,Jervois,258,39,1284,2.6,SA,2021
SAL40640,Joanna,106,50,1875,2.4,SA,2021
SAL40641,Johnburgh,10,61,3250,2.7,SA,2021
SAL40642,Joslin,1243,48,2323,2.6,SA,2021
SAL40643,Julanka Holdings,0,0,0,0.0,SA,2021
SAL40644,Julia,21,38,1499,2.2,SA,2021
SAL40645,Jupiter Creek,231,48,2305,2.8,SA,2021
SAL40646,Kadina,2944,49,1081,2.2,SA,2021
SAL40647,Kainton,54,35,1583,2.9,SA,2021
SAL40648,Kalamurina,3,46,2250,2.0,SA,2021
SAL40649,Kalanbi,27,51,1625,2.3,SA,2021
SAL40650,Kalangadoo,457,49,1114,2.3,SA,2021
SAL40651,Kalbeeba,411,49,1766,2.8,SA,2021
SAL40652,Kaldoonera,38,45,1624,3.3,SA,2021
SAL40653,Kalka,112,26,1337,5.6,SA,2021
SAL40654,Kallora,17,39,1812,2.4,SA,2021
SAL40655,Kaltjiti,261,28,1286,4.0,SA,2021
SAL40656,Kangarilla,905,49,1860,2.6,SA,2021
SAL40657,Kangaroo Flat (SA),104,46,2250,2.7,SA,2021
SAL40658,Kangaroo Head,18,60,1187,2.1,SA,2021
SAL40659,Kangaroo Inn,0,62,1375,1.5,SA,2021
SAL40660,Kanmantoo,686,38,1705,2.7,SA,2021
SAL40661,Kanni,36,43,1125,2.8,SA,2021
SAL40662,Kanpi,56,24,599,4.3,SA,2021
SAL40663,Kanyaka,8,58,1375,2.7,SA,2021
SAL40664,Kapinnie,42,26,2062,3.4,SA,2021
SAL40665,Kappawanta,0,67,7000,3.0,SA,2021
SAL40666,Kapunda,2947,49,1140,2.3,SA,2021
SAL40667,Karatta,37,53,1125,1.8,SA,2021
SAL40668,Karcultaby,23,34,1124,3.7,SA,2021
SAL40669,Karkoo,52,32,1875,2.8,SA,2021
SAL40670,Karoonda,517,55,822,2.1,SA,2021
SAL40671,Karte,32,39,1125,2.7,SA,2021
SAL40672,Katarapko,0,0,0,0.0,SA,2021
SAL40673,Keilira,58,39,1875,2.7,SA,2021
SAL40674,Keith,1405,43,1294,2.3,SA,2021
SAL40675,Kellidie Bay,21,59,1437,2.0,SA,2021
SAL40676,Kelly,59,35,1312,3.1,SA,2021
SAL40677,Kensington (SA),1808,43,1355,2.0,SA,2021
SAL40678,Kensington Gardens,2498,45,1571,2.2,SA,2021
SAL40679,Kensington Park,2627,42,2058,2.5,SA,2021
SAL40680,Kent Town,1443,36,1461,1.7,SA,2021
SAL40681,Kenton Valley,262,48,2194,2.8,SA,2021
SAL40682,Kepa,60,40,1875,2.5,SA,2021
SAL40683,Keppoch,65,45,1916,2.9,SA,2021
SAL40684,Kersbrook,1116,46,1992,2.7,SA,2021
SAL40685,Keswick,754,33,1432,2.3,SA,2021
SAL40686,Keswick Terminal,0,0,0,0.0,SA,2021
SAL40687,Keyneton,321,48,1398,2.5,SA,2021
SAL40688,Ki Ki,47,54,924,2.2,SA,2021
SAL40689,Kiana,10,33,575,3.3,SA,2021
SAL40690,Kidman Park,3874,44,1637,2.5,SA,2021
SAL40691,Kielpa,55,46,1187,2.6,SA,2021
SAL40692,Kilburn,5633,34,1179,2.6,SA,2021
SAL40693,Kilkenny,1846,39,1399,2.5,SA,2021
SAL40694,Kimba,608,50,1234,2.1,SA,2021
SAL40695,Kingoonya,4,50,900,2.0,SA,2021
SAL40696,Kings Park (SA),574,55,1647,2.2,SA,2021
SAL40697,Kingscote,1962,51,1103,2.1,SA,2021
SAL40698,Kingsford (SA),58,40,2624,3.4,SA,2021
SAL40699,Kingston On Murray,312,53,1257,2.2,SA,2021
SAL40700,Kingston Park,623,51,1910,2.4,SA,2021
SAL40701,Kingston Se,1342,56,1143,2.0,SA,2021
SAL40702,Kingswood (SA),2554,49,1898,2.5,SA,2021
SAL40703,Klemzig,6713,36,1488,2.3,SA,2021
SAL40704,Kohinoor,39,43,1687,2.7,SA,2021
SAL40705,Kondoolka,0,22,1625,4.0,SA,2021
SAL40706,Kongal,14,34,1875,2.4,SA,2021
SAL40707,Kongorong,221,41,1674,2.5,SA,2021
SAL40708,Koolgera,0,0,0,0.0,SA,2021
SAL40709,Koolunga,183,46,1275,2.4,SA,2021
SAL40710,Koolywurtie,101,39,1562,2.9,SA,2021
SAL40711,Koonamore,5,34,500,1.0,SA,2021
SAL40712,Koongawa,43,33,3250,3.3,SA,2021
SAL40713,Koonibba,140,31,695,3.0,SA,2021
SAL40714,Koonoona,7,45,2499,4.0,SA,2021
SAL40715,Koonunga,38,48,1916,2.2,SA,2021
SAL40716,Koorine,53,36,2187,3.1,SA,2021
SAL40717,Kooroona,17,64,1899,2.3,SA,2021
SAL40718,Koppamurra,60,44,1375,2.7,SA,2021
SAL40719,Koppio,61,53,1187,2.2,SA,2021
SAL40720,Korunye,224,45,1562,2.6,SA,2021
SAL40721,Kringin,3,65,225,2.0,SA,2021
SAL40722,Krondorf,63,48,4049,3.0,SA,2021
SAL40723,Krongart,4,75,7000,2.0,SA,2021
SAL40724,Kudla,551,42,1762,3.0,SA,2021
SAL40725,Kuitpo,198,55,2571,2.7,SA,2021
SAL40726,Kuitpo Colony,47,30,1624,3.1,SA,2021
SAL40727,Kulpara,56,36,1437,2.7,SA,2021
SAL40728,Kurralta Park,3139,32,1573,2.3,SA,2021
SAL40729,Kyancutta,63,52,1125,2.3,SA,2021
SAL40730,Kybunga,69,42,1874,2.8,SA,2021
SAL40731,Kybybolite,102,46,1208,2.1,SA,2021
SAL40732,Kyeema,21,53,2249,2.6,SA,2021
SAL40733,Laffer,53,35,1687,2.9,SA,2021
SAL40734,Lake Albert (SA),0,0,0,0.0,SA,2021
SAL40735,Lake Alexandrina,0,0,0,0.0,SA,2021
SAL40736,Lake Carlet,8,65,900,1.7,SA,2021
SAL40737,Lake Everard,3,23,1875,2.0,SA,2021
SAL40738,Lake Eyre,0,0,0,0.0,SA,2021
SAL40739,Lake Frome,0,0,0,0.0,SA,2021
SAL40740,Lake Gairdner,0,0,0,0.0,SA,2021
SAL40741,Lake Gilles,0,0,0,0.0,SA,2021
SAL40742,Lake Macfarlane,0,0,0,0.0,SA,2021
SAL40743,Lake Plains,48,47,850,2.6,SA,2021
SAL40744,Lake Torrens,0,0,0,0.0,SA,2021
SAL40745,Lake View,11,50,1625,3.0,SA,2021
SAL40746,Lameroo,857,45,1364,2.3,SA,2021
SAL40747,Langhorne Creek,444,49,1674,2.5,SA,2021
SAL40748,Langs Landing,4,71,0,3.0,SA,2021
SAL40749,Largs Bay,4104,46,1886,2.4,SA,2021
SAL40750,Largs North,4005,40,1614,2.3,SA,2021
SAL40751,Laura (SA),765,48,1042,2.3,SA,2021
SAL40752,Laura Bay,11,64,1312,1.8,SA,2021
SAL40753,Leabrook,1605,55,1693,2.0,SA,2021
SAL40754,Leasingham,114,48,1437,2.7,SA,2021
SAL40755,Leawood Gardens,57,44,2666,2.6,SA,2021
SAL40756,Leigh Creek (SA),91,40,1625,1.7,SA,2021
SAL40757,Leigh Creek Station,8,57,749,2.5,SA,2021
SAL40758,Leighton,46,48,1312,2.6,SA,2021
SAL40759,Lenswood,534,43,1968,2.8,SA,2021
SAL40760,Lewiston,3275,42,1910,2.9,SA,2021
SAL40761,Light Pass,256,49,1593,2.6,SA,2021
SAL40762,Lightsview,6090,32,1916,2.4,SA,2021
SAL40763,Lincoln National Park,0,58,824,1.5,SA,2021
SAL40764,Linden Park,2367,41,1893,2.7,SA,2021
SAL40765,Lindley,0,0,0,0.0,SA,2021
SAL40766,Lindon,8,52,1375,2.8,SA,2021
SAL40767,Linwood,41,33,1312,3.1,SA,2021
SAL40768,Lipson,211,55,1218,2.3,SA,2021
SAL40769,Little Douglas,8,63,1292,1.4,SA,2021
SAL40770,Littlehampton,3300,40,2086,2.8,SA,2021
SAL40771,Lobethal,2534,43,1529,2.5,SA,2021
SAL40772,Lochaber,122,38,2374,2.6,SA,2021
SAL40773,Lochiel (SA),104,50,1208,2.1,SA,2021
SAL40774,Lock,253,38,1125,2.2,SA,2021
SAL40775,Lockleys,5987,44,1869,2.5,SA,2021
SAL40776,Long Flat (SA),103,57,1937,2.4,SA,2021
SAL40777,Long Plains,62,29,1625,3.6,SA,2021
SAL40778,Longwood (SA),325,43,2349,3.0,SA,2021
SAL40779,Lonsdale,23,48,725,1.6,SA,2021
SAL40780,Louth Bay,125,58,969,1.8,SA,2021
SAL40781,Loveday,655,43,1379,2.5,SA,2021
SAL40782,Lowan Vale,32,47,2187,2.4,SA,2021
SAL40783,Lowbank,22,52,1999,2.5,SA,2021
SAL40784,Lower Broughton,40,33,2250,3.1,SA,2021
SAL40785,Lower Hermitage,195,46,2349,3.1,SA,2021
SAL40786,Lower Inman Valley,517,50,1812,2.7,SA,2021
SAL40787,Lower Light,203,45,1542,2.4,SA,2021
SAL40788,Lower Mitcham,2187,45,2045,2.5,SA,2021
SAL40789,Loxton,4677,47,1164,2.2,SA,2021
SAL40790,Loxton North,897,42,1542,2.5,SA,2021
SAL40791,Lucindale,637,47,1312,2.3,SA,2021
SAL40792,Lucky Bay,15,72,669,1.7,SA,2021
SAL40793,Lyndhurst (SA),3,55,900,1.3,SA,2021
SAL40794,Lyndoch,2151,44,1632,2.6,SA,2021
SAL40795,Lynton,222,51,2542,2.6,SA,2021
SAL40796,Lyrup,346,51,971,2.2,SA,2021
SAL40797,Maaoupe,93,42,2125,2.9,SA,2021
SAL40798,Mabel Creek,9,48,450,1.4,SA,2021
SAL40799,Macclesfield (SA),1413,47,1605,2.4,SA,2021
SAL40800,Macdonald Park,503,49,1557,2.8,SA,2021
SAL40801,Macgillivray,117,37,1937,3.1,SA,2021
SAL40802,Macumba,15,53,2250,3.7,SA,2021
SAL40803,Magarey,30,34,2250,2.2,SA,2021
SAL40804,Magdala,79,40,1468,2.7,SA,2021
SAL40805,Maggea,15,57,725,3.0,SA,2021
SAL40806,Magill,9693,40,1616,2.4,SA,2021
SAL40807,Mahanewo,3,64,1249,2.0,SA,2021
SAL40808,Maitland (SA),1312,51,1143,2.3,SA,2021
SAL40809,Makin,17,39,2374,2.8,SA,2021
SAL40810,Malinong,47,40,1833,2.6,SA,2021
SAL40811,Mallala,1042,37,1537,2.5,SA,2021
SAL40812,Malpas,9,63,1149,2.0,SA,2021
SAL40813,Maltee,13,46,2583,2.3,SA,2021
SAL40814,Malvern (SA),2713,46,2655,2.6,SA,2021
SAL40815,Mambray Creek,26,59,2083,1.6,SA,2021
SAL40816,Mangalo,56,32,1437,3.4,SA,2021
SAL40817,Manna Hill,4,69,0,1.3,SA,2021
SAL40818,Mannanarie,52,49,1916,2.5,SA,2021
SAL40819,Manningham,1391,39,1971,2.6,SA,2021
SAL40820,Mannum,2919,56,822,2.1,SA,2021
SAL40821,Manoora (SA),134,51,1152,2.2,SA,2021
SAL40822,Mansfield Park,4608,35,1390,3.0,SA,2021
SAL40823,Mantung,18,43,474,2.6,SA,2021
SAL40824,Marama,51,52,1124,2.1,SA,2021
SAL40825,Marananga,119,37,1656,2.7,SA,2021
SAL40826,Marble Hill,69,44,1624,2.8,SA,2021
SAL40827,Marcollat,98,35,1833,2.8,SA,2021
SAL40828,Marden,2645,36,1518,2.1,SA,2021
SAL40829,Marino,2277,47,2091,2.6,SA,2021
SAL40830,Marion,4101,43,1366,2.3,SA,2021
SAL40831,Marion Bay (SA),210,54,838,2.0,SA,2021
SAL40832,Markaranka,37,43,1562,2.1,SA,2021
SAL40833,Marks Landing,63,67,1041,1.6,SA,2021
SAL40834,Marla,38,46,1374,1.6,SA,2021
SAL40835,Marleston,1950,37,1418,2.1,SA,2021
SAL40836,Marola,8,42,0,5.0,SA,2021
SAL40837,Marrabel,101,44,1125,2.3,SA,2021
SAL40838,Marree,65,52,485,1.5,SA,2021
SAL40839,Marryatville,648,41,1757,2.5,SA,2021
SAL40840,Maryvale (SA),11,53,900,2.0,SA,2021
SAL40841,Maslin Beach,1213,46,1380,2.4,SA,2021
SAL40842,Matta Flat,82,43,1312,2.5,SA,2021
SAL40843,Maude (SA),3,87,2250,3.0,SA,2021
SAL40844,Mawson Lakes,13794,33,1940,2.6,SA,2021
SAL40845,Mayfield (SA),4,63,3750,2.0,SA,2021
SAL40846,Maylands (SA),1508,41,1832,2.2,SA,2021
SAL40847,McBean Pound,22,67,1124,1.7,SA,2021
SAL40848,McCallum,16,54,900,2.3,SA,2021
SAL40849,McCracken,2076,64,1006,2.0,SA,2021
SAL40850,McHarg Creek,72,51,1458,2.5,SA,2021
SAL40851,McLaren Flat,1625,40,2129,3.0,SA,2021
SAL40852,McLaren Vale,4061,54,1331,2.3,SA,2021
SAL40853,Meadows,1717,39,1964,2.7,SA,2021
SAL40854,Medindie,1175,45,3750,2.8,SA,2021
SAL40855,Medindie Gardens,352,43,2976,2.9,SA,2021
SAL40856,Melrose (SA),342,48,1416,2.3,SA,2021
SAL40857,Melrose Park (SA),2319,38,1583,2.4,SA,2021
SAL40858,Melton (SA),29,44,1624,2.6,SA,2021
SAL40859,Meningie,1118,55,1022,2.1,SA,2021
SAL40860,Meningie East,18,39,700,1.8,SA,2021
SAL40861,Meningie West,33,44,1062,2.1,SA,2021
SAL40862,Menzies (SA),83,38,2250,3.0,SA,2021
SAL40863,Mercunda,8,57,1125,2.7,SA,2021
SAL40864,Merghiny,17,44,1524,2.3,SA,2021
SAL40865,Meribah,39,36,1125,2.9,SA,2021
SAL40866,Merriton,55,45,1666,2.7,SA,2021
SAL40867,Middle Beach,94,49,1062,2.2,SA,2021
SAL40868,Middle River,23,45,1124,1.9,SA,2021
SAL40869,Middleback Range,3,32,0,4.0,SA,2021
SAL40870,Middleton (SA),1298,49,1330,2.3,SA,2021
SAL40871,Midgee (SA),21,60,1187,1.8,SA,2021
SAL40872,Mil-Lel,382,40,2238,3.0,SA,2021
SAL40873,Milang,962,55,858,2.0,SA,2021
SAL40874,Mile End,4536,36,1726,2.3,SA,2021
SAL40875,Mile End South,19,32,1375,1.8,SA,2021
SAL40876,Milendella,56,49,1274,2.4,SA,2021
SAL40877,Millbrook (SA),133,50,1031,2.3,SA,2021
SAL40878,Millicent,5110,49,980,2.2,SA,2021
SAL40879,Millswood,2173,45,2836,2.7,SA,2021
SAL40880,Miltalie,67,33,1916,3.2,SA,2021
SAL40881,Mimili,277,27,1286,3.8,SA,2021
SAL40882,Minbrie,33,51,1875,2.8,SA,2021
SAL40883,Minburra,4,61,1125,2.0,SA,2021
SAL40884,Mindarie (SA),32,57,725,2.6,SA,2021
SAL40885,Mingbool,123,43,1708,3.0,SA,2021
SAL40886,Minlaton,1018,56,1046,2.1,SA,2021
SAL40887,Minnipa,174,49,1124,2.0,SA,2021
SAL40888,Mintaro,218,52,1437,2.4,SA,2021
SAL40889,Minvalara,22,40,874,1.5,SA,2021
SAL40890,Miranda (SA),41,58,1312,1.6,SA,2021
SAL40891,Mitcham (SA),1832,44,1996,2.5,SA,2021
SAL40892,Mitchell (SA),47,31,2749,3.0,SA,2021
SAL40893,Mitchell Park (SA),5754,37,1160,2.2,SA,2021
SAL40894,Mitchellville,21,32,1749,2.8,SA,2021
SAL40895,Moana,3316,40,1631,2.5,SA,2021
SAL40896,Mobilong,7,47,1874,2.5,SA,2021
SAL40897,Moculta,228,45,1520,2.5,SA,2021
SAL40898,Modbury,5593,37,1342,2.3,SA,2021
SAL40899,Modbury Heights,6995,40,1573,2.6,SA,2021
SAL40900,Modbury North,5704,40,1596,2.6,SA,2021
SAL40901,Moerlong,24,44,1499,2.6,SA,2021
SAL40902,Monarto,203,45,1471,2.5,SA,2021
SAL40903,Monarto South,152,40,1774,2.7,SA,2021
SAL40904,Monash (SA),1110,47,1488,2.5,SA,2021
SAL40905,Monbulla,122,47,1333,2.5,SA,2021
SAL40906,Mongolata,7,29,1125,1.7,SA,2021
SAL40907,Montacute,332,46,1850,2.8,SA,2021
SAL40908,Montarra,28,53,1875,2.5,SA,2021
SAL40909,Monteith,104,48,1312,2.6,SA,2021
SAL40910,Moockra,12,35,725,2.0,SA,2021
SAL40911,Moody,19,49,1625,2.7,SA,2021
SAL40912,Mooleulooloo,25,45,1625,3.4,SA,2021
SAL40913,Moonaree,4,53,1875,1.7,SA,2021
SAL40914,Moonta,624,60,717,1.7,SA,2021
SAL40915,Moonta Bay,2633,59,1033,2.2,SA,2021
SAL40916,Moonta Mines,177,55,1053,2.2,SA,2021
SAL40917,Moorak,1412,42,2006,2.8,SA,2021
SAL40918,Moorlands,64,46,1083,2.8,SA,2021
SAL40919,Moorook,171,50,1166,2.5,SA,2021
SAL40920,Moorook South,166,60,1097,2.0,SA,2021
SAL40921,Moppa,69,42,2125,2.8,SA,2021
SAL40922,Morchard,19,59,1124,2.0,SA,2021
SAL40923,Morgan,509,55,745,1.9,SA,2021
SAL40924,Morn Hill,12,32,1624,3.0,SA,2021
SAL40925,Morphett Vale,24002,40,1199,2.3,SA,2021
SAL40926,Morphetts Flat,9,59,1375,1.7,SA,2021
SAL40927,Morphettville,3686,39,1414,2.2,SA,2021
SAL40928,Mortana,23,20,1649,3.3,SA,2021
SAL40929,Moseley,19,36,2250,3.4,SA,2021
SAL40930,Mosquito Hill,137,45,2024,2.6,SA,2021
SAL40931,Motpena,6,62,2124,1.6,SA,2021
SAL40932,Mount Barker (SA),18330,36,1624,2.5,SA,2021
SAL40933,Mount Barker Junction,8,39,3999,3.3,SA,2021
SAL40934,Mount Barker Springs,174,49,3028,2.9,SA,2021
SAL40935,Mount Barker Summit,100,50,1625,2.8,SA,2021
SAL40936,Mount Benson,130,49,1416,2.4,SA,2021
SAL40937,Mount Bryan,114,51,816,2.2,SA,2021
SAL40938,Mount Bryan East,7,64,575,1.5,SA,2021
SAL40939,Mount Burr,367,52,1006,2.2,SA,2021
SAL40940,Mount Charles,58,44,1812,2.6,SA,2021
SAL40941,Mount Compass,1580,40,1655,2.8,SA,2021
SAL40942,Mount Cooper (SA),14,18,899,4.3,SA,2021
SAL40943,Mount Crawford,138,48,1724,2.7,SA,2021
SAL40944,Mount Damper,37,34,2124,3.2,SA,2021
SAL40945,Mount Drummond,14,42,3749,2.8,SA,2021
SAL40946,Mount Dutton Bay,53,57,1174,1.6,SA,2021
SAL40947,Mount Gambier,25591,41,1197,2.2,SA,2021
SAL40948,Mount George (SA),276,53,2416,2.5,SA,2021
SAL40949,Mount Hope (SA),41,52,1187,2.3,SA,2021
SAL40950,Mount Ive,12,30,1125,3.0,SA,2021
SAL40951,Mount Jagged,155,41,1800,2.8,SA,2021
SAL40952,Mount Joy,7,35,1375,1.0,SA,2021
SAL40953,Mount Light,155,46,1937,2.7,SA,2021
SAL40954,Mount Magnificent,60,49,1624,2.1,SA,2021
SAL40955,Mount Mary,36,48,466,2.1,SA,2021
SAL40956,Mount Mcintyre,70,50,1833,2.4,SA,2021
SAL40957,Mount Mckenzie,58,50,1625,2.4,SA,2021
SAL40958,Mount Observation (SA),10,39,2250,3.5,SA,2021
SAL40959,Mount Osmond,464,46,2777,2.8,SA,2021
SAL40960,Mount Pleasant (SA),1058,48,1321,2.3,SA,2021
SAL40961,Mount Schank,264,38,1968,2.8,SA,2021
SAL40962,Mount Serle,11,43,1249,2.5,SA,2021
SAL40963,Mount Templeton,50,29,1292,2.3,SA,2021
SAL40964,Mount Torrens,768,45,1896,2.8,SA,2021
SAL40965,Mount Wedge,17,28,1999,5.0,SA,2021
SAL40966,Mount Willoughby,17,59,3250,4.3,SA,2021
SAL40967,Moyhall,52,42,2833,2.8,SA,2021
SAL40968,Mudamuckla,81,32,1875,3.5,SA,2021
SAL40969,Mulgundawa,41,38,2250,2.6,SA,2021
SAL40970,Mullaquana,272,52,1575,2.4,SA,2021
SAL40971,Muloorina,26,39,1624,2.5,SA,2021
SAL40972,Mundallio,0,59,0,2.0,SA,2021
SAL40973,Mundic Creek,30,58,899,2.1,SA,2021
SAL40974,Mundoo Island,0,0,0,0.0,SA,2021
SAL40975,Mundoora,134,49,1075,2.4,SA,2021
SAL40976,Mundulla,432,50,1671,2.3,SA,2021
SAL40977,Mundulla West,91,35,2125,3.2,SA,2021
SAL40978,Mungeranie,14,28,1687,2.8,SA,2021
SAL40979,Munno Para,4719,31,1234,2.5,SA,2021
SAL40980,Munno Para Downs,181,50,1542,3.2,SA,2021
SAL40981,Munno Para West,7577,27,1567,2.8,SA,2021
SAL40982,Murbko,105,64,885,1.9,SA,2021
SAL40983,Murdinga,72,30,1312,2.7,SA,2021
SAL40984,Murlong,27,27,1374,3.6,SA,2021
SAL40985,Murputja - Nyapari,13,35,1374,1.3,SA,2021
SAL40986,Murrawong,19,73,762,2.0,SA,2021
SAL40987,Murray Bridge,15043,42,1005,2.2,SA,2021
SAL40988,Murray Bridge East,1196,47,1439,2.4,SA,2021
SAL40989,Murray Bridge North,142,49,1166,2.6,SA,2021
SAL40990,Murray Bridge South,189,41,1949,2.9,SA,2021
SAL40991,Murray Town,58,55,900,2.3,SA,2021
SAL40992,Murtho,195,47,1666,2.7,SA,2021
SAL40993,Muston,34,56,1024,1.9,SA,2021
SAL40994,Mutooroo,36,44,1125,2.4,SA,2021
SAL40995,Mylor,1067,47,1990,2.7,SA,2021
SAL40996,Mypolonga,506,43,1226,2.6,SA,2021
SAL40997,Myponga,771,38,1531,2.8,SA,2021
SAL40998,Myponga Beach,51,57,1812,2.1,SA,2021
SAL40999,Myrtle Bank (SA),3158,54,1683,2.3,SA,2021
SAL41000,Nackara,0,52,0,0.0,SA,2021
SAL41001,Nadia,3,68,0,0.0,SA,2021
SAL41002,Naidia,0,65,1074,1.5,SA,2021
SAL41003,Nailsworth,2235,39,2059,2.6,SA,2021
SAL41004,Nain,32,49,1375,2.4,SA,2021
SAL41005,Nairne,5327,36,1776,2.6,SA,2021
SAL41006,Nalyappa,18,54,1375,2.0,SA,2021
SAL41007,Nangkita,242,45,1583,2.7,SA,2021
SAL41008,Nangwarry,505,45,900,2.2,SA,2021
SAL41009,Nantawarra,67,32,1625,3.0,SA,2021
SAL41010,Napperby,666,44,1176,2.5,SA,2021
SAL41011,Naracoorte,6211,40,1373,2.4,SA,2021
SAL41012,Narridy,59,45,1375,2.4,SA,2021
SAL41013,Narrung (SA),183,33,1020,2.3,SA,2021
SAL41014,Naturi,25,45,1375,2.5,SA,2021
SAL41015,Neales Flat,78,50,1395,2.5,SA,2021
SAL41016,Nectar Brook,17,50,1624,3.0,SA,2021
SAL41017,Nelshaby,188,51,1271,2.4,SA,2021
SAL41018,Nene Valley,99,56,1812,2.5,SA,2021
SAL41019,Nepabunna,26,51,575,1.6,SA,2021
SAL41020,Nepean Bay,140,51,875,2.0,SA,2021
SAL41021,Netherby (SA),1510,43,2537,2.7,SA,2021
SAL41022,Netherton,36,47,1374,2.8,SA,2021
SAL41023,Netley,1910,42,1333,2.4,SA,2021
SAL41024,New Port,647,41,1485,1.7,SA,2021
SAL41025,New Residence,95,48,2349,2.6,SA,2021
SAL41026,New Town (SA),1291,42,1221,2.5,SA,2021
SAL41027,New Well,21,42,649,2.3,SA,2021
SAL41028,Newland,52,33,1708,2.8,SA,2021
SAL41029,Newton,5117,41,1550,2.5,SA,2021
SAL41030,Ngapala,61,44,1625,2.7,SA,2021
SAL41031,Ngarkat,4,60,2250,2.0,SA,2021
SAL41032,Nildottie,220,56,861,2.1,SA,2021
SAL41033,Ninnes,65,34,1875,2.8,SA,2021
SAL41034,Noarlunga Centre,203,40,1135,1.8,SA,2021
SAL41035,Noarlunga Downs,4031,39,1189,2.3,SA,2021
SAL41036,Nora Creina,37,55,749,2.0,SA,2021
SAL41037,Normanville (SA),1965,61,998,2.1,SA,2021
SAL41038,North Adelaide,6823,39,1867,1.9,SA,2021
SAL41039,North Beach (SA),676,54,1037,2.1,SA,2021
SAL41040,North Booborowie,21,41,1125,3.1,SA,2021
SAL41041,North Brighton,2665,49,1772,2.5,SA,2021
SAL41042,North Cape,0,63,2250,2.0,SA,2021
SAL41043,North Haven (SA),5585,51,1568,2.3,SA,2021
SAL41044,North Moonta,605,68,831,2.0,SA,2021
SAL41045,North Plympton,3610,40,1650,2.3,SA,2021
SAL41046,North Shields,338,49,1733,2.5,SA,2021
SAL41047,North West Bend,18,62,1125,1.9,SA,2021
SAL41048,North Yelta,0,0,0,0.0,SA,2021
SAL41049,Northern Heights,305,42,1384,2.4,SA,2021
SAL41050,Northfield,5043,35,1420,2.6,SA,2021
SAL41051,Northgate (SA),3184,38,2207,3.0,SA,2021
SAL41052,Norton Summit,548,41,2316,2.8,SA,2021
SAL41053,Norwood (SA),6354,40,1752,2.0,SA,2021
SAL41054,Notts Well,0,72,1125,1.5,SA,2021
SAL41055,Novar Gardens,2508,45,1468,2.4,SA,2021
SAL41056,Nullarbor,71,38,1649,1.7,SA,2021
SAL41057,Nunjikompita,34,26,1625,2.3,SA,2021
SAL41058,Nuriootpa,6901,45,1318,2.3,SA,2021
SAL41059,Nurom,33,54,1625,3.0,SA,2021
SAL41060,Nurragi,30,40,1625,2.4,SA,2021
SAL41061,O'Halloran Hill,2722,40,1558,2.5,SA,2021
SAL41062,O'Sullivan Beach,1844,44,1072,2.2,SA,2021
SAL41063,Oak Valley (SA),96,44,1312,2.3,SA,2021
SAL41064,Oakbank,865,48,2024,2.5,SA,2021
SAL41065,Oakden,3583,42,1462,2.4,SA,2021
SAL41066,Oakden Hills,5,47,2250,2.5,SA,2021
SAL41067,Oaklands Park,3948,39,1208,2.0,SA,2021
SAL41068,Ob Flat,470,48,2104,2.6,SA,2021
SAL41069,Olary,4,59,549,1.5,SA,2021
SAL41070,Old Calperum,12,57,2750,2.5,SA,2021
SAL41071,Old Noarlunga,1531,41,1485,2.5,SA,2021
SAL41072,Old Reynella,3458,42,1387,2.4,SA,2021
SAL41073,Old Teal Flat,0,0,0,0.0,SA,2021
SAL41074,Olympic Dam,308,36,1625,1.0,SA,2021
SAL41075,One Tree Hill,1043,45,2317,3.0,SA,2021
SAL41076,Onkaparinga Hills,2610,45,2078,2.9,SA,2021
SAL41077,Oodla Wirra,5,49,1625,2.0,SA,2021
SAL41078,Oodnadatta,102,38,668,2.5,SA,2021
SAL41079,Orroroo,578,54,966,2.1,SA,2021
SAL41080,Osborne (SA),1951,41,1336,2.3,SA,2021
SAL41081,Ottoway,2783,37,1221,2.6,SA,2021
SAL41082,Outer Harbor,13,66,1074,1.0,SA,2021
SAL41083,Overland Corner,64,46,1374,2.4,SA,2021
SAL41084,Ovingham,766,36,1433,2.1,SA,2021
SAL41085,Owen,509,42,1086,2.5,SA,2021
SAL41086,Padthaway,321,44,1260,2.2,SA,2021
SAL41087,Paechtown,204,51,2386,2.8,SA,2021
SAL41088,Pages Flat,164,44,2100,3.0,SA,2021
SAL41089,Paisley,96,48,1062,2.3,SA,2021
SAL41090,Palkagee,15,18,1375,4.3,SA,2021
SAL41091,Pallamana,68,50,1281,2.8,SA,2021
SAL41092,Palmer (SA),215,50,1263,2.4,SA,2021
SAL41093,Pandurra,15,53,2750,3.0,SA,2021
SAL41094,Panitya (SA),10,24,2250,3.0,SA,2021
SAL41095,Panorama,2388,43,1863,2.6,SA,2021
SAL41096,Para Hills,6793,36,1420,2.6,SA,2021
SAL41097,Para Hills West,3295,38,1127,2.3,SA,2021
SAL41098,Para Vista,3023,40,1276,2.4,SA,2021
SAL41099,Parachilna,0,55,350,1.0,SA,2021
SAL41100,Paracombe,435,47,2092,2.8,SA,2021
SAL41101,Paradise (SA),7217,43,1386,2.4,SA,2021
SAL41102,Parafield,21,22,0,0.0,SA,2021
SAL41103,Parafield Gardens,18467,36,1384,2.9,SA,2021
SAL41104,Parakylia,6,60,1125,1.7,SA,2021
SAL41105,Paralowie,17504,35,1479,2.9,SA,2021
SAL41106,Paramatta,9,40,2374,2.3,SA,2021
SAL41107,Paratoo,5,16,0,0.0,SA,2021
SAL41108,Parawa,91,56,1281,1.9,SA,2021
SAL41109,Parham,185,56,1089,2.0,SA,2021
SAL41110,Parilla,159,40,1687,2.4,SA,2021
SAL41111,Paringa,1131,41,1344,2.4,SA,2021
SAL41112,Paris Creek,206,52,1768,2.5,SA,2021
SAL41113,Park Holme,3199,37,1297,2.2,SA,2021
SAL41114,Parkside (SA),5126,39,2040,2.3,SA,2021
SAL41115,Parnaroo,6,33,2750,2.0,SA,2021
SAL41116,Parndana,155,43,1100,2.3,SA,2021
SAL41117,Parrakie,78,53,1375,2.5,SA,2021
SAL41118,Parsons Beach,19,66,1312,1.3,SA,2021
SAL41119,Paruna,36,53,850,1.7,SA,2021
SAL41120,Pasadena,3073,49,1381,2.3,SA,2021
SAL41121,Paskeville,149,47,1042,2.2,SA,2021
SAL41122,Pata,81,54,1437,2.3,SA,2021
SAL41123,Payneham,2438,38,1414,2.0,SA,2021
SAL41124,Payneham South,1731,39,1560,2.4,SA,2021
SAL41125,Peake,104,49,900,2.0,SA,2021
SAL41126,Pearlah,66,39,1375,3.2,SA,2021
SAL41127,Peebinga,35,46,1125,2.0,SA,2021
SAL41128,Peep Hill,22,44,1374,2.6,SA,2021
SAL41129,Pekina,70,47,1124,2.4,SA,2021
SAL41130,Pelican Lagoon,48,68,833,1.9,SA,2021
SAL41131,Pelican Point (SA),81,63,912,1.8,SA,2021
SAL41132,Pellaring Flat,7,50,725,2.3,SA,2021
SAL41133,Penfield,422,70,653,1.8,SA,2021
SAL41134,Penfield Gardens,304,48,1593,3.0,SA,2021
SAL41135,Penneshaw,269,54,961,1.9,SA,2021
SAL41136,Pennington,3773,41,1276,2.5,SA,2021
SAL41137,Penola,1622,47,1369,2.2,SA,2021
SAL41138,Penong,280,49,1100,2.3,SA,2021
SAL41139,Penrice,486,43,2009,2.7,SA,2021
SAL41140,Penwortham,163,52,1821,2.5,SA,2021
SAL41141,Perlubie,45,62,962,2.3,SA,2021
SAL41142,Perponda,45,48,1124,2.1,SA,2021
SAL41143,Peterborough (SA),1490,55,706,1.8,SA,2021
SAL41144,Peterhead,1201,40,1346,2.1,SA,2021
SAL41145,Petersville,75,48,1208,2.3,SA,2021
SAL41146,Petherick,40,35,1874,2.8,SA,2021
SAL41147,Petina,36,37,1624,2.8,SA,2021
SAL41148,Petwood,90,42,1812,3.0,SA,2021
SAL41149,Pewsey Vale,84,48,2250,3.0,SA,2021
SAL41150,Piccadilly (SA),405,41,2386,2.8,SA,2021
SAL41151,Piednippie,16,41,1375,2.7,SA,2021
SAL41152,Pike River,52,49,1875,2.5,SA,2021
SAL41153,Pimba,25,52,1416,1.6,SA,2021
SAL41154,Pimbaacla,18,35,2750,2.3,SA,2021
SAL41155,Pine Creek (SA),0,0,0,0.0,SA,2021
SAL41156,Pine Creek Station,0,0,0,0.0,SA,2021
SAL41157,Pine Hill,66,34,1937,2.5,SA,2021
SAL41158,Pine Point,88,55,866,2.1,SA,2021
SAL41159,Pinery,87,41,1468,2.7,SA,2021
SAL41160,Pinkawillinie,51,33,1275,3.2,SA,2021
SAL41161,Pinkerton Plains,74,42,1937,2.7,SA,2021
SAL41162,Pinks Beach,87,65,911,1.8,SA,2021
SAL41163,Pinnaroo,768,43,1257,2.0,SA,2021
SAL41164,Pipalyatjara,159,30,1291,3.3,SA,2021
SAL41165,Pirie East,37,50,2125,2.5,SA,2021
SAL41166,Pleasant Park,37,62,1208,2.1,SA,2021
SAL41167,Plympton,5459,34,1598,2.3,SA,2021
SAL41168,Plympton Park,3881,36,1667,2.4,SA,2021
SAL41169,Point Boston,62,36,1437,2.6,SA,2021
SAL41170,Point Lowly,34,64,1291,1.9,SA,2021
SAL41171,Point Pass,123,52,1093,2.5,SA,2021
SAL41172,Point Pearce,147,26,433,2.7,SA,2021
SAL41173,Point Souttar,34,61,1875,2.1,SA,2021
SAL41174,Point Sturt,64,56,1124,2.3,SA,2021
SAL41175,Point Turton,350,61,1050,2.0,SA,2021
SAL41176,Polda,9,23,2750,5.0,SA,2021
SAL41177,Polish Hill River,38,56,2750,2.6,SA,2021
SAL41178,Poltalloch,41,29,1437,2.6,SA,2021
SAL41179,Pompoota,65,50,917,2.1,SA,2021
SAL41180,Ponde,59,54,949,1.9,SA,2021
SAL41181,Poochera,67,38,1062,2.8,SA,2021
SAL41182,Pooginagoric,55,51,1937,2.5,SA,2021
SAL41183,Pooginook,8,59,2250,2.0,SA,2021
SAL41184,Poonindie,210,34,1625,2.9,SA,2021
SAL41185,Pooraka,7583,38,1225,2.5,SA,2021
SAL41186,Porky Flat,16,38,2874,3.3,SA,2021
SAL41187,Port Adelaide,1338,45,1230,1.9,SA,2021
SAL41188,Port Arthur (SA),0,75,725,2.0,SA,2021
SAL41189,Port Augusta,6437,39,1092,2.2,SA,2021
SAL41190,Port Augusta West,4046,40,1396,2.3,SA,2021
SAL41191,Port Bonython,14,67,949,2.0,SA,2021
SAL41192,Port Broughton,1312,62,997,2.0,SA,2021
SAL41193,Port Davis,4,35,1024,3.0,SA,2021
SAL41194,Port Elliot,2251,61,1073,2.1,SA,2021
SAL41195,Port Gawler,112,36,2100,3.4,SA,2021
SAL41196,Port Germein,368,59,917,1.9,SA,2021
SAL41197,Port Gibbon,8,58,1949,1.5,SA,2021
SAL41198,Port Hughes,647,61,1231,2.1,SA,2021
SAL41199,Port Julia,59,66,767,1.7,SA,2021
SAL41200,Port Kenny,59,52,662,1.9,SA,2021
SAL41201,Port Lincoln,14458,41,1243,2.3,SA,2021
SAL41202,Port Macdonnell,859,53,1288,2.2,SA,2021
SAL41203,Port Mannum,239,53,949,2.1,SA,2021
SAL41204,Port Moorowie,93,65,780,1.7,SA,2021
SAL41205,Port Neill,218,56,850,1.8,SA,2021
SAL41206,Port Noarlunga,3245,46,1369,2.3,SA,2021
SAL41207,Port Noarlunga South,3058,39,1530,2.5,SA,2021
SAL41208,Port Paterson,73,45,1666,2.7,SA,2021
SAL41209,Port Pirie,176,77,599,1.4,SA,2021
SAL41210,Port Pirie South,3878,43,1145,2.2,SA,2021
SAL41211,Port Pirie West,2556,45,822,2.0,SA,2021
SAL41212,Port Rickaby,69,67,787,2.1,SA,2021
SAL41213,Port Victoria,397,60,946,1.9,SA,2021
SAL41214,Port Vincent,534,65,934,1.8,SA,2021
SAL41215,Port Wakefield,661,44,1093,2.2,SA,2021
SAL41216,Port Willunga,1785,44,1313,2.3,SA,2021
SAL41217,Porter Lagoon,8,43,2250,4.0,SA,2021
SAL41218,Price,205,58,715,1.9,SA,2021
SAL41219,Proof Range,20,28,2062,2.1,SA,2021
SAL41220,Prospect (SA),14584,37,2001,2.5,SA,2021
SAL41221,Prospect Hill,158,47,2071,2.9,SA,2021
SAL41222,Pukatja,519,27,1240,4.4,SA,2021
SAL41223,Puntabie,4,69,900,2.0,SA,2021
SAL41224,Punthari,42,50,900,2.4,SA,2021
SAL41225,Punyelroo,39,66,780,1.8,SA,2021
SAL41226,Pureba,0,23,0,0.0,SA,2021
SAL41227,Purnong,55,58,860,2.0,SA,2021
SAL41228,Pyap,175,41,1792,2.8,SA,2021
SAL41229,Pyap West,35,38,2374,3.0,SA,2021
SAL41230,Pygery,64,35,1125,2.9,SA,2021
SAL41231,Qualco,47,52,1125,2.0,SA,2021
SAL41232,Queenstown (SA),1943,43,1115,2.1,SA,2021
SAL41233,Quorn,1232,53,1017,2.0,SA,2021
SAL41234,Racecourse Bay,27,53,1125,2.3,SA,2021
SAL41235,Ramco,135,56,1446,2.1,SA,2021
SAL41236,Ramco Heights,135,52,1392,2.4,SA,2021
SAL41237,Ramsay (SA),74,47,1562,2.6,SA,2021
SAL41238,Rapid Bay,15,56,450,1.2,SA,2021
SAL41239,Red Creek,145,39,2214,3.4,SA,2021
SAL41240,Redbanks,185,46,1604,2.6,SA,2021
SAL41241,Redhill,147,49,916,2.1,SA,2021
SAL41242,Redwood Park,5367,40,1832,2.6,SA,2021
SAL41243,Reedy Creek (SA),94,42,1312,2.5,SA,2021
SAL41244,Reeves Plains,129,48,1542,2.9,SA,2021
SAL41245,Regency Park,60,81,725,1.0,SA,2021
SAL41246,Reid (SA),436,33,2026,3.0,SA,2021
SAL41247,Rendelsham,229,43,1213,2.5,SA,2021
SAL41248,Renmark,4705,44,1017,2.2,SA,2021
SAL41249,Renmark North,678,42,1395,2.6,SA,2021
SAL41250,Renmark South,423,46,1680,2.6,SA,2021
SAL41251,Renmark West,1358,41,1685,2.7,SA,2021
SAL41252,Renown Park,1663,37,1164,2.2,SA,2021
SAL41253,Reynella,4836,38,1346,2.4,SA,2021
SAL41254,Reynella East,1990,45,1215,2.3,SA,2021
SAL41255,Rhynie,138,58,912,2.0,SA,2021
SAL41256,Richmond (SA),3474,36,1383,2.2,SA,2021
SAL41257,Ridgehaven,4304,43,1307,2.3,SA,2021
SAL41258,Ridleyton,1180,35,1465,2.1,SA,2021
SAL41259,Risdon Park,3878,43,1096,2.2,SA,2021
SAL41260,Risdon Park South,2230,41,1385,2.4,SA,2021
SAL41261,Riverglades,856,50,1415,2.5,SA,2021
SAL41262,Riverglen,19,32,1687,2.5,SA,2021
SAL41263,Riverton (SA),1029,57,1023,2.1,SA,2021
SAL41264,Robe,1252,54,1244,2.1,SA,2021
SAL41265,Robertstown,223,59,748,1.9,SA,2021
SAL41266,Rochester (SA),5,61,900,1.7,SA,2021
SAL41267,Rockleigh,287,45,1312,2.6,SA,2021
SAL41268,Rocky Camp,133,50,1343,2.4,SA,2021
SAL41269,Rocky Gully (SA),113,44,1375,2.3,SA,2021
SAL41270,Rocky Plain (SA),8,60,225,2.0,SA,2021
SAL41271,Rocky Point (SA),0,0,0,0.0,SA,2021
SAL41272,Rogues Point,34,64,1458,2.0,SA,2021
SAL41273,Rose Park,1375,44,2411,2.4,SA,2021
SAL41274,Rosedale (SA),190,42,1937,2.7,SA,2021
SAL41275,Rosetown,165,47,977,2.1,SA,2021
SAL41276,Rosewater,3582,39,1314,2.3,SA,2021
SAL41277,Roseworthy,1041,38,2073,3.0,SA,2021
SAL41278,Rosslyn Park,1469,49,2220,2.5,SA,2021
SAL41279,Rostrevor,8452,41,1791,2.7,SA,2021
SAL41280,Rowland Flat,110,45,1958,2.6,SA,2021
SAL41281,Roxby Downs,3671,30,3142,2.7,SA,2021
SAL41282,Royal Park,3453,37,1414,2.3,SA,2021
SAL41283,Royston Park,1246,45,2105,2.6,SA,2021
SAL41284,Rudall,71,46,774,2.3,SA,2021
SAL41285,SA Remainder,0,0,0,0.0,SA,2021
SAL41286,Saddleworth,483,55,894,2.0,SA,2021
SAL41287,Saints,11,28,1375,3.3,SA,2021
SAL41288,Salisbury (SA),8841,37,1029,2.5,SA,2021
SAL41289,Salisbury Downs,6296,37,1134,2.6,SA,2021
SAL41290,Salisbury East,9273,40,1163,2.4,SA,2021
SAL41291,Salisbury Heights,4488,38,1795,2.8,SA,2021
SAL41292,Salisbury North,10683,35,1068,2.5,SA,2021
SAL41293,Salisbury Park,2276,41,1231,2.5,SA,2021
SAL41294,Salisbury Plain,1333,37,1258,2.6,SA,2021
SAL41295,Salisbury South,78,83,525,1.1,SA,2021
SAL41296,Salt Creek,32,55,1124,2.4,SA,2021
SAL41297,Salter Springs,59,48,2374,2.8,SA,2021
SAL41298,Saltia,21,33,1499,3.0,SA,2021
SAL41299,Sampson Flat,147,45,2277,2.9,SA,2021
SAL41300,Sandalwood,62,48,1062,2.5,SA,2021
SAL41301,Sandergrove,98,36,2042,2.7,SA,2021
SAL41302,Sanderston,79,47,725,2.0,SA,2021
SAL41303,Sandilands (SA),85,41,1625,2.8,SA,2021
SAL41304,Sandleton,20,63,774,1.7,SA,2021
SAL41305,Sandy Creek (SA),360,39,2322,3.1,SA,2021
SAL41306,Sandy Grove,124,48,1375,2.5,SA,2021
SAL41307,Sapphiretown,21,55,1083,1.8,SA,2021
SAL41308,Sceale Bay,55,58,866,2.2,SA,2021
SAL41309,Schell Well,8,66,2750,2.3,SA,2021
SAL41310,Scott Creek,225,50,2166,2.7,SA,2021
SAL41311,Seacliff,2117,46,1931,2.4,SA,2021
SAL41312,Seacliff Park,2644,41,1693,2.4,SA,2021
SAL41313,Seacombe Gardens,3373,35,1420,2.3,SA,2021
SAL41314,Seacombe Heights,1549,40,1917,2.6,SA,2021
SAL41315,Seaford (SA),4493,43,1254,2.3,SA,2021
SAL41316,Seaford Heights,1079,29,2170,2.6,SA,2021
SAL41317,Seaford Meadows,5102,31,1663,2.7,SA,2021
SAL41318,Seaford Rise,6105,39,1494,2.6,SA,2021
SAL41319,Seal Bay,7,45,1125,3.0,SA,2021
SAL41320,Seaton (SA),10877,40,1300,2.3,SA,2021
SAL41321,Seaview Downs,2718,42,1741,2.6,SA,2021
SAL41322,Sebastopol (SA),49,54,1812,2.4,SA,2021
SAL41323,Second Valley,154,65,1019,1.8,SA,2021
SAL41324,Sedan,212,40,1052,2.4,SA,2021
SAL41325,Seddon (SA),107,37,1708,2.9,SA,2021
SAL41326,Sefton Park,1274,39,1663,2.5,SA,2021
SAL41327,Sellicks Beach,2705,41,1424,2.4,SA,2021
SAL41328,Sellicks Hill,299,51,1792,2.6,SA,2021
SAL41329,Semaphore,2749,50,1718,2.2,SA,2021
SAL41330,Semaphore Park,4541,46,1262,2.2,SA,2021
SAL41331,Semaphore South,1031,44,1676,2.2,SA,2021
SAL41332,Senior,120,41,2035,3.2,SA,2021
SAL41333,Seppeltsfield,144,45,2250,2.7,SA,2021
SAL41334,Sevenhill,163,49,1562,2.4,SA,2021
SAL41335,Shaugh,54,30,1666,2.6,SA,2021
SAL41336,Shea-Oak Log,141,49,1724,2.7,SA,2021
SAL41337,Sheaoak Flat,28,63,1062,1.8,SA,2021
SAL41338,Sheidow Park,6731,38,2024,2.8,SA,2021
SAL41339,Sheringa,32,55,1125,2.5,SA,2021
SAL41340,Sherlock (SA),70,58,1208,2.3,SA,2021
SAL41341,Sherwood (SA),89,39,1937,2.4,SA,2021
SAL41342,Short,22,47,1149,2.9,SA,2021
SAL41343,Silverton (SA),35,56,774,2.0,SA,2021
SAL41344,Skye (SA),293,50,2594,2.6,SA,2021
SAL41345,Sleaford,31,53,1624,2.6,SA,2021
SAL41346,Smithfield (SA),2482,35,1049,2.5,SA,2021
SAL41347,Smithfield Plains,3305,29,1008,2.6,SA,2021
SAL41348,Smoky Bay,216,57,1237,2.1,SA,2021
SAL41349,Snowtown,425,54,771,2.0,SA,2021
SAL41350,Solomon,65,36,1625,3.1,SA,2021
SAL41351,Solomontown,1088,44,836,2.1,SA,2021
SAL41352,Somerton Park,5811,48,1633,2.2,SA,2021
SAL41353,South Brighton,2763,44,1601,2.3,SA,2021
SAL41354,South Hummocks,30,32,1875,2.9,SA,2021
SAL41355,South Kilkerran,59,52,1125,2.1,SA,2021
SAL41356,South Plympton,4721,37,1552,2.3,SA,2021
SAL41357,Southend,301,50,1761,2.3,SA,2021
SAL41358,Spalding (SA),260,46,969,2.2,SA,2021
SAL41359,Spectacle Lake,5,34,725,3.0,SA,2021
SAL41360,Spence (SA),50,41,2249,2.6,SA,2021
SAL41361,Spring Farm (SA),105,43,2250,2.4,SA,2021
SAL41362,Spring Gully (SA),60,51,1625,2.6,SA,2021
SAL41363,Springfield (SA),548,48,4511,2.8,SA,2021
SAL41364,Springton,680,47,1331,2.3,SA,2021
SAL41365,Square Mile,31,47,3624,3.4,SA,2021
SAL41366,St Agnes (SA),4233,44,1557,2.4,SA,2021
SAL41367,St Clair (SA),2634,32,1890,2.3,SA,2021
SAL41368,St Georges,1726,43,2414,2.8,SA,2021
SAL41369,St Ives (SA),35,35,1874,3.0,SA,2021
SAL41370,St Johns,8,41,2124,2.3,SA,2021
SAL41371,St Kilda (SA),88,57,697,1.6,SA,2021
SAL41372,St Kitts,43,43,1875,2.9,SA,2021
SAL41373,St Marys (SA),3010,35,1490,2.4,SA,2021
SAL41374,St Morris,1598,40,1698,2.4,SA,2021
SAL41375,St Peters (SA),3231,43,2266,2.5,SA,2021
SAL41376,Stanley (SA),27,45,1625,2.3,SA,2021
SAL41377,Stanley Flat,401,46,1795,2.5,SA,2021
SAL41378,Stansbury,603,61,937,2.0,SA,2021
SAL41379,Steelton,31,48,2750,2.7,SA,2021
SAL41380,Steinfeld,30,48,450,2.6,SA,2021
SAL41381,Stephenston,0,0,0,0.0,SA,2021
SAL41382,Stepney,942,39,1889,2.1,SA,2021
SAL41383,Stewart Range,67,47,1187,2.3,SA,2021
SAL41384,Stirling (SA),3067,48,2368,2.6,SA,2021
SAL41385,Stirling North,2793,35,1831,2.6,SA,2021
SAL41386,Stockport,272,44,1514,2.6,SA,2021
SAL41387,Stockwell,516,37,2025,3.1,SA,2021
SAL41388,Stockyard Creek (SA),15,46,1875,2.8,SA,2021
SAL41389,Stockyard Plain,17,16,1749,4.0,SA,2021
SAL41390,Stokes Bay,52,49,1125,2.3,SA,2021
SAL41391,Stone Hut,30,69,833,1.7,SA,2021
SAL41392,Stone Well,110,46,1687,2.7,SA,2021
SAL41393,Stonyfell,1266,45,2859,2.8,SA,2021
SAL41394,Stow,9,23,1187,2.0,SA,2021
SAL41395,Strathalbyn (SA),7246,47,1254,2.4,SA,2021
SAL41396,Streaky Bay,1436,48,1111,2.2,SA,2021
SAL41397,Struan,40,46,1624,2.7,SA,2021
SAL41398,Stuart (SA),15,61,2124,2.2,SA,2021
SAL41399,Stuarts Creek,10,25,3250,2.7,SA,2021
SAL41400,Stun'Sail Boom,7,64,612,2.7,SA,2021
SAL41401,Sturt (SA),2787,38,1222,2.3,SA,2021
SAL41402,Sturt Vale,15,46,1458,1.9,SA,2021
SAL41403,Sultana Point,27,58,687,1.4,SA,2021
SAL41404,Summertown,752,43,2258,2.9,SA,2021
SAL41405,Sunlands,356,50,1144,2.3,SA,2021
SAL41406,Sunnybrae,24,54,1125,1.8,SA,2021
SAL41407,Sunnydale,39,68,725,1.8,SA,2021
SAL41408,Sunnyside (SA),96,48,1974,2.5,SA,2021
SAL41409,Sunnyvale,38,34,2250,3.0,SA,2021
SAL41410,Surrey Downs,3358,38,1674,2.5,SA,2021
SAL41411,Sutherlands,33,52,900,2.2,SA,2021
SAL41412,Suttontown,692,38,2330,2.9,SA,2021
SAL41413,Swan Reach (SA),271,59,828,1.7,SA,2021
SAL41414,Swanport,157,40,2049,2.8,SA,2021
SAL41415,Swede Flat,18,55,3874,2.5,SA,2021
SAL41416,Tailem Bend,1705,49,905,2.1,SA,2021
SAL41417,Taldra,57,36,762,3.1,SA,2021
SAL41418,Talia,5,62,1375,1.5,SA,2021
SAL41419,Tantanoola,457,49,1287,2.3,SA,2021
SAL41420,Tanunda,4710,48,1450,2.3,SA,2021
SAL41421,Taperoo,3250,39,1041,2.3,SA,2021
SAL41422,Taplan,41,50,762,1.8,SA,2021
SAL41423,Taratap,38,35,1562,2.1,SA,2021
SAL41424,Tarcoola,0,0,0,0.0,SA,2021
SAL41425,Tarcowie,41,49,1541,2.1,SA,2021
SAL41426,Tarlee,316,46,1437,2.8,SA,2021
SAL41427,Tarnma,20,74,850,1.6,SA,2021
SAL41428,Tarpeena,392,52,960,2.0,SA,2021
SAL41429,Tatachilla,231,45,2075,2.9,SA,2021
SAL41430,Taunton (SA),7,58,450,1.3,SA,2021
SAL41431,Taylorville,263,45,1458,2.7,SA,2021
SAL41432,Tea Tree Gully,3499,44,1607,2.5,SA,2021
SAL41433,Teal Flat,13,71,649,1.5,SA,2021
SAL41434,Telowie,89,56,1312,2.2,SA,2021
SAL41435,Templers,138,36,1625,2.9,SA,2021
SAL41436,Tennyson (SA),1137,55,2061,2.2,SA,2021
SAL41437,Tepko,31,49,1542,2.5,SA,2021
SAL41438,Teringie,831,46,2215,2.7,SA,2021
SAL41439,Terowie,135,56,589,1.8,SA,2021
SAL41440,The Gap (SA),26,37,1125,2.9,SA,2021
SAL41441,The Pines (SA),135,57,619,1.7,SA,2021
SAL41442,The Range (SA),159,51,2550,2.7,SA,2021
SAL41443,Thebarton,1442,39,1429,2.1,SA,2021
SAL41444,Thevenard,563,47,1393,2.3,SA,2021
SAL41445,Thomas Plain,46,44,2374,2.8,SA,2021
SAL41446,Thompson Beach,219,52,1013,1.8,SA,2021
SAL41447,Thorngate,180,47,3125,2.8,SA,2021
SAL41448,Thornlea,46,37,1968,2.7,SA,2021
SAL41449,Thrington,23,44,1499,2.8,SA,2021
SAL41450,Tiatukia,367,40,2147,3.0,SA,2021
SAL41451,Tickera,194,62,881,2.1,SA,2021
SAL41452,Tiddy Widdy Beach,195,68,790,1.8,SA,2021
SAL41453,Tieyon,40,28,2333,2.7,SA,2021
SAL41454,Tilley Swamp,16,39,1375,2.1,SA,2021
SAL41455,Tintinara,544,35,1455,2.4,SA,2021
SAL41456,Tolderol,21,58,1375,2.3,SA,2021
SAL41457,Tonsley,743,31,1470,2.0,SA,2021
SAL41458,Tooligie,25,46,1687,2.4,SA,2021
SAL41459,Tooperang,271,45,1825,2.7,SA,2021
SAL41460,Toora (SA),41,44,1749,2.5,SA,2021
SAL41461,Toorak Gardens,2604,47,2286,2.5,SA,2021
SAL41462,Tootenilla,12,43,2124,2.3,SA,2021
SAL41463,Torrens Island,0,0,0,0.0,SA,2021
SAL41464,Torrens Park,2687,43,2165,2.5,SA,2021
SAL41465,Torrens Vale,71,54,1166,2.4,SA,2021
SAL41466,Torrensville,4110,37,1709,2.4,SA,2021
SAL41467,Tothill Belt,18,49,1999,2.7,SA,2021
SAL41468,Tothill Creek,9,63,575,1.1,SA,2021
SAL41469,Totness,96,47,2374,2.4,SA,2021
SAL41470,Towitta,26,59,774,2.0,SA,2021
SAL41471,Tranmere (SA),4136,40,1866,2.5,SA,2021
SAL41472,Trinity Gardens,1264,40,2006,2.6,SA,2021
SAL41473,Trott Park,3124,39,1752,2.6,SA,2021
SAL41474,Truro,523,42,1658,2.7,SA,2021
SAL41475,Tulka,126,52,1343,2.2,SA,2021
SAL41476,Tumby Bay,1781,57,1058,2.0,SA,2021
SAL41477,Tungkillo,342,45,1192,2.4,SA,2021
SAL41478,Tunkalilla,6,63,900,1.2,SA,2021
SAL41479,Tusmore,1503,45,2298,2.6,SA,2021
SAL41480,Two Wells,3233,35,1906,2.8,SA,2021
SAL41481,Tyringa,18,58,575,2.3,SA,2021
SAL41482,Ucolta,13,37,2250,2.0,SA,2021
SAL41483,Uley,0,0,0,0.0,SA,2021
SAL41484,Uleybury,291,45,2227,3.0,SA,2021
SAL41485,Ulooloo,0,62,8000,3.0,SA,2021
SAL41486,Ulyerra,28,33,900,3.1,SA,2021
SAL41487,Undalya,35,53,1874,2.5,SA,2021
SAL41488,Underdale,2429,38,1578,2.3,SA,2021
SAL41489,Ungarra,156,32,1224,2.8,SA,2021
SAL41490,Unley,3997,41,2037,2.2,SA,2021
SAL41491,Unley Park,1383,47,2990,2.5,SA,2021
SAL41492,Uno,0,23,900,2.0,SA,2021
SAL41493,Upper Hermitage,273,47,1978,2.8,SA,2021
SAL41494,Upper Sturt,1005,41,2229,2.7,SA,2021
SAL41495,Uraidla,581,43,2079,2.5,SA,2021
SAL41496,Urania,44,51,1792,2.5,SA,2021
SAL41497,Urrbrae,1070,44,2346,2.8,SA,2021
SAL41498,Uworra,14,33,3250,2.6,SA,2021
SAL41499,Vale Park,2452,42,2031,2.5,SA,2021
SAL41500,Valley View,6405,39,1483,2.6,SA,2021
SAL41501,Veitch,16,50,4249,4.0,SA,2021
SAL41502,Venus Bay (SA),59,60,949,1.8,SA,2021
SAL41503,Verdun,235,43,1731,2.7,SA,2021
SAL41504,Verran,88,35,2083,3.0,SA,2021
SAL41505,Victor Harbor,4520,59,882,2.0,SA,2021
SAL41506,Vine Vale,90,54,1687,2.7,SA,2021
SAL41507,Virginia (SA),2759,34,1762,2.8,SA,2021
SAL41508,Vista,1035,43,1820,2.6,SA,2021
SAL41509,Vivonne Bay,95,40,1249,2.6,SA,2021
SAL41510,Waddikee,29,53,2124,1.9,SA,2021
SAL41511,Waikerie,2681,49,954,2.2,SA,2021
SAL41512,Waitpinga,374,51,1515,2.5,SA,2021
SAL41513,Walker Flat,92,61,816,1.7,SA,2021
SAL41514,Walkerville (SA),2867,47,1911,2.2,SA,2021
SAL41515,Walkley Heights,3513,42,1773,2.7,SA,2021
SAL41516,Wall Flat,60,48,1333,2.3,SA,2021
SAL41517,Wallala,10,27,1875,3.7,SA,2021
SAL41518,Wallaroo (SA),3699,57,892,2.1,SA,2021
SAL41519,Wallaroo Mines,408,46,1065,2.3,SA,2021
SAL41520,Wallaroo Plain,51,45,1125,2.8,SA,2021
SAL41521,Walloway,8,49,2250,2.0,SA,2021
SAL41522,Waltowa,33,57,1312,2.1,SA,2021
SAL41523,Wami Kata,19,31,1125,3.2,SA,2021
SAL41524,Wanbi,23,42,1291,2.8,SA,2021
SAL41525,Wandana (SA),22,47,1375,2.3,SA,2021
SAL41526,Wandearah East,95,49,1770,2.7,SA,2021
SAL41527,Wandearah West,17,27,1375,2.6,SA,2021
SAL41528,Wandilo,194,40,1916,2.8,SA,2021
SAL41529,Wangary,203,54,1028,2.0,SA,2021
SAL41530,Wangolina,69,46,1416,2.3,SA,2021
SAL41531,Wanilla,95,48,1468,2.4,SA,2021
SAL41532,Wappilka,17,29,900,2.7,SA,2021
SAL41533,Warburto,58,58,1375,2.4,SA,2021
SAL41534,Ward Belt,158,45,1583,3.2,SA,2021
SAL41535,Ward Hill,52,53,1542,2.5,SA,2021
SAL41536,Warnertown,208,47,1292,2.6,SA,2021
SAL41537,Warnes,21,52,1399,2.8,SA,2021
SAL41538,Warooka,360,49,992,2.2,SA,2021
SAL41539,Warradale,5801,41,1626,2.3,SA,2021
SAL41540,Warramboo,104,33,1687,3.0,SA,2021
SAL41541,Washpool (SA),43,34,1375,2.9,SA,2021
SAL41542,Wasleys,885,30,1698,2.7,SA,2021
SAL41543,Watarru,0,0,0,0.0,SA,2021
SAL41544,Watchman,31,46,2124,2.3,SA,2021
SAL41545,Waterfall Gully,161,40,3600,3.4,SA,2021
SAL41546,Waterloo (SA),82,36,849,2.6,SA,2021
SAL41547,Waterloo Corner,1103,58,936,2.3,SA,2021
SAL41548,Watervale,338,43,1437,2.7,SA,2021
SAL41549,Watraba,0,0,0,0.0,SA,2021
SAL41550,Wattle Flat (SA),149,49,1562,2.6,SA,2021
SAL41551,Wattle Park,1885,46,2305,2.7,SA,2021
SAL41552,Wattle Range,68,48,1687,2.5,SA,2021
SAL41553,Wattle Range East,41,30,1968,2.5,SA,2021
SAL41554,Wauraltee,69,35,1792,3.1,SA,2021
SAL41555,Wayville,1922,38,2035,2.3,SA,2021
SAL41556,Webb Beach,40,57,849,1.8,SA,2021
SAL41557,Wedge Island (SA),0,59,1874,1.0,SA,2021
SAL41558,Weeroona Island,117,63,772,1.8,SA,2021
SAL41559,Weetulta,69,39,2625,3.4,SA,2021
SAL41560,Welland,881,42,1467,2.4,SA,2021
SAL41561,Wellington (SA),184,58,971,2.1,SA,2021
SAL41562,Wellington East,291,56,1383,2.3,SA,2021
SAL41563,Wepar,47,34,1375,2.8,SA,2021
SAL41564,West Beach (SA),5175,45,1746,2.4,SA,2021
SAL41565,West Bundaleer,15,42,1375,3.0,SA,2021
SAL41566,West Croydon,4242,38,1767,2.6,SA,2021
SAL41567,West Hindmarsh,1560,37,1640,2.3,SA,2021
SAL41568,West Lakes,6768,54,1548,2.2,SA,2021
SAL41569,West Lakes Shore,3236,48,1758,2.5,SA,2021
SAL41570,West Range,25,51,1375,2.1,SA,2021
SAL41571,West Richmond,1087,37,1506,2.5,SA,2021
SAL41572,Westall,7,50,724,1.6,SA,2021
SAL41573,Westbourne Park,2564,44,2164,2.6,SA,2021
SAL41574,Western Flat,121,48,1291,2.5,SA,2021
SAL41575,Western River,16,41,1624,2.0,SA,2021
SAL41576,Wharminda,19,54,1125,2.4,SA,2021
SAL41577,White Hill,111,45,1424,2.6,SA,2021
SAL41578,White Hut,12,51,1312,1.6,SA,2021
SAL41579,White Sands,194,57,1149,2.0,SA,2021
SAL41580,White Well Corner,3,35,4250,4.0,SA,2021
SAL41581,Whites Flat,54,26,939,2.9,SA,2021
SAL41582,Whites River,9,51,1625,2.0,SA,2021
SAL41583,Whites Valley,313,48,1781,2.6,SA,2021
SAL41584,Whitwarta,48,49,1187,2.8,SA,2021
SAL41585,Whyalla,3609,46,1658,2.2,SA,2021
SAL41586,Whyalla Barson,0,0,0,0.0,SA,2021
SAL41587,Whyalla Jenkins,1961,33,1970,2.5,SA,2021
SAL41588,Whyalla Norrie,6288,39,1071,2.1,SA,2021
SAL41589,Whyalla Playford,2540,44,1429,2.2,SA,2021
SAL41590,Whyalla Stuart,6476,41,880,2.1,SA,2021
SAL41591,Whyte Yarcowie,50,40,1374,2.3,SA,2021
SAL41592,Wigley Flat,41,52,762,2.4,SA,2021
SAL41593,Wilcherry,5,35,900,3.0,SA,2021
SAL41594,Wild Dog Valley (SA),153,48,1899,2.6,SA,2021
SAL41595,Wild Horse Plains,96,41,1187,2.4,SA,2021
SAL41596,Wilgena,40,22,2625,2.1,SA,2021
SAL41597,Willalo,59,42,1312,2.7,SA,2021
SAL41598,Willalooka,136,42,2036,2.7,SA,2021
SAL41599,Willamulka,65,34,2062,3.0,SA,2021
SAL41600,Willaston,3458,42,1254,2.3,SA,2021
SAL41601,William Creek,17,30,3750,4.0,SA,2021
SAL41602,Williamstown (SA),2981,42,1782,2.7,SA,2021
SAL41603,Willippa,15,40,1374,2.3,SA,2021
SAL41604,Willochra,12,55,1562,2.2,SA,2021
SAL41605,Willoughby (SA),11,54,1874,2.0,SA,2021
SAL41606,Willow Creek,48,36,2750,2.9,SA,2021
SAL41607,Willow Springs,72,46,1375,1.9,SA,2021
SAL41608,Willowie,33,56,1375,2.2,SA,2021
SAL41609,Willson River,6,75,450,2.0,SA,2021
SAL41610,Willunga,2445,47,1681,2.5,SA,2021
SAL41611,Willunga Hill,150,41,2055,3.0,SA,2021
SAL41612,Willunga South,470,48,1983,2.7,SA,2021
SAL41613,Willyaroo,376,47,1390,2.9,SA,2021
SAL41614,Wilmington,667,51,1260,2.4,SA,2021
SAL41615,Windsor (SA),133,45,1174,2.4,SA,2021
SAL41616,Windsor Gardens,5827,36,1602,2.5,SA,2021
SAL41617,Wingfield,440,47,1045,2.2,SA,2021
SAL41618,Winkie,336,51,1807,2.5,SA,2021
SAL41619,Winninowie,5,64,1274,2.0,SA,2021
SAL41620,Winulta,41,33,1583,2.7,SA,2021
SAL41621,Wirrabara,353,60,900,1.9,SA,2021
SAL41622,Wirraminna,0,47,0,2.0,SA,2021
SAL41623,Wirrega,35,43,1625,2.5,SA,2021
SAL41624,Wirrina Cove,187,61,645,1.6,SA,2021
SAL41625,Wirrulla,107,41,979,2.6,SA,2021
SAL41626,Wisanger,140,43,1281,2.5,SA,2021
SAL41627,Wistow,285,50,1524,2.5,SA,2021
SAL41628,Witera,3,50,8000,3.0,SA,2021
SAL41629,Wokurna,61,51,1937,2.8,SA,2021
SAL41630,Wolseley,207,41,1166,2.7,SA,2021
SAL41631,Wombats Rest,3,55,1024,1.5,SA,2021
SAL41632,Wongulla,64,64,833,1.7,SA,2021
SAL41633,Wongyarra,49,49,1333,2.8,SA,2021
SAL41634,Wonna,0,0,0,0.0,SA,2021
SAL41635,Wonuarra,44,51,1124,1.9,SA,2021
SAL41636,Woodchester,253,43,1899,2.6,SA,2021
SAL41637,Woodcroft (SA),11326,42,1664,2.6,SA,2021
SAL41638,Woodforde,1024,33,2190,2.5,SA,2021
SAL41639,Woodlane,94,46,1416,2.4,SA,2021
SAL41640,Woodleigh (SA),73,30,1468,2.7,SA,2021
SAL41641,Woods Point (SA),188,51,1328,2.4,SA,2021
SAL41642,Woodside (SA),2701,45,1483,2.4,SA,2021
SAL41643,Woodville (SA),2180,42,1514,2.3,SA,2021
SAL41644,Woodville Gardens,2412,34,1129,2.6,SA,2021
SAL41645,Woodville North,2721,35,1341,2.6,SA,2021
SAL41646,Woodville Park,1852,36,1743,2.6,SA,2021
SAL41647,Woodville South,3464,37,1787,2.5,SA,2021
SAL41648,Woodville West,3854,35,1669,2.4,SA,2021
SAL41649,Wool Bay,154,62,700,1.8,SA,2021
SAL41650,Woolpunda,16,58,1375,2.2,SA,2021
SAL41651,Woolshed Flat (SA),30,52,1312,2.5,SA,2021
SAL41652,Woolsheds,27,48,2250,2.9,SA,2021
SAL41653,Woolumbool,75,31,1812,2.8,SA,2021
SAL41654,Woolundunga,30,44,899,2.7,SA,2021
SAL41655,Woomera,132,43,1829,1.7,SA,2021
SAL41656,Worlds End (SA),14,34,1500,4.0,SA,2021
SAL41657,Worrolong,1293,36,2205,2.9,SA,2021
SAL41658,Wrattonbully,41,51,1625,2.6,SA,2021
SAL41659,Wudinna,594,45,1404,2.3,SA,2021
SAL41660,Wunkar,51,54,1125,2.2,SA,2021
SAL41661,Wye,95,48,1833,2.8,SA,2021
SAL41662,Wynarka,72,55,1062,2.1,SA,2021
SAL41663,Wynn Vale,7865,42,1733,2.5,SA,2021
SAL41664,Wyomi,98,66,939,1.6,SA,2021
SAL41665,Yacka,147,56,1050,2.2,SA,2021
SAL41666,Yadlamalka,6,33,1375,2.3,SA,2021
SAL41667,Yahl,817,43,1918,2.9,SA,2021
SAL41668,Yalanda,16,30,1312,3.2,SA,2021
SAL41669,Yalata,313,28,1142,3.7,SA,2021
SAL41670,Yallunda Flat,120,36,1649,2.9,SA,2021
SAL41671,Yalpara,6,18,1375,5.0,SA,2021
SAL41672,Yamba (SA),3,33,3250,1.7,SA,2021
SAL41673,Yanerbie,17,55,2250,2.0,SA,2021
SAL41674,Yaninee,66,42,1749,2.9,SA,2021
SAL41675,Yankalilla,963,58,982,2.1,SA,2021
SAL41676,Yantanabie,11,43,1125,1.6,SA,2021
SAL41677,Yanyarrie,10,35,1375,5.0,SA,2021
SAL41678,Yardea,5,46,900,2.0,SA,2021
SAL41679,Yarrah,30,51,1125,1.9,SA,2021
SAL41680,Yatala Vale,260,49,2531,2.9,SA,2021
SAL41681,Yatina,32,41,1312,3.1,SA,2021
SAL41682,Yattalunga (SA),319,48,2600,3.0,SA,2021
SAL41683,Yeelanna,85,41,1875,2.7,SA,2021
SAL41684,Yellabinna,0,0,0,0.0,SA,2021
SAL41685,Yelta (SA),21,58,350,1.8,SA,2021
SAL41686,Yinkanie,24,35,1625,3.1,SA,2021
SAL41687,Yongala,67,56,833,2.2,SA,2021
SAL41688,Yorke Valley,23,53,1562,2.6,SA,2021
SAL41689,Yorketown,997,53,949,2.1,SA,2021
SAL41690,Younghusband,229,61,779,1.9,SA,2021
SAL41691,Younghusband Holdings,0,76,574,1.5,SA,2021
SAL41692,Yumali,60,47,1437,2.7,SA,2021
SAL41693,Yumbarra,0,0,0,0.0,SA,2021
SAL41694,Yundi,168,42,1687,2.8,SA,2021
SAL41695,Yunta,60,52,1083,1.5,SA,2021
SAL41696,Zadows Landing,25,58,1374,2.2,SA,2021
SAL49494,No usual address (SA),3377,0,0,0.0,SA,2021
SAL49797,Migratory - Offshore - Shipping (SA),12,48,0,0.0,SA,2021
SAL50001,Abba River,83,39,1875,3.0,WA,2021
SAL50002,Abbey,1321,42,1737,2.7,WA,2021
SAL50003,Acton Park (WA),92,42,1437,2.8,WA,2021
SAL50004,Adamsvale,41,38,3250,2.8,WA,2021
SAL50005,Ajana,51,34,949,2.8,WA,2021
SAL50006,Albany,1403,55,1363,2.0,WA,2021
SAL50007,Aldersyde,41,42,1916,2.8,WA,2021
SAL50008,Alexander Heights,7772,39,1709,2.9,WA,2021
SAL50009,Alexandra Bridge,3,65,474,1.3,WA,2021
SAL50010,Alfred Cove,2830,41,2262,2.6,WA,2021
SAL50011,Alkimos,10203,31,2035,2.8,WA,2021
SAL50012,Allanooka,19,43,1875,2.4,WA,2021
SAL50013,Allanson,591,45,1860,2.6,WA,2021
SAL50014,Alma (WA),116,50,1468,2.2,WA,2021
SAL50015,Ambania,15,35,1625,2.4,WA,2021
SAL50016,Ambergate,564,42,2318,3.1,WA,2021
SAL50017,Amelup,71,46,1375,2.3,WA,2021
SAL50018,Angelo River,3,51,1499,2.5,WA,2021
SAL50019,Anketell,280,44,1797,2.7,WA,2021
SAL50020,Anniebrook,53,49,1374,2.7,WA,2021
SAL50021,Antonymyre,0,0,0,0.0,WA,2021
SAL50022,Applecross,7228,44,2453,2.5,WA,2021
SAL50023,Ardath,51,47,1166,2.4,WA,2021
SAL50024,Ardross,4578,41,2361,2.7,WA,2021
SAL50025,Argyle (WA),575,47,2147,2.7,WA,2021
SAL50026,Armadale (WA),13415,39,1020,2.2,WA,2021
SAL50027,Arrino,48,38,949,2.5,WA,2021
SAL50028,Arrowsmith,17,50,1375,2.3,WA,2021
SAL50029,Arrowsmith East,61,37,2249,2.5,WA,2021
SAL50030,Arthur River (WA),66,49,1812,2.4,WA,2021
SAL50031,Ascot (WA),3095,46,2072,2.3,WA,2021
SAL50032,Ashby (WA),2850,39,1416,2.4,WA,2021
SAL50033,Ashendon,3,46,0,1.0,WA,2021
SAL50034,Ashfield (WA),1395,38,1666,2.4,WA,2021
SAL50035,Attadale,6638,43,2521,2.6,WA,2021
SAL50036,Atwell,9287,35,2404,3.0,WA,2021
SAL50037,Aubin Grove,6786,33,2490,3.1,WA,2021
SAL50038,Augusta,1463,62,869,1.9,WA,2021
SAL50039,Australind,15988,36,1856,2.7,WA,2021
SAL50040,Aveley,13998,31,2165,2.9,WA,2021
SAL50041,Avon Valley National Park,5,39,1375,2.3,WA,2021
SAL50042,Baandee,12,40,1375,3.3,WA,2021
SAL50043,Babakin,56,45,2374,3.2,WA,2021
SAL50044,Babbage Island,17,54,1625,1.4,WA,2021
SAL50045,Badgebup,37,52,2583,3.0,WA,2021
SAL50046,Badgerin Rock,25,30,1625,3.6,WA,2021
SAL50047,Badgin,11,51,2749,3.0,WA,2021
SAL50048,Badgingarra,173,44,1583,2.4,WA,2021
SAL50049,Badjaling,26,60,1125,2.3,WA,2021
SAL50050,Bailup,54,49,2124,2.6,WA,2021
SAL50051,Bakers Hill,1276,44,1531,2.7,WA,2021
SAL50052,Balbarrup,144,49,1562,2.4,WA,2021
SAL50053,Balcatta,10813,39,1537,2.2,WA,2021
SAL50054,Baldivis,37697,31,2096,2.9,WA,2021
SAL50055,Balga,13864,32,1299,2.4,WA,2021
SAL50056,Balingup,565,58,944,2.0,WA,2021
SAL50057,Balkuling,21,64,1499,1.9,WA,2021
SAL50058,Balla Balla,8,68,725,1.5,WA,2021
SAL50059,Balladong,93,53,1792,2.2,WA,2021
SAL50060,Balladonia,0,29,0,2.0,WA,2021
SAL50061,Ballajura,18459,37,1726,2.9,WA,2021
SAL50062,Ballaying,33,53,1812,2.2,WA,2021
SAL50063,Ballidu,58,65,675,1.5,WA,2021
SAL50064,Bally Bally,54,56,1375,2.4,WA,2021
SAL50065,Bambun,60,53,1874,2.5,WA,2021
SAL50066,Bandy Creek,383,39,2087,2.7,WA,2021
SAL50067,Bandya,275,40,474,2.1,WA,2021
SAL50068,Banjup,1377,42,2507,3.0,WA,2021
SAL50069,Banksia Grove,11351,30,1956,3.0,WA,2021
SAL50070,Banksiadale,0,0,0,0.0,WA,2021
SAL50071,Bannister (WA),72,46,1875,2.9,WA,2021
SAL50072,Barbalin,17,62,1999,2.2,WA,2021
SAL50073,Barberton,16,44,2083,2.3,WA,2021
SAL50074,Barrabup,47,56,1375,3.0,WA,2021
SAL50075,Barragup,940,45,2110,3.0,WA,2021
SAL50076,Barrow Island,45,41,0,1.0,WA,2021
SAL50077,Baskerville,302,49,2089,2.7,WA,2021
SAL50078,Bassendean (WA),10837,40,1772,2.3,WA,2021
SAL50079,Bateman,3832,41,2284,2.9,WA,2021
SAL50080,Baudin,0,0,0,0.0,WA,2021
SAL50081,Baynton (WA),4496,31,3390,3.0,WA,2021
SAL50082,Bayonet Head,3272,42,1350,2.5,WA,2021
SAL50083,Bayswater (WA),15288,39,2037,2.4,WA,2021
SAL50084,Beachlands,1400,45,1177,2.0,WA,2021
SAL50085,Beacon,123,47,1468,2.5,WA,2021
SAL50086,Beaconsfield (WA),5315,42,1837,2.4,WA,2021
SAL50087,Beadell,0,51,1375,1.0,WA,2021
SAL50088,Beaufort River,54,47,1687,2.3,WA,2021
SAL50089,Beaumont (WA),53,37,1875,2.4,WA,2021
SAL50090,Beckenham,9092,34,1667,2.7,WA,2021
SAL50091,Bedford,5716,39,2072,2.5,WA,2021
SAL50092,Bedfordale,3038,42,2722,3.1,WA,2021
SAL50093,Beechboro,9112,38,1426,2.7,WA,2021
SAL50094,Beechina,128,39,1562,2.7,WA,2021
SAL50095,Beedelup,58,29,1375,2.2,WA,2021
SAL50096,Beela,56,46,1625,2.8,WA,2021
SAL50097,Beelerup,126,49,1562,2.7,WA,2021
SAL50098,Beeliar,8617,34,2206,2.8,WA,2021
SAL50099,Beenong,41,36,1916,3.3,WA,2021
SAL50100,Beermullah,109,46,2062,2.8,WA,2021
SAL50101,Bejoording,157,45,1562,2.6,WA,2021
SAL50102,Beldon,4094,37,1905,2.5,WA,2021
SAL50103,Belhus,264,54,1850,2.8,WA,2021
SAL50104,Bellevue (WA),1514,40,1313,2.2,WA,2021
SAL50105,Belmont (WA),6959,36,1557,2.3,WA,2021
SAL50106,Bencubbin,203,47,1339,2.1,WA,2021
SAL50107,Benger,159,44,1624,2.6,WA,2021
SAL50108,Benjaberring,23,35,1687,2.4,WA,2021
SAL50109,Benjinup,143,43,1395,2.5,WA,2021
SAL50110,Bennett Springs,5929,32,2077,3.4,WA,2021
SAL50111,Bentley (WA),9051,32,1212,2.3,WA,2021
SAL50112,Beresford,1463,45,1441,2.0,WA,2021
SAL50113,Berkshire Valley,38,39,1937,2.3,WA,2021
SAL50114,Bernier Island,0,0,0,0.0,WA,2021
SAL50115,Bertram,6196,31,1997,3.1,WA,2021
SAL50116,Beverley (WA),1109,57,935,2.1,WA,2021
SAL50117,Bibra Lake,5892,44,1825,2.5,WA,2021
SAL50118,Bickley,713,48,2241,2.9,WA,2021
SAL50119,Bicton,6961,45,2007,2.3,WA,2021
SAL50120,Biddelia,20,56,1124,2.3,WA,2021
SAL50121,Big Grove,225,56,919,1.9,WA,2021
SAL50122,Bilbarin,18,42,1624,2.8,WA,2021
SAL50123,Bilingurr,1540,32,2438,2.7,WA,2021
SAL50124,Bimbijy,0,0,0,0.0,WA,2021
SAL50125,Bindi Bindi,59,34,1875,2.8,WA,2021
SAL50126,Bindoon,1215,49,1375,2.4,WA,2021
SAL50127,Bindoon Training Area,0,24,1875,1.0,WA,2021
SAL50128,Binduli,4,55,2250,3.0,WA,2021
SAL50129,Binningup,1296,45,1754,2.4,WA,2021
SAL50130,Binnu,58,48,1625,2.4,WA,2021
SAL50131,Birchmont,86,45,1666,2.6,WA,2021
SAL50132,Bluff Point,1381,52,1359,2.1,WA,2021
SAL50133,Blythewood,85,57,1083,2.1,WA,2021
SAL50134,Boallia,39,50,1416,2.1,WA,2021
SAL50135,Bobalong,45,43,1624,2.8,WA,2021
SAL50136,Bodallin,40,55,1687,2.4,WA,2021
SAL50137,Boddington,1178,40,1722,2.5,WA,2021
SAL50138,Boilup,32,43,1875,2.6,WA,2021
SAL50139,Bokal,42,59,1541,2.2,WA,2021
SAL50140,Bolgart,128,56,1458,2.1,WA,2021
SAL50141,Bonnie Rock,60,40,1375,3.6,WA,2021
SAL50142,Bonniefield,217,51,1416,2.5,WA,2021
SAL50143,Boodarie,182,37,3444,3.1,WA,2021
SAL50144,Boodarockin,5,45,1875,2.0,WA,2021
SAL50145,Bookara,149,48,1542,2.5,WA,2021
SAL50146,Boonanarring,32,45,1812,2.3,WA,2021
SAL50147,Boorabbin,48,43,1649,1.5,WA,2021
SAL50148,Booragoon,5684,43,1991,2.6,WA,2021
SAL50149,Booralaming,22,54,2125,2.4,WA,2021
SAL50150,Boorara,0,0,0,0.0,WA,2021
SAL50151,Boorara Brook,143,55,900,2.0,WA,2021
SAL50152,Bootenal,48,48,1375,2.4,WA,2021
SAL50153,Boothendarra,31,53,1812,2.1,WA,2021
SAL50154,Boranup,4,40,225,2.0,WA,2021
SAL50155,Borden,37,49,725,2.3,WA,2021
SAL50156,Borderdale,29,40,1812,2.3,WA,2021
SAL50157,Bornholm,110,53,1333,2.2,WA,2021
SAL50158,Boscabel,71,50,1375,2.2,WA,2021
SAL50159,Boulder,4872,35,1968,2.4,WA,2021
SAL50160,Boundain,53,52,1562,2.3,WA,2021
SAL50161,Bouvard,910,56,1174,2.2,WA,2021
SAL50162,Bovell,475,46,2166,2.9,WA,2021
SAL50163,Bow Bridge,75,49,1125,2.3,WA,2021
SAL50164,Bowelling,84,48,1593,2.6,WA,2021
SAL50165,Bowes,104,59,1042,2.2,WA,2021
SAL50166,Bowgada,33,52,1437,2.4,WA,2021
SAL50167,Boxwood Hill,91,40,1875,3.0,WA,2021
SAL50168,Boya,669,41,2159,2.5,WA,2021
SAL50169,Boyanup,1304,46,1609,2.6,WA,2021
SAL50170,Boyatup,28,32,1708,2.5,WA,2021
SAL50171,Boyerine,38,32,1499,3.0,WA,2021
SAL50172,Boyup Brook,938,51,1102,2.2,WA,2021
SAL50173,Brabham,8665,29,2155,3.0,WA,2021
SAL50174,Bramley,113,46,1774,2.6,WA,2021
SAL50175,Brazier,40,58,1187,2.4,WA,2021
SAL50176,Breera,29,42,1208,2.0,WA,2021
SAL50177,Bremer Bay,424,53,1210,2.1,WA,2021
SAL50178,Brentwood (WA),2153,38,1707,2.5,WA,2021
SAL50179,Breton Bay,0,46,0,1.0,WA,2021
SAL50180,Bridgetown,3168,52,1082,2.2,WA,2021
SAL50181,Brigadoon,1025,43,2901,3.1,WA,2021
SAL50182,Bringo,25,59,1124,2.2,WA,2021
SAL50183,Broadwater (WA),4269,53,1232,2.3,WA,2021
SAL50184,Broadwood,759,34,3557,3.3,WA,2021
SAL50185,Brockman,993,39,1411,2.2,WA,2021
SAL50186,Broke (WA),17,53,900,1.8,WA,2021
SAL50187,Brookdale (WA),2968,30,1396,2.9,WA,2021
SAL50188,Brookhampton,249,50,1812,2.7,WA,2021
SAL50189,Brookton,732,51,1189,2.2,WA,2021
SAL50190,Broome,3797,36,1802,2.5,WA,2021
SAL50191,Broomehill East,109,41,2281,2.6,WA,2021
SAL50192,Broomehill Village,211,50,942,2.1,WA,2021
SAL50193,Broomehill West,173,38,2125,2.7,WA,2021
SAL50194,Brown Hill (WA),0,0,0,0.0,WA,2021
SAL50195,Brown Range,125,50,1333,2.4,WA,2021
SAL50196,Bruce Rock,742,49,1236,2.4,WA,2021
SAL50197,Brunswick (WA),1195,44,1333,2.5,WA,2021
SAL50198,Buckingham (WA),27,49,2250,2.5,WA,2021
SAL50199,Buckland (WA),56,51,1674,2.1,WA,2021
SAL50200,Bulgarra,2990,33,2812,2.6,WA,2021
SAL50201,Bull Creek (WA),8030,44,1880,2.7,WA,2021
SAL50202,Bullabulling,0,0,0,0.0,WA,2021
SAL50203,Bullaring,82,43,2125,2.9,WA,2021
SAL50204,Buller,159,48,1781,2.3,WA,2021
SAL50205,Bullfinch,29,52,724,1.8,WA,2021
SAL50206,Bullock Hills,6,60,1374,2.0,WA,2021
SAL50207,Bullsbrook,5605,38,1912,2.8,WA,2021
SAL50208,Bulong,0,72,3874,2.0,WA,2021
SAL50209,Bulyee,48,48,3624,3.1,WA,2021
SAL50210,Bunbury (WA),3948,49,1614,2.0,WA,2021
SAL50211,Bundanoon (WA),19,30,1875,3.3,WA,2021
SAL50212,Buniche,26,46,3374,2.7,WA,2021
SAL50213,Bunjil,61,39,1812,3.1,WA,2021
SAL50214,Buntine,51,40,2333,2.5,WA,2021
SAL50215,Burakin,30,54,1874,2.9,WA,2021
SAL50216,Buraminya,0,0,0,0.0,WA,2021
SAL50217,Burekup,788,38,2086,2.8,WA,2021
SAL50218,Burges,11,71,1062,1.5,WA,2021
SAL50219,Burlong,340,35,725,2.0,WA,2021
SAL50220,Burma Road,3,36,3750,2.0,WA,2021
SAL50221,Burns Beach,4071,40,3439,3.2,WA,2021
SAL50222,Burnside (WA),309,42,2134,2.9,WA,2021
SAL50223,Burracoppin,114,43,1208,2.7,WA,2021
SAL50224,Burran Rock,22,31,1187,2.8,WA,2021
SAL50225,Burrup,0,43,0,1.0,WA,2021
SAL50226,Burswood,2779,38,1975,2.0,WA,2021
SAL50227,Bushmead,677,32,2742,2.5,WA,2021
SAL50228,Busselton,1838,56,949,1.9,WA,2021
SAL50229,Butler (WA),13473,32,1710,2.8,WA,2021
SAL50230,Byford,18878,31,2059,3.0,WA,2021
SAL50231,Cable Beach,5730,34,2181,2.7,WA,2021
SAL50232,Cadoux,56,51,1437,2.8,WA,2021
SAL50233,Caiguna,4,60,900,1.0,WA,2021
SAL50234,Calingiri,198,39,1458,2.4,WA,2021
SAL50235,Calista,1975,48,953,2.1,WA,2021
SAL50236,Caljie,38,63,1374,2.0,WA,2021
SAL50237,Callcup,11,58,1375,2.3,WA,2021
SAL50238,Camballin,500,28,963,3.3,WA,2021
SAL50239,Cambridge Gulf,26,20,4749,4.0,WA,2021
SAL50240,Camillo,4442,37,1279,2.6,WA,2021
SAL50241,Cancanning,35,29,2583,2.8,WA,2021
SAL50242,Cane,5,43,1999,2.0,WA,2021
SAL50243,Canna,57,37,1812,2.8,WA,2021
SAL50244,Canning Mills,26,15,2499,4.5,WA,2021
SAL50245,Canning Vale,34504,37,2277,3.1,WA,2021
SAL50246,Cannington,6875,30,1558,2.5,WA,2021
SAL50247,Cape Arid,4,57,2250,2.0,WA,2021
SAL50248,Cape Burney,538,51,1380,2.0,WA,2021
SAL50249,Cape Le Grand,0,53,1375,1.3,WA,2021
SAL50250,Cape Range National Park,18,28,725,1.6,WA,2021
SAL50251,Capel,2606,42,1425,2.5,WA,2021
SAL50252,Capel River,136,52,1458,2.5,WA,2021
SAL50253,Capricorn,79,31,900,1.0,WA,2021
SAL50254,Caraban,25,57,2124,2.4,WA,2021
SAL50255,Carabooda,444,44,2307,3.1,WA,2021
SAL50256,Carani,29,52,1708,2.3,WA,2021
SAL50257,Carbla,0,0,0,0.0,WA,2021
SAL50258,Carbunup River,112,45,1625,2.5,WA,2021
SAL50259,Cardiff (WA),118,50,1187,2.5,WA,2021
SAL50260,Cardup,1163,40,2645,3.1,WA,2021
SAL50261,Carey Park,5155,40,1018,2.1,WA,2021
SAL50262,Carine,7330,43,2442,2.8,WA,2021
SAL50263,Carlisle,6733,36,1766,2.2,WA,2021
SAL50264,Carlotta,103,53,1218,2.5,WA,2021
SAL50265,Carmel,754,46,2345,3.0,WA,2021
SAL50266,Carnamah,407,43,1350,2.0,WA,2021
SAL50267,Carnarvon,281,39,1350,2.0,WA,2021
SAL50268,Carrabin,0,52,725,1.0,WA,2021
SAL50269,Carramar (WA),7178,37,2455,3.1,WA,2021
SAL50270,Carrolup,49,52,2125,2.7,WA,2021
SAL50271,Cartmeticup,57,40,2187,3.2,WA,2021
SAL50272,Cascade (WA),103,34,2333,2.7,WA,2021
SAL50273,Castletown,3968,38,1612,2.4,WA,2021
SAL50274,Casuarina (WA),1987,36,2284,3.0,WA,2021
SAL50275,Cataby,103,34,1999,2.2,WA,2021
SAL50276,Catterick,171,50,1609,2.5,WA,2021
SAL50277,Caversham,7419,33,2266,3.0,WA,2021
SAL50278,Centennial Park (WA),689,53,823,1.7,WA,2021
SAL50279,Cervantes,480,55,1044,2.0,WA,2021
SAL50280,Chadwick,164,48,1399,2.4,WA,2021
SAL50281,Champion Lakes,1355,41,1812,2.6,WA,2021
SAL50282,Chandler (WA),18,50,2250,2.3,WA,2021
SAL50283,Changerup,60,52,1275,2.4,WA,2021
SAL50284,Channybearup,122,49,1583,2.3,WA,2021
SAL50285,Chapman Hill,109,49,1875,2.5,WA,2021
SAL50286,Charley Creek,68,49,1687,2.3,WA,2021
SAL50287,Cherry Tree Pool,72,43,1874,2.8,WA,2021
SAL50288,Cheynes,37,53,866,2.3,WA,2021
SAL50289,Chichester (WA),41,35,0,0.0,WA,2021
SAL50290,Chidlow,1821,44,1971,2.7,WA,2021
SAL50291,Chittering,1034,44,1972,2.7,WA,2021
SAL50292,Chowerup,32,43,2125,3.4,WA,2021
SAL50293,Churchlands,3638,41,2314,2.6,WA,2021
SAL50294,City Beach,6805,47,3700,2.8,WA,2021
SAL50295,Clackline,330,50,1333,2.3,WA,2021
SAL50296,Claremont (WA),9248,44,2068,2.2,WA,2021
SAL50297,Clarkson,13904,34,1761,2.6,WA,2021
SAL50298,Cleary,3,32,1375,3.5,WA,2021
SAL50299,Cleaverville,8,68,824,1.8,WA,2021
SAL50300,Clifton (WA),0,0,0,0.0,WA,2021
SAL50301,Cloverdale,8864,34,1520,2.4,WA,2021
SAL50302,Coblinine,49,43,1749,2.6,WA,2021
SAL50303,Coburn,0,0,0,0.0,WA,2021
SAL50304,Cockburn Central,1521,31,1626,1.9,WA,2021
SAL50305,Cocklebiddy,15,29,1125,1.0,WA,2021
SAL50306,Codjatotine,42,55,2624,2.2,WA,2021
SAL50307,Cold Harbour,108,48,1699,2.8,WA,2021
SAL50308,Collanilling,17,45,2499,5.0,WA,2021
SAL50309,College Grove,1821,38,1899,2.7,WA,2021
SAL50310,Collie (WA),7599,43,1177,2.3,WA,2021
SAL50311,Collie Burn,55,48,1792,2.5,WA,2021
SAL50312,Collingwood Heights,694,40,1509,2.5,WA,2021
SAL50313,Collingwood Park (WA),205,52,1388,2.3,WA,2021
SAL50314,Collins,49,48,725,2.5,WA,2021
SAL50315,Commodine,15,53,1624,2.3,WA,2021
SAL50316,Como (WA),14786,38,1780,2.1,WA,2021
SAL50317,Condingup,280,41,1328,2.5,WA,2021
SAL50318,Connolly,3675,47,2304,2.7,WA,2021
SAL50319,Contine,16,51,1875,2.1,WA,2021
SAL50320,Coodanup,4366,48,845,2.2,WA,2021
SAL50321,Coogee (WA),5345,47,2182,2.6,WA,2021
SAL50322,Cookernup,604,46,1518,2.6,WA,2021
SAL50323,Cooladar Hill,34,35,2250,3.5,WA,2021
SAL50324,Coolbellup,5698,37,1378,2.1,WA,2021
SAL50325,Coolbinia,1751,40,3229,2.8,WA,2021
SAL50326,Coolcalalaya,11,45,1375,3.0,WA,2021
SAL50327,Coolgardie (WA),773,49,1260,2.1,WA,2021
SAL50328,Cooljarloo,13,60,2499,2.2,WA,2021
SAL50329,Cooloongup,6696,42,1207,2.4,WA,2021
SAL50330,Coolup,420,38,2159,3.1,WA,2021
SAL50331,Coomalbidgup,136,34,2166,2.8,WA,2021
SAL50332,Coomberdale,56,51,1666,2.2,WA,2021
SAL50333,Coonabidgee,126,52,1410,2.3,WA,2021
SAL50334,Coondle,664,55,1399,2.2,WA,2021
SAL50335,Coorow,179,49,1300,2.1,WA,2021
SAL50336,Cooya Pooya,0,0,0,0.0,WA,2021
SAL50337,Copley (WA),70,46,1437,2.5,WA,2021
SAL50338,Coral Bay,245,33,1166,2.0,WA,2021
SAL50339,Corinthia,9,54,1125,2.3,WA,2021
SAL50340,Corrigin,701,50,1157,2.0,WA,2021
SAL50341,Cosmo Newbery,143,35,739,3.0,WA,2021
SAL50342,Cossack (WA),14,24,2124,2.0,WA,2021
SAL50343,Cottesloe,7750,44,3351,2.5,WA,2021
SAL50344,Courtenay,55,34,1812,2.8,WA,2021
SAL50345,Cowalellup,19,34,1749,1.7,WA,2021
SAL50346,Cowalla,54,52,1625,2.1,WA,2021
SAL50347,Cowaramup,2482,39,1925,2.8,WA,2021
SAL50348,Cowcowing,19,49,1625,3.0,WA,2021
SAL50349,Coyrecup,31,47,1437,2.7,WA,2021
SAL50350,Craigie (WA),6456,35,1792,2.4,WA,2021
SAL50351,Cramphorne,43,35,2124,2.5,WA,2021
SAL50352,Cranbrook (WA),505,44,1166,2.3,WA,2021
SAL50353,Crawley,3975,24,1368,2.0,WA,2021
SAL50354,Crooked Brook,272,48,2208,2.6,WA,2021
SAL50355,Crossman,153,50,1812,2.6,WA,2021
SAL50356,Crowea,97,56,1474,2.2,WA,2021
SAL50357,Cuballing,456,52,1187,2.3,WA,2021
SAL50358,Cubbine,27,39,1874,2.6,WA,2021
SAL50359,Cue,140,63,693,1.5,WA,2021
SAL50360,Culham,26,55,1437,2.2,WA,2021
SAL50361,Cullacabardee,45,33,849,3.0,WA,2021
SAL50362,Cullalla,12,64,1375,1.8,WA,2021
SAL50363,Cundeelee,139,31,0,0.0,WA,2021
SAL50364,Cunderdin,824,35,1573,2.3,WA,2021
SAL50365,Cundinup,62,47,1875,2.4,WA,2021
SAL50366,Cunjardine,20,54,1937,2.3,WA,2021
SAL50367,Currambine,6834,40,2214,2.8,WA,2021
SAL50368,Cuthbert,157,48,1781,2.5,WA,2021
SAL50369,Daadenning Creek,32,51,1062,2.4,WA,2021
SAL50370,Daggar Hills,32,42,0,0.0,WA,2021
SAL50371,Daglish,1551,39,2134,2.4,WA,2021
SAL50372,Dale,190,55,1166,2.3,WA,2021
SAL50373,Daliak,58,60,725,2.2,WA,2021
SAL50374,Dalkeith,4398,45,4672,3.0,WA,2021
SAL50375,Dalwallinu,826,36,1887,2.6,WA,2021
SAL50376,Dalyellup,9770,34,2066,2.9,WA,2021
SAL50377,Dalyup,150,43,2100,2.5,WA,2021
SAL50378,Dampier,1282,35,3664,2.9,WA,2021
SAL50379,Dampier Archipelago,0,0,0,0.0,WA,2021
SAL50380,Dampier Peninsula,1051,30,1078,3.0,WA,2021
SAL50381,Dandanning,26,27,2624,3.1,WA,2021
SAL50382,Dandaragan,292,48,1875,2.4,WA,2021
SAL50383,Dangin,31,52,1625,1.6,WA,2021
SAL50384,Darch,7347,35,2403,3.4,WA,2021
SAL50385,Dardadine,15,63,2083,1.8,WA,2021
SAL50386,Dardanup,588,41,1701,2.5,WA,2021
SAL50387,Dardanup West,669,49,2083,2.6,WA,2021
SAL50388,Darkan,371,49,1321,2.1,WA,2021
SAL50389,Darling Downs,1591,39,2480,3.0,WA,2021
SAL50390,Darlington (WA),3725,44,2388,2.7,WA,2021
SAL50391,Darradup,41,57,1062,1.8,WA,2021
SAL50392,Dartmoor (WA),9,46,3250,3.0,WA,2021
SAL50393,Dartnall,33,50,1437,2.5,WA,2021
SAL50394,Datatine,18,46,3749,2.4,WA,2021
SAL50395,Davenport (WA),8,53,966,1.4,WA,2021
SAL50396,Dawesville,7143,43,1469,2.6,WA,2021
SAL50397,Dayton,5507,30,2133,3.0,WA,2021
SAL50398,De Grey,24,36,1625,2.8,WA,2021
SAL50399,Deanmill,327,38,1511,2.5,WA,2021
SAL50400,Deepdale,973,37,2671,3.0,WA,2021
SAL50401,Deepdene (WA),56,53,1281,2.2,WA,2021
SAL50402,Denbarker,93,41,1291,2.8,WA,2021
SAL50403,Denham,849,48,1021,2.0,WA,2021
SAL50404,Denmark,2691,49,975,2.1,WA,2021
SAL50405,Derby (WA),3222,35,1713,2.5,WA,2021
SAL50406,Devils Creek,16,31,3250,3.3,WA,2021
SAL50407,Dewars Pool,82,54,1449,2.6,WA,2021
SAL50408,Diamond Tree,28,40,2374,3.1,WA,2021
SAL50409,Dianella,24169,43,1684,2.4,WA,2021
SAL50410,Dindiloa,13,30,1625,3.0,WA,2021
SAL50411,Dingup,195,47,1821,2.5,WA,2021
SAL50412,Dinninup,161,44,1833,2.4,WA,2021
SAL50413,Dirk Hartog Island,9,18,3250,6.0,WA,2021
SAL50414,Dixvale,68,32,1875,2.9,WA,2021
SAL50415,Djugun,3291,34,2659,2.8,WA,2021
SAL50416,Dongara,1393,51,1092,2.3,WA,2021
SAL50417,Dongolocking,53,36,2250,2.8,WA,2021
SAL50418,Donnelly River,5,60,1699,1.5,WA,2021
SAL50419,Donnybrook (WA),3035,46,1279,2.4,WA,2021
SAL50420,Doodenanning,51,42,1499,2.7,WA,2021
SAL50421,Doodlakine,81,51,2416,2.5,WA,2021
SAL50422,Dorre Island,0,0,0,0.0,WA,2021
SAL50423,Doubleview,9205,37,2305,2.4,WA,2021
SAL50424,Dowerin,436,46,1103,2.1,WA,2021
SAL50425,Drome,52,36,1458,2.9,WA,2021
SAL50426,Drummond Cove,1605,33,2134,2.8,WA,2021
SAL50427,Dryandra,7,46,1125,3.5,WA,2021
SAL50428,Drysdale River,38,39,1125,2.4,WA,2021
SAL50429,Dudawa,34,34,1187,2.8,WA,2021
SAL50430,Dudinin,59,46,2124,2.9,WA,2021
SAL50431,Dudley Park (WA),6957,53,1193,2.2,WA,2021
SAL50432,Dukin,33,62,1874,2.6,WA,2021
SAL50433,Dulbelling,52,51,2499,2.2,WA,2021
SAL50434,Dulyalbin,27,45,3750,2.7,WA,2021
SAL50435,Dumbarton,266,51,1521,2.5,WA,2021
SAL50436,Dumberning,193,37,1974,2.3,WA,2021
SAL50437,Dumbleyung,299,49,1146,2.0,WA,2021
SAL50438,Duncraig,15982,42,2394,2.8,WA,2021
SAL50439,Dundas (WA),0,0,0,0.0,WA,2021
SAL50440,Dunn Rock,11,34,0,4.5,WA,2021
SAL50441,Dunsborough,6413,41,1738,2.6,WA,2021
SAL50442,Durack (WA),169,32,1187,2.7,WA,2021
SAL50443,Duranillin,53,49,1031,2.3,WA,2021
SAL50444,Durawah,6,38,450,4.0,WA,2021
SAL50445,Dwarda,30,52,2125,2.2,WA,2021
SAL50446,Dwellingup,524,49,1343,2.4,WA,2021
SAL50447,Eagle Bay,120,63,2749,2.1,WA,2021
SAL50448,East Augusta,41,52,850,2.1,WA,2021
SAL50449,East Ballidu,35,45,1458,2.8,WA,2021
SAL50450,East Beverley,96,46,1562,2.3,WA,2021
SAL50451,East Bowes,46,42,1792,2.8,WA,2021
SAL50452,East Bunbury,4019,47,1193,2.1,WA,2021
SAL50453,East Cannington,6512,31,1828,2.9,WA,2021
SAL50454,East Carnarvon,798,38,1763,2.6,WA,2021
SAL50455,East Chapman,43,56,2166,2.4,WA,2021
SAL50456,East Damboring,9,35,2374,3.5,WA,2021
SAL50457,East Fremantle,7819,44,2288,2.5,WA,2021
SAL50458,East Lyons River,13,34,2250,4.0,WA,2021
SAL50459,East Munglinup,39,44,1625,2.0,WA,2021
SAL50460,East Murchison,0,0,0,0.0,WA,2021
SAL50461,East Nabawa,7,52,4624,2.0,WA,2021
SAL50462,East Nannup,43,61,1166,1.8,WA,2021
SAL50463,East Newdegate,17,40,1374,2.5,WA,2021
SAL50464,East Perth,11681,35,2005,1.8,WA,2021
SAL50465,East Pingelly,211,47,1718,2.6,WA,2021
SAL50466,East Popanyinning,18,50,899,1.8,WA,2021
SAL50467,East Rockingham,311,63,665,1.4,WA,2021
SAL50468,East Victoria Park,10569,35,2100,2.4,WA,2021
SAL50469,East Wickepin,19,55,1374,2.5,WA,2021
SAL50470,East Yuna,38,39,1937,3.3,WA,2021
SAL50471,Eastbrook,140,49,1949,2.5,WA,2021
SAL50472,Eaton (WA),8669,41,1485,2.5,WA,2021
SAL50473,Eden Hill,3703,38,1664,2.5,WA,2021
SAL50474,Edgewater,4657,41,2016,2.6,WA,2021
SAL50475,Eganu,70,32,1625,2.9,WA,2021
SAL50476,Eglinton (WA),3705,29,2024,2.9,WA,2021
SAL50477,Eighty Mile Beach,120,38,1208,2.0,WA,2021
SAL50478,Elabbin,22,52,3249,2.5,WA,2021
SAL50479,Elachbutting,9,37,1749,2.5,WA,2021
SAL50480,Elgin (WA),133,46,1375,2.6,WA,2021
SAL50481,Elleker,356,51,1433,2.5,WA,2021
SAL50482,Ellenbrook,24668,32,1846,2.9,WA,2021
SAL50483,Ellendale (WA),25,48,2083,2.2,WA,2021
SAL50484,Embleton,3600,37,1805,2.5,WA,2021
SAL50485,Emu Flat (WA),8,40,0,0.0,WA,2021
SAL50486,Emu Point,285,71,1055,1.6,WA,2021
SAL50487,Eneabba,142,52,762,2.1,WA,2021
SAL50488,Ennuin,0,68,0,0.0,WA,2021
SAL50489,Eradu,3,58,1999,2.0,WA,2021
SAL50490,Eradu South,5,46,1375,1.7,WA,2021
SAL50491,Erskine (WA),5429,61,957,2.0,WA,2021
SAL50492,Esperance,2080,52,1087,1.9,WA,2021
SAL50493,Etmilyn,0,0,0,0.0,WA,2021
SAL50494,Eucla,37,56,2250,1.7,WA,2021
SAL50495,Eurardy,0,29,1125,1.0,WA,2021
SAL50496,Ewlyamartup,21,62,1875,2.9,WA,2021
SAL50497,Exmouth,2806,36,2029,2.5,WA,2021
SAL50498,Exmouth Gulf,49,49,1187,2.4,WA,2021
SAL50499,Fairbridge,55,53,3625,3.0,WA,2021
SAL50500,Falcon,5531,50,1207,2.2,WA,2021
SAL50501,Ferguson (WA),233,55,2166,2.4,WA,2021
SAL50502,Ferndale (WA),4457,41,1533,2.4,WA,2021
SAL50503,Feysville,8,44,350,1.0,WA,2021
SAL50504,Fimiston,0,0,0,0.0,WA,2021
SAL50505,Finucane,0,0,0,0.0,WA,2021
SAL50506,Fitzgerald (WA),0,57,225,1.0,WA,2021
SAL50507,Fitzgerald River National Park,4,54,649,1.5,WA,2021
SAL50508,Fitzroy Crossing,1181,33,1375,2.6,WA,2021
SAL50509,Flint,0,24,0,0.0,WA,2021
SAL50510,Floreat,8621,42,3570,3.0,WA,2021
SAL50511,Flynn (WA),0,66,0,0.0,WA,2021
SAL50512,Forest Grove (WA),253,52,1199,2.1,WA,2021
SAL50513,Forest Hill (WA),143,41,1375,2.3,WA,2021
SAL50514,Forrest (WA),3,65,0,0.0,WA,2021
SAL50515,Forrest Beach (WA),34,50,1125,3.0,WA,2021
SAL50516,Forrestania,28,34,0,0.0,WA,2021
SAL50517,Forrestdale,1027,41,1875,2.7,WA,2021
SAL50518,Forrestfield,13181,38,1614,2.5,WA,2021
SAL50519,Fortescue (WA),190,40,899,1.8,WA,2021
SAL50520,Frankland River,353,46,1573,2.2,WA,2021
SAL50521,Fraser Range,50,29,2749,2.0,WA,2021
SAL50522,Fremantle,9251,41,1822,2.0,WA,2021
SAL50523,Furnissdale,1061,58,813,2.0,WA,2021
SAL50524,Gabalong,8,59,1687,2.3,WA,2021
SAL50525,Gabbadah,764,52,1296,2.6,WA,2021
SAL50526,Gabbin,44,55,1208,2.3,WA,2021
SAL50527,Gairdner,105,37,1916,2.6,WA,2021
SAL50528,Gap Ridge,175,39,1375,4.0,WA,2021
SAL50529,Garden Island (WA),772,24,0,0.0,WA,2021
SAL50530,Gascoyne Junction,65,47,1458,2.3,WA,2021
SAL50531,Gascoyne River,87,27,1187,3.5,WA,2021
SAL50532,Geegully Creek,9,55,1062,1.7,WA,2021
SAL50533,Gelorup,2255,46,2330,2.9,WA,2021
SAL50534,Geographe,3622,50,1333,2.3,WA,2021
SAL50535,Georgina (WA),80,45,1687,2.4,WA,2021
SAL50536,Geraldton,3246,47,1142,2.0,WA,2021
SAL50537,Ghooli,17,48,2250,2.5,WA,2021
SAL50538,Gibb,80,34,649,2.8,WA,2021
SAL50539,Gibson,406,39,1542,2.7,WA,2021
SAL50540,Gibson Desert North,262,30,1292,5.0,WA,2021
SAL50541,Gibson Desert South,4,38,0,0.0,WA,2021
SAL50542,Gidgegannup,2818,47,2449,2.9,WA,2021
SAL50543,Gilgering,85,43,1792,2.7,WA,2021
SAL50544,Gillimanning,21,55,949,2.6,WA,2021
SAL50545,Gillingarra,49,49,3250,2.5,WA,2021
SAL50546,Gilroyd,0,0,0,0.0,WA,2021
SAL50547,Gingerah,0,0,0,0.0,WA,2021
SAL50548,Gingin,902,40,1603,2.6,WA,2021
SAL50549,Ginginup,33,41,1375,2.1,WA,2021
SAL50550,Girrawheen,8897,36,1239,2.6,WA,2021
SAL50551,Gledhow,1079,41,1473,2.7,WA,2021
SAL50552,Glen Forrest,2789,45,2103,2.6,WA,2021
SAL50553,Glen Iris (WA),3143,35,1620,2.7,WA,2021
SAL50554,Glen Mervyn,47,52,1875,2.6,WA,2021
SAL50555,Glencoe (WA),25,28,2124,3.1,WA,2021
SAL50556,Glendalough,2628,34,1562,2.1,WA,2021
SAL50557,Glenfield (WA),1009,35,1973,2.7,WA,2021
SAL50558,Glenlynn,112,45,1916,2.7,WA,2021
SAL50559,Glenoran,97,41,1312,2.4,WA,2021
SAL50560,Glentromie,44,40,2583,2.8,WA,2021
SAL50561,Gnangara,1347,55,1426,2.6,WA,2021
SAL50562,Gnarabup,525,43,2137,2.7,WA,2021
SAL50563,Gnoorea,5,57,900,1.5,WA,2021
SAL50564,Gnowangerup,568,39,1458,2.6,WA,2021
SAL50565,Gnowellen,30,33,1875,2.4,WA,2021
SAL50566,Golden Bay,5681,30,1891,2.8,WA,2021
SAL50567,Goode Beach,258,63,1233,2.0,WA,2021
SAL50568,Goodlands,29,50,1124,2.1,WA,2021
SAL50569,Goomalling,508,55,923,2.0,WA,2021
SAL50570,Goomarin,15,46,1062,2.8,WA,2021
SAL50571,Gooseberry Hill,3323,49,2169,2.6,WA,2021
SAL50572,Gorge Rock,33,41,1375,3.0,WA,2021
SAL50573,Gorrie,0,0,0,0.0,WA,2021
SAL50574,Gosnells,21149,38,1254,2.5,WA,2021
SAL50575,Gracetown,238,45,1718,2.6,WA,2021
SAL50576,Granville (WA),38,37,1374,2.4,WA,2021
SAL50577,Grass Patch,113,42,1625,2.4,WA,2021
SAL50578,Grass Valley,158,52,1125,2.2,WA,2021
SAL50579,Green Head,293,66,860,1.8,WA,2021
SAL50580,Green Range,62,37,1625,2.6,WA,2021
SAL50581,Green Valley (WA),57,49,2812,3.2,WA,2021
SAL50582,Greenbushes,365,52,964,2.0,WA,2021
SAL50583,Greenfields,9869,47,1004,2.3,WA,2021
SAL50584,Greenhills,46,37,1958,2.8,WA,2021
SAL50585,Greenmount (WA),2666,46,1669,2.5,WA,2021
SAL50586,Greenough,344,45,1892,2.7,WA,2021
SAL50587,Greenwood (WA),9861,40,1949,2.6,WA,2021
SAL50588,Greenwoods Valley,23,35,2749,3.0,WA,2021
SAL50589,Gregory (WA),53,63,833,2.0,WA,2021
SAL50590,Grey,5,53,450,1.8,WA,2021
SAL50591,Greys Plain,156,29,480,3.3,WA,2021
SAL50592,Grimwade,0,64,0,1.0,WA,2021
SAL50593,Guilderton,158,62,949,2.0,WA,2021
SAL50594,Guildford (WA),2040,46,2207,2.3,WA,2021
SAL50595,Gundaring,5,53,1499,2.3,WA,2021
SAL50596,Gunyidi,30,35,2249,2.5,WA,2021
SAL50597,Gutha,41,30,2250,3.4,WA,2021
SAL50598,Gwambygine,83,53,966,2.2,WA,2021
SAL50599,Gwelup,5391,42,2658,2.8,WA,2021
SAL50600,Gwindinup,52,50,1416,2.5,WA,2021
SAL50601,Hacketts Gully,55,44,1625,2.6,WA,2021
SAL50602,Halls Creek (WA),1572,30,1228,2.9,WA,2021
SAL50603,Halls Head,14474,45,1686,2.5,WA,2021
SAL50604,Hamel,286,42,1861,2.6,WA,2021
SAL50605,Hamelin Bay,58,51,1312,2.3,WA,2021
SAL50606,Hamelin Pool,23,31,900,2.0,WA,2021
SAL50607,Hamersley,5209,39,1856,2.6,WA,2021
SAL50608,Hamersley Range,197,37,0,2.0,WA,2021
SAL50609,Hamilton Hill,11327,39,1396,2.2,WA,2021
SAL50610,Hammond Park,6985,31,2446,2.9,WA,2021
SAL50611,Hannans,2410,33,2756,2.7,WA,2021
SAL50612,Harris River,98,47,2374,2.6,WA,2021
SAL50613,Harrisdale,11667,33,2412,3.2,WA,2021
SAL50614,Harrismith,52,41,1125,2.7,WA,2021
SAL50615,Harvey,3462,44,1425,2.5,WA,2021
SAL50616,Hastings (WA),41,44,900,2.9,WA,2021
SAL50617,Hatter Hill,0,0,0,0.0,WA,2021
SAL50618,Hay (WA),493,51,1660,2.4,WA,2021
SAL50619,Haynes,2417,29,2098,3.1,WA,2021
SAL50620,Hazelmere,935,49,1208,2.2,WA,2021
SAL50621,Hazelvale,83,50,1041,2.2,WA,2021
SAL50622,Heathridge,6898,36,1782,2.5,WA,2021
SAL50623,Helena Valley,4130,42,2037,2.6,WA,2021
SAL50624,Henderson,36,43,1124,1.7,WA,2021
SAL50625,Henley Brook,2500,41,2131,3.0,WA,2021
SAL50626,Henty (WA),142,50,2799,2.9,WA,2021
SAL50627,Herdsman,0,39,0,0.0,WA,2021
SAL50628,Herne Hill (WA),1542,46,1679,2.7,WA,2021
SAL50629,Herron,438,51,2097,2.7,WA,2021
SAL50630,Hester,101,42,1424,2.7,WA,2021
SAL50631,Hester Brook,127,41,1899,2.9,WA,2021
SAL50632,Higginsville,19,47,3750,2.0,WA,2021
SAL50633,High Wycombe,12198,38,1758,2.5,WA,2021
SAL50634,Highbury (WA),247,49,1328,2.5,WA,2021
SAL50635,Highgate (WA),2326,34,1852,1.8,WA,2021
SAL50636,Hilbert,4165,29,2073,2.9,WA,2021
SAL50637,Hill River (WA),107,48,1968,2.7,WA,2021
SAL50638,Hillarys,11200,44,2465,2.8,WA,2021
SAL50639,Hillman,1807,41,1304,2.5,WA,2021
SAL50640,Hillside (WA),72,48,1375,2.4,WA,2021
SAL50641,Hilton (WA),4323,38,1714,2.4,WA,2021
SAL50642,Hindmarsh (WA),54,34,2124,2.8,WA,2021
SAL50643,Hines Hill,59,54,866,2.0,WA,2021
SAL50644,Hithergreen,61,43,2624,2.5,WA,2021
SAL50645,Hocking,6987,34,2234,2.9,WA,2021
SAL50646,Hoddys Well,140,54,1562,2.3,WA,2021
SAL50647,Hoffman,31,52,1124,2.3,WA,2021
SAL50648,Holleton,4,65,725,1.0,WA,2021
SAL50649,Holmwood,9,31,1624,2.0,WA,2021
SAL50650,Holt Rock,46,38,3249,2.6,WA,2021
SAL50651,Holyoake,22,57,1375,1.6,WA,2021
SAL50652,Hope Valley (WA),39,50,1875,2.7,WA,2021
SAL50653,Hopeland (WA),313,47,2067,3.0,WA,2021
SAL50654,Hopetoun (WA),1115,46,1542,2.1,WA,2021
SAL50655,Horrocks,161,55,1525,2.2,WA,2021
SAL50656,Houtman Abrolhos,0,0,0,0.0,WA,2021
SAL50657,Hovea,713,51,2534,2.7,WA,2021
SAL50658,Howatharra,112,50,1656,2.1,WA,2021
SAL50659,Howick (WA),45,37,1874,3.0,WA,2021
SAL50660,Hulongine,26,44,2250,3.3,WA,2021
SAL50661,Huntingdale (WA),9021,35,1785,2.9,WA,2021
SAL50662,Hyden,384,44,1367,2.3,WA,2021
SAL50663,Ikewa,12,47,2333,3.3,WA,2021
SAL50664,Iluka (WA),5669,46,3144,3.0,WA,2021
SAL50665,Indee,16,51,0,0.0,WA,2021
SAL50666,Inggarda,21,37,949,2.4,WA,2021
SAL50667,Inglehope,18,52,1999,2.8,WA,2021
SAL50668,Inglewood (WA),5837,39,2031,2.3,WA,2021
SAL50669,Inkpen,13,67,1625,1.9,WA,2021
SAL50670,Innaloo,9592,36,1862,2.1,WA,2021
SAL50671,Innawanga,4,38,0,3.0,WA,2021
SAL50672,Irishtown (WA),98,48,2100,2.6,WA,2021
SAL50673,Irrunytju,133,34,1416,3.8,WA,2021
SAL50674,Irwin,72,55,1312,2.4,WA,2021
SAL50675,Israelite Bay,0,0,0,0.0,WA,2021
SAL50676,Isseka,57,45,1312,2.4,WA,2021
SAL50677,Jackitup,53,48,1333,2.3,WA,2021
SAL50678,Jacup,71,35,1958,3.1,WA,2021
SAL50679,Jalbarragup,163,61,880,2.0,WA,2021
SAL50680,Jaloran,41,31,2124,2.8,WA,2021
SAL50681,Jandabup,291,50,1708,2.8,WA,2021
SAL50682,Jandakot,2533,45,2349,2.9,WA,2021
SAL50683,Jane Brook,3670,39,2351,2.9,WA,2021
SAL50684,Jardee,157,44,1531,2.4,WA,2021
SAL50685,Jarlmadangah Burru,35,29,866,2.5,WA,2021
SAL50686,Jarrahdale,1205,43,2057,2.6,WA,2021
SAL50687,Jarrahwood,9,54,450,2.0,WA,2021
SAL50688,Jelcobine,154,51,1687,2.9,WA,2021
SAL50689,Jennacubbine,56,49,1937,2.5,WA,2021
SAL50690,Jennapullin,75,42,1275,3.0,WA,2021
SAL50691,Jerdacuttup,183,35,1825,2.3,WA,2021
SAL50692,Jerramungup,353,37,1640,2.4,WA,2021
SAL50693,Jibberding,24,51,2374,2.2,WA,2021
SAL50694,Jigalong,306,22,862,4.3,WA,2021
SAL50695,Jilakin,49,47,3250,2.6,WA,2021
SAL50696,Jindalee (WA),4044,36,2685,2.9,WA,2021
SAL50697,Jindong,68,42,2187,3.1,WA,2021
SAL50698,Jingalup,139,40,2187,2.7,WA,2021
SAL50699,Jitarning,63,40,1562,2.8,WA,2021
SAL50700,Jolimont,1479,52,1345,1.8,WA,2021
SAL50701,Joondalup,9193,39,1688,2.3,WA,2021
SAL50702,Joondanna,5283,37,1681,2.0,WA,2021
SAL50703,Julimar,406,54,1328,2.3,WA,2021
SAL50704,Juna Downs,4,46,2250,1.0,WA,2021
SAL50705,Jurien Bay,1985,52,1187,2.2,WA,2021
SAL50706,Kadathinni,36,45,2250,2.7,WA,2021
SAL50707,Kalamunda,7163,49,1622,2.4,WA,2021
SAL50708,Kalannie,147,44,1645,2.5,WA,2021
SAL50709,Kalbarri,1478,53,1122,2.1,WA,2021
SAL50710,Kalbarri National Park,0,0,0,0.0,WA,2021
SAL50711,Kalgan,840,44,1771,2.6,WA,2021
SAL50712,Kalgoorlie,3711,35,2095,2.3,WA,2021
SAL50713,Kalgup,91,42,2625,2.8,WA,2021
SAL50714,Kallaroo,5305,45,2108,2.6,WA,2021
SAL50715,Kaloorup,90,40,1625,2.7,WA,2021
SAL50716,Kalumburu,388,27,1031,4.0,WA,2021
SAL50717,Kambalda East,802,34,1839,2.2,WA,2021
SAL50718,Kambalda West,1666,36,2217,2.4,WA,2021
SAL50719,Kangaroo Gully,512,53,1604,2.4,WA,2021
SAL50720,Kanowna,12,44,474,2.0,WA,2021
SAL50721,Kanpa,0,48,350,1.0,WA,2021
SAL50722,Karakin,239,60,919,2.1,WA,2021
SAL50723,Karalundi,65,34,1325,2.4,WA,2021
SAL50724,Karawara,1842,31,1718,2.6,WA,2021
SAL50725,Kardinya,9137,42,1927,2.6,WA,2021
SAL50726,Karijini,39,30,1625,1.7,WA,2021
SAL50727,Karlgarin,105,36,1550,2.3,WA,2021
SAL50728,Karlkurla,270,33,3075,3.1,WA,2021
SAL50729,Karloning,34,54,2250,2.3,WA,2021
SAL50730,Karloo,495,33,1233,2.7,WA,2021
SAL50731,Karnup,2096,30,2122,3.0,WA,2021
SAL50732,Karragullen,395,45,2316,2.8,WA,2021
SAL50733,Karrakatta,22,33,900,2.0,WA,2021
SAL50734,Karrakup,172,47,1968,2.6,WA,2021
SAL50735,Karramindie,33,38,225,1.0,WA,2021
SAL50736,Karranadgin,86,40,1583,2.7,WA,2021
SAL50737,Karratha,98,34,1583,1.5,WA,2021
SAL50738,Karratha Industrial Estate,163,39,2028,1.6,WA,2021
SAL50739,Karridale,317,48,1359,2.5,WA,2021
SAL50740,Karrinyup,9886,41,2456,2.7,WA,2021
SAL50741,Karroun Hill,0,0,0,0.0,WA,2021
SAL50742,Katanning,3637,38,1308,2.4,WA,2021
SAL50743,Katrine,66,49,1666,2.7,WA,2021
SAL50744,Kauring,72,53,749,2.0,WA,2021
SAL50745,Kealy,1119,30,1895,2.7,WA,2021
SAL50746,Kebaringup,49,31,2249,3.1,WA,2021
SAL50747,Kellerberrin,877,53,909,2.1,WA,2021
SAL50748,Kelmscott,10575,40,1355,2.4,WA,2021
SAL50749,Kendenup,1062,54,1040,2.2,WA,2021
SAL50750,Kenmare (WA),36,34,2250,3.3,WA,2021
SAL50751,Kennedy Range,4,30,4250,3.0,WA,2021
SAL50752,Kensington (WA),4627,38,2496,2.6,WA,2021
SAL50753,Kentdale,118,50,1145,2.2,WA,2021
SAL50754,Kenwick,5684,35,1433,2.7,WA,2021
SAL50755,Keralup,0,0,0,0.0,WA,2021
SAL50756,Kewdale,7397,36,1597,2.5,WA,2021
SAL50757,Keysbrook,265,51,1458,2.4,WA,2021
SAL50758,Kiara,1776,39,1512,2.5,WA,2021
SAL50759,Kimbolton (WA),52,40,1624,1.3,WA,2021
SAL50760,King Leopold Ranges,265,29,1267,2.4,WA,2021
SAL50761,King River,278,50,1768,2.6,WA,2021
SAL50762,Kings Park (WA),48,61,4799,2.2,WA,2021
SAL50763,Kingsford (WA),261,55,1375,2.2,WA,2021
SAL50764,Kingsley,13204,44,2012,2.6,WA,2021
SAL50765,Kingston (WA),16,51,1875,2.5,WA,2021
SAL50766,Kinross,6988,38,2239,2.9,WA,2021
SAL50767,Kirk Rock,18,47,1274,3.0,WA,2021
SAL50768,Kirup,156,47,1093,2.5,WA,2021
SAL50769,Kojaneerup South,23,28,1625,3.4,WA,2021
SAL50770,Kojarena,21,63,1437,2.1,WA,2021
SAL50771,Kojonup,1157,46,1273,2.2,WA,2021
SAL50772,Kokeby,90,57,1687,2.1,WA,2021
SAL50773,Kondinin,332,50,986,2.1,WA,2021
SAL50774,Kondut,41,45,1875,2.4,WA,2021
SAL50775,Konnongorring,76,45,1875,3.0,WA,2021
SAL50776,Koojan,40,38,2562,2.6,WA,2021
SAL50777,Kookynie,99,41,1312,2.1,WA,2021
SAL50778,Koolanooka,22,33,2374,3.5,WA,2021
SAL50779,Koolyanobbing,93,43,0,0.0,WA,2021
SAL50780,Koomberkine,54,49,2250,2.9,WA,2021
SAL50781,Koondoola,3919,35,1185,2.8,WA,2021
SAL50782,Koongamia,985,37,1260,2.3,WA,2021
SAL50783,Koorda,213,54,1017,2.0,WA,2021
SAL50784,Korbel,59,66,1375,2.2,WA,2021
SAL50785,Kordabup,141,57,924,2.1,WA,2021
SAL50786,Korrelocking,58,55,1187,2.1,WA,2021
SAL50787,Kronkup,262,50,1718,2.5,WA,2021
SAL50788,Kudardup,110,52,1262,2.3,WA,2021
SAL50789,Kuender,41,48,1312,2.3,WA,2021
SAL50790,Kukerin,55,35,1375,2.6,WA,2021
SAL50791,Kulikup,143,47,1312,2.4,WA,2021
SAL50792,Kulin,352,45,1357,2.2,WA,2021
SAL50793,Kulin West,88,41,2333,2.6,WA,2021
SAL50794,Kulja,20,21,2749,2.8,WA,2021
SAL50795,Kumarina,91,39,1812,1.3,WA,2021
SAL50796,Kundat Djaru,141,23,1017,4.1,WA,2021
SAL50797,Kunjin,48,34,2187,3.1,WA,2021
SAL50798,Kununoppin,49,59,492,1.6,WA,2021
SAL50799,Kununurra,5494,33,2091,2.7,WA,2021
SAL50800,Kupartiya,56,40,687,2.4,WA,2021
SAL50801,Kurnalpi,4,42,0,0.0,WA,2021
SAL50802,Kurrenkutten,33,41,1999,3.1,WA,2021
SAL50803,Kweda,4,60,2499,2.3,WA,2021
SAL50804,Kwelkan,10,47,1437,1.0,WA,2021
SAL50805,Kwinana Beach,42,56,1125,2.4,WA,2021
SAL50806,Kwinana Town Centre,567,31,1547,2.8,WA,2021
SAL50807,Kwolyin,20,62,2749,2.0,WA,2021
SAL50808,Lagrange,634,26,936,3.5,WA,2021
SAL50809,Lake Argyle,205,32,924,2.6,WA,2021
SAL50810,Lake Austin,0,0,0,0.0,WA,2021
SAL50811,Lake Biddy,59,44,1125,2.5,WA,2021
SAL50812,Lake Brown,13,46,900,2.0,WA,2021
SAL50813,Lake Camm,23,41,2250,2.9,WA,2021
SAL50814,Lake Carnegie,12,25,1374,3.3,WA,2021
SAL50815,Lake Clifton,759,42,1724,2.8,WA,2021
SAL50816,Lake Coogee,4768,37,2147,2.7,WA,2021
SAL50817,Lake Darlot,178,34,225,1.5,WA,2021
SAL50818,Lake Deborah,0,55,0,0.0,WA,2021
SAL50819,Lake Grace,523,38,1699,2.3,WA,2021
SAL50820,Lake Hinds,29,36,2124,2.9,WA,2021
SAL50821,Lake Jasper,27,39,2250,2.3,WA,2021
SAL50822,Lake King,84,44,1687,2.5,WA,2021
SAL50823,Lake Margarette,16,45,1375,2.0,WA,2021
SAL50824,Lake Muir,7,67,1124,1.7,WA,2021
SAL50825,Lake Ninan,17,58,2624,2.3,WA,2021
SAL50826,Lake Toolbrunup,76,34,1875,2.9,WA,2021
SAL50827,Lake Wells,0,64,1875,2.0,WA,2021
SAL50828,Lakelands (WA),6171,32,1804,2.8,WA,2021
SAL50829,Lamington (WA),2036,33,2886,2.7,WA,2021
SAL50830,Lancelin,786,52,1071,2.0,WA,2021
SAL50831,Landsdale,15401,33,2439,3.3,WA,2021
SAL50832,Lange,394,52,1295,2.3,WA,2021
SAL50833,Langford,5505,36,1318,2.7,WA,2021
SAL50834,Latham (WA),61,53,1562,2.1,WA,2021
SAL50835,Lathlain,3699,35,2040,2.4,WA,2021
SAL50836,Laverton (WA),907,37,1097,2.4,WA,2021
SAL50837,Learmonth (WA),25,53,1625,2.0,WA,2021
SAL50838,Leda,3202,32,1557,2.9,WA,2021
SAL50839,Ledge Point,231,60,1147,1.7,WA,2021
SAL50840,Leederville,3686,35,2316,2.0,WA,2021
SAL50841,Leeman,351,57,962,2.1,WA,2021
SAL50842,Leeming,10883,42,2330,2.8,WA,2021
SAL50843,Leeuwin,4,71,350,1.5,WA,2021
SAL50844,Leinster,716,31,2562,2.9,WA,2021
SAL50845,Lennard Brook,209,45,1421,2.6,WA,2021
SAL50846,Leonora,657,40,1455,2.3,WA,2021
SAL50847,Leschenault,3058,47,2197,2.9,WA,2021
SAL50848,Lesley,0,0,0,0.0,WA,2021
SAL50849,Lesmurdie,8413,44,2083,2.8,WA,2021
SAL50850,Lexia,30,64,1708,2.3,WA,2021
SAL50851,Lime Lake,16,46,3625,2.8,WA,2021
SAL50852,Linfarne,64,48,1062,2.8,WA,2021
SAL50853,Little Grove,1508,48,1570,2.5,WA,2021
SAL50854,Little Italy,34,48,2999,2.2,WA,2021
SAL50855,Little Sandy Desert,5,54,0,0.0,WA,2021
SAL50856,Lockier,3,54,4750,1.5,WA,2021
SAL50857,Lockridge,3322,38,1206,2.4,WA,2021
SAL50858,Lockyer (WA),1298,40,904,2.3,WA,2021
SAL50859,Lol Gray,19,49,2250,2.7,WA,2021
SAL50860,Londonderry (WA),0,47,4750,1.0,WA,2021
SAL50861,Lort River,60,36,1875,2.8,WA,2021
SAL50862,Lowden,165,57,1312,2.3,WA,2021
SAL50863,Lower Chittering,2408,41,2612,3.2,WA,2021
SAL50864,Lower Hotham,13,50,725,1.8,WA,2021
SAL50865,Lower King,1890,48,1448,2.5,WA,2021
SAL50866,Lowlands,149,56,1160,2.2,WA,2021
SAL50867,Ludlow,132,42,1843,2.8,WA,2021
SAL50868,Lumeah (WA),86,37,2187,2.5,WA,2021
SAL50869,Lyalls Mill,17,48,474,2.3,WA,2021
SAL50870,Lyndon,31,54,874,1.8,WA,2021
SAL50871,Lynwood (WA),3541,36,1482,2.5,WA,2021
SAL50872,Macleod (WA),19,19,1375,2.8,WA,2021
SAL50873,Maddington,12419,35,1364,2.7,WA,2021
SAL50874,Madeley,6805,38,2137,2.8,WA,2021
SAL50875,Madora Bay,3830,36,2290,2.9,WA,2021
SAL50876,Madura,0,49,0,0.0,WA,2021
SAL50877,Magenta (WA),22,30,1916,3.0,WA,2021
SAL50878,Magitup,20,41,2125,2.6,WA,2021
SAL50879,Mahogany Creek,829,46,2169,2.7,WA,2021
SAL50880,Mahomets Flats,806,41,1406,2.1,WA,2021
SAL50881,Maida Vale,4499,42,1977,2.7,WA,2021
SAL50882,Maitland (WA),12,49,1375,2.7,WA,2021
SAL50883,Malabaine,51,57,1625,2.6,WA,2021
SAL50884,Malaga,25,43,1749,1.4,WA,2021
SAL50885,Malebelling,39,45,2416,2.8,WA,2021
SAL50886,Mallee Hill,30,31,1562,3.2,WA,2021
SAL50887,Malmalling,0,0,0,0.0,WA,2021
SAL50888,Malyalling,20,40,2250,4.3,WA,2021
SAL50889,Mandogalup,128,31,2277,2.4,WA,2021
SAL50890,Mandurah,8804,50,858,1.8,WA,2021
SAL50891,Manjimup,4279,42,1208,2.2,WA,2021
SAL50892,Manmanning,42,60,1187,1.7,WA,2021
SAL50893,Manning,4219,38,2208,2.6,WA,2021
SAL50894,Mantamaru,124,25,1187,4.2,WA,2021
SAL50895,Manypeaks,149,38,1268,2.4,WA,2021
SAL50896,Marangaroo,10483,39,1533,2.8,WA,2021
SAL50897,Maranup,60,55,1187,2.0,WA,2021
SAL50898,Marbelup,487,39,2193,2.9,WA,2021
SAL50899,Marble Bar,927,38,1035,2.6,WA,2021
SAL50900,Marchagee,45,55,1874,2.5,WA,2021
SAL50901,Mardella,446,45,2288,3.0,WA,2021
SAL50902,Mardie,609,39,1125,2.4,WA,2021
SAL50903,Margaret River (WA),8918,39,1640,2.6,WA,2021
SAL50904,Mariginiup,876,43,2222,3.1,WA,2021
SAL50905,Marmion,2390,45,2435,2.7,WA,2021
SAL50906,Marne,10,23,2074,3.0,WA,2021
SAL50907,Marracoonda,17,39,1375,2.4,WA,2021
SAL50908,Marradong,58,42,2166,2.7,WA,2021
SAL50909,Marrah,4,44,0,4.0,WA,2021
SAL50910,Marrinup,4,23,2250,4.0,WA,2021
SAL50911,Martin,1854,40,1987,2.8,WA,2021
SAL50912,Marvel Loch,120,48,1392,1.7,WA,2021
SAL50913,Marybrook,229,48,1174,2.1,WA,2021
SAL50914,Massey Bay,0,0,0,0.0,WA,2021
SAL50915,Maya,20,59,1062,2.4,WA,2021
SAL50916,Mayanup,174,48,1437,2.4,WA,2021
SAL50917,Maylands (WA),13199,36,1623,1.9,WA,2021
SAL50918,McAlinden,70,40,1125,2.7,WA,2021
SAL50919,McBeath,32,57,1125,2.1,WA,2021
SAL50920,McKail,3970,34,1641,2.8,WA,2021
SAL50921,Meadow,3,58,0,0.0,WA,2021
SAL50922,Meadow Springs,9160,38,1654,2.7,WA,2021
SAL50923,Meckering,232,45,1083,2.4,WA,2021
SAL50924,Meda,17,32,1125,1.8,WA,2021
SAL50925,Medina,2260,42,1062,2.1,WA,2021
SAL50926,Meekatharra,849,33,1273,2.5,WA,2021
SAL50927,Meeking,10,30,1625,3.0,WA,2021
SAL50928,Meelon,174,46,1343,2.4,WA,2021
SAL50929,Meenaar,29,50,1749,3.2,WA,2021
SAL50930,Meerup,159,51,1109,2.6,WA,2021
SAL50931,Melaleuca,0,70,2250,2.0,WA,2021
SAL50932,Melville (WA),6204,42,2183,2.6,WA,2021
SAL50933,Menora,2691,57,1311,2.2,WA,2021
SAL50934,Menzies (WA),103,46,900,2.0,WA,2021
SAL50935,Merilup,13,55,1875,1.8,WA,2021
SAL50936,Merivale,87,53,1687,2.5,WA,2021
SAL50937,Merkanooka,57,39,1812,2.7,WA,2021
SAL50938,Merredin,2604,40,1396,2.3,WA,2021
SAL50939,Merriwa (WA),5587,40,1255,2.5,WA,2021
SAL50940,Meru,219,35,1625,2.2,WA,2021
SAL50941,Metricup,263,40,2204,2.8,WA,2021
SAL50942,Mettler,35,34,1166,3.4,WA,2021
SAL50943,Miamoon,17,32,5500,2.8,WA,2021
SAL50944,Middle Swan,2852,39,1316,2.4,WA,2021
SAL50945,Middlesex (WA),232,55,1593,2.1,WA,2021
SAL50946,Middleton Beach,759,56,1467,2.0,WA,2021
SAL50947,Midland,6335,39,1138,1.9,WA,2021
SAL50948,Midvale,2283,35,1433,2.5,WA,2021
SAL50949,Miling,101,48,1166,2.5,WA,2021
SAL50950,Millars Well,2104,31,3188,2.7,WA,2021
SAL50951,Millbridge,2736,33,2458,3.0,WA,2021
SAL50952,Millbrook (WA),284,46,2071,2.9,WA,2021
SAL50953,Millendon,490,49,2024,2.8,WA,2021
SAL50954,Mills Lake,39,45,1624,2.2,WA,2021
SAL50955,Millstream (WA),5,25,1187,1.0,WA,2021
SAL50956,Milo,16,40,1999,3.0,WA,2021
SAL50957,Milpara,953,47,1342,2.6,WA,2021
SAL50958,Mimegarra,11,42,2750,3.8,WA,2021
SAL50959,Mindarabin,49,39,2208,2.3,WA,2021
SAL50960,Mindarie (WA),7867,45,2555,2.9,WA,2021
SAL50961,Mindarra,33,53,1312,2.1,WA,2021
SAL50962,Minding,32,38,2749,2.7,WA,2021
SAL50963,Mingenew,258,56,1125,2.2,WA,2021
SAL50964,Minigin,78,45,2166,2.6,WA,2021
SAL50965,Minilya,20,45,4750,3.2,WA,2021
SAL50966,Minnenooka,40,42,3625,3.5,WA,2021
SAL50967,Minnivale,40,31,1292,2.1,WA,2021
SAL50968,Minyirr,76,43,2062,2.6,WA,2021
SAL50969,Mira Mar,1890,46,1299,2.1,WA,2021
SAL50970,Mirrabooka (WA),8000,36,1267,3.0,WA,2021
SAL50971,Mitchell Plateau,87,36,1208,3.2,WA,2021
SAL50972,Mobrup,40,55,1625,2.0,WA,2021
SAL50973,Mocardy,89,41,1895,2.9,WA,2021
SAL50974,Mogumber,58,55,1531,2.0,WA,2021
SAL50975,Mokine,216,52,1224,2.4,WA,2021
SAL50976,Mokup,62,58,1124,1.8,WA,2021
SAL50977,Mollerin,25,47,2250,2.5,WA,2021
SAL50978,Molloy Island,163,63,866,1.7,WA,2021
SAL50979,Monjebup,21,33,1874,3.2,WA,2021
SAL50980,Monjingup,394,45,1875,2.8,WA,2021
SAL50981,Moodiarrup,63,43,1042,2.9,WA,2021
SAL50982,Moojebing,63,34,1312,3.0,WA,2021
SAL50983,Mooliabeenee,213,52,1224,2.6,WA,2021
SAL50984,Moondah,34,55,1375,2.3,WA,2021
SAL50985,Moondyne,0,0,0,0.0,WA,2021
SAL50986,Moonies Hill,25,43,1187,2.5,WA,2021
SAL50987,Moonyoonooka,286,43,1875,2.9,WA,2021
SAL50988,Moora (WA),1755,42,1371,2.3,WA,2021
SAL50989,Moore River National Park,0,0,0,0.0,WA,2021
SAL50990,Mooriary,18,25,3250,3.8,WA,2021
SAL50991,Moorine Rock,61,42,1458,2.3,WA,2021
SAL50992,Morangup,751,51,1591,2.6,WA,2021
SAL50993,Morawa,459,45,1239,2.1,WA,2021
SAL50994,Morbinning,36,46,1625,2.3,WA,2021
SAL50995,Mordalup,14,58,350,2.2,WA,2021
SAL50996,Moresby (WA),944,43,2224,2.8,WA,2021
SAL50997,Morgantown,774,38,1361,2.3,WA,2021
SAL50998,Morley,22539,39,1583,2.5,WA,2021
SAL50999,Mornington (WA),42,49,1999,2.8,WA,2021
SAL51000,Mosman Park (WA),9169,42,2132,2.4,WA,2021
SAL51001,Moulyinning,34,39,1374,2.5,WA,2021
SAL51002,Mount Adams,8,55,1374,1.8,WA,2021
SAL51003,Mount Anketell,0,0,0,0.0,WA,2021
SAL51004,Mount Barker (WA),2855,48,1104,2.4,WA,2021
SAL51005,Mount Budd,9,35,1875,3.7,WA,2021
SAL51006,Mount Burges,116,27,1031,3.3,WA,2021
SAL51007,Mount Caroline,12,35,8000,4.0,WA,2021
SAL51008,Mount Claremont,4999,45,2835,2.7,WA,2021
SAL51009,Mount Clarence,728,45,1586,2.2,WA,2021
SAL51010,Mount Elphinstone,82,50,1375,2.3,WA,2021
SAL51011,Mount Erin,8,40,724,3.0,WA,2021
SAL51012,Mount Hampton,24,46,1875,2.2,WA,2021
SAL51013,Mount Hardey,154,56,1478,2.3,WA,2021
SAL51014,Mount Hardman,502,24,941,4.1,WA,2021
SAL51015,Mount Hawthorn,8183,37,2890,2.7,WA,2021
SAL51016,Mount Helena,3373,41,1941,2.8,WA,2021
SAL51017,Mount Hill,41,51,1812,2.1,WA,2021
SAL51018,Mount Holland,9,51,1125,2.5,WA,2021
SAL51019,Mount Horner,13,52,1875,3.0,WA,2021
SAL51020,Mount Jackson,124,39,0,0.0,WA,2021
SAL51021,Mount Lawley,11328,38,2108,2.2,WA,2021
SAL51022,Mount Lindesay (WA),0,78,450,1.0,WA,2021
SAL51023,Mount Madden,30,36,1999,2.5,WA,2021
SAL51024,Mount Magnet,583,43,1192,2.0,WA,2021
SAL51025,Mount Melville,1007,48,1468,2.0,WA,2021
SAL51026,Mount Nasura,2997,44,1752,2.5,WA,2021
SAL51027,Mount Ney,8,55,1187,1.7,WA,2021
SAL51028,Mount Observation (WA),0,0,0,0.0,WA,2021
SAL51029,Mount Palmer,0,0,0,0.0,WA,2021
SAL51030,Mount Pleasant (WA),7456,43,2401,2.5,WA,2021
SAL51031,Mount Richon,2067,50,1450,2.3,WA,2021
SAL51032,Mount Romance,0,0,0,0.0,WA,2021
SAL51033,Mount Sheila,794,37,3749,4.2,WA,2021
SAL51034,Mount Sheridan (WA),23,64,3249,2.0,WA,2021
SAL51035,Mount Stirling,16,30,1875,4.3,WA,2021
SAL51036,Mount Tarcoola,3257,39,1792,2.5,WA,2021
SAL51037,Mount Walker (WA),76,37,1800,2.4,WA,2021
SAL51038,Mount Wells,0,0,0,0.0,WA,2021
SAL51039,Mouroubra,0,39,2250,1.0,WA,2021
SAL51040,Muchea,921,47,1859,2.7,WA,2021
SAL51041,Muckenburra,219,37,1895,3.0,WA,2021
SAL51042,Mueller Ranges,366,27,778,3.6,WA,2021
SAL51043,Muja,18,46,1374,2.1,WA,2021
SAL51044,Mukinbudin,336,44,1218,2.1,WA,2021
SAL51045,Mulataga,0,0,0,0.0,WA,2021
SAL51046,Mulga Downs,23,49,824,1.4,WA,2021
SAL51047,Mullaloo,6190,41,2447,2.8,WA,2021
SAL51048,Mullalyup,149,54,1270,2.2,WA,2021
SAL51049,Mullewa,356,45,828,2.2,WA,2021
SAL51050,Mullingar,318,34,2211,2.6,WA,2021
SAL51051,Muluckine,209,45,1111,2.3,WA,2021
SAL51052,Mumballup,100,47,1562,2.7,WA,2021
SAL51053,Mumberkine,57,43,966,2.4,WA,2021
SAL51054,Mundabullangana,14,44,575,1.0,WA,2021
SAL51055,Mundaring,3190,50,1773,2.5,WA,2021
SAL51056,Mundijong,1246,40,1823,2.8,WA,2021
SAL51057,Mundrabilla,11,44,0,5.0,WA,2021
SAL51058,Mungalup,53,53,1625,2.5,WA,2021
SAL51059,Munglinup,140,43,1471,2.3,WA,2021
SAL51060,Munster,199,49,1843,2.9,WA,2021
SAL51061,Muntadgin,39,41,1343,2.1,WA,2021
SAL51062,Muradup,97,57,1100,2.2,WA,2021
SAL51063,Murchison (WA),30,44,1625,2.0,WA,2021
SAL51064,Murdoch,3352,43,1459,2.5,WA,2021
SAL51065,Murdong,24,33,2250,2.4,WA,2021
SAL51066,Muresk,15,24,2249,2.8,WA,2021
SAL51067,Myalup,344,51,1474,2.2,WA,2021
SAL51068,Myara,0,64,1875,2.0,WA,2021
SAL51069,Myaree,2105,42,1977,2.4,WA,2021
SAL51070,Myrup,518,52,1899,2.6,WA,2021
SAL51071,Nabawa,118,53,1325,2.3,WA,2021
SAL51072,Nairibin,14,58,762,2.8,WA,2021
SAL51073,Nalkain,4,29,2750,2.0,WA,2021
SAL51074,Nalyerlup,34,34,2874,3.2,WA,2021
SAL51075,Namban,35,51,1312,2.2,WA,2021
SAL51076,Nambeelup,361,38,2068,2.9,WA,2021
SAL51077,Nambung,25,54,2083,2.4,WA,2021
SAL51078,Nanarup,38,56,1125,2.0,WA,2021
SAL51079,Nanga,4,53,900,2.0,WA,2021
SAL51080,Nanga Brook,0,0,0,0.0,WA,2021
SAL51081,Nangeenan,75,49,1812,2.6,WA,2021
SAL51082,Nangetty,20,34,3249,3.3,WA,2021
SAL51083,Nannup,959,57,1030,2.1,WA,2021
SAL51084,Nanson,84,51,1875,2.4,WA,2021
SAL51085,Nanutarra,37,37,1125,1.7,WA,2021
SAL51086,Napier,269,48,1531,2.5,WA,2021
SAL51087,Naraling,13,58,1749,2.4,WA,2021
SAL51088,Narembeen,423,54,1319,2.1,WA,2021
SAL51089,Narngulu,44,54,1687,2.0,WA,2021
SAL51090,Narra Tarra,104,40,2333,2.9,WA,2021
SAL51091,Narraloggan,36,44,1562,2.8,WA,2021
SAL51092,Narrikup,514,49,1602,2.5,WA,2021
SAL51093,Narrogin,3927,43,1236,2.2,WA,2021
SAL51094,Narrogin Valley,102,50,2062,2.5,WA,2021
SAL51095,Naturaliste,107,35,1333,2.8,WA,2021
SAL51096,Naval Base,20,57,900,1.7,WA,2021
SAL51097,Neale,0,0,0,0.0,WA,2021
SAL51098,Nedlands,10561,42,2832,2.7,WA,2021
SAL51099,Needilup,99,34,1125,2.6,WA,2021
SAL51100,Neendaling,19,34,2750,3.3,WA,2021
SAL51101,Neerabup,112,42,1625,2.8,WA,2021
SAL51102,Neergabby,268,41,1224,2.7,WA,2021
SAL51103,Nembudding,12,58,1375,2.0,WA,2021
SAL51104,Neridup,92,38,2062,2.8,WA,2021
SAL51105,Nerramyne,6,65,2750,2.0,WA,2021
SAL51106,Nerren Nerren,6,21,0,0.0,WA,2021
SAL51107,New Norcia,57,57,1125,2.1,WA,2021
SAL51108,Newcarlbeon,15,55,1999,2.3,WA,2021
SAL51109,Newdegate,159,43,1550,2.1,WA,2021
SAL51110,Newlands (WA),112,50,1437,2.4,WA,2021
SAL51111,Newman,6456,33,2972,2.7,WA,2021
SAL51112,Ngaanyatjarra-Giles,43,49,1999,1.1,WA,2021
SAL51113,Nickol,4938,31,3736,3.1,WA,2021
SAL51114,Nilgen,248,52,1312,2.3,WA,2021
SAL51115,Nillup,61,45,1062,2.5,WA,2021
SAL51116,Ningaloo,7,41,874,2.0,WA,2021
SAL51117,Nippering,21,42,1875,3.3,WA,2021
SAL51118,Nirimba (WA),80,41,1583,2.7,WA,2021
SAL51119,Noggerup,99,51,1343,2.3,WA,2021
SAL51120,Nokaning,48,40,1999,3.2,WA,2021
SAL51121,Nolba,22,34,2250,3.0,WA,2021
SAL51122,Nollamara,12779,34,1492,2.2,WA,2021
SAL51123,Nomans Lake,59,37,1875,3.3,WA,2021
SAL51124,Noranda,8002,45,1632,2.6,WA,2021
SAL51125,Nornalup,89,59,982,2.0,WA,2021
SAL51126,Norpa,29,34,1208,2.9,WA,2021
SAL51127,Norseman,562,52,771,1.8,WA,2021
SAL51128,North Baandee,49,50,1499,2.7,WA,2021
SAL51129,North Bannister,0,0,0,0.0,WA,2021
SAL51130,North Beach (WA),3689,44,2124,2.3,WA,2021
SAL51131,North Bodallin,17,42,2749,2.0,WA,2021
SAL51132,North Boyanup,323,49,2091,2.8,WA,2021
SAL51133,North Burngup,20,42,1749,2.9,WA,2021
SAL51134,North Cascade,14,58,3249,5.0,WA,2021
SAL51135,North Coogee,3741,46,2566,2.3,WA,2021
SAL51136,North Dandalup,863,40,2242,3.0,WA,2021
SAL51137,North Eradu,5,33,3499,4.0,WA,2021
SAL51138,North Fremantle,3947,48,2387,2.1,WA,2021
SAL51139,North Greenbushes,174,49,1541,2.4,WA,2021
SAL51140,North Jindong,75,43,1208,2.5,WA,2021
SAL51141,North Kellerberrin,30,38,3250,3.2,WA,2021
SAL51142,North Kukerin,84,44,1312,2.9,WA,2021
SAL51143,North Kununoppin,24,60,933,2.1,WA,2021
SAL51144,North Lake,1299,41,2434,2.9,WA,2021
SAL51145,North Lake Grace,23,55,1375,2.4,WA,2021
SAL51146,North Moulyinning,29,38,1166,3.0,WA,2021
SAL51147,North Perth,9623,38,2323,2.3,WA,2021
SAL51148,North Plantations,377,46,1875,2.6,WA,2021
SAL51149,North Stirlings,26,29,2250,3.5,WA,2021
SAL51150,North Tammin,138,47,1666,3.0,WA,2021
SAL51151,North Trayning,26,31,2125,2.7,WA,2021
SAL51152,North Walpole,108,58,1093,2.2,WA,2021
SAL51153,North West Cape,177,40,1542,2.2,WA,2021
SAL51154,North Wialki,10,47,1649,2.3,WA,2021
SAL51155,North Yelbeni,11,43,2125,1.7,WA,2021
SAL51156,North Yunderup,840,52,1230,2.2,WA,2021
SAL51157,Northam,6679,42,1246,2.3,WA,2021
SAL51158,Northampton,830,57,869,2.1,WA,2021
SAL51159,Northbridge (WA),1420,31,1853,1.9,WA,2021
SAL51160,Northcliffe,288,50,1080,2.3,WA,2021
SAL51161,Northern Gully,10,53,1875,2.8,WA,2021
SAL51162,Nowergup,189,47,1708,2.6,WA,2021
SAL51163,Nugadong,11,55,1874,1.8,WA,2021
SAL51164,Nukarni,39,50,1125,2.9,WA,2021
SAL51165,Nullagine,1159,38,1321,2.9,WA,2021
SAL51166,Nullaki,32,53,1375,2.8,WA,2021
SAL51167,Nulsen,1083,36,977,2.3,WA,2021
SAL51168,Nungarin,152,52,911,2.0,WA,2021
SAL51169,Nunierra,22,46,2750,3.3,WA,2021
SAL51170,Nunile,183,53,1583,2.5,WA,2021
SAL51171,Nyabing,260,37,1766,2.6,WA,2021
SAL51172,O'Connor (WA),460,38,1639,2.1,WA,2021
SAL51173,Oakajee,0,66,450,1.0,WA,2021
SAL51174,Oakford,2803,42,2451,3.2,WA,2021
SAL51175,Ocean Beach,1014,50,1369,2.5,WA,2021
SAL51176,Ocean Reef,8125,44,2480,2.9,WA,2021
SAL51177,Ogilvie,56,41,2374,3.9,WA,2021
SAL51178,Old Plains,47,45,1874,2.3,WA,2021
SAL51179,Oldbury,296,50,1928,2.6,WA,2021
SAL51180,Ongerup,114,48,1194,2.1,WA,2021
SAL51181,Onslow,829,35,2596,2.5,WA,2021
SAL51182,Oombulgurri,27,32,2833,2.6,WA,2021
SAL51183,Ora Banda,12,22,4499,5.0,WA,2021
SAL51184,Orana,2035,38,989,2.3,WA,2021
SAL51185,Orange Grove (WA),726,52,1286,2.2,WA,2021
SAL51186,Orange Springs,30,31,1124,1.8,WA,2021
SAL51187,Orchid Valley,27,58,2333,2.2,WA,2021
SAL51188,Ord River,158,34,924,2.3,WA,2021
SAL51189,Orelia,4535,38,1246,2.4,WA,2021
SAL51190,Osborne Park,4463,34,1478,1.9,WA,2021
SAL51191,Osmington,163,48,1231,2.2,WA,2021
SAL51192,Padbury,8626,38,2065,2.6,WA,2021
SAL51193,Palgarup,145,51,1224,2.3,WA,2021
SAL51194,Pallinup,90,29,2333,2.8,WA,2021
SAL51195,Palmdale (WA),18,37,1374,2.6,WA,2021
SAL51196,Palmer (WA),50,54,1312,2.0,WA,2021
SAL51197,Palmyra (WA),7585,39,1729,2.2,WA,2021
SAL51198,Pannawonica,685,30,2388,2.9,WA,2021
SAL51199,Pantapin,25,47,3124,2.7,WA,2021
SAL51200,Papulankutja,162,25,875,3.6,WA,2021
SAL51201,Paraburdoo,1324,35,3215,2.5,WA,2021
SAL51202,Paradise (WA),141,49,1312,2.4,WA,2021
SAL51203,Pardoo,47,38,900,1.8,WA,2021
SAL51204,Parker Range,0,0,0,0.0,WA,2021
SAL51205,Parkerville,2432,42,2383,2.9,WA,2021
SAL51206,Parkeston,5,62,1399,1.0,WA,2021
SAL51207,Parkfield,54,39,1916,2.9,WA,2021
SAL51208,Parklands (WA),603,45,2195,3.0,WA,2021
SAL51209,Parkwood (WA),5995,42,1599,2.5,WA,2021
SAL51210,Parmelia,6184,37,1297,2.5,WA,2021
SAL51211,Parryville,70,45,1531,2.6,WA,2021
SAL51212,Patjarr,39,38,725,4.9,WA,2021
SAL51213,Paulls Valley,83,51,2437,2.7,WA,2021
SAL51214,Paynedale,60,40,1875,2.5,WA,2021
SAL51215,Paynes Find,26,60,1875,2.5,WA,2021
SAL51216,Paynesville (WA),0,0,0,0.0,WA,2021
SAL51217,Peaceful Bay,71,62,693,1.8,WA,2021
SAL51218,Peak Hill (WA),121,37,866,2.1,WA,2021
SAL51219,Pearsall,4244,34,2042,2.7,WA,2021
SAL51220,Peedamulla,15,30,450,2.0,WA,2021
SAL51221,Peerabeelup,18,58,725,1.7,WA,2021
SAL51222,Pegs Creek,2050,33,2420,2.3,WA,2021
SAL51223,Pelican Point (WA),929,53,1967,2.5,WA,2021
SAL51224,Pemberton,861,48,1151,2.2,WA,2021
SAL51225,Peppermint Grove,1597,42,4565,2.7,WA,2021
SAL51226,Peppermint Grove Beach,518,49,1862,2.4,WA,2021
SAL51227,Perenjori,259,42,1768,2.2,WA,2021
SAL51228,Perillup,46,52,2125,2.1,WA,2021
SAL51229,Peron,14,60,459,1.2,WA,2021
SAL51230,Perth (WA),13670,33,1960,1.8,WA,2021
SAL51231,Perth Airport,25,37,0,0.0,WA,2021
SAL51232,Perup,161,51,1968,2.5,WA,2021
SAL51233,Petrudor,20,22,1874,3.3,WA,2021
SAL51234,Piara Waters,15029,31,2477,3.2,WA,2021
SAL51235,Piawaning,61,41,1875,2.9,WA,2021
SAL51236,Piccadilly (WA),2305,33,2212,2.4,WA,2021
SAL51237,Pickering Brook,579,46,1760,2.7,WA,2021
SAL51238,Picton (WA),31,54,743,2.1,WA,2021
SAL51239,Picton East,141,62,739,1.6,WA,2021
SAL51240,Piesse Brook,214,47,3062,3.0,WA,2021
SAL51241,Piesseville,49,40,2625,3.1,WA,2021
SAL51242,Pindar,13,62,3250,1.7,WA,2021
SAL51243,Pingaring,60,46,2050,2.8,WA,2021
SAL51244,Pingelly,722,54,845,2.0,WA,2021
SAL51245,Pingrup,231,41,1833,2.5,WA,2021
SAL51246,Pinjar,74,45,2036,2.7,WA,2021
SAL51247,Pinjarra,4914,43,1144,2.4,WA,2021
SAL51248,Pink Lake,1042,43,1817,2.6,WA,2021
SAL51249,Pintharuka,19,47,1375,3.2,WA,2021
SAL51250,Pinwernying,97,46,1825,3.0,WA,2021
SAL51251,Pippingarra,49,33,1541,2.8,WA,2021
SAL51252,Pithara,129,45,1416,2.7,WA,2021
SAL51253,Plumridge Lakes,273,35,1375,2.3,WA,2021
SAL51254,Point Samson,249,45,2478,2.3,WA,2021
SAL51255,Popanyinning,208,52,1275,2.2,WA,2021
SAL51256,Porongurup,342,51,1408,2.3,WA,2021
SAL51257,Port Albany,133,52,1674,2.1,WA,2021
SAL51258,Port Denison,1452,56,1027,2.0,WA,2021
SAL51259,Port Hedland,4081,34,3434,2.5,WA,2021
SAL51260,Port Kennedy,13477,36,1921,2.8,WA,2021
SAL51261,Postans,0,0,0,0.0,WA,2021
SAL51262,Preston Beach,268,62,850,1.8,WA,2021
SAL51263,Preston Settlement,125,51,1406,2.3,WA,2021
SAL51264,Prevelly,205,52,1550,2.3,WA,2021
SAL51265,Prince Regent River,4,50,0,0.0,WA,2021
SAL51266,Pumphreys Bridge,25,39,2499,2.5,WA,2021
SAL51267,Purnululu,13,36,2750,3.5,WA,2021
SAL51268,Quairading,619,59,949,2.0,WA,2021
SAL51269,Qualeup,72,48,2374,2.6,WA,2021
SAL51270,Quedjinup,420,48,2088,2.8,WA,2021
SAL51271,Queens Park (WA),7268,32,1723,2.7,WA,2021
SAL51272,Queenwood,79,55,1375,2.3,WA,2021
SAL51273,Quelagetting,32,35,2208,3.9,WA,2021
SAL51274,Quellington,22,53,2250,2.4,WA,2021
SAL51275,Quindalup,1488,49,1837,2.5,WA,2021
SAL51276,Quindanning,43,48,1906,2.3,WA,2021
SAL51277,Quinninup,172,56,956,2.1,WA,2021
SAL51278,Quinns Rocks,8861,38,2077,2.8,WA,2021
SAL51279,Ranford,201,45,1562,2.4,WA,2021
SAL51280,Rangeway,1871,36,921,2.4,WA,2021
SAL51281,Ravensthorpe,580,40,1769,2.4,WA,2021
SAL51282,Ravenswood (WA),2483,41,1272,2.4,WA,2021
SAL51283,Rawlinna,33,27,1499,3.5,WA,2021
SAL51284,Red Gully,32,47,1625,2.3,WA,2021
SAL51285,Red Hill (WA),85,49,2550,2.9,WA,2021
SAL51286,Redbank (WA),48,50,1562,2.5,WA,2021
SAL51287,Redcliffe (WA),5030,38,1565,2.4,WA,2021
SAL51288,Redgate (WA),98,53,1604,2.2,WA,2021
SAL51289,Redmond,208,45,1458,2.8,WA,2021
SAL51290,Redmond West,58,48,1781,2.4,WA,2021
SAL51291,Reedy,4,66,450,1.5,WA,2021
SAL51292,Regans Ford,25,44,1749,2.5,WA,2021
SAL51293,Reinscourt,280,49,2321,2.9,WA,2021
SAL51294,Remlap,0,0,0,0.0,WA,2021
SAL51295,Reservoir (WA),0,0,0,0.0,WA,2021
SAL51296,Ridgewood (WA),4623,36,1554,2.7,WA,2021
SAL51297,Ringbark,110,48,2028,2.7,WA,2021
SAL51298,Riverton (WA),6078,39,1906,2.9,WA,2021
SAL51299,Rivervale,10897,34,1723,2.1,WA,2021
SAL51300,Robinson,696,47,1795,2.6,WA,2021
SAL51301,Rockingham (WA),15312,49,1169,2.0,WA,2021
SAL51302,Rocklea (WA),150,33,479,2.8,WA,2021
SAL51303,Rockwell,4,51,0,0.0,WA,2021
SAL51304,Rocky Gully (WA),92,49,900,2.1,WA,2021
SAL51305,Roebourne,975,34,1062,2.9,WA,2021
SAL51306,Roebuck,606,39,1656,2.7,WA,2021
SAL51307,Roelands,938,40,2473,3.0,WA,2021
SAL51308,Roleystone,6848,44,2178,2.7,WA,2021
SAL51309,Rosa Brook,216,43,1321,2.6,WA,2021
SAL51310,Rosa Glen,188,49,1062,2.2,WA,2021
SAL51311,Rossmore (WA),23,50,1375,2.1,WA,2021
SAL51312,Rossmoyne,3638,48,2146,2.8,WA,2021
SAL51313,Rothsay,197,42,1375,1.0,WA,2021
SAL51314,Rottnest Island,166,33,2042,1.9,WA,2021
SAL51315,Ruabon,82,38,2125,3.2,WA,2021
SAL51316,Rudds Gully,238,35,2295,3.2,WA,2021
SAL51317,Ryansbrook,56,22,2250,3.6,WA,2021
SAL51318,Sabina River,79,44,1375,3.2,WA,2021
SAL51319,Safety Bay,7662,44,1445,2.4,WA,2021
SAL51320,Salmon Gums,146,48,900,2.7,WA,2021
SAL51321,Salter Point,2913,47,2529,2.6,WA,2021
SAL51322,Samson,1881,45,1833,2.5,WA,2021
SAL51323,San Remo (WA),1022,48,1807,2.6,WA,2021
SAL51324,Sandpatch,0,0,0,0.0,WA,2021
SAL51325,Sandsprings,9,41,1875,4.0,WA,2021
SAL51326,Sandstone,109,60,949,1.5,WA,2021
SAL51327,Sandy Gully (WA),110,39,1812,2.7,WA,2021
SAL51328,Sawyers Valley,1001,46,1845,2.7,WA,2021
SAL51329,Scaddan,96,36,1875,2.4,WA,2021
SAL51330,Scarborough (WA),17605,36,2107,2.1,WA,2021
SAL51331,Schroeder,0,58,724,1.5,WA,2021
SAL51332,Scotsdale,529,52,1537,2.5,WA,2021
SAL51333,Scott River,46,34,1187,1.9,WA,2021
SAL51334,Scott River East,68,33,1625,3.0,WA,2021
SAL51335,Scotts Brook,89,36,1958,3.2,WA,2021
SAL51336,Seabird,107,64,959,1.8,WA,2021
SAL51337,Secret Harbour,12474,34,2492,3.1,WA,2021
SAL51338,Seppings,177,43,1541,2.4,WA,2021
SAL51339,Serpentine (WA),2863,45,1955,2.7,WA,2021
SAL51340,Seville Grove,11408,31,1739,3.0,WA,2021
SAL51341,Shackleton,114,42,1875,2.9,WA,2021
SAL51342,Shadforth (WA),715,50,1361,2.6,WA,2021
SAL51343,Shannon (WA),14,27,1625,3.0,WA,2021
SAL51344,Shark Bay,0,0,0,0.0,WA,2021
SAL51345,Shelley (WA),4795,42,2186,2.7,WA,2021
SAL51346,Shenton Park,4638,41,2313,2.4,WA,2021
SAL51347,Sherlock (WA),0,78,1375,2.0,WA,2021
SAL51348,Shoalwater (WA),4368,49,1225,2.1,WA,2021
SAL51349,Shotts,9,48,1625,1.3,WA,2021
SAL51350,Siesta Park,60,58,1583,2.1,WA,2021
SAL51351,Silver Sands,1451,47,1399,2.4,WA,2021
SAL51352,Sinagra,3100,31,2161,2.9,WA,2021
SAL51353,Sinclair,765,38,1441,2.4,WA,2021
SAL51354,Singleton (WA),4021,35,2180,2.9,WA,2021
SAL51355,Sir Samuel,35,27,0,0.0,WA,2021
SAL51356,Skeleton Rock,0,0,0,0.0,WA,2021
SAL51357,Smith Brook,59,47,1437,2.6,WA,2021
SAL51358,Solus,0,0,0,0.0,WA,2021
SAL51359,Somerville (WA),4165,33,2996,2.8,WA,2021
SAL51360,Sorrento (WA),7795,47,2472,2.7,WA,2021
SAL51361,South Bodallin,20,52,2750,2.2,WA,2021
SAL51362,South Boulder,1506,35,1848,2.4,WA,2021
SAL51363,South Bunbury,8810,44,1438,2.2,WA,2021
SAL51364,South Burracoppin,30,44,1749,3.0,WA,2021
SAL51365,South Carnarvon,909,44,1278,2.2,WA,2021
SAL51366,South Datatine,20,26,1125,3.0,WA,2021
SAL51367,South Doodlakine,47,54,1458,2.3,WA,2021
SAL51368,South Fremantle,3398,48,1914,2.2,WA,2021
SAL51369,South Glencoe,10,29,3125,2.6,WA,2021
SAL51370,South Greenough,116,53,1312,2.2,WA,2021
SAL51371,South Guildford,3781,37,2209,2.6,WA,2021
SAL51372,South Hedland,11046,32,2586,2.7,WA,2021
SAL51373,South Kalgoorlie,4416,34,2187,2.6,WA,2021
SAL51374,South Kukerin,20,35,1624,2.0,WA,2021
SAL51375,South Kumminin,85,35,1468,2.6,WA,2021
SAL51376,South Kununoppin,18,52,725,1.8,WA,2021
SAL51377,South Lake,5831,36,1742,2.6,WA,2021
SAL51378,South Lake Grace,23,52,2250,2.3,WA,2021
SAL51379,South Murchison,73,27,1625,3.2,WA,2021
SAL51380,South Newdegate,43,37,2583,3.1,WA,2021
SAL51381,South Perth,12596,42,2026,2.1,WA,2021
SAL51382,South Plantations,188,38,2428,3.1,WA,2021
SAL51383,South Quairading,54,42,2250,3.0,WA,2021
SAL51384,South Stirling,22,36,2250,2.0,WA,2021
SAL51385,South Tammin,126,38,1875,2.8,WA,2021
SAL51386,South Trayning,29,56,900,1.6,WA,2021
SAL51387,South Yelbeni,25,45,1375,3.3,WA,2021
SAL51388,South Yilgarn,15,51,2250,1.5,WA,2021
SAL51389,South Yuna,12,43,1999,1.3,WA,2021
SAL51390,South Yunderup,3860,47,1518,2.4,WA,2021
SAL51391,Southampton (WA),84,56,1125,2.2,WA,2021
SAL51392,Southern Brook,91,42,1874,3.2,WA,2021
SAL51393,Southern Cross (WA),572,50,1244,2.0,WA,2021
SAL51394,Southern River,12852,33,2364,3.3,WA,2021
SAL51395,Spalding (WA),1992,40,1061,2.3,WA,2021
SAL51396,Spearwood,10944,41,1448,2.3,WA,2021
SAL51397,Spencer Park,3445,48,1076,2.1,WA,2021
SAL51398,Spencers Brook,84,57,737,1.8,WA,2021
SAL51399,Springfield (WA),276,50,1625,2.6,WA,2021
SAL51400,Springs,12,60,3374,2.0,WA,2021
SAL51401,St George Ranges,1133,25,730,3.6,WA,2021
SAL51402,St James (WA),4894,32,1827,2.4,WA,2021
SAL51403,St Ronans,66,60,1625,2.3,WA,2021
SAL51404,Stake Hill,469,45,2643,3.1,WA,2021
SAL51405,Stirling (WA),10165,42,2221,2.7,WA,2021
SAL51406,Stirling Estate,161,47,1481,2.7,WA,2021
SAL51407,Stirling Range National Park,0,0,0,0.0,WA,2021
SAL51408,Stoneville,2489,44,2087,2.8,WA,2021
SAL51409,Stove Hill,6,52,2250,2.0,WA,2021
SAL51410,Strathalbyn (WA),1165,43,2261,2.9,WA,2021
SAL51411,Stratham,793,45,2366,2.9,WA,2021
SAL51412,Stratherne,9,56,762,1.4,WA,2021
SAL51413,Stratton,3267,33,1403,2.6,WA,2021
SAL51414,Strelley,41,26,479,3.1,WA,2021
SAL51415,Sturt Creek,330,25,702,3.5,WA,2021
SAL51416,Subiaco,9940,40,2219,2.1,WA,2021
SAL51417,Success,11340,34,2155,2.8,WA,2021
SAL51418,Sunnyside (WA),100,41,2062,2.9,WA,2021
SAL51419,Sunset Beach,1558,37,1740,2.4,WA,2021
SAL51420,Swan View,7889,44,1403,2.4,WA,2021
SAL51421,Swanbourne,4592,38,3418,2.8,WA,2021
SAL51422,Takalarup,127,42,1517,2.4,WA,2021
SAL51423,Talandji,82,44,1125,2.1,WA,2021
SAL51424,Talbot (WA),114,58,1312,2.2,WA,2021
SAL51425,Talbot West,26,51,725,2.3,WA,2021
SAL51426,Talgomine,25,59,1624,2.3,WA,2021
SAL51427,Talisker,0,0,0,0.0,WA,2021
SAL51428,Tamala,5,61,350,1.0,WA,2021
SAL51429,Tamala Park,0,0,0,0.0,WA,2021
SAL51430,Tambellup,281,43,987,2.5,WA,2021
SAL51431,Tammin,129,52,693,1.8,WA,2021
SAL51432,Tampu,18,48,2250,2.7,WA,2021
SAL51433,Tanami (WA),487,28,1212,4.2,WA,2021
SAL51434,Tandegin,16,58,2166,1.8,WA,2021
SAL51435,Tapping,9547,35,2359,3.1,WA,2021
SAL51436,Tarcoola Beach,1360,43,2157,2.4,WA,2021
SAL51437,Tardun,23,37,900,3.6,WA,2021
SAL51438,Tarin Rock,36,44,1625,2.9,WA,2021
SAL51439,Teesdale (WA),89,51,1625,2.5,WA,2021
SAL51440,Telfer,657,34,1083,4.2,WA,2021
SAL51441,Tenindewa,54,40,1812,3.5,WA,2021
SAL51442,Tenterden (WA),240,49,1187,2.4,WA,2021
SAL51443,The Lakes,20,56,3625,2.9,WA,2021
SAL51444,The Plains,52,48,2749,2.3,WA,2021
SAL51445,The Spectacles,0,0,0,0.0,WA,2021
SAL51446,The Vines,5848,39,2569,3.1,WA,2021
SAL51447,Thomson Brook,89,56,966,2.5,WA,2021
SAL51448,Thornlie,23665,38,1571,2.7,WA,2021
SAL51449,Three Springs,356,46,1212,2.2,WA,2021
SAL51450,Throssell,88,41,1937,2.7,WA,2021
SAL51451,Tibradden,3,66,824,1.5,WA,2021
SAL51452,Tincurrin,48,47,2125,2.8,WA,2021
SAL51453,Tingledale,57,51,866,2.2,WA,2021
SAL51454,Tjirrkarli,4,57,575,1.0,WA,2021
SAL51455,Tjukurla,41,37,464,2.5,WA,2021
SAL51456,Tom Price,2910,32,3125,2.9,WA,2021
SAL51457,Tonebridge,20,43,725,2.3,WA,2021
SAL51458,Toodyay,1362,56,941,2.1,WA,2021
SAL51459,Toolibin,21,44,1687,2.6,WA,2021
SAL51460,Toolonga,0,0,0,0.0,WA,2021
SAL51461,Toompup,26,33,1937,2.4,WA,2021
SAL51462,Torbay,378,42,1430,2.4,WA,2021
SAL51463,Torndirrup,395,35,1312,2.3,WA,2021
SAL51464,Townsendale,22,20,1875,3.3,WA,2021
SAL51465,Trafalgar (WA),0,0,0,0.0,WA,2021
SAL51466,Trayning,112,56,739,1.8,WA,2021
SAL51467,Treeby,4214,32,2479,2.7,WA,2021
SAL51468,Treeton,153,45,1875,2.5,WA,2021
SAL51469,Trent,0,0,0,0.0,WA,2021
SAL51470,Trigg,2855,43,2779,2.7,WA,2021
SAL51471,Trigwell,31,49,2749,2.2,WA,2021
SAL51472,Tuart Hill,7541,36,1535,2.0,WA,2021
SAL51473,Turkey Hill,9,66,3499,2.0,WA,2021
SAL51474,Tutunup,75,42,2083,2.8,WA,2021
SAL51475,Two Rocks,3822,39,1526,2.7,WA,2021
SAL51476,Ucarty,78,34,1093,3.2,WA,2021
SAL51477,Ucarty West,38,37,1999,3.2,WA,2021
SAL51478,Uduc,374,41,2166,3.0,WA,2021
SAL51479,Ularring,51,44,0,0.0,WA,2021
SAL51480,Upper Capel,177,48,1583,2.8,WA,2021
SAL51481,Upper Murray,0,80,1024,1.5,WA,2021
SAL51482,Upper Swan,549,52,1482,2.5,WA,2021
SAL51483,Upper Warren,55,51,949,2.6,WA,2021
SAL51484,Useless Loop,134,35,2461,2.8,WA,2021
SAL51485,Usher,2137,39,1385,2.4,WA,2021
SAL51486,Utakarra,1467,34,1345,2.6,WA,2021
SAL51487,Vancouver Peninsula,4,27,2250,4.0,WA,2021
SAL51488,Varley,44,46,1812,1.9,WA,2021
SAL51489,Vasse,2853,39,1810,2.9,WA,2021
SAL51490,Victoria Park,9334,35,1828,2.1,WA,2021
SAL51491,Victoria Rock,0,0,0,0.0,WA,2021
SAL51492,Victory Heights (WA),772,35,2322,2.6,WA,2021
SAL51493,Vittoria (WA),0,0,0,0.0,WA,2021
SAL51494,Viveash,1280,40,1833,2.4,WA,2021
SAL51495,Wadderin,100,43,1812,2.8,WA,2021
SAL51496,Waddington,26,44,2249,2.7,WA,2021
SAL51497,Waddy Forest,30,38,1625,2.4,WA,2021
SAL51498,Waeel,51,35,2333,3.2,WA,2021
SAL51499,Wagerup,52,40,1916,2.3,WA,2021
SAL51500,Waggrakine,2679,36,1605,2.7,WA,2021
SAL51501,Wagin,1448,51,1073,2.1,WA,2021
SAL51502,Waikiki,12453,39,1611,2.6,WA,2021
SAL51503,Walebing,39,49,2750,2.5,WA,2021
SAL51504,Walgoolan,64,32,2125,3.0,WA,2021
SAL51505,Walkaway,222,47,1235,2.5,WA,2021
SAL51506,Wallareenya,0,0,0,0.0,WA,2021
SAL51507,Wallaroo (WA),0,37,0,0.0,WA,2021
SAL51508,Walliston,1016,40,1887,2.8,WA,2021
SAL51509,Walmsley,47,44,1812,2.9,WA,2021
SAL51510,Walpole,429,59,764,1.8,WA,2021
SAL51511,Walsall,82,45,1437,2.8,WA,2021
SAL51512,Walyormouring,36,45,1875,2.8,WA,2021
SAL51513,Walyunga National Park,0,84,450,1.0,WA,2021
SAL51514,Walyurin,32,36,3083,2.8,WA,2021
SAL51515,Wamenusking,21,40,2499,3.1,WA,2021
SAL51516,Wanarn,117,39,1125,2.9,WA,2021
SAL51517,Wandana (WA),14,43,1125,2.6,WA,2021
SAL51518,Wandering,391,50,1571,2.4,WA,2021
SAL51519,Wandi,4324,32,2373,2.9,WA,2021
SAL51520,Wandillup,64,39,1875,2.4,WA,2021
SAL51521,Wandina,4375,34,2238,2.9,WA,2021
SAL51522,Wanerie,137,58,982,2.3,WA,2021
SAL51523,Wangara,43,59,1624,2.4,WA,2021
SAL51524,Wannamal,134,40,1708,2.7,WA,2021
SAL51525,Wannanup,4142,47,1461,2.5,WA,2021
SAL51526,Wanneroo,12113,41,1561,2.5,WA,2021
SAL51527,Wansbrough,60,34,2250,2.8,WA,2021
SAL51528,Warakurna,185,33,900,3.9,WA,2021
SAL51529,Warawarrup,137,54,1542,2.5,WA,2021
SAL51530,Warburton (WA),511,28,1581,3.5,WA,2021
SAL51531,Wardering,26,48,1875,2.2,WA,2021
SAL51532,Warding East,55,34,1812,2.8,WA,2021
SAL51533,Warmun,457,26,1281,4.2,WA,2021
SAL51534,Warnbro,10828,38,1503,2.6,WA,2021
SAL51535,Warner Glen,63,49,1624,2.7,WA,2021
SAL51536,Waroona,2868,48,1264,2.4,WA,2021
SAL51537,Warrachuppin,14,37,1499,2.3,WA,2021
SAL51538,Warradarge,66,57,1375,2.3,WA,2021
SAL51539,Warralakin,26,34,2250,2.7,WA,2021
SAL51540,Warrenup,800,43,2240,2.9,WA,2021
SAL51541,Warwick (WA),3858,41,1754,2.5,WA,2021
SAL51542,Waterbank,110,52,1374,2.1,WA,2021
SAL51543,Watercarrin,28,40,2250,3.4,WA,2021
SAL51544,Waterford (WA),2460,41,2301,2.8,WA,2021
SAL51545,Waterloo (WA),144,49,1375,2.3,WA,2021
SAL51546,Watermans Bay,1369,49,2190,2.4,WA,2021
SAL51547,Watheroo,137,46,1541,2.5,WA,2021
SAL51548,Wattening,61,36,2333,3.2,WA,2021
SAL51549,Wattle Grove (WA),6547,34,2377,3.3,WA,2021
SAL51550,Wattleup,443,50,1384,2.5,WA,2021
SAL51551,Wattoning,24,50,1562,2.3,WA,2021
SAL51552,Webberton,158,37,1350,2.8,WA,2021
SAL51553,Wedge Island (WA),18,64,1812,1.8,WA,2021
SAL51554,Wedgecarrup,80,44,2250,2.9,WA,2021
SAL51555,Wedgefield,127,48,2200,2.1,WA,2021
SAL51556,Welbungin,35,51,2374,2.9,WA,2021
SAL51557,Weld Range,69,35,0,0.0,WA,2021
SAL51558,Wellard,14127,31,2115,3.0,WA,2021
SAL51559,Wellesley (WA),35,51,1125,2.7,WA,2021
SAL51560,Wellington Forest,13,38,999,2.0,WA,2021
SAL51561,Wellington Mill,151,49,2700,2.8,WA,2021
SAL51562,Wellstead,78,39,1333,2.1,WA,2021
SAL51563,Welshpool (WA),16,53,575,1.5,WA,2021
SAL51564,Wembley,12061,37,2005,2.4,WA,2021
SAL51565,Wembley Downs,6743,41,2626,2.7,WA,2021
SAL51566,West Ballidu,44,32,2125,3.2,WA,2021
SAL51567,West Beach (WA),1483,44,2105,2.5,WA,2021
SAL51568,West Binnu,21,64,1874,2.0,WA,2021
SAL51569,West Busselton,8869,46,1185,2.3,WA,2021
SAL51570,West Cape Howe,5,54,200,1.0,WA,2021
SAL51571,West Casuarinas,29,45,1999,2.4,WA,2021
SAL51572,West Coolup,182,44,1458,2.6,WA,2021
SAL51573,West End (WA),536,61,744,1.6,WA,2021
SAL51574,West Fitzgerald,20,35,1875,2.1,WA,2021
SAL51575,West Holleton,36,32,3250,2.8,WA,2021
SAL51576,West Kalgoorlie,32,45,2083,1.8,WA,2021
SAL51577,West Lamington,1373,34,2456,2.7,WA,2021
SAL51578,West Leederville,4340,38,2383,2.2,WA,2021
SAL51579,West Lyons River,0,49,0,1.0,WA,2021
SAL51580,West Perth,6102,35,1918,1.8,WA,2021
SAL51581,West Pingelly,100,49,1625,2.7,WA,2021
SAL51582,West Pinjarra,448,38,2444,3.2,WA,2021
SAL51583,West Popanyinning,59,47,966,2.5,WA,2021
SAL51584,West River,71,41,2250,2.4,WA,2021
SAL51585,West Swan,786,42,1488,2.5,WA,2021
SAL51586,West Toodyay,497,54,1413,2.4,WA,2021
SAL51587,Westdale (WA),93,47,1333,2.8,WA,2021
SAL51588,Westminster,7042,34,1404,2.3,WA,2021
SAL51589,Westonia,129,62,1093,1.8,WA,2021
SAL51590,Westwood (WA),34,46,1625,2.4,WA,2021
SAL51591,Whim Creek,5,52,2749,2.5,WA,2021
SAL51592,Whitby,1005,28,2117,3.0,WA,2021
SAL51593,White Gum Valley,3358,41,1891,2.4,WA,2021
SAL51594,White Peak,587,36,2579,3.1,WA,2021
SAL51595,Whiteman,10,54,1375,2.0,WA,2021
SAL51596,Whittaker,9,51,1999,3.0,WA,2021
SAL51597,Wialki,45,40,1625,3.2,WA,2021
SAL51598,Wicherina,4,36,2749,2.5,WA,2021
SAL51599,Wicherina South,0,0,0,0.0,WA,2021
SAL51600,Wickepin,380,42,1238,2.4,WA,2021
SAL51601,Wickham (WA),2022,31,3358,2.9,WA,2021
SAL51602,Widgiemooltha,28,48,1124,2.0,WA,2021
SAL51603,Wijilawarrim,21,29,949,3.1,WA,2021
SAL51604,Wilberforce (WA),21,62,2749,1.8,WA,2021
SAL51605,Wilbinga,8,53,2149,2.0,WA,2021
SAL51606,Wilga,71,45,833,2.3,WA,2021
SAL51607,Wilga West,18,58,2149,3.5,WA,2021
SAL51608,Wilgarrup,16,57,1312,2.0,WA,2021
SAL51609,Wilgoyne,38,49,2750,2.7,WA,2021
SAL51610,Willagee,5447,37,1660,2.3,WA,2021
SAL51611,Willare,127,32,1125,2.6,WA,2021
SAL51612,Willetton,19262,40,2178,3.1,WA,2021
SAL51613,William Bay,164,51,1104,2.6,WA,2021
SAL51614,Williams,996,41,1733,2.5,WA,2021
SAL51615,Williamstown (WA),124,50,987,1.9,WA,2021
SAL51616,Willyung,635,43,2022,2.8,WA,2021
SAL51617,Wilson,6608,35,1668,2.5,WA,2021
SAL51618,Wiluna,521,35,1089,2.4,WA,2021
SAL51619,Wilyabrup,193,47,2031,2.4,WA,2021
SAL51620,Windabout,124,49,2305,2.7,WA,2021
SAL51621,Windy Harbour,30,60,695,1.5,WA,2021
SAL51622,Winnejup,176,47,2022,2.7,WA,2021
SAL51623,Winthrop,6020,45,2324,3.0,WA,2021
SAL51624,Witchcliffe,484,39,2008,2.7,WA,2021
SAL51625,Withers,2979,39,983,2.2,WA,2021
SAL51626,Wittenoom,0,0,0,0.0,WA,2021
SAL51627,Wittenoom Hills,16,41,3250,3.3,WA,2021
SAL51628,Wogolin,21,51,1792,1.8,WA,2021
SAL51629,Wokalup,255,39,1916,2.9,WA,2021
SAL51630,Womarden,32,42,2125,2.4,WA,2021
SAL51631,Wongamine,39,49,1187,2.2,WA,2021
SAL51632,Wongan Hills,896,43,1174,2.2,WA,2021
SAL51633,Wongoondy,29,38,5250,3.6,WA,2021
SAL51634,Wonnerup,196,53,1468,2.4,WA,2021
SAL51635,Wonthella,1711,43,1061,2.1,WA,2021
SAL51636,Woodanilling,207,54,1010,2.1,WA,2021
SAL51637,Woodbridge (WA),1207,43,1656,2.3,WA,2021
SAL51638,Woodlands (WA),4551,44,2098,2.6,WA,2021
SAL51639,Woodleigh (WA),0,0,0,0.0,WA,2021
SAL51640,Woodridge (WA),639,48,1487,2.7,WA,2021
SAL51641,Woodvale (WA),9579,43,2339,2.8,WA,2021
SAL51642,Woogenellup,116,38,2083,2.7,WA,2021
SAL51643,Woolgorong,0,0,0,0.0,WA,2021
SAL51644,Woolocutty,34,48,2250,2.9,WA,2021
SAL51645,Wooramel,33,52,1292,1.9,WA,2021
SAL51646,Wooroloo,2613,37,1895,2.6,WA,2021
SAL51647,Woorree,1295,45,2050,2.7,WA,2021
SAL51648,Woottating,65,57,2124,2.6,WA,2021
SAL51649,Worsley,39,60,1125,1.9,WA,2021
SAL51650,Wubin,90,41,1166,2.6,WA,2021
SAL51651,Wundowie,1372,46,1520,2.5,WA,2021
SAL51652,Wungong,370,38,1875,3.3,WA,2021
SAL51653,Wuraming,0,0,0,0.0,WA,2021
SAL51654,Wyalkatchem,358,55,781,1.8,WA,2021
SAL51655,Wyening,19,54,2249,2.7,WA,2021
SAL51656,Wyndham (WA),941,36,1213,2.7,WA,2021
SAL51657,Wyola West,18,26,2750,3.6,WA,2021
SAL51658,Xantippe,14,40,2750,2.4,WA,2021
SAL51659,Yabberup,162,48,1875,2.5,WA,2021
SAL51660,Yakamia,3025,46,1232,2.3,WA,2021
SAL51661,Yalardy,0,0,0,0.0,WA,2021
SAL51662,Yalgoo,313,34,1550,2.6,WA,2021
SAL51663,Yallabatharra,79,58,966,2.0,WA,2021
SAL51664,Yallingup,1195,48,2147,2.6,WA,2021
SAL51665,Yallingup Siding,324,46,2345,2.8,WA,2021
SAL51666,Yalyalup,2950,36,1766,2.7,WA,2021
SAL51667,Yanchep,11022,35,1699,2.8,WA,2021
SAL51668,Yandanooka,30,55,1375,2.4,WA,2021
SAL51669,Yandoo Creek,3,38,2749,3.0,WA,2021
SAL51670,Yangebup,7631,37,1915,2.6,WA,2021
SAL51671,Yanmah,145,53,1406,2.3,WA,2021
SAL51672,Yannarie,15,35,1324,2.0,WA,2021
SAL51673,Yarawindah,23,40,1375,2.9,WA,2021
SAL51674,Yardarino,48,55,1468,2.1,WA,2021
SAL51675,Yarloop,541,44,1093,2.4,WA,2021
SAL51676,Yarragadee,29,47,2125,2.8,WA,2021
SAL51677,Yathroo,82,43,2083,2.5,WA,2021
SAL51678,Yeagarup,92,44,1937,2.3,WA,2021
SAL51679,Yeal,0,0,0,0.0,WA,2021
SAL51680,Yealering,91,55,1031,2.1,WA,2021
SAL51681,Yelbeni,0,59,900,2.0,WA,2021
SAL51682,Yellowdine,0,26,0,0.0,WA,2021
SAL51683,Yelverton,72,42,1958,2.5,WA,2021
SAL51684,Yerecoin,67,45,1708,2.0,WA,2021
SAL51685,Yetna,27,60,1218,1.8,WA,2021
SAL51686,Yilliminning,47,42,2333,2.8,WA,2021
SAL51687,Yoganup,15,30,2750,3.0,WA,2021
SAL51688,Yokine,12706,38,1717,2.2,WA,2021
SAL51689,Yoongarillup,79,58,1424,2.6,WA,2021
SAL51690,York,2393,56,1011,2.1,WA,2021
SAL51691,Yornaning,49,45,1312,2.0,WA,2021
SAL51692,Yornup,94,48,1406,2.4,WA,2021
SAL51693,Yoting,17,47,3750,2.9,WA,2021
SAL51694,Youndegin,33,44,1333,2.4,WA,2021
SAL51695,Youngs Siding,314,50,1286,2.5,WA,2021
SAL51696,Yourdamung Lake,14,37,2250,3.3,WA,2021
SAL51697,Yuna,43,33,1375,2.5,WA,2021
SAL51698,Zanthus,0,0,0,0.0,WA,2021
SAL51699,Zuytdorp,0,0,0,0.0,WA,2021
SAL59494,No usual address (WA),8055,0,0,0.0,WA,2021
SAL59797,Migratory - Offshore - Shipping (WA),514,40,2250,1.7,WA,2021
SAL60001,Abbotsham,89,47,1910,2.6,TAS,2021
SAL60002,Abels Bay,127,60,766,1.9,TAS,2021
SAL60003,Aberdeen (Tas.),268,47,1647,2.6,TAS,2021
SAL60004,Acacia Hills (Tas.),729,41,1842,2.7,TAS,2021
SAL60005,Acton (Tas.),1377,35,1100,2.3,TAS,2021
SAL60006,Acton Park (Tas.),2293,43,2788,3.1,TAS,2021
SAL60007,Adventure Bay,218,64,1023,1.8,TAS,2021
SAL60008,Akaroa,130,58,922,2.2,TAS,2021
SAL60009,Alberton (Tas.),14,44,575,1.9,TAS,2021
SAL60010,Alcomie,58,45,1083,2.9,TAS,2021
SAL60011,Allens Rivulet,506,44,2250,2.8,TAS,2021
SAL60012,Alonnah,164,59,747,1.8,TAS,2021
SAL60013,Ambleside,695,48,1443,2.4,TAS,2021
SAL60014,Andover,39,44,1437,2.6,TAS,2021
SAL60015,Ansons Bay,62,66,714,1.6,TAS,2021
SAL60016,Antill Ponds,13,20,2499,3.0,TAS,2021
SAL60017,Apollo Bay (Tas.),38,45,1187,2.5,TAS,2021
SAL60018,Apslawn,15,33,1375,2.6,TAS,2021
SAL60019,Apsley (Tas.),44,42,1458,3.0,TAS,2021
SAL60020,Arthur River (Tas.),32,51,649,2.1,TAS,2021
SAL60021,Arthurs Lake,9,70,900,1.6,TAS,2021
SAL60022,Austins Ferry,2395,39,1625,2.6,TAS,2021
SAL60023,Avoca (Tas.),192,50,866,2.1,TAS,2021
SAL60024,Baden,43,39,982,2.6,TAS,2021
SAL60025,Badger Head,62,54,1083,2.5,TAS,2021
SAL60026,Bagdad,1482,38,1587,2.8,TAS,2021
SAL60027,Bakers Beach,72,58,1075,1.8,TAS,2021
SAL60028,Banca,6,46,450,1.7,TAS,2021
SAL60029,Bangor (Tas.),77,48,1375,2.4,TAS,2021
SAL60030,Barnes Bay,28,66,1062,2.2,TAS,2021
SAL60031,Barretta,63,56,1050,1.7,TAS,2021
SAL60032,Barrington (Tas.),209,53,1611,2.4,TAS,2021
SAL60033,Battery Point,2096,43,1891,2.0,TAS,2021
SAL60034,Beaconsfield (Tas.),1362,46,934,2.2,TAS,2021
SAL60035,Beaumaris (Tas.),362,50,963,2.2,TAS,2021
SAL60036,Beauty Point,1285,57,841,2.0,TAS,2021
SAL60037,Beechford,111,59,1031,1.9,TAS,2021
SAL60038,Bell Bay,5,16,1875,1.0,TAS,2021
SAL60039,Bellerive,4945,44,1461,2.2,TAS,2021
SAL60040,Bellingham,78,58,1050,1.8,TAS,2021
SAL60041,Ben Lomond (Tas.),12,40,3749,3.0,TAS,2021
SAL60042,Berriedale,2905,40,1262,2.4,TAS,2021
SAL60043,Beulah (Tas.),67,46,1274,2.2,TAS,2021
SAL60044,Bicheno,1049,54,1030,2.0,TAS,2021
SAL60045,Binalong Bay,329,58,945,2.0,TAS,2021
SAL60046,Birchs Bay,116,56,1187,2.4,TAS,2021
SAL60047,Birralee,177,47,933,2.6,TAS,2021
SAL60048,Bishopsbourne,137,47,1399,2.6,TAS,2021
SAL60049,Black Hills,201,40,1468,2.8,TAS,2021
SAL60050,Black River (Tas.),42,41,1333,2.2,TAS,2021
SAL60051,Blackmans Bay,7688,42,1806,2.5,TAS,2021
SAL60052,Blackstone Heights,1245,43,2324,2.8,TAS,2021
SAL60053,Blackwall (Tas.),303,51,1197,2.2,TAS,2021
SAL60054,Blackwood Creek,120,46,1375,2.5,TAS,2021
SAL60055,Blessington,84,37,1374,2.7,TAS,2021
SAL60056,Blue Rocks,25,49,1374,2.3,TAS,2021
SAL60057,Blumont,29,49,1624,2.6,TAS,2021
SAL60058,Boat Harbour (Tas.),339,51,1511,2.4,TAS,2021
SAL60059,Boat Harbour Beach,89,58,1562,1.9,TAS,2021
SAL60060,Bonnet Hill,515,46,2367,2.8,TAS,2021
SAL60061,Boobyalla,5,32,2750,2.0,TAS,2021
SAL60062,Boomer Bay,117,55,1187,2.2,TAS,2021
SAL60063,Bothwell,499,47,1232,2.2,TAS,2021
SAL60064,Boyer,58,30,1375,3.3,TAS,2021
SAL60065,Bracknell,493,41,1283,2.5,TAS,2021
SAL60066,Bradys Lake,42,67,665,1.4,TAS,2021
SAL60067,Brandum,11,60,649,1.5,TAS,2021
SAL60068,Branxholm,236,53,843,2.2,TAS,2021
SAL60069,Breadalbane (Tas.),103,47,2250,2.6,TAS,2021
SAL60070,Bream Creek,126,39,1218,2.3,TAS,2021
SAL60071,Breona,10,61,962,1.5,TAS,2021
SAL60072,Bridgenorth,403,45,2055,2.8,TAS,2021
SAL60073,Bridgewater (Tas.),4592,31,944,2.5,TAS,2021
SAL60074,Bridport,1742,51,1242,2.1,TAS,2021
SAL60075,Brighton (Tas.),4983,34,1528,2.6,TAS,2021
SAL60076,Brittons Swamp,36,41,1875,2.4,TAS,2021
SAL60077,Broadmarsh,160,44,1562,2.7,TAS,2021
SAL60078,Broadmeadows (Tas.),61,31,1843,2.9,TAS,2021
SAL60079,Bronte Park,49,59,649,1.6,TAS,2021
SAL60080,Brooklyn (Tas.),534,38,1018,2.1,TAS,2021
SAL60081,Brooks Bay,51,53,1166,2.0,TAS,2021
SAL60082,Buckland (Tas.),188,52,1012,2.4,TAS,2021
SAL60083,Bungaree (Tas.),9,42,2249,2.8,TAS,2021
SAL60084,Burnie,693,42,1064,1.8,TAS,2021
SAL60085,Burns Creek,24,48,1625,2.3,TAS,2021
SAL60086,Bushy Park (Tas.),147,43,1359,2.5,TAS,2021
SAL60087,Butlers Gorge,0,0,0,0.0,TAS,2021
SAL60088,Cairns Bay,47,39,900,2.6,TAS,2021
SAL60089,Calder,231,39,1728,2.8,TAS,2021
SAL60090,Cambridge (Tas.),1454,41,2048,2.6,TAS,2021
SAL60091,Camdale,79,36,1458,3.2,TAS,2021
SAL60092,Camena,24,57,1312,2.2,TAS,2021
SAL60093,Campania,1158,39,1560,2.6,TAS,2021
SAL60094,Campbell Town,1023,50,850,2.1,TAS,2021
SAL60095,Cape Barren Island,64,51,725,2.0,TAS,2021
SAL60096,Cape Pillar,0,0,0,0.0,TAS,2021
SAL60097,Cape Portland,10,56,2250,3.0,TAS,2021
SAL60098,Cape Raoul,0,0,0,0.0,TAS,2021
SAL60099,Carlton (Tas.),1363,38,1425,2.4,TAS,2021
SAL60100,Carlton River,347,42,1352,2.4,TAS,2021
SAL60101,Carrick (Tas.),721,39,1701,2.6,TAS,2021
SAL60102,Castle Forbes Bay,176,53,1221,2.4,TAS,2021
SAL60103,Castra,41,49,1024,2.4,TAS,2021
SAL60104,Caveside,142,42,1125,2.3,TAS,2021
SAL60105,Central Plateau,0,0,0,0.0,TAS,2021
SAL60106,Cethana,0,0,0,0.0,TAS,2021
SAL60107,Chain Of Lagoons,29,64,762,1.6,TAS,2021
SAL60108,Charlotte Cove,48,53,974,2.2,TAS,2021
SAL60109,Chasm Creek,53,47,1781,2.2,TAS,2021
SAL60110,Chigwell,2050,33,1232,2.4,TAS,2021
SAL60111,Christmas Hills (Tas.),127,37,1687,2.6,TAS,2021
SAL60112,Chudleigh,213,42,1100,2.6,TAS,2021
SAL60113,Claremont (Tas.),8397,38,1241,2.3,TAS,2021
SAL60114,Clarence Point,266,59,978,2.1,TAS,2021
SAL60115,Clarendon Vale,1635,29,921,2.6,TAS,2021
SAL60116,Claude Road,275,53,1187,2.4,TAS,2021
SAL60117,Cleveland (Tas.),50,54,1375,2.3,TAS,2021
SAL60118,Clifton Beach (Tas.),618,42,2426,3.0,TAS,2021
SAL60119,Cluan,36,50,1125,2.4,TAS,2021
SAL60120,Colebrook,372,44,880,2.1,TAS,2021
SAL60121,Coles Bay,515,38,1354,2.0,TAS,2021
SAL60122,Collinsvale,631,43,1600,2.7,TAS,2021
SAL60123,Conara,127,45,1187,2.5,TAS,2021
SAL60124,Coningham,328,40,1875,2.8,TAS,2021
SAL60125,Connellys Marsh,40,69,900,1.9,TAS,2021
SAL60126,Cooee,597,44,1375,2.3,TAS,2021
SAL60127,Copping,200,45,1162,2.6,TAS,2021
SAL60128,Corinna,0,0,0,0.0,TAS,2021
SAL60129,Cornwall (Tas.),82,50,634,2.1,TAS,2021
SAL60130,Couta Rocks,7,69,3250,1.8,TAS,2021
SAL60131,Cowrie Point,16,49,1024,2.7,TAS,2021
SAL60132,Crabtree,308,40,1625,2.6,TAS,2021
SAL60133,Cradle Mountain,152,30,762,1.5,TAS,2021
SAL60134,Cradoc,456,48,1333,2.4,TAS,2021
SAL60135,Cramps Bay,13,61,1125,1.3,TAS,2021
SAL60136,Cranbrook (Tas.),60,54,1312,2.3,TAS,2021
SAL60137,Crayfish Creek,68,58,937,1.8,TAS,2021
SAL60138,Cremorne (Tas.),602,43,2275,2.6,TAS,2021
SAL60139,Cressy (Tas.),1149,38,1300,2.5,TAS,2021
SAL60140,Cuckoo,44,42,2250,3.0,TAS,2021
SAL60141,Cuprona,140,46,1458,2.6,TAS,2021
SAL60142,Currie,766,48,1242,2.0,TAS,2021
SAL60143,Cygnet,1742,46,1041,2.4,TAS,2021
SAL60144,Dairy Plains,66,33,2124,2.9,TAS,2021
SAL60145,Deddington,85,43,1718,2.5,TAS,2021
SAL60146,Dee,7,74,474,1.6,TAS,2021
SAL60147,Deep Bay,267,54,971,2.1,TAS,2021
SAL60148,Deloraine,3035,50,990,2.2,TAS,2021
SAL60149,Dennes Point,55,65,900,1.8,TAS,2021
SAL60150,Derby (Tas.),109,49,900,2.1,TAS,2021
SAL60151,Derwent Bridge,40,33,1292,1.4,TAS,2021
SAL60152,Derwent Park,872,35,1190,2.6,TAS,2021
SAL60153,Detention,35,24,131,4.4,TAS,2021
SAL60154,Deviot,359,59,1226,2.1,TAS,2021
SAL60155,Devon Hills,434,51,2116,2.7,TAS,2021
SAL60156,Devonport,14481,43,1093,2.2,TAS,2021
SAL60157,Dilston,558,47,1795,2.6,TAS,2021
SAL60158,Doctors Point,8,70,474,1.2,TAS,2021
SAL60159,Doctors Rocks,89,55,2124,2.3,TAS,2021
SAL60160,Dodges Ferry,2646,43,1412,2.4,TAS,2021
SAL60161,Dolphin Sands,182,64,822,1.8,TAS,2021
SAL60162,Don,647,45,1912,2.7,TAS,2021
SAL60163,Douglas River,67,50,1291,2.7,TAS,2021
SAL60164,Douglas-Apsley,0,0,0,0.0,TAS,2021
SAL60165,Dover,923,55,962,2.1,TAS,2021
SAL60166,Downlands,237,36,1458,2.6,TAS,2021
SAL60167,Dowsing Point,77,40,1292,2.1,TAS,2021
SAL60168,Dromedary (Tas.),856,42,1786,2.8,TAS,2021
SAL60169,Dulcot,242,42,2349,2.7,TAS,2021
SAL60170,Dunalley,333,46,1292,2.5,TAS,2021
SAL60171,Dunorlan,145,38,1291,2.5,TAS,2021
SAL60172,Dynnyrne,1633,30,1812,2.5,TAS,2021
SAL60173,Dysart (Tas.),252,43,1267,2.6,TAS,2021
SAL60174,Eaglehawk Neck,422,58,919,2.0,TAS,2021
SAL60175,East Cam,158,47,1562,2.8,TAS,2021
SAL60176,East Devonport,4384,44,900,2.2,TAS,2021
SAL60177,East Launceston,2270,41,1885,2.4,TAS,2021
SAL60178,East Ridgley,89,49,1541,2.3,TAS,2021
SAL60179,Eddystone,0,0,0,0.0,TAS,2021
SAL60180,Edgcumbe Beach,65,39,1124,2.1,TAS,2021
SAL60181,Edith Creek,116,33,1583,2.6,TAS,2021
SAL60182,Egg Lagoon,27,40,1375,2.0,TAS,2021
SAL60183,Eggs And Bacon Bay,124,62,811,1.9,TAS,2021
SAL60184,Elderslie (Tas.),168,45,1266,2.8,TAS,2021
SAL60185,Electrona,391,34,1828,2.8,TAS,2021
SAL60186,Elizabeth Town,299,51,1187,2.3,TAS,2021
SAL60187,Ellendale (Tas.),285,49,949,2.3,TAS,2021
SAL60188,Elliott (Tas.),355,45,1452,2.7,TAS,2021
SAL60189,Emita,59,60,1375,2.0,TAS,2021
SAL60190,Emu Heights (Tas.),182,40,1178,2.2,TAS,2021
SAL60191,Epping Forest,87,40,1142,2.2,TAS,2021
SAL60192,Erriba,43,52,1062,2.1,TAS,2021
SAL60193,Eugenana,169,46,1666,2.5,TAS,2021
SAL60194,Evandale (Tas.),1265,53,1228,2.2,TAS,2021
SAL60195,Exeter (Tas.),759,43,1216,2.4,TAS,2021
SAL60196,Exton,221,33,1375,2.3,TAS,2021
SAL60197,Falmouth,139,54,1075,1.9,TAS,2021
SAL60198,Fentonbury,88,43,966,2.6,TAS,2021
SAL60199,Fern Tree,763,45,1990,2.6,TAS,2021
SAL60200,Fingal (Tas.),431,51,833,2.2,TAS,2021
SAL60201,Fitzgerald (Tas.),33,49,860,2.3,TAS,2021
SAL60202,Flintstone,73,58,962,1.4,TAS,2021
SAL60203,Florentine,0,0,0,0.0,TAS,2021
SAL60204,Flowerdale (Tas.),279,40,1553,2.9,TAS,2021
SAL60205,Flowerpot,108,45,1468,2.6,TAS,2021
SAL60206,Flowery Gully,82,53,1375,2.5,TAS,2021
SAL60207,Forcett,1102,39,1797,2.9,TAS,2021
SAL60208,Forest,464,38,1321,2.6,TAS,2021
SAL60209,Forester,11,46,1312,3.7,TAS,2021
SAL60210,Fortescue (Tas.),0,0,0,0.0,TAS,2021
SAL60211,Forth,738,46,1592,2.4,TAS,2021
SAL60212,Forthside,76,38,2050,2.8,TAS,2021
SAL60213,Four Mile Creek (Tas.),118,61,900,2.0,TAS,2021
SAL60214,Frankford,165,51,1156,2.4,TAS,2021
SAL60215,Franklin (Tas.),1301,52,1205,2.4,TAS,2021
SAL60216,Freycinet,0,54,7000,2.0,TAS,2021
SAL60217,Friendly Beaches,11,59,575,1.6,TAS,2021
SAL60218,Gagebrook,1572,27,825,2.6,TAS,2021
SAL60219,Garden Island (Tas.),0,0,0,0.0,TAS,2021
SAL60220,Garden Island Creek,282,38,1036,2.4,TAS,2021
SAL60221,Gardners Bay,346,48,1051,2.3,TAS,2021
SAL60222,Gawler (Tas.),703,45,1756,2.6,TAS,2021
SAL60223,Geeveston,1431,44,1103,2.4,TAS,2021
SAL60224,Geilston Bay,3461,43,1610,2.3,TAS,2021
SAL60225,George Town,4536,45,901,2.2,TAS,2021
SAL60226,Gladstone (Tas.),124,51,824,2.2,TAS,2021
SAL60227,Glaziers Bay,112,58,1478,2.4,TAS,2021
SAL60228,Glebe (Tas.),570,36,2067,2.3,TAS,2021
SAL60229,Glen Huon,742,40,1446,2.7,TAS,2021
SAL60230,Glendevie,87,50,949,2.2,TAS,2021
SAL60231,Glenfern (Tas.),176,40,1166,3.0,TAS,2021
SAL60232,Glengarry (Tas.),540,46,1478,2.7,TAS,2021
SAL60233,Glenlusk,205,50,2042,2.6,TAS,2021
SAL60234,Glenora,93,44,1375,2.5,TAS,2021
SAL60235,Glenorchy (Tas.),12013,35,1143,2.3,TAS,2021
SAL60236,Golconda,22,53,866,1.8,TAS,2021
SAL60237,Golden Valley,226,49,912,2.3,TAS,2021
SAL60238,Goodwood (Tas.),1142,35,1129,2.4,TAS,2021
SAL60239,Gordon (Tas.),208,51,1152,2.2,TAS,2021
SAL60240,Gormanston,32,59,875,2.2,TAS,2021
SAL60241,Goshen,95,46,900,2.8,TAS,2021
SAL60242,Goulds Country,91,51,1174,2.3,TAS,2021
SAL60243,Gowrie Park,41,57,687,1.9,TAS,2021
SAL60244,Granton,1903,40,2100,2.8,TAS,2021
SAL60245,Granville Harbour,30,62,1562,1.7,TAS,2021
SAL60246,Grasstree Hill,108,45,1125,2.3,TAS,2021
SAL60247,Grassy,121,36,916,2.0,TAS,2021
SAL60248,Gravelly Beach,641,46,1380,2.3,TAS,2021
SAL60249,Gray (Tas.),71,54,675,2.0,TAS,2021
SAL60250,Great Bay,92,51,1312,2.2,TAS,2021
SAL60251,Greens Beach,247,64,1009,1.9,TAS,2021
SAL60252,Gretna,254,38,1388,2.8,TAS,2021
SAL60253,Grindelwald,1037,50,1625,2.6,TAS,2021
SAL60254,Grove,533,41,1625,2.6,TAS,2021
SAL60255,Guildford (Tas.),0,0,0,0.0,TAS,2021
SAL60256,Gunns Plains,195,39,1174,2.4,TAS,2021
SAL60257,Hadspen,2429,39,1483,2.5,TAS,2021
SAL60258,Hagley,340,42,1839,2.7,TAS,2021
SAL60259,Hamilton (Tas.),241,44,987,2.3,TAS,2021
SAL60260,Hampshire,54,49,1124,2.5,TAS,2021
SAL60261,Harford,97,50,1642,2.5,TAS,2021
SAL60262,Hastings (Tas.),54,51,833,1.8,TAS,2021
SAL60263,Havenview,735,39,1337,2.4,TAS,2021
SAL60264,Hawley Beach,590,54,1477,2.2,TAS,2021
SAL60265,Hayes,109,48,1375,2.8,TAS,2021
SAL60266,Hellyer,189,44,1321,2.3,TAS,2021
SAL60267,Henrietta,137,43,1562,2.8,TAS,2021
SAL60268,Herdsmans Cove,1199,29,1012,2.8,TAS,2021
SAL60269,Hermitage,6,66,1874,2.0,TAS,2021
SAL60270,Herrick,47,48,762,2.4,TAS,2021
SAL60271,Heybridge,442,48,1289,2.3,TAS,2021
SAL60272,Highclere,119,43,1474,2.6,TAS,2021
SAL60273,Highcroft,42,60,687,2.0,TAS,2021
SAL60274,Hillcrest (Tas.),1088,36,1142,2.2,TAS,2021
SAL60275,Hillwood,591,50,1718,2.4,TAS,2021
SAL60276,Hobart,3390,31,1464,2.0,TAS,2021
SAL60277,Hollow Tree,33,36,1458,2.8,TAS,2021
SAL60278,Holwell,83,44,1274,2.4,TAS,2021
SAL60279,Honeywood,535,37,2363,3.2,TAS,2021
SAL60280,Howden,717,44,2324,2.9,TAS,2021
SAL60281,Howrah,9545,43,1690,2.4,TAS,2021
SAL60282,Howth,61,52,1125,2.7,TAS,2021
SAL60283,Huntingfield,540,33,1783,2.7,TAS,2021
SAL60284,Huon Island,7,47,725,2.0,TAS,2021
SAL60285,Huonville,3002,41,1287,2.4,TAS,2021
SAL60286,Ida Bay,14,69,1062,2.2,TAS,2021
SAL60287,Interlaken,22,56,725,1.6,TAS,2021
SAL60288,Invermay (Tas.),3498,33,1128,2.2,TAS,2021
SAL60289,Irishtown (Tas.),307,41,1550,2.6,TAS,2021
SAL60290,Jackeys Marsh,42,60,700,2.1,TAS,2021
SAL60291,Jericho (Tas.),51,46,1292,2.4,TAS,2021
SAL60292,Jetsonville,147,50,1305,2.5,TAS,2021
SAL60293,Judbury,414,45,1386,2.6,TAS,2021
SAL60294,Kamona,9,41,2125,2.7,TAS,2021
SAL60295,Kaoota,229,41,1771,2.6,TAS,2021
SAL60296,Karanja,31,47,2050,2.2,TAS,2021
SAL60297,Karoola,349,46,1625,2.5,TAS,2021
SAL60298,Kayena,221,59,1267,2.2,TAS,2021
SAL60299,Kellevie,185,40,1562,2.9,TAS,2021
SAL60300,Kelso (Tas.),182,62,1025,1.9,TAS,2021
SAL60301,Kempton,420,43,1241,2.6,TAS,2021
SAL60302,Kettering,943,51,1412,2.4,TAS,2021
SAL60303,Killiecrankie,30,61,899,2.3,TAS,2021
SAL60304,Kimberley (Tas.),124,51,817,2.2,TAS,2021
SAL60305,Kindred,214,56,1339,2.0,TAS,2021
SAL60306,Kings Meadows,4359,38,1306,2.3,TAS,2021
SAL60307,Kingston (Tas.),12288,36,1517,2.5,TAS,2021
SAL60308,Kingston Beach,2305,47,1526,2.3,TAS,2021
SAL60309,Koonya,138,61,1010,1.8,TAS,2021
SAL60310,Lachlan,953,44,1759,2.7,TAS,2021
SAL60311,Lackrana,55,43,2083,2.5,TAS,2021
SAL60312,Lady Barron,173,61,877,1.8,TAS,2021
SAL60313,Lake Leake,59,57,1025,1.7,TAS,2021
SAL60314,Lake Margaret,0,0,0,0.0,TAS,2021
SAL60315,Lake Sorell,0,45,1375,1.0,TAS,2021
SAL60316,Lake St Clair,9,47,1999,1.5,TAS,2021
SAL60317,Lalla,86,52,1708,2.5,TAS,2021
SAL60318,Lanena,343,57,1339,2.4,TAS,2021
SAL60319,Lapoinya,143,50,1275,2.4,TAS,2021
SAL60320,Latrobe,5030,43,1173,2.3,TAS,2021
SAL60321,Lauderdale,2592,42,1877,2.6,TAS,2021
SAL60322,Launceston,3110,41,1439,2.0,TAS,2021
SAL60323,Lawitta,226,41,1525,2.7,TAS,2021
SAL60324,Lebrina,221,45,1463,2.7,TAS,2021
SAL60325,Leeka,13,50,725,2.0,TAS,2021
SAL60326,Lefroy,82,46,1156,2.5,TAS,2021
SAL60327,Legana,4719,41,1643,2.6,TAS,2021
SAL60328,Legerwood,204,39,949,2.5,TAS,2021
SAL60329,Leith,504,51,1981,2.6,TAS,2021
SAL60330,Lemont,26,32,1812,2.4,TAS,2021
SAL60331,Lenah Valley,6522,37,1931,2.5,TAS,2021
SAL60332,Leslie Vale,392,41,2365,3.1,TAS,2021
SAL60333,Levendale,129,36,1292,2.6,TAS,2021
SAL60334,Lewisham (Tas.),799,46,1648,2.4,TAS,2021
SAL60335,Liawenee,0,32,2124,1.0,TAS,2021
SAL60336,Liena,31,63,749,2.2,TAS,2021
SAL60337,Lietinna,55,52,1781,2.5,TAS,2021
SAL60338,Liffey,164,50,1542,2.4,TAS,2021
SAL60339,Lileah,79,34,1125,2.4,TAS,2021
SAL60340,Lillico (Tas.),24,52,1437,2.3,TAS,2021
SAL60341,Lilydale (Tas.),659,44,1203,2.4,TAS,2021
SAL60342,Lindisfarne,6639,46,1565,2.3,TAS,2021
SAL60343,Lisle,0,0,0,0.0,TAS,2021
SAL60344,Little Pine Lagoon,0,56,1625,1.0,TAS,2021
SAL60345,Little Swanport,148,60,933,2.0,TAS,2021
SAL60346,Loccota,31,55,1937,2.3,TAS,2021
SAL60347,Loira,158,49,1199,2.5,TAS,2021
SAL60348,London Lakes,10,62,724,1.3,TAS,2021
SAL60349,Long Reach,0,0,0,0.0,TAS,2021
SAL60350,Longford (Tas.),4268,47,1212,2.3,TAS,2021
SAL60351,Longley,241,44,2196,2.7,TAS,2021
SAL60352,Lonnavale,116,50,1375,2.4,TAS,2021
SAL60353,Loongana,16,63,900,2.0,TAS,2021
SAL60354,Loorana,140,49,1583,2.4,TAS,2021
SAL60355,Lorinna,81,49,762,2.4,TAS,2021
SAL60356,Lottah,16,59,489,1.3,TAS,2021
SAL60357,Low Head,619,61,983,1.9,TAS,2021
SAL60358,Lower Barrington,278,49,1604,2.6,TAS,2021
SAL60359,Lower Beulah,41,50,1125,2.2,TAS,2021
SAL60360,Lower Longley,267,47,2078,2.5,TAS,2021
SAL60361,Lower Marshes,30,43,2250,2.5,TAS,2021
SAL60362,Lower Snug,460,45,2009,2.6,TAS,2021
SAL60363,Lower Turners Marsh,28,48,1812,2.5,TAS,2021
SAL60364,Lower Wattle Grove,102,51,1406,2.5,TAS,2021
SAL60365,Lower Wilmot,136,50,1281,2.5,TAS,2021
SAL60366,Loyetea,20,57,479,1.6,TAS,2021
SAL60367,Lucaston,422,44,1944,2.6,TAS,2021
SAL60368,Lughrata,14,67,374,2.1,TAS,2021
SAL60369,Luina,0,0,0,0.0,TAS,2021
SAL60370,Lulworth,157,59,1018,2.0,TAS,2021
SAL60371,Lunawanna,144,52,817,1.8,TAS,2021
SAL60372,Lune River,38,50,575,1.8,TAS,2021
SAL60373,Lutana,2616,35,1404,2.4,TAS,2021
SAL60374,Lymington,319,58,1208,2.2,TAS,2021
SAL60375,Lymwood,105,45,1531,2.1,TAS,2021
SAL60376,Macquarie Heads,0,0,0,0.0,TAS,2021
SAL60377,Macquarie Plains,53,48,1187,2.2,TAS,2021
SAL60378,Magra,759,43,1617,2.8,TAS,2021
SAL60379,Malbina,77,43,2416,2.7,TAS,2021
SAL60380,Mangalore (Tas.),435,44,1578,2.7,TAS,2021
SAL60381,Mangana,38,54,430,1.7,TAS,2021
SAL60382,Margate (Tas.),4239,37,1886,2.8,TAS,2021
SAL60383,Maria Island,0,0,0,0.0,TAS,2021
SAL60384,Marion Bay (Tas.),56,53,1325,2.0,TAS,2021
SAL60385,Marrawah,152,52,1449,2.2,TAS,2021
SAL60386,Mathinna,131,55,725,2.0,TAS,2021
SAL60387,Mawbanna,84,41,949,2.9,TAS,2021
SAL60388,Mayberry,18,49,1375,2.1,TAS,2021
SAL60389,Maydena,198,47,791,2.1,TAS,2021
SAL60390,Mayfield (Tas.),1525,34,886,2.3,TAS,2021
SAL60391,Meadowbank (Tas.),13,39,1649,2.6,TAS,2021
SAL60392,Meander,337,52,1138,2.3,TAS,2021
SAL60393,Mella,97,28,1874,3.0,TAS,2021
SAL60394,Melrose (Tas.),94,48,1781,2.4,TAS,2021
SAL60395,Melton Mowbray,68,40,1333,2.5,TAS,2021
SAL60396,Memana,94,55,1416,2.4,TAS,2021
SAL60397,Mengha,151,45,1093,2.5,TAS,2021
SAL60398,Mersey Forest,0,0,0,0.0,TAS,2021
SAL60399,Merseylea,71,43,1416,2.3,TAS,2021
SAL60400,Meunna,0,0,0,0.0,TAS,2021
SAL60401,Miandetta (Tas.),1822,41,1393,2.4,TAS,2021
SAL60402,Middlesex (Tas.),9,16,1375,5.0,TAS,2021
SAL60403,Middleton (Tas.),287,53,1357,2.3,TAS,2021
SAL60404,Midway Point,3384,38,1508,2.4,TAS,2021
SAL60405,Miena,127,59,1013,1.6,TAS,2021
SAL60406,Milabena,77,53,762,2.3,TAS,2021
SAL60407,Millers Bluff,0,61,0,0.0,TAS,2021
SAL60408,Moina,33,54,849,2.0,TAS,2021
SAL60409,Mole Creek,528,51,1066,2.3,TAS,2021
SAL60410,Molesworth (Tas.),683,44,1583,2.6,TAS,2021
SAL60411,Moltema,89,37,1274,2.3,TAS,2021
SAL60412,Montagu,83,41,1531,2.4,TAS,2021
SAL60413,Montagu Bay,718,43,1489,2.2,TAS,2021
SAL60414,Montana,57,44,1625,2.7,TAS,2021
SAL60415,Montello,1241,40,1014,2.2,TAS,2021
SAL60416,Montrose (Tas.),2313,39,1390,2.3,TAS,2021
SAL60417,Montumana,46,51,850,1.8,TAS,2021
SAL60418,Moogara,67,43,1124,2.3,TAS,2021
SAL60419,Moonah,5884,35,1421,2.4,TAS,2021
SAL60420,Mooreville,378,41,1861,2.7,TAS,2021
SAL60421,Moorina (Tas.),11,60,1012,1.8,TAS,2021
SAL60422,Moorleah,161,37,1325,2.6,TAS,2021
SAL60423,Morass Bay,13,25,2250,5.0,TAS,2021
SAL60424,Moriarty,245,48,1343,2.7,TAS,2021
SAL60425,Mornington (Tas.),2469,36,1423,2.4,TAS,2021
SAL60426,Mount Direction,248,46,1825,2.6,TAS,2021
SAL60427,Mount Field,0,0,0,0.0,TAS,2021
SAL60428,Mount Hicks,356,47,1388,2.5,TAS,2021
SAL60429,Mount Lloyd,78,38,1187,2.8,TAS,2021
SAL60430,Mount Nelson,2749,40,1687,2.5,TAS,2021
SAL60431,Mount Roland,0,0,0,0.0,TAS,2021
SAL60432,Mount Rumney,303,44,2262,2.8,TAS,2021
SAL60433,Mount Seymour,78,55,1375,2.3,TAS,2021
SAL60434,Mount Stuart (Tas.),2444,41,1960,2.4,TAS,2021
SAL60435,Mount William,0,0,0,0.0,TAS,2021
SAL60436,Mountain River,606,42,1758,2.7,TAS,2021
SAL60437,Mowbray (Tas.),4048,32,1138,2.5,TAS,2021
SAL60438,Murdunna,325,56,766,2.0,TAS,2021
SAL60439,Musselroe Bay,28,68,900,1.7,TAS,2021
SAL60440,Myalla (Tas.),66,38,1468,2.8,TAS,2021
SAL60441,Myrtle Bank (Tas.),36,53,849,2.1,TAS,2021
SAL60442,Nabageena,34,53,1124,2.3,TAS,2021
SAL60443,Nabowla,131,51,1031,2.4,TAS,2021
SAL60444,Naracoopa,91,49,1208,2.3,TAS,2021
SAL60445,National Park,80,45,725,2.0,TAS,2021
SAL60446,Natone,288,44,1463,2.6,TAS,2021
SAL60447,Needles,50,45,2125,2.9,TAS,2021
SAL60448,Neika,200,45,1666,2.5,TAS,2021
SAL60449,Nelson Bay (Tas.),4,69,1249,1.0,TAS,2021
SAL60450,New Norfolk,6037,40,1112,2.4,TAS,2021
SAL60451,New Town (Tas.),6781,38,1596,2.3,TAS,2021
SAL60452,Newnham,7073,34,1223,2.5,TAS,2021
SAL60453,Newstead (Tas.),5617,43,1470,2.3,TAS,2021
SAL60454,Nicholls Rivulet,369,47,1318,2.5,TAS,2021
SAL60455,Nietta,63,59,741,2.2,TAS,2021
SAL60456,Nile,121,48,1458,2.2,TAS,2021
SAL60457,Nook,201,44,1474,2.5,TAS,2021
SAL60458,North Bruny,122,59,1312,1.9,TAS,2021
SAL60459,North Hobart,2600,35,1823,2.1,TAS,2021
SAL60460,North Lilydale,82,55,1437,2.4,TAS,2021
SAL60461,North Motton,425,44,1357,2.6,TAS,2021
SAL60462,North Scottsdale,145,46,1312,2.4,TAS,2021
SAL60463,Northdown,265,49,1442,2.6,TAS,2021
SAL60464,Norwood (Tas.),3869,48,1440,2.3,TAS,2021
SAL60465,Notley Hills,63,45,2083,2.5,TAS,2021
SAL60466,Nowhere Else,49,51,1187,2.5,TAS,2021
SAL60467,Nubeena,576,52,796,2.1,TAS,2021
SAL60468,Nugara,109,42,1541,2.1,TAS,2021
SAL60469,Nugent,117,41,1199,2.5,TAS,2021
SAL60470,Nunamara,305,45,1680,2.6,TAS,2021
SAL60471,Oakdowns,1897,33,1778,2.5,TAS,2021
SAL60472,Oaks,24,58,1187,2.4,TAS,2021
SAL60473,Oatlands (Tas.),728,57,936,2.0,TAS,2021
SAL60474,Ocean Vista,322,49,1238,2.3,TAS,2021
SAL60475,Old Beach,4394,40,1865,2.6,TAS,2021
SAL60476,Oldina,145,49,1406,2.6,TAS,2021
SAL60477,Oonah,0,50,2250,2.0,TAS,2021
SAL60478,Opossum Bay,383,56,1302,2.1,TAS,2021
SAL60479,Orford (Tas.),685,62,1110,1.9,TAS,2021
SAL60480,Orielton,430,42,2028,2.9,TAS,2021
SAL60481,Osmaston,96,41,1125,2.4,TAS,2021
SAL60482,Osterley (Tas.),17,58,1024,2.0,TAS,2021
SAL60483,Otago,596,51,1937,2.7,TAS,2021
SAL60484,Ouse,326,46,850,2.2,TAS,2021
SAL60485,Oyster Cove (Tas.),330,45,1515,2.5,TAS,2021
SAL60486,Palana,23,66,700,1.6,TAS,2021
SAL60487,Paloona,84,40,1583,2.9,TAS,2021
SAL60488,Paradise (Tas.),126,59,1062,2.3,TAS,2021
SAL60489,Parattah,147,49,875,2.2,TAS,2021
SAL60490,Park Grove,2613,39,1766,2.5,TAS,2021
SAL60491,Parkham,111,31,1531,2.5,TAS,2021
SAL60492,Parklands (Tas.),865,41,1433,2.1,TAS,2021
SAL60493,Parrawe,0,0,0,0.0,TAS,2021
SAL60494,Patersonia,97,44,1375,2.6,TAS,2021
SAL60495,Pawleena,112,41,1312,2.9,TAS,2021
SAL60496,Pawtella,33,39,1625,2.1,TAS,2021
SAL60497,Pearshape,5,39,8000,3.0,TAS,2021
SAL60498,Pegarah,147,43,1281,2.6,TAS,2021
SAL60499,Pelham (Tas.),24,54,474,1.8,TAS,2021
SAL60500,Pelverata,265,45,1421,2.5,TAS,2021
SAL60501,Penguin,4132,47,1301,2.3,TAS,2021
SAL60502,Penna,437,49,1666,2.7,TAS,2021
SAL60503,Perth (Tas.),3472,39,1449,2.4,TAS,2021
SAL60504,Petcheys Bay,194,54,1071,2.2,TAS,2021
SAL60505,Pioneer (Tas.),79,51,489,2.3,TAS,2021
SAL60506,Pipers Brook,109,46,1708,2.5,TAS,2021
SAL60507,Pipers River,433,43,1508,2.6,TAS,2021
SAL60508,Plenty (Tas.),66,50,1437,2.6,TAS,2021
SAL60509,Poatina,118,47,784,2.1,TAS,2021
SAL60510,Police Point,76,48,1062,2.1,TAS,2021
SAL60511,Pontville,675,43,2158,2.9,TAS,2021
SAL60512,Pontypool,53,49,833,2.5,TAS,2021
SAL60513,Port Arthur (Tas.),247,57,912,1.9,TAS,2021
SAL60514,Port Huon,492,50,1152,2.3,TAS,2021
SAL60515,Port Latta,0,0,0,0.0,TAS,2021
SAL60516,Port Sorell,2221,52,1300,2.3,TAS,2021
SAL60517,Powranna,30,36,1625,2.9,TAS,2021
SAL60518,Premaydena,139,60,1274,1.9,TAS,2021
SAL60519,Preolenna,58,43,1166,2.7,TAS,2021
SAL60520,Preservation Bay,100,48,1812,2.7,TAS,2021
SAL60521,Preston (Tas.),149,48,941,2.4,TAS,2021
SAL60522,Primrose Sands,1209,54,922,1.9,TAS,2021
SAL60523,Promised Land,32,49,1125,2.5,TAS,2021
SAL60524,Prospect (Tas.),1908,43,1233,2.2,TAS,2021
SAL60525,Prospect Vale,5433,48,1268,2.2,TAS,2021
SAL60526,Punchbowl (Tas.),491,34,1233,2.1,TAS,2021
SAL60527,Pyengana,96,45,1187,2.2,TAS,2021
SAL60528,Quamby Bend,28,35,1937,3.0,TAS,2021
SAL60529,Quamby Brook,111,48,1218,2.7,TAS,2021
SAL60530,Queens Domain,31,63,3124,2.1,TAS,2021
SAL60531,Queenstown (Tas.),1808,47,851,2.0,TAS,2021
SAL60532,Quoiba,427,45,1361,2.3,TAS,2021
SAL60533,Railton,1079,45,1091,2.5,TAS,2021
SAL60534,Raminea,40,51,675,1.7,TAS,2021
SAL60535,Randalls Bay,53,53,1275,2.2,TAS,2021
SAL60536,Ranelagh,1484,37,1602,2.7,TAS,2021
SAL60537,Ranga,34,58,700,1.9,TAS,2021
SAL60538,Ravenswood (Tas.),3804,36,858,2.3,TAS,2021
SAL60539,Recherche,16,56,1125,2.3,TAS,2021
SAL60540,Red Hills,124,38,1781,3.0,TAS,2021
SAL60541,Redpa,106,36,933,2.9,TAS,2021
SAL60542,Reedy Marsh,199,53,1024,2.5,TAS,2021
SAL60543,Reekara,23,57,2499,2.3,TAS,2021
SAL60544,Relbia,691,48,2639,2.7,TAS,2021
SAL60545,Renison Bell,0,0,0,0.0,TAS,2021
SAL60546,Retreat (Tas.),18,39,1124,2.6,TAS,2021
SAL60547,Reynolds Neck,9,64,350,1.6,TAS,2021
SAL60548,Rheban,22,62,850,1.8,TAS,2021
SAL60549,Rhyndaston,73,48,1187,2.5,TAS,2021
SAL60550,Riana,313,45,1575,2.5,TAS,2021
SAL60551,Richmond (Tas.),1583,51,1496,2.4,TAS,2021
SAL60552,Ridgeway,222,41,2555,2.9,TAS,2021
SAL60553,Ridgley,645,41,1558,2.7,TAS,2021
SAL60554,Ringarooma,337,53,900,2.2,TAS,2021
SAL60555,Risdon,209,42,1541,2.4,TAS,2021
SAL60556,Risdon Vale,3171,34,1187,2.5,TAS,2021
SAL60557,Riverside (Tas.),7326,40,1519,2.5,TAS,2021
SAL60558,Robigana,111,57,1312,2.4,TAS,2021
SAL60559,Rocherlea,1033,32,794,2.4,TAS,2021
SAL60560,Roches Beach,220,48,2333,2.9,TAS,2021
SAL60561,Rocky Cape,211,44,850,2.5,TAS,2021
SAL60562,Rocky Hills,8,53,1249,2.5,TAS,2021
SAL60563,Roger River,51,35,1291,2.3,TAS,2021
SAL60564,Rokeby (Tas.),4211,32,1279,2.5,TAS,2021
SAL60565,Roland,88,50,1062,2.3,TAS,2021
SAL60566,Romaine,1850,40,1449,2.5,TAS,2021
SAL60567,Rose Bay (Tas.),1188,49,1757,2.3,TAS,2021
SAL60568,Rosebery (Tas.),752,48,962,1.9,TAS,2021
SAL60569,Rosegarland,92,47,1312,2.5,TAS,2021
SAL60570,Rosetta,2833,41,1474,2.5,TAS,2021
SAL60571,Rosevale (Tas.),132,47,1406,2.6,TAS,2021
SAL60572,Rosevears,365,56,1444,2.3,TAS,2021
SAL60573,Rosny,842,47,1853,2.4,TAS,2021
SAL60574,Rosny Park,16,27,1687,3.4,TAS,2021
SAL60575,Ross (Tas.),410,56,915,2.0,TAS,2021
SAL60576,Rossarden,48,51,624,1.7,TAS,2021
SAL60577,Round Hill (Tas.),100,52,2041,2.4,TAS,2021
SAL60578,Rowella,179,51,1781,2.6,TAS,2021
SAL60579,Royal George,59,39,1375,2.5,TAS,2021
SAL60580,Runnymede (Tas.),77,40,1792,2.5,TAS,2021
SAL60581,Rushy Lagoon,29,32,1375,2.2,TAS,2021
SAL60582,Saltwater River,131,55,1125,2.2,TAS,2021
SAL60583,Sandfly,336,43,2161,2.8,TAS,2021
SAL60584,Sandford (Tas.),2046,44,2117,2.8,TAS,2021
SAL60585,Sandy Bay,12315,39,1915,2.4,TAS,2021
SAL60586,Sassafras (Tas.),352,46,1411,2.6,TAS,2021
SAL60587,Savage River,23,38,1125,1.5,TAS,2021
SAL60588,Scamander,803,51,910,2.1,TAS,2021
SAL60589,Schouten Island,0,0,0,0.0,TAS,2021
SAL60590,Scopus,56,36,1541,2.6,TAS,2021
SAL60591,Scotchtown,274,35,1944,3.0,TAS,2021
SAL60592,Scottsdale,2408,47,965,2.2,TAS,2021
SAL60593,Sea Elephant,0,74,350,1.0,TAS,2021
SAL60594,Selbourne,68,47,1437,2.3,TAS,2021
SAL60595,Seven Mile Beach,1467,46,2125,2.6,TAS,2021
SAL60596,Seymour (Tas.),31,59,487,1.8,TAS,2021
SAL60597,Shannon (Tas.),0,0,0,0.0,TAS,2021
SAL60598,Shearwater,2051,58,1104,2.1,TAS,2021
SAL60599,Sheffield,1602,54,970,2.1,TAS,2021
SAL60600,Shorewell Park,2150,40,856,2.3,TAS,2021
SAL60601,Sidmouth,411,52,1131,2.3,TAS,2021
SAL60602,Simpsons Bay,49,54,1562,2.3,TAS,2021
SAL60603,Sisters Beach,511,47,1287,2.3,TAS,2021
SAL60604,Sisters Creek,161,43,1624,2.6,TAS,2021
SAL60605,Sloping Main,67,63,899,2.1,TAS,2021
SAL60606,Smithton,3934,42,1189,2.3,TAS,2021
SAL60607,Snug,1440,38,1482,2.7,TAS,2021
SAL60608,Somerset (Tas.),4067,48,1100,2.2,TAS,2021
SAL60609,Sorell,3597,41,1317,2.4,TAS,2021
SAL60610,Sorell Creek,95,49,1062,2.4,TAS,2021
SAL60611,South Arm (Tas.),963,48,1383,2.4,TAS,2021
SAL60612,South Bruny,98,58,949,1.9,TAS,2021
SAL60613,South Burnie,348,41,1125,2.1,TAS,2021
SAL60614,South Forest,100,43,1437,2.7,TAS,2021
SAL60615,South Hobart,5886,38,1787,2.3,TAS,2021
SAL60616,South Launceston,4894,36,1374,2.2,TAS,2021
SAL60617,South Mount Cameron,8,64,1062,1.5,TAS,2021
SAL60618,South Nietta,9,28,1062,2.7,TAS,2021
SAL60619,South Preston,21,47,1562,2.4,TAS,2021
SAL60620,South Riana,212,38,1536,2.6,TAS,2021
SAL60621,South Spreyton,576,41,1955,2.9,TAS,2021
SAL60622,South Springfield,30,32,1375,2.7,TAS,2021
SAL60623,Southport (Tas.),149,59,756,1.8,TAS,2021
SAL60624,Southport Lagoon,0,0,0,0.0,TAS,2021
SAL60625,Southwest,0,69,0,0.0,TAS,2021
SAL60626,Spalford,55,49,1374,2.5,TAS,2021
SAL60627,Sprent,160,42,1562,2.5,TAS,2021
SAL60628,Spreyton,1876,41,1503,2.4,TAS,2021
SAL60629,Spring Beach,129,63,1292,2.0,TAS,2021
SAL60630,Springfield (Tas.),224,43,1147,2.6,TAS,2021
SAL60631,Squeaking Point,337,45,1449,2.6,TAS,2021
SAL60632,St Helens (Tas.),2206,57,824,2.0,TAS,2021
SAL60633,St Leonards (Tas.),2351,38,1572,2.5,TAS,2021
SAL60634,St Marys (Tas.),738,56,759,2.0,TAS,2021
SAL60635,Stanley (Tas.),595,51,1351,2.1,TAS,2021
SAL60636,Staverton,98,58,866,2.0,TAS,2021
SAL60637,Steppes,4,67,824,1.7,TAS,2021
SAL60638,Stieglitz,595,60,797,1.9,TAS,2021
SAL60639,Stonehenge (Tas.),17,42,2750,3.0,TAS,2021
SAL60640,Stonor,47,37,1024,2.8,TAS,2021
SAL60641,Stony Head,0,0,0,0.0,TAS,2021
SAL60642,Stony Rise,728,39,1736,2.6,TAS,2021
SAL60643,Stoodley,48,55,1062,2.8,TAS,2021
SAL60644,Stormlea,21,46,725,2.4,TAS,2021
SAL60645,Stowport,446,40,1509,2.5,TAS,2021
SAL60646,Strahan,697,40,1347,2.0,TAS,2021
SAL60647,Strathblane,150,48,1196,2.3,TAS,2021
SAL60648,Strathgordon,8,49,1125,1.0,TAS,2021
SAL60649,Strickland,24,36,812,2.8,TAS,2021
SAL60650,Strzelecki (Tas.),0,0,0,0.0,TAS,2021
SAL60651,Styx,0,0,0,0.0,TAS,2021
SAL60652,Sulphur Creek,707,44,1789,2.5,TAS,2021
SAL60653,Summerhill,3139,38,1327,2.4,TAS,2021
SAL60654,Sunnyside (Tas.),110,46,1166,2.4,TAS,2021
SAL60655,Surges Bay,163,50,1297,2.6,TAS,2021
SAL60656,Surprise Bay,4,76,1375,2.0,TAS,2021
SAL60657,Surveyors Bay,56,58,966,1.8,TAS,2021
SAL60658,Swan Bay (Tas.),457,38,2237,2.9,TAS,2021
SAL60659,Swan Point,300,56,1323,2.3,TAS,2021
SAL60660,Swansea (Tas.),997,62,929,2.0,TAS,2021
SAL60661,Swanston,4,67,575,1.0,TAS,2021
SAL60662,Table Cape,87,50,1416,2.2,TAS,2021
SAL60663,Takone,80,34,1375,2.6,TAS,2021
SAL60664,Talawa,61,47,1468,2.2,TAS,2021
SAL60665,Taranna,167,59,782,2.0,TAS,2021
SAL60666,Targa,39,52,1125,2.1,TAS,2021
SAL60667,Tarleton,377,46,1682,2.7,TAS,2021
SAL60668,Taroona,3121,47,1845,2.5,TAS,2021
SAL60669,Tarraleah,4,64,1125,2.0,TAS,2021
SAL60670,Tayene,25,55,1542,2.1,TAS,2021
SAL60671,Tea Tree,464,44,1819,2.8,TAS,2021
SAL60672,Telita,38,30,624,2.6,TAS,2021
SAL60673,Temma,14,40,1125,2.3,TAS,2021
SAL60674,Tewkesbury,81,54,1274,2.2,TAS,2021
SAL60675,The Gardens (Tas.),16,60,2249,2.3,TAS,2021
SAL60676,Thirlstane,108,44,1312,2.6,TAS,2021
SAL60677,Tiberias,6,43,1875,4.0,TAS,2021
SAL60678,Tinderbox,392,52,2303,2.7,TAS,2021
SAL60679,Tods Corner,14,66,725,1.6,TAS,2021
SAL60680,Togari,92,27,1792,2.9,TAS,2021
SAL60681,Toiberry,28,31,1187,2.6,TAS,2021
SAL60682,Tolmans Hill,647,42,3316,3.1,TAS,2021
SAL60683,Tomahawk,54,62,787,1.8,TAS,2021
SAL60684,Tonganah,25,42,1374,2.7,TAS,2021
SAL60685,Tooms Lake,9,60,450,1.7,TAS,2021
SAL60686,Tranmere (Tas.),2218,44,2435,2.7,TAS,2021
SAL60687,Travellers Rest,348,48,2017,2.8,TAS,2021
SAL60688,Trenah,6,54,1375,2.0,TAS,2021
SAL60689,Trevallyn,4826,40,1614,2.4,TAS,2021
SAL60690,Triabunna,905,51,919,2.2,TAS,2021
SAL60691,Trial Harbour,21,65,900,1.9,TAS,2021
SAL60692,Trowutta,88,51,1325,2.3,TAS,2021
SAL60693,Tugrah,470,37,1985,3.0,TAS,2021
SAL60694,Tulendeena,14,63,1125,2.6,TAS,2021
SAL60695,Tullah,202,43,1042,2.0,TAS,2021
SAL60696,Tunbridge,123,55,933,2.1,TAS,2021
SAL60697,Tunnack,212,46,1083,2.3,TAS,2021
SAL60698,Tunnel,92,44,1292,2.9,TAS,2021
SAL60699,Turners Beach,1966,46,1513,2.4,TAS,2021
SAL60700,Turners Marsh,265,44,1854,2.8,TAS,2021
SAL60701,Tyenna (Tas.),29,60,825,1.7,TAS,2021
SAL60702,Ulverstone,6653,49,1012,2.1,TAS,2021
SAL60703,Underwood (Tas.),391,48,1812,2.6,TAS,2021
SAL60704,Upper Blessington,60,48,1333,2.6,TAS,2021
SAL60705,Upper Burnie,1891,42,912,2.0,TAS,2021
SAL60706,Upper Castra,85,53,1187,2.1,TAS,2021
SAL60707,Upper Esk,25,63,850,1.9,TAS,2021
SAL60708,Upper Natone,111,49,1518,2.3,TAS,2021
SAL60709,Upper Scamander,60,55,1312,2.1,TAS,2021
SAL60710,Upper Stowport,99,34,1812,2.7,TAS,2021
SAL60711,Upper Woodstock,66,39,1749,3.0,TAS,2021
SAL60712,Uxbridge,40,39,1125,2.4,TAS,2021
SAL60713,Verona Sands,131,49,928,2.1,TAS,2021
SAL60714,Victoria Valley (Tas.),18,51,474,2.5,TAS,2021
SAL60715,Waddamana,3,47,1874,2.0,TAS,2021
SAL60716,Walls Of Jerusalem,0,0,0,0.0,TAS,2021
SAL60717,Waratah (Tas.),249,55,718,2.1,TAS,2021
SAL60718,Warrane,2695,36,1099,2.2,TAS,2021
SAL60719,Warrentinna,5,44,900,3.0,TAS,2021
SAL60720,Waterhouse,100,32,1625,2.5,TAS,2021
SAL60721,Waterloo (Tas.),104,51,1218,2.2,TAS,2021
SAL60722,Wattle Grove (Tas.),135,53,1199,2.3,TAS,2021
SAL60723,Wattle Hill (Tas.),176,43,1649,2.6,TAS,2021
SAL60724,Waverley (Tas.),1583,35,1007,2.3,TAS,2021
SAL60725,Wayatinah,18,39,1625,1.5,TAS,2021
SAL60726,Weegena,89,49,1312,2.7,TAS,2021
SAL60727,Weetah,75,48,1062,2.7,TAS,2021
SAL60728,Weldborough,33,57,574,1.9,TAS,2021
SAL60729,Wellington Park,0,0,0,0.0,TAS,2021
SAL60730,Wesley Vale,483,48,1350,2.4,TAS,2021
SAL60731,West Coast,8,48,450,1.4,TAS,2021
SAL60732,West Hobart,6525,38,1996,2.3,TAS,2021
SAL60733,West Kentish,160,50,1233,2.3,TAS,2021
SAL60734,West Launceston,4316,42,1468,2.3,TAS,2021
SAL60735,West Montagu,39,50,1624,2.2,TAS,2021
SAL60736,West Moonah,4522,34,1491,2.6,TAS,2021
SAL60737,West Mooreville,121,50,1843,2.8,TAS,2021
SAL60738,West Pine,142,39,1562,2.6,TAS,2021
SAL60739,West Ridgley,124,48,1339,2.7,TAS,2021
SAL60740,West Scottsdale,57,57,1312,2.2,TAS,2021
SAL60741,West Takone,6,43,524,2.0,TAS,2021
SAL60742,West Ulverstone,4515,48,1059,2.3,TAS,2021
SAL60743,Westbury (Tas.),2272,49,1122,2.3,TAS,2021
SAL60744,Western Creek (Tas.),128,50,1274,2.3,TAS,2021
SAL60745,Western Junction,128,45,1625,2.7,TAS,2021
SAL60746,Westerway,210,48,949,2.1,TAS,2021
SAL60747,Westwood (Tas.),88,37,2625,3.2,TAS,2021
SAL60748,Weymouth,111,60,1281,2.0,TAS,2021
SAL60749,White Beach,311,62,808,1.7,TAS,2021
SAL60750,White Hills (Tas.),172,49,1333,2.6,TAS,2021
SAL60751,Whitefoord,46,56,762,2.3,TAS,2021
SAL60752,Whitemark,308,58,1105,1.8,TAS,2021
SAL60753,Whitemore,197,40,1687,2.7,TAS,2021
SAL60754,Wickham (Tas.),11,59,2250,2.7,TAS,2021
SAL60755,Wilburville,23,61,674,1.5,TAS,2021
SAL60756,Wilmot,287,54,919,2.1,TAS,2021
SAL60757,Wiltshire,32,44,1375,2.4,TAS,2021
SAL60758,Windermere (Tas.),252,57,1625,2.4,TAS,2021
SAL60759,Wingaroo,0,53,1375,1.0,TAS,2021
SAL60760,Winkleigh,189,47,1397,2.5,TAS,2021
SAL60761,Winnaleah,225,48,933,2.1,TAS,2021
SAL60762,Wivenhoe,235,40,1023,2.4,TAS,2021
SAL60763,Woodbridge (Tas.),547,54,1550,2.5,TAS,2021
SAL60764,Woodbury (Tas.),31,43,1875,2.5,TAS,2021
SAL60765,Woodsdale,84,56,1174,2.3,TAS,2021
SAL60766,Woodstock (Tas.),35,52,1208,2.5,TAS,2021
SAL60767,Woolnorth,161,28,1812,3.1,TAS,2021
SAL60768,Wyena,22,51,725,1.9,TAS,2021
SAL60769,Wynyard,6296,49,1042,2.2,TAS,2021
SAL60770,Yambacoona,41,50,1792,2.2,TAS,2021
SAL60771,Yarra Creek,19,53,1312,1.6,TAS,2021
SAL60772,Yolla,286,45,1327,2.2,TAS,2021
SAL60773,York Plains (Tas.),69,52,1625,2.5,TAS,2021
SAL60774,York Town,78,55,1042,2.1,TAS,2021
SAL60775,Youngtown,4315,42,1369,2.3,TAS,2021
SAL60776,Zeehan,722,48,951,2.0,TAS,2021
SAL69494,No usual address (Tas.),1377,0,0,0.0,TAS,2021
SAL69797,Migratory - Offshore - Shipping (Tas.),19,43,0,0.0,TAS,2021
SAL70001,Acacia Hills (NT),711,40,2380,2.9,NT,2021
SAL70002,Adelaide River,317,52,992,2.2,NT,2021
SAL70003,Alawa,2078,35,2083,2.8,NT,2021
SAL70004,Ali Curung,394,23,1437,4.5,NT,2021
SAL70005,Alice Springs,231,37,1463,1.8,NT,2021
SAL70006,Alpurrurulam,350,27,855,4.3,NT,2021
SAL70007,Alyangula,751,34,3333,2.8,NT,2021
SAL70008,Amoonguna,229,29,814,4.0,NT,2021
SAL70009,Ampilatwatja,439,24,2111,5.7,NT,2021
SAL70010,Anatye,160,23,1536,3.3,NT,2021
SAL70011,Angurugu,883,26,1037,4.4,NT,2021
SAL70012,Anindilyakwa,375,31,1583,3.9,NT,2021
SAL70013,Anmatjere,446,30,747,3.7,NT,2021
SAL70014,Anula,2385,37,2269,2.9,NT,2021
SAL70015,Araluen (NT),2673,34,2451,2.8,NT,2021
SAL70016,Archer,3,57,1649,2.5,NT,2021
SAL70017,Areyonga,236,31,1399,4.7,NT,2021
SAL70018,Arnold (NT),75,28,2074,3.5,NT,2021
SAL70019,Arumbera,257,38,828,2.9,NT,2021
SAL70020,Atitjere,204,28,1575,4.4,NT,2021
SAL70021,Baines,239,26,752,3.2,NT,2021
SAL70022,Bakewell,3091,32,1955,2.5,NT,2021
SAL70023,Barunga,337,26,1087,3.8,NT,2021
SAL70024,Batchelor,396,45,900,2.0,NT,2021
SAL70025,Bayview (NT),1702,34,3312,2.7,NT,2021
SAL70026,Bees Creek,803,41,2258,2.9,NT,2021
SAL70027,Bellamack,2423,29,2331,2.9,NT,2021
SAL70028,Belyuen,149,32,680,3.2,NT,2021
SAL70029,Berrimah,1199,32,2193,2.8,NT,2021
SAL70030,Berry Springs,870,38,2183,2.8,NT,2021
SAL70031,Beswick,542,27,1333,5.4,NT,2021
SAL70032,Beswick Creek,16,28,2249,2.2,NT,2021
SAL70033,Binjari,240,25,966,5.2,NT,2021
SAL70034,Birdum,63,34,2250,3.0,NT,2021
SAL70035,Black Jungle,0,0,0,0.0,NT,2021
SAL70036,Blackmore,0,0,0,0.0,NT,2021
SAL70037,Borroloola,755,32,1301,3.5,NT,2021
SAL70038,Bradshaw,55,34,833,3.0,NT,2021
SAL70039,Braitling,3160,36,2182,2.6,NT,2021
SAL70040,Brinkin,1117,34,2274,2.5,NT,2021
SAL70041,Buchanan (NT),80,23,2250,6.3,NT,2021
SAL70042,Buffalo Creek,0,0,0,0.0,NT,2021
SAL70043,Bulman Weemol,263,29,1375,5.0,NT,2021
SAL70044,Burrundie,8,45,2750,1.7,NT,2021
SAL70045,Burt Plain,230,34,824,2.8,NT,2021
SAL70046,Bynoe,98,59,1021,1.7,NT,2021
SAL70047,Bynoe Harbour,0,0,0,0.0,NT,2021
SAL70048,Calvert (NT),21,58,2250,2.0,NT,2021
SAL70049,Camp Creek (NT),0,75,225,1.0,NT,2021
SAL70050,Canteen Creek,147,25,1687,4.7,NT,2021
SAL70051,Casuarina (NT),406,27,2750,3.0,NT,2021
SAL70052,Channel Island,0,0,0,0.0,NT,2021
SAL70053,Charles Darwin,0,0,0,0.0,NT,2021
SAL70054,Charlotte,19,57,537,1.9,NT,2021
SAL70055,Chilla Well,0,0,0,0.0,NT,2021
SAL70056,Ciccone,281,37,1375,2.4,NT,2021
SAL70057,Claravale,5,30,5500,6.0,NT,2021
SAL70058,Cobourg,32,29,1375,3.3,NT,2021
SAL70059,Coconut Grove,2892,35,1549,2.2,NT,2021
SAL70060,Collett Creek,0,61,725,1.0,NT,2021
SAL70061,Connellan,371,48,2611,2.7,NT,2021
SAL70062,Coolalinga,510,31,1426,1.9,NT,2021
SAL70063,Coomalie Creek,8,47,3249,3.0,NT,2021
SAL70064,Coonawarra (NT),20,24,0,0.0,NT,2021
SAL70065,Cossack (NT),1293,39,2257,2.8,NT,2021
SAL70066,Costello,23,20,2749,2.0,NT,2021
SAL70067,Cox Peninsula,6,25,3749,2.5,NT,2021
SAL70068,Creswell,54,25,1375,1.8,NT,2021
SAL70069,Daguragu,196,21,814,5.8,NT,2021
SAL70070,Daly,0,0,0,0.0,NT,2021
SAL70071,Daly River,116,47,979,2.1,NT,2021
SAL70072,Daly Waters,55,33,1375,1.6,NT,2021
SAL70073,Darwin City,7149,33,2151,2.0,NT,2021
SAL70074,Darwin River,627,47,1550,2.4,NT,2021
SAL70075,Darwin River Dam,0,66,450,1.0,NT,2021
SAL70076,Davenport (NT),145,32,1017,2.8,NT,2021
SAL70077,Delamere (NT),65,26,1083,1.9,NT,2021
SAL70078,Desert Springs,1536,36,3025,2.8,NT,2021
SAL70079,Douglas-Daly,173,33,1424,2.6,NT,2021
SAL70080,Driver,2747,33,1984,2.7,NT,2021
SAL70081,Dundee Beach,267,62,933,1.9,NT,2021
SAL70082,Dundee Downs,112,58,537,1.6,NT,2021
SAL70083,Dundee Forest,85,56,824,2.0,NT,2021
SAL70084,Durack (NT),3730,31,2471,2.8,NT,2021
SAL70085,East Arm,15,45,2250,2.3,NT,2021
SAL70086,East Arnhem,1194,27,1224,4.9,NT,2021
SAL70087,East Point,0,61,450,1.0,NT,2021
SAL70088,East Side,3098,34,2225,2.5,NT,2021
SAL70089,Eaton (NT),284,27,2528,3.1,NT,2021
SAL70090,Edith (NT),186,45,1843,2.3,NT,2021
SAL70091,Elliott (NT),287,28,1093,3.8,NT,2021
SAL70092,Elrundie,0,0,0,0.0,NT,2021
SAL70093,Elsey,12,55,1024,2.0,NT,2021
SAL70094,Emungalan,254,42,1781,3.8,NT,2021
SAL70095,Engawala,164,29,1399,4.9,NT,2021
SAL70096,Eva Valley,101,55,1291,2.5,NT,2021
SAL70097,Fannie Bay,2875,39,2213,2.3,NT,2021
SAL70098,Farrar,1650,32,2573,2.9,NT,2021
SAL70099,Finke,191,28,850,3.7,NT,2021
SAL70100,Finniss Valley,84,38,1437,2.2,NT,2021
SAL70101,Florina,118,41,2833,2.5,NT,2021
SAL70102,Fly Creek,189,38,2687,2.7,NT,2021
SAL70103,Flying Fox (NT),64,34,2166,2.8,NT,2021
SAL70104,Flynn (NT),119,30,819,3.5,NT,2021
SAL70105,Freds Pass,12,58,1899,2.6,NT,2021
SAL70106,Galiwinku,2199,25,1913,5.6,NT,2021
SAL70107,Gapuwiyak,705,30,1766,4.9,NT,2021
SAL70108,Ghan,132,32,2333,3.1,NT,2021
SAL70109,Gillen,4466,33,2176,2.7,NT,2021
SAL70110,Girraween (NT),1668,41,2992,3.1,NT,2021
SAL70111,Glyde Point,0,0,0,0.0,NT,2021
SAL70112,Gray (NT),3142,34,1479,2.4,NT,2021
SAL70113,Gregory (NT),107,20,933,4.4,NT,2021
SAL70114,Gulung Mardrulk,0,0,0,0.0,NT,2021
SAL70115,Gunbalanya,1177,27,1277,4.6,NT,2021
SAL70116,Gunn,2564,31,2485,2.9,NT,2021
SAL70117,Gunn Point,3,68,724,2.0,NT,2021
SAL70118,Gunyangara,241,29,1424,4.3,NT,2021
SAL70119,Gurindji,18,23,0,0.0,NT,2021
SAL70120,Haasts Bluff,82,30,1875,4.8,NT,2021
SAL70121,Hale,72,40,466,2.5,NT,2021
SAL70122,Hart (NT),105,30,1031,3.1,NT,2021
SAL70123,Herbert,1610,38,2765,3.0,NT,2021
SAL70124,Hermannsburg,551,27,1218,3.9,NT,2021
SAL70125,Hidden Valley (NT),3,17,0,0.0,NT,2021
SAL70126,Holmes,0,0,0,0.0,NT,2021
SAL70127,Holtze,1940,31,1468,2.0,NT,2021
SAL70128,Hotham,6,59,0,0.0,NT,2021
SAL70129,Howard Springs,3153,43,2560,2.9,NT,2021
SAL70130,Hugh,895,35,762,2.4,NT,2021
SAL70131,Hughes (NT),73,48,1875,3.1,NT,2021
SAL70132,Humpty Doo,4313,39,2401,2.9,NT,2021
SAL70133,Ilparpa,542,43,2048,2.6,NT,2021
SAL70134,Imanpa,124,25,1124,4.0,NT,2021
SAL70135,Irlpme,0,0,0,0.0,NT,2021
SAL70136,Jabiru,755,34,2090,2.3,NT,2021
SAL70137,Jilkminggan,263,25,1416,6.1,NT,2021
SAL70138,Jingili,1841,36,2371,3.0,NT,2021
SAL70139,Johnston,2386,28,2254,2.9,NT,2021
SAL70140,Kakadu,315,36,1687,2.7,NT,2021
SAL70141,Kalkarindji,383,29,1262,3.5,NT,2021
SAL70142,Kaltukatjara,229,34,1374,3.6,NT,2021
SAL70143,Karama,4803,35,1783,2.9,NT,2021
SAL70144,Katherine,1254,34,2053,2.3,NT,2021
SAL70145,Katherine East,3061,30,2075,2.8,NT,2021
SAL70146,Katherine South,1507,33,1632,2.5,NT,2021
SAL70147,Kilgariff,551,42,2410,2.6,NT,2021
SAL70148,Kintore,420,29,1430,4.6,NT,2021
SAL70149,Knuckey Lagoon,498,35,2525,3.3,NT,2021
SAL70150,Koolpinyah,0,0,0,0.0,NT,2021
SAL70151,Kunparrka,121,34,725,3.9,NT,2021
SAL70152,Lajamanu,655,21,1034,4.9,NT,2021
SAL70153,Lake Bennett,129,56,1125,2.0,NT,2021
SAL70154,Lake Mackay,25,36,1187,2.4,NT,2021
SAL70155,Lambells Lagoon,239,41,2024,3.0,NT,2021
SAL70156,Lansdowne (NT),499,39,2675,2.8,NT,2021
SAL70157,Laramba,189,29,1125,4.0,NT,2021
SAL70158,Larapinta (NT),2368,33,2078,2.7,NT,2021
SAL70159,Larrakeyah,3943,33,2372,2.3,NT,2021
SAL70160,Larrimah,27,37,1874,2.1,NT,2021
SAL70161,Leanyer,4597,37,2223,2.7,NT,2021
SAL70162,Lee Point,94,62,675,1.6,NT,2021
SAL70163,Limmen,203,31,900,2.7,NT,2021
SAL70164,Litchfield Park,34,38,1875,2.2,NT,2021
SAL70165,Livingstone,443,40,1875,2.8,NT,2021
SAL70166,Lloyd Creek,225,33,2833,3.2,NT,2021
SAL70167,Ludmilla,1667,35,2056,2.7,NT,2021
SAL70168,Lyons (NT),2219,30,2931,3.3,NT,2021
SAL70169,Malak,3013,35,1676,2.8,NT,2021
SAL70170,Manbulloo,14,49,1824,2.4,NT,2021
SAL70171,Mandorah,0,0,0,0.0,NT,2021
SAL70172,Maningrida,2518,27,1449,5.2,NT,2021
SAL70173,Manton (NT),87,37,966,3.3,NT,2021
SAL70174,Maranunga,0,0,0,0.0,NT,2021
SAL70175,Margaret River (NT),14,25,900,4.3,NT,2021
SAL70176,Marlow Lagoon,754,39,3630,3.2,NT,2021
SAL70177,Marrakai,564,44,1342,2.6,NT,2021
SAL70178,Marrara,1323,45,1953,2.2,NT,2021
SAL70179,Mataranka,384,38,1843,2.6,NT,2021
SAL70180,McArthur,392,39,844,2.5,NT,2021
SAL70181,McMinns Lagoon,687,43,2516,2.9,NT,2021
SAL70182,Mereenie,4,37,0,0.0,NT,2021
SAL70183,Micket Creek,0,63,1374,1.5,NT,2021
SAL70184,Middle Point,55,35,3125,3.1,NT,2021
SAL70185,Milikapiti,414,29,793,3.4,NT,2021
SAL70186,Milingimbi,1097,27,1410,5.7,NT,2021
SAL70187,Millner,2576,36,1817,2.4,NT,2021
SAL70188,Milyakburra,106,33,575,3.1,NT,2021
SAL70189,Miniyeri,650,22,1812,6.1,NT,2021
SAL70190,Minjilang,265,26,1392,4.4,NT,2021
SAL70191,Mitchell (NT),0,0,0,0.0,NT,2021
SAL70192,Moil,2000,37,2033,2.9,NT,2021
SAL70193,Moulden,3053,33,1515,2.7,NT,2021
SAL70194,Mount Bundey,16,62,725,1.6,NT,2021
SAL70195,Mount Johns,541,35,2269,2.2,NT,2021
SAL70196,Mount Liebig,240,28,1375,5.5,NT,2021
SAL70197,Mount Zeil,69,26,900,3.7,NT,2021
SAL70198,Muirhead,3689,29,3029,3.4,NT,2021
SAL70199,Murrumujuk,0,46,774,2.0,NT,2021
SAL70200,Mutitjulu,296,30,1812,3.9,NT,2021
SAL70201,Nakara,1906,36,2424,3.0,NT,2021
SAL70202,Namatjira,164,29,1474,3.6,NT,2021
SAL70203,Nauiyu,350,26,1775,4.2,NT,2021
SAL70204,Nemarluk,305,26,1031,4.7,NT,2021
SAL70205,Newcastle Waters,122,25,1562,4.1,NT,2021
SAL70206,Nganmarriyanga,364,22,819,5.9,NT,2021
SAL70207,Ngukurr,1088,25,1260,5.5,NT,2021
SAL70208,Nhulunbuy,3350,33,2777,2.8,NT,2021
SAL70209,Nicholson (NT),57,23,1687,2.0,NT,2021
SAL70210,Nightcliff,3884,34,2051,2.4,NT,2021
SAL70211,Nitmiluk,212,27,1261,3.4,NT,2021
SAL70212,Noonamah,328,45,1517,2.2,NT,2021
SAL70213,Numbulwar,681,30,1257,4.5,NT,2021
SAL70214,Numburindi,36,35,537,2.2,NT,2021
SAL70215,Nyirripi,251,28,875,4.0,NT,2021
SAL70216,Palmerston City,194,28,1478,2.0,NT,2021
SAL70217,Pamayu,40,23,2750,3.2,NT,2021
SAL70218,Papunya,438,27,1520,4.6,NT,2021
SAL70219,Parap,2819,36,2231,2.3,NT,2021
SAL70220,Pellew Islands,3,40,1125,3.0,NT,2021
SAL70221,Peppimenarti,190,25,833,4.2,NT,2021
SAL70222,Petermann,138,34,1312,2.4,NT,2021
SAL70223,Pigeon Hole,121,23,1124,4.9,NT,2021
SAL70224,Pine Creek (NT),318,36,1125,2.5,NT,2021
SAL70225,Pinelands (NT),19,58,1187,1.9,NT,2021
SAL70226,Pirlangimpi,317,32,596,3.1,NT,2021
SAL70227,Point Stuart,35,45,1374,1.8,NT,2021
SAL70228,Rakula,59,44,1874,2.7,NT,2021
SAL70229,Ramingining,814,29,1166,5.0,NT,2021
SAL70230,Ranken,51,27,2124,2.9,NT,2021
SAL70231,Rapid Creek,3261,35,2208,2.4,NT,2021
SAL70232,Robin Falls,46,61,850,1.9,NT,2021
SAL70233,Robinson River,180,25,1319,4.2,NT,2021
SAL70234,Rosebery (NT),4127,30,2397,2.9,NT,2021
SAL70235,Ross (NT),806,39,1881,2.3,NT,2021
SAL70236,Rum Jungle,88,55,624,2.1,NT,2021
SAL70237,Sadadeen,2307,32,1805,2.6,NT,2021
SAL70238,Sandover,569,28,1348,4.2,NT,2021
SAL70239,Santa Teresa,609,25,1178,4.4,NT,2021
SAL70240,Shoal Bay (NT),0,23,1375,1.0,NT,2021
SAL70241,Simpson (NT),0,0,0,0.0,NT,2021
SAL70242,Southport (NT),215,43,1699,2.2,NT,2021
SAL70243,Stapleton,63,55,1312,2.5,NT,2021
SAL70244,Stuart (NT),459,28,2025,2.6,NT,2021
SAL70245,Stuart Park,4101,34,2278,2.3,NT,2021
SAL70246,Sturt Plateau,37,53,1874,2.5,NT,2021
SAL70247,Tablelands (NT),188,31,1583,2.1,NT,2021
SAL70248,Tanami (NT),144,42,1250,2.0,NT,2021
SAL70249,Tanami East,13,36,450,1.7,NT,2021
SAL70250,Tara (NT),62,21,900,4.0,NT,2021
SAL70251,Tennant Creek,3080,33,1677,2.7,NT,2021
SAL70252,Thamarrurr,188,21,860,4.9,NT,2021
SAL70253,The Gap (NT),1945,34,1953,2.3,NT,2021
SAL70254,The Gardens (NT),726,36,2156,2.0,NT,2021
SAL70255,The Narrows (NT),632,39,1577,2.3,NT,2021
SAL70256,Ti Tree,88,36,1875,2.5,NT,2021
SAL70257,Timber Creek,278,33,2055,3.3,NT,2021
SAL70258,Tindal,850,29,2865,3.1,NT,2021
SAL70259,Tipperary (NT),54,27,2374,2.5,NT,2021
SAL70260,Titjikala,196,26,1053,3.9,NT,2021
SAL70261,Tivendale,0,68,0,0.0,NT,2021
SAL70262,Tiwi,2511,40,2022,2.6,NT,2021
SAL70263,Tiwi Islands,194,17,1625,3.2,NT,2021
SAL70264,Top Springs,11,48,575,1.0,NT,2021
SAL70265,Tortilla Flats,37,38,1187,1.9,NT,2021
SAL70266,Tumbling Waters,254,37,1800,2.7,NT,2021
SAL70267,Umbakumba,419,29,436,4.0,NT,2021
SAL70268,Undoolya,11,50,450,2.0,NT,2021
SAL70269,Uralla (NT),194,42,2650,2.9,NT,2021
SAL70270,Van Diemen Gulf,0,0,0,0.0,NT,2021
SAL70271,Venn,189,35,2125,2.5,NT,2021
SAL70272,Vernon Islands,0,0,0,0.0,NT,2021
SAL70273,Victoria River,126,24,1625,3.5,NT,2021
SAL70274,Virginia (NT),1811,43,2678,2.9,NT,2021
SAL70275,Wadeye,1924,27,767,4.8,NT,2021
SAL70276,Wagait Beach,422,52,1355,2.1,NT,2021
SAL70277,Wagaman,2023,35,2083,3.0,NT,2021
SAL70278,Wak Wak,0,75,575,1.0,NT,2021
SAL70279,Wallace Rockhole,87,28,849,2.9,NT,2021
SAL70280,Wanguri,1836,39,2439,3.0,NT,2021
SAL70281,Warruwi,432,25,1420,4.5,NT,2021
SAL70282,Warumungu,146,28,982,3.8,NT,2021
SAL70283,Weddell,61,43,1562,2.5,NT,2021
SAL70284,West Arnhem,785,27,1174,5.6,NT,2021
SAL70285,White Gums,182,47,2125,2.6,NT,2021
SAL70286,Wickham (NT),10,48,75,1.0,NT,2021
SAL70287,Willowra,222,25,1166,4.9,NT,2021
SAL70288,Wilora,59,37,749,3.6,NT,2021
SAL70289,Wilton (NT),118,22,1166,5.1,NT,2021
SAL70290,Winnellie,197,52,1016,1.6,NT,2021
SAL70291,Wishart (NT),0,43,75,1.0,NT,2021
SAL70292,Woodroffe,3175,33,1891,2.6,NT,2021
SAL70293,Woolner,962,34,2628,2.4,NT,2021
SAL70294,Wulagi,2510,36,2331,2.9,NT,2021
SAL70295,Wurrumiyanga,1421,32,715,3.5,NT,2021
SAL70296,Wutunugurra,143,29,1187,3.9,NT,2021
SAL70297,Yarralin,283,24,1321,4.5,NT,2021
SAL70298,Yarrawonga (NT),49,59,780,1.7,NT,2021
SAL70299,Yirrkala,657,32,1679,4.0,NT,2021
SAL70300,Yuelamu,149,27,866,4.4,NT,2021
SAL70301,Yuendumu,740,28,1322,3.9,NT,2021
SAL70302,Yulara,853,30,1267,1.5,NT,2021
SAL70303,Zuccoli,4131,28,2682,3.0,NT,2021
SAL79494,No usual address (NT),3500,0,0,0.0,NT,2021
SAL79797,Migratory - Offshore - Shipping (NT),99,40,4150,2.3,NT,2021
SAL80001,ACT Remainder - Belconnen,40,33,4750,4.0,ACT,2021
SAL80002,ACT Remainder - Booth,64,26,2874,3.4,ACT,2021
SAL80003,ACT Remainder - Canberra Central,0,0,0,0.0,ACT,2021
SAL80004,ACT Remainder - Coree,15,50,3374,3.3,ACT,2021
SAL80005,ACT Remainder - Cotter River,0,71,1625,2.0,ACT,2021
SAL80006,ACT Remainder - Gungahlin,19,17,1375,2.7,ACT,2021
SAL80007,ACT Remainder - Hall,0,0,0,0.0,ACT,2021
SAL80008,ACT Remainder - Jerrabomberra,61,31,4750,5.0,ACT,2021
SAL80009,ACT Remainder - Kowen,25,36,3749,4.0,ACT,2021
SAL80010,ACT Remainder - Majura,161,25,2166,2.7,ACT,2021
SAL80011,ACT Remainder - Molonglo Valley,11,61,1125,1.0,ACT,2021
SAL80012,ACT Remainder - Paddys River,76,44,3083,2.7,ACT,2021
SAL80013,ACT Remainder - Rendezvous Creek,0,0,0,0.0,ACT,2021
SAL80014,ACT Remainder - Stromlo,75,32,2916,3.5,ACT,2021
SAL80015,ACT Remainder - Tuggeranong,49,56,2124,2.7,ACT,2021
SAL80016,ACT Remainder - Weston Creek,0,70,2324,1.5,ACT,2021
SAL80017,Acton (ACT),2848,19,0,1.0,ACT,2021
SAL80018,Ainslie,5376,42,2434,2.5,ACT,2021
SAL80019,Amaroo (ACT),6129,35,2769,2.9,ACT,2021
SAL80020,Aranda,2605,42,3161,2.8,ACT,2021
SAL80021,Banks,5100,35,2419,2.8,ACT,2021
SAL80022,Barton,1946,39,2462,1.7,ACT,2021
SAL80023,Beard,3,36,0,0.0,ACT,2021
SAL80024,Belconnen,8502,30,1776,1.9,ACT,2021
SAL80025,Bonner,7339,30,2811,3.4,ACT,2021
SAL80026,Bonython,3839,38,2223,2.6,ACT,2021
SAL80027,Braddon,6383,30,2259,1.8,ACT,2021
SAL80028,Bruce (ACT),7520,29,2266,2.3,ACT,2021
SAL80029,Calwell,5730,37,2460,2.7,ACT,2021
SAL80030,Campbell,6564,28,3052,2.3,ACT,2021
SAL80031,Canberra Airport,125,39,2218,2.3,ACT,2021
SAL80032,Capital Hill,3,82,1375,2.0,ACT,2021
SAL80033,Casey,6471,32,2680,2.9,ACT,2021
SAL80034,Chapman,2867,47,3111,2.7,ACT,2021
SAL80035,Charnwood,3055,35,1818,2.5,ACT,2021
SAL80036,Chifley (ACT),2680,37,2347,2.4,ACT,2021
SAL80037,Chisholm (ACT),5268,37,2292,2.7,ACT,2021
SAL80038,City,4835,27,2232,1.7,ACT,2021
SAL80039,Conder,5108,37,2574,2.8,ACT,2021
SAL80040,Cook,2965,42,2269,2.3,ACT,2021
SAL80041,Coombs,4851,30,2634,2.7,ACT,2021
SAL80042,Crace,4800,34,2811,2.8,ACT,2021
SAL80043,Curtin,5569,41,2886,2.6,ACT,2021
SAL80044,Deakin,3124,45,3117,2.4,ACT,2021
SAL80045,Denman Prospect,2759,31,3219,2.8,ACT,2021
SAL80046,Dickson,3292,30,2277,2.2,ACT,2021
SAL80047,Downer,4296,35,2267,2.5,ACT,2021
SAL80048,Duffy,3395,39,2593,2.7,ACT,2021
SAL80049,Dunlop,7265,36,2503,2.9,ACT,2021
SAL80050,Evatt,5531,37,2428,2.7,ACT,2021
SAL80051,Fadden,3006,43,3302,2.9,ACT,2021
SAL80052,Farrer,3787,43,2540,2.6,ACT,2021
SAL80053,Fisher (ACT),3219,40,2275,2.5,ACT,2021
SAL80054,Florey,4781,39,2082,2.5,ACT,2021
SAL80055,Flynn (ACT),3671,37,2728,2.9,ACT,2021
SAL80056,Forde,4435,35,3553,3.2,ACT,2021
SAL80057,Forrest (ACT),1827,47,3363,2.2,ACT,2021
SAL80058,Franklin (ACT),7484,30,2383,2.8,ACT,2021
SAL80059,Fraser,2126,41,2618,2.9,ACT,2021
SAL80060,Fyshwick,52,37,1374,1.8,ACT,2021
SAL80061,Garran,3706,41,2985,2.7,ACT,2021
SAL80062,Gilmore (ACT),2706,37,2416,2.8,ACT,2021
SAL80063,Giralang,3372,38,2447,2.7,ACT,2021
SAL80064,Gordon (ACT),7892,38,2321,2.7,ACT,2021
SAL80065,Gowrie (ACT),3140,38,2674,2.8,ACT,2021
SAL80066,Greenway,4129,36,1857,1.9,ACT,2021
SAL80067,Griffith (ACT),5328,38,2542,2.1,ACT,2021
SAL80068,Gungahlin,8586,31,2208,2.6,ACT,2021
SAL80069,Hackett,3227,40,2623,2.6,ACT,2021
SAL80070,Hall,298,47,2681,2.8,ACT,2021
SAL80071,Harrison,8244,31,2636,2.9,ACT,2021
SAL80072,Hawker (ACT),3008,42,2251,2.5,ACT,2021
SAL80073,Higgins,3321,38,2248,2.6,ACT,2021
SAL80074,Holder (ACT),2816,41,2338,2.5,ACT,2021
SAL80075,Holt,5628,36,1983,2.4,ACT,2021
SAL80076,Hughes (ACT),3210,43,2797,2.6,ACT,2021
SAL80077,Hume,395,34,1187,2.0,ACT,2021
SAL80078,Isaacs,2379,49,2670,2.5,ACT,2021
SAL80079,Isabella Plains,4329,36,2131,2.6,ACT,2021
SAL80080,Jacka,712,30,2160,2.9,ACT,2021
SAL80081,Kaleen,7672,39,2336,2.7,ACT,2021
SAL80082,Kambah,15670,41,2207,2.6,ACT,2021
SAL80083,Kingston (ACT),6579,35,2469,1.8,ACT,2021
SAL80084,Latham (ACT),3767,38,2125,2.6,ACT,2021
SAL80085,Lawson (ACT),2739,28,2492,2.6,ACT,2021
SAL80086,Lyneham,5703,35,2084,2.1,ACT,2021
SAL80087,Lyons (ACT),3271,36,2062,2.3,ACT,2021
SAL80088,Macarthur (ACT),1405,39,3037,2.9,ACT,2021
SAL80089,Macgregor (ACT),7049,34,2344,2.7,ACT,2021
SAL80090,Macnamara,0,0,0,0.0,ACT,2021
SAL80091,Macquarie,3104,37,1947,2.3,ACT,2021
SAL80092,Mawson,3440,38,2204,2.4,ACT,2021
SAL80093,McKellar,2740,43,2687,2.7,ACT,2021
SAL80094,Melba,3383,38,2326,2.7,ACT,2021
SAL80095,Mitchell (ACT),7,44,874,1.5,ACT,2021
SAL80096,Molonglo,0,0,0,0.0,ACT,2021
SAL80097,Monash (ACT),5644,43,2164,2.5,ACT,2021
SAL80098,Moncrieff,5310,30,2699,3.2,ACT,2021
SAL80099,Narrabundah,6455,40,2353,2.4,ACT,2021
SAL80100,Ngunnawal,10957,34,2219,2.6,ACT,2021
SAL80101,Nicholls,6680,44,3134,2.9,ACT,2021
SAL80102,O'Connor (ACT),5917,35,2518,2.5,ACT,2021
SAL80103,O'Malley,928,51,4476,2.9,ACT,2021
SAL80104,Oaks Estate,375,40,1542,2.0,ACT,2021
SAL80105,Oxley (ACT),1703,39,2393,2.7,ACT,2021
SAL80106,Page,3054,40,1773,2.3,ACT,2021
SAL80107,Palmerston (ACT),5579,36,2316,2.6,ACT,2021
SAL80108,Parkes (ACT),0,32,0,0.0,ACT,2021
SAL80109,Pearce,2687,43,2362,2.5,ACT,2021
SAL80110,Phillip,5197,32,2075,1.9,ACT,2021
SAL80111,Pialligo,138,47,3374,3.2,ACT,2021
SAL80112,Red Hill (ACT),3146,42,3938,2.8,ACT,2021
SAL80113,Reid (ACT),1544,40,2272,2.0,ACT,2021
SAL80114,Richardson,3058,36,2043,2.6,ACT,2021
SAL80115,Rivett,3354,39,2207,2.5,ACT,2021
SAL80116,Russell,0,0,0,0.0,ACT,2021
SAL80117,Scullin,3069,35,2025,2.6,ACT,2021
SAL80118,Spence (ACT),2587,38,2358,2.7,ACT,2021
SAL80119,Stirling (ACT),2191,46,2206,2.6,ACT,2021
SAL80120,Strathnairn,714,30,2629,2.9,ACT,2021
SAL80121,Symonston,655,55,841,1.6,ACT,2021
SAL80122,Taylor,2220,30,2655,3.4,ACT,2021
SAL80123,Tharwa,82,32,2150,2.8,ACT,2021
SAL80124,Theodore (ACT),3798,36,2588,2.8,ACT,2021
SAL80125,Throsby,2405,31,3181,3.3,ACT,2021
SAL80126,Torrens,2424,39,2612,2.7,ACT,2021
SAL80127,Turner,4470,31,2330,2.0,ACT,2021
SAL80128,Uriarra Village,309,35,3704,3.3,ACT,2021
SAL80129,Wanniassa,7885,39,2295,2.6,ACT,2021
SAL80130,Waramanga,2785,38,2247,2.5,ACT,2021
SAL80131,Watson,6727,34,2414,2.4,ACT,2021
SAL80132,Weetangera,2795,41,3349,2.9,ACT,2021
SAL80133,Weston (ACT),4000,42,2361,2.5,ACT,2021
SAL80134,Whitlam,7,27,900,6.0,ACT,2021
SAL80135,Wright,3808,32,2559,2.5,ACT,2021
SAL80136,Yarralumla,3120,50,3327,2.4,ACT,2021
SAL89494,No usual address (ACT),605,0,0,0.0,ACT,2021
SAL89797,Migratory - Offshore - Shipping (ACT),0,0,0,0.0,ACT,2021
SAL90001,Christmas Island,1692,38,2109,2.5,Other,2021
SAL90002,Home Island,448,39,2305,4.5,Other,2021
SAL90003,Jervis Bay,310,38,1825,3.0,Other,2021
SAL90004,Norfolk Island,2188,50,1184,2.1,Other,2021
SAL90005,West Island,147,46,2791,2.5,Other,2021
SAL99494,No usual address (OT),11,0,0,0.0,Other,2021
SAL99797,Migratory - Offshore - Shipping (OT),0,0,0,0.0,Other,2021
